Page position,Page URL,Label,URL,Domain,REL,Is Outbound
1,https://www.reddit.com/r/woocommerce/comments/1hw3aza/sopify_vs_wordpress_for_ecommerce_website/,Reddit Rules,https://www.redditinc.com/policies/content-policy,redditinc.com,,True
1,https://www.reddit.com/r/woocommerce/comments/1hw3aza/sopify_vs_wordpress_for_ecommerce_website/,User Agreement,https://www.redditinc.com/policies/user-agreement,redditinc.com,,True
1,https://www.reddit.com/r/woocommerce/comments/1hw3aza/sopify_vs_wordpress_for_ecommerce_website/,Your Privacy Choices,https://support.reddithelp.com/hc/articles/43980704794004,reddithelp.com,,True
1,https://www.reddit.com/r/woocommerce/comments/1hw3aza/sopify_vs_wordpress_for_ecommerce_website/,Accessibility,https://support.reddithelp.com/hc/sections/38303584022676-Accessibility,reddithelp.com,,True
1,https://www.reddit.com/r/woocommerce/comments/1hw3aza/sopify_vs_wordpress_for_ecommerce_website/,"Reddit, Inc. © 2026. All rights reserved",https://redditinc.com,redditinc.com,,True
1,https://www.reddit.com/r/woocommerce/comments/1hw3aza/sopify_vs_wordpress_for_ecommerce_website/,,,,,
1,https://www.reddit.com/r/woocommerce/comments/1hw3aza/sopify_vs_wordpress_for_ecommerce_website/,,,,,
1,https://www.reddit.com/r/woocommerce/comments/1hw3aza/sopify_vs_wordpress_for_ecommerce_website/,,,,,
1,https://www.reddit.com/r/woocommerce/comments/1hw3aza/sopify_vs_wordpress_for_ecommerce_website/,,,,,
1,https://www.reddit.com/r/woocommerce/comments/1hw3aza/sopify_vs_wordpress_for_ecommerce_website/,,,,,
1,https://www.reddit.com/r/woocommerce/comments/1hw3aza/sopify_vs_wordpress_for_ecommerce_website/,,,,,
1,https://www.reddit.com/r/woocommerce/comments/1hw3aza/sopify_vs_wordpress_for_ecommerce_website/,,,,,
1,https://www.reddit.com/r/woocommerce/comments/1hw3aza/sopify_vs_wordpress_for_ecommerce_website/,,,,,
1,https://www.reddit.com/r/woocommerce/comments/1hw3aza/sopify_vs_wordpress_for_ecommerce_website/,,,,,
1,https://www.reddit.com/r/woocommerce/comments/1hw3aza/sopify_vs_wordpress_for_ecommerce_website/,,,,,
1,https://www.reddit.com/r/woocommerce/comments/1hw3aza/sopify_vs_wordpress_for_ecommerce_website/,,,,,
1,https://www.reddit.com/r/woocommerce/comments/1hw3aza/sopify_vs_wordpress_for_ecommerce_website/,,,,,
1,https://www.reddit.com/r/woocommerce/comments/1hw3aza/sopify_vs_wordpress_for_ecommerce_website/,,,,,
3,https://hellodarwin.com/fr/blogue/shopify-wordpress-quelle-plateforme-choisir,,https://linkedin.com/company/hellodarwin,linkedin.com,nofollow,True
3,https://hellodarwin.com/fr/blogue/shopify-wordpress-quelle-plateforme-choisir,,,,,
3,https://hellodarwin.com/fr/blogue/shopify-wordpress-quelle-plateforme-choisir,,,,,
3,https://hellodarwin.com/fr/blogue/shopify-wordpress-quelle-plateforme-choisir,,,,,
3,https://hellodarwin.com/fr/blogue/shopify-wordpress-quelle-plateforme-choisir,,,,,
3,https://hellodarwin.com/fr/blogue/shopify-wordpress-quelle-plateforme-choisir,,,,,
3,https://hellodarwin.com/fr/blogue/shopify-wordpress-quelle-plateforme-choisir,,,,,
3,https://hellodarwin.com/fr/blogue/shopify-wordpress-quelle-plateforme-choisir,,,,,
3,https://hellodarwin.com/fr/blogue/shopify-wordpress-quelle-plateforme-choisir,,,,,
3,https://hellodarwin.com/fr/blogue/shopify-wordpress-quelle-plateforme-choisir,,,,,
3,https://hellodarwin.com/fr/blogue/shopify-wordpress-quelle-plateforme-choisir,,,,,
3,https://hellodarwin.com/fr/blogue/shopify-wordpress-quelle-plateforme-choisir,,,,,
3,https://hellodarwin.com/fr/blogue/shopify-wordpress-quelle-plateforme-choisir,,,,,
3,https://hellodarwin.com/fr/blogue/shopify-wordpress-quelle-plateforme-choisir,,,,,
3,https://hellodarwin.com/fr/blogue/shopify-wordpress-quelle-plateforme-choisir,,,,,
3,https://hellodarwin.com/fr/blogue/shopify-wordpress-quelle-plateforme-choisir,,,,,
3,https://hellodarwin.com/fr/blogue/shopify-wordpress-quelle-plateforme-choisir,,,,,
3,https://hellodarwin.com/fr/blogue/shopify-wordpress-quelle-plateforme-choisir,,,,,
3,https://hellodarwin.com/fr/blogue/shopify-wordpress-quelle-plateforme-choisir,,,,,
3,https://hellodarwin.com/fr/blogue/shopify-wordpress-quelle-plateforme-choisir,,,,,
3,https://hellodarwin.com/fr/blogue/shopify-wordpress-quelle-plateforme-choisir,,,,,
3,https://hellodarwin.com/fr/blogue/shopify-wordpress-quelle-plateforme-choisir,,,,,
3,https://hellodarwin.com/fr/blogue/shopify-wordpress-quelle-plateforme-choisir,,,,,
3,https://hellodarwin.com/fr/blogue/shopify-wordpress-quelle-plateforme-choisir,,,,,
3,https://hellodarwin.com/fr/blogue/shopify-wordpress-quelle-plateforme-choisir,,,,,
3,https://hellodarwin.com/fr/blogue/shopify-wordpress-quelle-plateforme-choisir,,,,,
3,https://hellodarwin.com/fr/blogue/shopify-wordpress-quelle-plateforme-choisir,,,,,
3,https://hellodarwin.com/fr/blogue/shopify-wordpress-quelle-plateforme-choisir,,,,,
3,https://hellodarwin.com/fr/blogue/shopify-wordpress-quelle-plateforme-choisir,,,,,
3,https://hellodarwin.com/fr/blogue/shopify-wordpress-quelle-plateforme-choisir,,,,,
3,https://hellodarwin.com/fr/blogue/shopify-wordpress-quelle-plateforme-choisir,,,,,
3,https://hellodarwin.com/fr/blogue/shopify-wordpress-quelle-plateforme-choisir,,,,,
3,https://hellodarwin.com/fr/blogue/shopify-wordpress-quelle-plateforme-choisir,,,,,
3,https://hellodarwin.com/fr/blogue/shopify-wordpress-quelle-plateforme-choisir,,,,,
3,https://hellodarwin.com/fr/blogue/shopify-wordpress-quelle-plateforme-choisir,,,,,
3,https://hellodarwin.com/fr/blogue/shopify-wordpress-quelle-plateforme-choisir,,,,,
3,https://hellodarwin.com/fr/blogue/shopify-wordpress-quelle-plateforme-choisir,,,,,
3,https://hellodarwin.com/fr/blogue/shopify-wordpress-quelle-plateforme-choisir,,,,,
3,https://hellodarwin.com/fr/blogue/shopify-wordpress-quelle-plateforme-choisir,,,,,
3,https://hellodarwin.com/fr/blogue/shopify-wordpress-quelle-plateforme-choisir,,,,,
3,https://hellodarwin.com/fr/blogue/shopify-wordpress-quelle-plateforme-choisir,,,,,
3,https://hellodarwin.com/fr/blogue/shopify-wordpress-quelle-plateforme-choisir,,,,,
3,https://hellodarwin.com/fr/blogue/shopify-wordpress-quelle-plateforme-choisir,,,,,
3,https://hellodarwin.com/fr/blogue/shopify-wordpress-quelle-plateforme-choisir,,,,,
3,https://hellodarwin.com/fr/blogue/shopify-wordpress-quelle-plateforme-choisir,,,,,
3,https://hellodarwin.com/fr/blogue/shopify-wordpress-quelle-plateforme-choisir,,,,,
3,https://hellodarwin.com/fr/blogue/shopify-wordpress-quelle-plateforme-choisir,,,,,
3,https://hellodarwin.com/fr/blogue/shopify-wordpress-quelle-plateforme-choisir,,,,,
3,https://hellodarwin.com/fr/blogue/shopify-wordpress-quelle-plateforme-choisir,,,,,
3,https://hellodarwin.com/fr/blogue/shopify-wordpress-quelle-plateforme-choisir,,,,,
3,https://hellodarwin.com/fr/blogue/shopify-wordpress-quelle-plateforme-choisir,,,,,
3,https://hellodarwin.com/fr/blogue/shopify-wordpress-quelle-plateforme-choisir,,,,,
3,https://hellodarwin.com/fr/blogue/shopify-wordpress-quelle-plateforme-choisir,,,,,
3,https://hellodarwin.com/fr/blogue/shopify-wordpress-quelle-plateforme-choisir,,,,,
3,https://hellodarwin.com/fr/blogue/shopify-wordpress-quelle-plateforme-choisir,,,,,
3,https://hellodarwin.com/fr/blogue/shopify-wordpress-quelle-plateforme-choisir,,,,,
3,https://hellodarwin.com/fr/blogue/shopify-wordpress-quelle-plateforme-choisir,,,,,
3,https://hellodarwin.com/fr/blogue/shopify-wordpress-quelle-plateforme-choisir,,,,,
3,https://hellodarwin.com/fr/blogue/shopify-wordpress-quelle-plateforme-choisir,,,,,
3,https://hellodarwin.com/fr/blogue/shopify-wordpress-quelle-plateforme-choisir,,,,,
3,https://hellodarwin.com/fr/blogue/shopify-wordpress-quelle-plateforme-choisir,,,,,
3,https://hellodarwin.com/fr/blogue/shopify-wordpress-quelle-plateforme-choisir,,,,,
3,https://hellodarwin.com/fr/blogue/shopify-wordpress-quelle-plateforme-choisir,,,,,
3,https://hellodarwin.com/fr/blogue/shopify-wordpress-quelle-plateforme-choisir,,,,,
3,https://hellodarwin.com/fr/blogue/shopify-wordpress-quelle-plateforme-choisir,,,,,
3,https://hellodarwin.com/fr/blogue/shopify-wordpress-quelle-plateforme-choisir,,,,,
3,https://hellodarwin.com/fr/blogue/shopify-wordpress-quelle-plateforme-choisir,,,,,
3,https://hellodarwin.com/fr/blogue/shopify-wordpress-quelle-plateforme-choisir,,,,,
3,https://hellodarwin.com/fr/blogue/shopify-wordpress-quelle-plateforme-choisir,,,,,
3,https://hellodarwin.com/fr/blogue/shopify-wordpress-quelle-plateforme-choisir,,,,,
3,https://hellodarwin.com/fr/blogue/shopify-wordpress-quelle-plateforme-choisir,,,,,
3,https://hellodarwin.com/fr/blogue/shopify-wordpress-quelle-plateforme-choisir,,,,,
3,https://hellodarwin.com/fr/blogue/shopify-wordpress-quelle-plateforme-choisir,,,,,
3,https://hellodarwin.com/fr/blogue/shopify-wordpress-quelle-plateforme-choisir,,,,,
3,https://hellodarwin.com/fr/blogue/shopify-wordpress-quelle-plateforme-choisir,,,,,
3,https://hellodarwin.com/fr/blogue/shopify-wordpress-quelle-plateforme-choisir,,,,,
3,https://hellodarwin.com/fr/blogue/shopify-wordpress-quelle-plateforme-choisir,,,,,
3,https://hellodarwin.com/fr/blogue/shopify-wordpress-quelle-plateforme-choisir,,,,,
3,https://hellodarwin.com/fr/blogue/shopify-wordpress-quelle-plateforme-choisir,,,,,
3,https://hellodarwin.com/fr/blogue/shopify-wordpress-quelle-plateforme-choisir,,,,,
3,https://hellodarwin.com/fr/blogue/shopify-wordpress-quelle-plateforme-choisir,,,,,
3,https://hellodarwin.com/fr/blogue/shopify-wordpress-quelle-plateforme-choisir,,,,,
3,https://hellodarwin.com/fr/blogue/shopify-wordpress-quelle-plateforme-choisir,,,,,
3,https://hellodarwin.com/fr/blogue/shopify-wordpress-quelle-plateforme-choisir,,,,,
3,https://hellodarwin.com/fr/blogue/shopify-wordpress-quelle-plateforme-choisir,,,,,
3,https://hellodarwin.com/fr/blogue/shopify-wordpress-quelle-plateforme-choisir,,,,,
3,https://hellodarwin.com/fr/blogue/shopify-wordpress-quelle-plateforme-choisir,,,,,
3,https://hellodarwin.com/fr/blogue/shopify-wordpress-quelle-plateforme-choisir,,,,,
3,https://hellodarwin.com/fr/blogue/shopify-wordpress-quelle-plateforme-choisir,,,,,
3,https://hellodarwin.com/fr/blogue/shopify-wordpress-quelle-plateforme-choisir,,,,,
3,https://hellodarwin.com/fr/blogue/shopify-wordpress-quelle-plateforme-choisir,,,,,
3,https://hellodarwin.com/fr/blogue/shopify-wordpress-quelle-plateforme-choisir,,,,,
3,https://hellodarwin.com/fr/blogue/shopify-wordpress-quelle-plateforme-choisir,,,,,
3,https://hellodarwin.com/fr/blogue/shopify-wordpress-quelle-plateforme-choisir,,,,,
3,https://hellodarwin.com/fr/blogue/shopify-wordpress-quelle-plateforme-choisir,,,,,
3,https://hellodarwin.com/fr/blogue/shopify-wordpress-quelle-plateforme-choisir,,,,,
3,https://hellodarwin.com/fr/blogue/shopify-wordpress-quelle-plateforme-choisir,,,,,
3,https://hellodarwin.com/fr/blogue/shopify-wordpress-quelle-plateforme-choisir,,,,,
3,https://hellodarwin.com/fr/blogue/shopify-wordpress-quelle-plateforme-choisir,,,,,
3,https://hellodarwin.com/fr/blogue/shopify-wordpress-quelle-plateforme-choisir,,,,,
3,https://hellodarwin.com/fr/blogue/shopify-wordpress-quelle-plateforme-choisir,,,,,
3,https://hellodarwin.com/fr/blogue/shopify-wordpress-quelle-plateforme-choisir,,,,,
4,https://www.ionos.fr/digitalguide/hebergement/cms/shopify-vs-wordpress/,,,,,
4,https://www.ionos.fr/digitalguide/hebergement/cms/shopify-vs-wordpress/,,,,,
4,https://www.ionos.fr/digitalguide/hebergement/cms/shopify-vs-wordpress/,,,,,
4,https://www.ionos.fr/digitalguide/hebergement/cms/shopify-vs-wordpress/,,,,,
4,https://www.ionos.fr/digitalguide/hebergement/cms/shopify-vs-wordpress/,,,,,
4,https://www.ionos.fr/digitalguide/hebergement/cms/shopify-vs-wordpress/,,,,,
4,https://www.ionos.fr/digitalguide/hebergement/cms/shopify-vs-wordpress/,,,,,
4,https://www.ionos.fr/digitalguide/hebergement/cms/shopify-vs-wordpress/,,,,,
4,https://www.ionos.fr/digitalguide/hebergement/cms/shopify-vs-wordpress/,,,,,
4,https://www.ionos.fr/digitalguide/hebergement/cms/shopify-vs-wordpress/,,,,,
4,https://www.ionos.fr/digitalguide/hebergement/cms/shopify-vs-wordpress/,,,,,
4,https://www.ionos.fr/digitalguide/hebergement/cms/shopify-vs-wordpress/,,,,,
4,https://www.ionos.fr/digitalguide/hebergement/cms/shopify-vs-wordpress/,,,,,
4,https://www.ionos.fr/digitalguide/hebergement/cms/shopify-vs-wordpress/,,,,,
4,https://www.ionos.fr/digitalguide/hebergement/cms/shopify-vs-wordpress/,,,,,
4,https://www.ionos.fr/digitalguide/hebergement/cms/shopify-vs-wordpress/,,,,,
4,https://www.ionos.fr/digitalguide/hebergement/cms/shopify-vs-wordpress/,,,,,
4,https://www.ionos.fr/digitalguide/hebergement/cms/shopify-vs-wordpress/,,,,,
4,https://www.ionos.fr/digitalguide/hebergement/cms/shopify-vs-wordpress/,,,,,
4,https://www.ionos.fr/digitalguide/hebergement/cms/shopify-vs-wordpress/,,,,,
4,https://www.ionos.fr/digitalguide/hebergement/cms/shopify-vs-wordpress/,,,,,
4,https://www.ionos.fr/digitalguide/hebergement/cms/shopify-vs-wordpress/,,,,,
4,https://www.ionos.fr/digitalguide/hebergement/cms/shopify-vs-wordpress/,,,,,
4,https://www.ionos.fr/digitalguide/hebergement/cms/shopify-vs-wordpress/,,,,,
4,https://www.ionos.fr/digitalguide/hebergement/cms/shopify-vs-wordpress/,,,,,
4,https://www.ionos.fr/digitalguide/hebergement/cms/shopify-vs-wordpress/,,,,,
4,https://www.ionos.fr/digitalguide/hebergement/cms/shopify-vs-wordpress/,,,,,
4,https://www.ionos.fr/digitalguide/hebergement/cms/shopify-vs-wordpress/,,,,,
4,https://www.ionos.fr/digitalguide/hebergement/cms/shopify-vs-wordpress/,,,,,
4,https://www.ionos.fr/digitalguide/hebergement/cms/shopify-vs-wordpress/,,,,,
4,https://www.ionos.fr/digitalguide/hebergement/cms/shopify-vs-wordpress/,,,,,
4,https://www.ionos.fr/digitalguide/hebergement/cms/shopify-vs-wordpress/,,,,,
4,https://www.ionos.fr/digitalguide/hebergement/cms/shopify-vs-wordpress/,,,,,
4,https://www.ionos.fr/digitalguide/hebergement/cms/shopify-vs-wordpress/,,,,,
4,https://www.ionos.fr/digitalguide/hebergement/cms/shopify-vs-wordpress/,,,,,
4,https://www.ionos.fr/digitalguide/hebergement/cms/shopify-vs-wordpress/,,,,,
4,https://www.ionos.fr/digitalguide/hebergement/cms/shopify-vs-wordpress/,,,,,
4,https://www.ionos.fr/digitalguide/hebergement/cms/shopify-vs-wordpress/,,,,,
4,https://www.ionos.fr/digitalguide/hebergement/cms/shopify-vs-wordpress/,,,,,
4,https://www.ionos.fr/digitalguide/hebergement/cms/shopify-vs-wordpress/,,,,,
4,https://www.ionos.fr/digitalguide/hebergement/cms/shopify-vs-wordpress/,,,,,
4,https://www.ionos.fr/digitalguide/hebergement/cms/shopify-vs-wordpress/,,,,,
4,https://www.ionos.fr/digitalguide/hebergement/cms/shopify-vs-wordpress/,,,,,
4,https://www.ionos.fr/digitalguide/hebergement/cms/shopify-vs-wordpress/,,,,,
4,https://www.ionos.fr/digitalguide/hebergement/cms/shopify-vs-wordpress/,,,,,
4,https://www.ionos.fr/digitalguide/hebergement/cms/shopify-vs-wordpress/,,,,,
4,https://www.ionos.fr/digitalguide/hebergement/cms/shopify-vs-wordpress/,,,,,
4,https://www.ionos.fr/digitalguide/hebergement/cms/shopify-vs-wordpress/,,,,,
4,https://www.ionos.fr/digitalguide/hebergement/cms/shopify-vs-wordpress/,,,,,
4,https://www.ionos.fr/digitalguide/hebergement/cms/shopify-vs-wordpress/,,,,,
4,https://www.ionos.fr/digitalguide/hebergement/cms/shopify-vs-wordpress/,,,,,
4,https://www.ionos.fr/digitalguide/hebergement/cms/shopify-vs-wordpress/,,,,,
4,https://www.ionos.fr/digitalguide/hebergement/cms/shopify-vs-wordpress/,,,,,
4,https://www.ionos.fr/digitalguide/hebergement/cms/shopify-vs-wordpress/,,,,,
4,https://www.ionos.fr/digitalguide/hebergement/cms/shopify-vs-wordpress/,,,,,
4,https://www.ionos.fr/digitalguide/hebergement/cms/shopify-vs-wordpress/,,,,,
4,https://www.ionos.fr/digitalguide/hebergement/cms/shopify-vs-wordpress/,,,,,
4,https://www.ionos.fr/digitalguide/hebergement/cms/shopify-vs-wordpress/,,,,,
4,https://www.ionos.fr/digitalguide/hebergement/cms/shopify-vs-wordpress/,,,,,
4,https://www.ionos.fr/digitalguide/hebergement/cms/shopify-vs-wordpress/,,,,,
4,https://www.ionos.fr/digitalguide/hebergement/cms/shopify-vs-wordpress/,,,,,
4,https://www.ionos.fr/digitalguide/hebergement/cms/shopify-vs-wordpress/,,,,,
4,https://www.ionos.fr/digitalguide/hebergement/cms/shopify-vs-wordpress/,,,,,
4,https://www.ionos.fr/digitalguide/hebergement/cms/shopify-vs-wordpress/,,,,,
4,https://www.ionos.fr/digitalguide/hebergement/cms/shopify-vs-wordpress/,,,,,
4,https://www.ionos.fr/digitalguide/hebergement/cms/shopify-vs-wordpress/,,,,,
4,https://www.ionos.fr/digitalguide/hebergement/cms/shopify-vs-wordpress/,,,,,
4,https://www.ionos.fr/digitalguide/hebergement/cms/shopify-vs-wordpress/,,,,,
4,https://www.ionos.fr/digitalguide/hebergement/cms/shopify-vs-wordpress/,,,,,
4,https://www.ionos.fr/digitalguide/hebergement/cms/shopify-vs-wordpress/,,,,,
4,https://www.ionos.fr/digitalguide/hebergement/cms/shopify-vs-wordpress/,,,,,
4,https://www.ionos.fr/digitalguide/hebergement/cms/shopify-vs-wordpress/,,,,,
4,https://www.ionos.fr/digitalguide/hebergement/cms/shopify-vs-wordpress/,,,,,
4,https://www.ionos.fr/digitalguide/hebergement/cms/shopify-vs-wordpress/,,,,,
4,https://www.ionos.fr/digitalguide/hebergement/cms/shopify-vs-wordpress/,,,,,
4,https://www.ionos.fr/digitalguide/hebergement/cms/shopify-vs-wordpress/,,,,,
4,https://www.ionos.fr/digitalguide/hebergement/cms/shopify-vs-wordpress/,,,,,
4,https://www.ionos.fr/digitalguide/hebergement/cms/shopify-vs-wordpress/,,,,,
4,https://www.ionos.fr/digitalguide/hebergement/cms/shopify-vs-wordpress/,,,,,
4,https://www.ionos.fr/digitalguide/hebergement/cms/shopify-vs-wordpress/,,,,,
4,https://www.ionos.fr/digitalguide/hebergement/cms/shopify-vs-wordpress/,,,,,
4,https://www.ionos.fr/digitalguide/hebergement/cms/shopify-vs-wordpress/,,,,,
4,https://www.ionos.fr/digitalguide/hebergement/cms/shopify-vs-wordpress/,,,,,
4,https://www.ionos.fr/digitalguide/hebergement/cms/shopify-vs-wordpress/,,,,,
4,https://www.ionos.fr/digitalguide/hebergement/cms/shopify-vs-wordpress/,,,,,
4,https://www.ionos.fr/digitalguide/hebergement/cms/shopify-vs-wordpress/,,,,,
4,https://www.ionos.fr/digitalguide/hebergement/cms/shopify-vs-wordpress/,,,,,
4,https://www.ionos.fr/digitalguide/hebergement/cms/shopify-vs-wordpress/,,,,,
4,https://www.ionos.fr/digitalguide/hebergement/cms/shopify-vs-wordpress/,,,,,
4,https://www.ionos.fr/digitalguide/hebergement/cms/shopify-vs-wordpress/,,,,,
4,https://www.ionos.fr/digitalguide/hebergement/cms/shopify-vs-wordpress/,,,,,
4,https://www.ionos.fr/digitalguide/hebergement/cms/shopify-vs-wordpress/,,,,,
4,https://www.ionos.fr/digitalguide/hebergement/cms/shopify-vs-wordpress/,,,,,
4,https://www.ionos.fr/digitalguide/hebergement/cms/shopify-vs-wordpress/,,,,,
4,https://www.ionos.fr/digitalguide/hebergement/cms/shopify-vs-wordpress/,,,,,
4,https://www.ionos.fr/digitalguide/hebergement/cms/shopify-vs-wordpress/,,,,,
4,https://www.ionos.fr/digitalguide/hebergement/cms/shopify-vs-wordpress/,,,,,
4,https://www.ionos.fr/digitalguide/hebergement/cms/shopify-vs-wordpress/,,,,,
4,https://www.ionos.fr/digitalguide/hebergement/cms/shopify-vs-wordpress/,,,,,
4,https://www.ionos.fr/digitalguide/hebergement/cms/shopify-vs-wordpress/,,,,,
4,https://www.ionos.fr/digitalguide/hebergement/cms/shopify-vs-wordpress/,,,,,
4,https://www.ionos.fr/digitalguide/hebergement/cms/shopify-vs-wordpress/,,,,,
4,https://www.ionos.fr/digitalguide/hebergement/cms/shopify-vs-wordpress/,,,,,
4,https://www.ionos.fr/digitalguide/hebergement/cms/shopify-vs-wordpress/,,,,,
4,https://www.ionos.fr/digitalguide/hebergement/cms/shopify-vs-wordpress/,,,,,
4,https://www.ionos.fr/digitalguide/hebergement/cms/shopify-vs-wordpress/,,,,,
4,https://www.ionos.fr/digitalguide/hebergement/cms/shopify-vs-wordpress/,,,,,
4,https://www.ionos.fr/digitalguide/hebergement/cms/shopify-vs-wordpress/,,,,,
4,https://www.ionos.fr/digitalguide/hebergement/cms/shopify-vs-wordpress/,,,,,
4,https://www.ionos.fr/digitalguide/hebergement/cms/shopify-vs-wordpress/,,,,,
4,https://www.ionos.fr/digitalguide/hebergement/cms/shopify-vs-wordpress/,,,,,
4,https://www.ionos.fr/digitalguide/hebergement/cms/shopify-vs-wordpress/,,,,,
4,https://www.ionos.fr/digitalguide/hebergement/cms/shopify-vs-wordpress/,,,,,
4,https://www.ionos.fr/digitalguide/hebergement/cms/shopify-vs-wordpress/,,,,,
4,https://www.ionos.fr/digitalguide/hebergement/cms/shopify-vs-wordpress/,,,,,
4,https://www.ionos.fr/digitalguide/hebergement/cms/shopify-vs-wordpress/,,,,,
4,https://www.ionos.fr/digitalguide/hebergement/cms/shopify-vs-wordpress/,,,,,
4,https://www.ionos.fr/digitalguide/hebergement/cms/shopify-vs-wordpress/,,,,,
4,https://www.ionos.fr/digitalguide/hebergement/cms/shopify-vs-wordpress/,,,,,
4,https://www.ionos.fr/digitalguide/hebergement/cms/shopify-vs-wordpress/,,,,,
4,https://www.ionos.fr/digitalguide/hebergement/cms/shopify-vs-wordpress/,,,,,
4,https://www.ionos.fr/digitalguide/hebergement/cms/shopify-vs-wordpress/,,,,,
4,https://www.ionos.fr/digitalguide/hebergement/cms/shopify-vs-wordpress/,,,,,
4,https://www.ionos.fr/digitalguide/hebergement/cms/shopify-vs-wordpress/,,,,,
4,https://www.ionos.fr/digitalguide/hebergement/cms/shopify-vs-wordpress/,,,,,
4,https://www.ionos.fr/digitalguide/hebergement/cms/shopify-vs-wordpress/,,,,,
4,https://www.ionos.fr/digitalguide/hebergement/cms/shopify-vs-wordpress/,,,,,
4,https://www.ionos.fr/digitalguide/hebergement/cms/shopify-vs-wordpress/,,,,,
4,https://www.ionos.fr/digitalguide/hebergement/cms/shopify-vs-wordpress/,,,,,
4,https://www.ionos.fr/digitalguide/hebergement/cms/shopify-vs-wordpress/,,,,,
4,https://www.ionos.fr/digitalguide/hebergement/cms/shopify-vs-wordpress/,,,,,
4,https://www.ionos.fr/digitalguide/hebergement/cms/shopify-vs-wordpress/,,,,,
4,https://www.ionos.fr/digitalguide/hebergement/cms/shopify-vs-wordpress/,,,,,
4,https://www.ionos.fr/digitalguide/hebergement/cms/shopify-vs-wordpress/,,,,,
4,https://www.ionos.fr/digitalguide/hebergement/cms/shopify-vs-wordpress/,,,,,
4,https://www.ionos.fr/digitalguide/hebergement/cms/shopify-vs-wordpress/,,,,,
4,https://www.ionos.fr/digitalguide/hebergement/cms/shopify-vs-wordpress/,,,,,
4,https://www.ionos.fr/digitalguide/hebergement/cms/shopify-vs-wordpress/,,,,,
4,https://www.ionos.fr/digitalguide/hebergement/cms/shopify-vs-wordpress/,,,,,
4,https://www.ionos.fr/digitalguide/hebergement/cms/shopify-vs-wordpress/,,,,,
4,https://www.ionos.fr/digitalguide/hebergement/cms/shopify-vs-wordpress/,,,,,
4,https://www.ionos.fr/digitalguide/hebergement/cms/shopify-vs-wordpress/,,,,,
4,https://www.ionos.fr/digitalguide/hebergement/cms/shopify-vs-wordpress/,,,,,
4,https://www.ionos.fr/digitalguide/hebergement/cms/shopify-vs-wordpress/,,,,,
4,https://www.ionos.fr/digitalguide/hebergement/cms/shopify-vs-wordpress/,,,,,
4,https://www.ionos.fr/digitalguide/hebergement/cms/shopify-vs-wordpress/,,,,,
4,https://www.ionos.fr/digitalguide/hebergement/cms/shopify-vs-wordpress/,,,,,
4,https://www.ionos.fr/digitalguide/hebergement/cms/shopify-vs-wordpress/,,,,,
4,https://www.ionos.fr/digitalguide/hebergement/cms/shopify-vs-wordpress/,,,,,
4,https://www.ionos.fr/digitalguide/hebergement/cms/shopify-vs-wordpress/,,,,,
5,https://schoolswp.com/dropshipping-shopify-vs-wordpress/,WooCommerce,https://woocommerce.com/,woocommerce.com,nofollow noopener,True
5,https://schoolswp.com/dropshipping-shopify-vs-wordpress/,Shopify,https://lien.michaelkihl.fr/shopify,michaelkihl.fr,noopener,True
5,https://schoolswp.com/dropshipping-shopify-vs-wordpress/,Shopify,https://lien.michaelkihl.fr/shopify,michaelkihl.fr,noopener,True
5,https://schoolswp.com/dropshipping-shopify-vs-wordpress/,Shopify,https://lien.michaelkihl.fr/shopify,michaelkihl.fr,noopener,True
5,https://schoolswp.com/dropshipping-shopify-vs-wordpress/,Shopify,https://lien.michaelkihl.fr/shopify,michaelkihl.fr,noopener,True
5,https://schoolswp.com/dropshipping-shopify-vs-wordpress/,,https://twitter.com/MichaelKihl,twitter.com,noopener,True
5,https://schoolswp.com/dropshipping-shopify-vs-wordpress/,,,,,
5,https://schoolswp.com/dropshipping-shopify-vs-wordpress/,,,,,
5,https://schoolswp.com/dropshipping-shopify-vs-wordpress/,,,,,
5,https://schoolswp.com/dropshipping-shopify-vs-wordpress/,,,,,
5,https://schoolswp.com/dropshipping-shopify-vs-wordpress/,,,,,
5,https://schoolswp.com/dropshipping-shopify-vs-wordpress/,,,,,
5,https://schoolswp.com/dropshipping-shopify-vs-wordpress/,,,,,
5,https://schoolswp.com/dropshipping-shopify-vs-wordpress/,,,,,
5,https://schoolswp.com/dropshipping-shopify-vs-wordpress/,,,,,
5,https://schoolswp.com/dropshipping-shopify-vs-wordpress/,,,,,
5,https://schoolswp.com/dropshipping-shopify-vs-wordpress/,,,,,
5,https://schoolswp.com/dropshipping-shopify-vs-wordpress/,,,,,
5,https://schoolswp.com/dropshipping-shopify-vs-wordpress/,,,,,
5,https://schoolswp.com/dropshipping-shopify-vs-wordpress/,,,,,
5,https://schoolswp.com/dropshipping-shopify-vs-wordpress/,,,,,
5,https://schoolswp.com/dropshipping-shopify-vs-wordpress/,,,,,
5,https://schoolswp.com/dropshipping-shopify-vs-wordpress/,,,,,
5,https://schoolswp.com/dropshipping-shopify-vs-wordpress/,,,,,
5,https://schoolswp.com/dropshipping-shopify-vs-wordpress/,,,,,
5,https://schoolswp.com/dropshipping-shopify-vs-wordpress/,,,,,
5,https://schoolswp.com/dropshipping-shopify-vs-wordpress/,,,,,
5,https://schoolswp.com/dropshipping-shopify-vs-wordpress/,,,,,
5,https://schoolswp.com/dropshipping-shopify-vs-wordpress/,,,,,
5,https://schoolswp.com/dropshipping-shopify-vs-wordpress/,,,,,
5,https://schoolswp.com/dropshipping-shopify-vs-wordpress/,,,,,
5,https://schoolswp.com/dropshipping-shopify-vs-wordpress/,,,,,
5,https://schoolswp.com/dropshipping-shopify-vs-wordpress/,,,,,
5,https://schoolswp.com/dropshipping-shopify-vs-wordpress/,,,,,
5,https://schoolswp.com/dropshipping-shopify-vs-wordpress/,,,,,
5,https://schoolswp.com/dropshipping-shopify-vs-wordpress/,,,,,
5,https://schoolswp.com/dropshipping-shopify-vs-wordpress/,,,,,
5,https://schoolswp.com/dropshipping-shopify-vs-wordpress/,,,,,
5,https://schoolswp.com/dropshipping-shopify-vs-wordpress/,,,,,
5,https://schoolswp.com/dropshipping-shopify-vs-wordpress/,,,,,
5,https://schoolswp.com/dropshipping-shopify-vs-wordpress/,,,,,
5,https://schoolswp.com/dropshipping-shopify-vs-wordpress/,,,,,
5,https://schoolswp.com/dropshipping-shopify-vs-wordpress/,,,,,
5,https://schoolswp.com/dropshipping-shopify-vs-wordpress/,,,,,
5,https://schoolswp.com/dropshipping-shopify-vs-wordpress/,,,,,
5,https://schoolswp.com/dropshipping-shopify-vs-wordpress/,,,,,
5,https://schoolswp.com/dropshipping-shopify-vs-wordpress/,,,,,
5,https://schoolswp.com/dropshipping-shopify-vs-wordpress/,,,,,
5,https://schoolswp.com/dropshipping-shopify-vs-wordpress/,,,,,
5,https://schoolswp.com/dropshipping-shopify-vs-wordpress/,,,,,
5,https://schoolswp.com/dropshipping-shopify-vs-wordpress/,,,,,
5,https://schoolswp.com/dropshipping-shopify-vs-wordpress/,,,,,
5,https://schoolswp.com/dropshipping-shopify-vs-wordpress/,,,,,
5,https://schoolswp.com/dropshipping-shopify-vs-wordpress/,,,,,
5,https://schoolswp.com/dropshipping-shopify-vs-wordpress/,,,,,
5,https://schoolswp.com/dropshipping-shopify-vs-wordpress/,,,,,
5,https://schoolswp.com/dropshipping-shopify-vs-wordpress/,,,,,
5,https://schoolswp.com/dropshipping-shopify-vs-wordpress/,,,,,
5,https://schoolswp.com/dropshipping-shopify-vs-wordpress/,,,,,
5,https://schoolswp.com/dropshipping-shopify-vs-wordpress/,,,,,
5,https://schoolswp.com/dropshipping-shopify-vs-wordpress/,,,,,
5,https://schoolswp.com/dropshipping-shopify-vs-wordpress/,,,,,
5,https://schoolswp.com/dropshipping-shopify-vs-wordpress/,,,,,
5,https://schoolswp.com/dropshipping-shopify-vs-wordpress/,,,,,
5,https://schoolswp.com/dropshipping-shopify-vs-wordpress/,,,,,
5,https://schoolswp.com/dropshipping-shopify-vs-wordpress/,,,,,
5,https://schoolswp.com/dropshipping-shopify-vs-wordpress/,,,,,
5,https://schoolswp.com/dropshipping-shopify-vs-wordpress/,,,,,
5,https://schoolswp.com/dropshipping-shopify-vs-wordpress/,,,,,
5,https://schoolswp.com/dropshipping-shopify-vs-wordpress/,,,,,
5,https://schoolswp.com/dropshipping-shopify-vs-wordpress/,,,,,
5,https://schoolswp.com/dropshipping-shopify-vs-wordpress/,,,,,
5,https://schoolswp.com/dropshipping-shopify-vs-wordpress/,,,,,
5,https://schoolswp.com/dropshipping-shopify-vs-wordpress/,,,,,
5,https://schoolswp.com/dropshipping-shopify-vs-wordpress/,,,,,
5,https://schoolswp.com/dropshipping-shopify-vs-wordpress/,,,,,
5,https://schoolswp.com/dropshipping-shopify-vs-wordpress/,,,,,
5,https://schoolswp.com/dropshipping-shopify-vs-wordpress/,,,,,
5,https://schoolswp.com/dropshipping-shopify-vs-wordpress/,,,,,
5,https://schoolswp.com/dropshipping-shopify-vs-wordpress/,,,,,
5,https://schoolswp.com/dropshipping-shopify-vs-wordpress/,,,,,
5,https://schoolswp.com/dropshipping-shopify-vs-wordpress/,,,,,
5,https://schoolswp.com/dropshipping-shopify-vs-wordpress/,,,,,
5,https://schoolswp.com/dropshipping-shopify-vs-wordpress/,,,,,
5,https://schoolswp.com/dropshipping-shopify-vs-wordpress/,,,,,
5,https://schoolswp.com/dropshipping-shopify-vs-wordpress/,,,,,
5,https://schoolswp.com/dropshipping-shopify-vs-wordpress/,,,,,
5,https://schoolswp.com/dropshipping-shopify-vs-wordpress/,,,,,
5,https://schoolswp.com/dropshipping-shopify-vs-wordpress/,,,,,
5,https://schoolswp.com/dropshipping-shopify-vs-wordpress/,,,,,
5,https://schoolswp.com/dropshipping-shopify-vs-wordpress/,,,,,
5,https://schoolswp.com/dropshipping-shopify-vs-wordpress/,,,,,
5,https://schoolswp.com/dropshipping-shopify-vs-wordpress/,,,,,
5,https://schoolswp.com/dropshipping-shopify-vs-wordpress/,,,,,
5,https://schoolswp.com/dropshipping-shopify-vs-wordpress/,,,,,
5,https://schoolswp.com/dropshipping-shopify-vs-wordpress/,,,,,
5,https://schoolswp.com/dropshipping-shopify-vs-wordpress/,,,,,
5,https://schoolswp.com/dropshipping-shopify-vs-wordpress/,,,,,
5,https://schoolswp.com/dropshipping-shopify-vs-wordpress/,,,,,
5,https://schoolswp.com/dropshipping-shopify-vs-wordpress/,,,,,
5,https://schoolswp.com/dropshipping-shopify-vs-wordpress/,,,,,
6,https://www.reddit.com/r/Wordpress/comments/1nl2mwk/wordpress_vs_shopify_which_one_is_really_best_for/,Reddit Rules,https://www.redditinc.com/policies/content-policy,redditinc.com,,True
6,https://www.reddit.com/r/Wordpress/comments/1nl2mwk/wordpress_vs_shopify_which_one_is_really_best_for/,User Agreement,https://www.redditinc.com/policies/user-agreement,redditinc.com,,True
6,https://www.reddit.com/r/Wordpress/comments/1nl2mwk/wordpress_vs_shopify_which_one_is_really_best_for/,Your Privacy Choices,https://support.reddithelp.com/hc/articles/43980704794004,reddithelp.com,,True
6,https://www.reddit.com/r/Wordpress/comments/1nl2mwk/wordpress_vs_shopify_which_one_is_really_best_for/,Accessibility,https://support.reddithelp.com/hc/sections/38303584022676-Accessibility,reddithelp.com,,True
6,https://www.reddit.com/r/Wordpress/comments/1nl2mwk/wordpress_vs_shopify_which_one_is_really_best_for/,"Reddit, Inc. © 2026. All rights reserved",https://redditinc.com,redditinc.com,,True
6,https://www.reddit.com/r/Wordpress/comments/1nl2mwk/wordpress_vs_shopify_which_one_is_really_best_for/,,,,,
6,https://www.reddit.com/r/Wordpress/comments/1nl2mwk/wordpress_vs_shopify_which_one_is_really_best_for/,,,,,
6,https://www.reddit.com/r/Wordpress/comments/1nl2mwk/wordpress_vs_shopify_which_one_is_really_best_for/,,,,,
6,https://www.reddit.com/r/Wordpress/comments/1nl2mwk/wordpress_vs_shopify_which_one_is_really_best_for/,,,,,
6,https://www.reddit.com/r/Wordpress/comments/1nl2mwk/wordpress_vs_shopify_which_one_is_really_best_for/,,,,,
6,https://www.reddit.com/r/Wordpress/comments/1nl2mwk/wordpress_vs_shopify_which_one_is_really_best_for/,,,,,
6,https://www.reddit.com/r/Wordpress/comments/1nl2mwk/wordpress_vs_shopify_which_one_is_really_best_for/,,,,,
6,https://www.reddit.com/r/Wordpress/comments/1nl2mwk/wordpress_vs_shopify_which_one_is_really_best_for/,,,,,
6,https://www.reddit.com/r/Wordpress/comments/1nl2mwk/wordpress_vs_shopify_which_one_is_really_best_for/,,,,,
6,https://www.reddit.com/r/Wordpress/comments/1nl2mwk/wordpress_vs_shopify_which_one_is_really_best_for/,,,,,
6,https://www.reddit.com/r/Wordpress/comments/1nl2mwk/wordpress_vs_shopify_which_one_is_really_best_for/,,,,,
6,https://www.reddit.com/r/Wordpress/comments/1nl2mwk/wordpress_vs_shopify_which_one_is_really_best_for/,,,,,
6,https://www.reddit.com/r/Wordpress/comments/1nl2mwk/wordpress_vs_shopify_which_one_is_really_best_for/,,,,,
6,https://www.reddit.com/r/Wordpress/comments/1nl2mwk/wordpress_vs_shopify_which_one_is_really_best_for/,,,,,
6,https://www.reddit.com/r/Wordpress/comments/1nl2mwk/wordpress_vs_shopify_which_one_is_really_best_for/,,,,,
6,https://www.reddit.com/r/Wordpress/comments/1nl2mwk/wordpress_vs_shopify_which_one_is_really_best_for/,,,,,
6,https://www.reddit.com/r/Wordpress/comments/1nl2mwk/wordpress_vs_shopify_which_one_is_really_best_for/,,,,,
6,https://www.reddit.com/r/Wordpress/comments/1nl2mwk/wordpress_vs_shopify_which_one_is_really_best_for/,,,,,
7,https://www.presse-citron.net/hebergeur/comparatif/shopify-vs-wordpress/,,https://www.facebook.com/pressecitron.blog/,facebook.com,,True
7,https://www.presse-citron.net/hebergeur/comparatif/shopify-vs-wordpress/,𝕏,https://twitter.com/intent/user?screen_name=pressecitron,twitter.com,,True
7,https://www.presse-citron.net/hebergeur/comparatif/shopify-vs-wordpress/,,https://www.instagram.com/presse_citron/,instagram.com,,True
7,https://www.presse-citron.net/hebergeur/comparatif/shopify-vs-wordpress/,,https://www.tiktok.com/@pressecitron,tiktok.com,,True
7,https://www.presse-citron.net/hebergeur/comparatif/shopify-vs-wordpress/,,https://www.youtube.com/PressecitronHD/,youtube.com,,True
7,https://www.presse-citron.net/hebergeur/comparatif/shopify-vs-wordpress/,,https://www.linkedin.com/company/presse-citron/,linkedin.com,,True
7,https://www.presse-citron.net/hebergeur/comparatif/shopify-vs-wordpress/,,https://www.facebook.com/pressecitron.blog/,facebook.com,,True
7,https://www.presse-citron.net/hebergeur/comparatif/shopify-vs-wordpress/,𝕏,https://twitter.com/intent/user?screen_name=pressecitron,twitter.com,,True
7,https://www.presse-citron.net/hebergeur/comparatif/shopify-vs-wordpress/,,https://www.instagram.com/presse_citron/,instagram.com,,True
7,https://www.presse-citron.net/hebergeur/comparatif/shopify-vs-wordpress/,,https://www.youtube.com/PressecitronHD/,youtube.com,,True
7,https://www.presse-citron.net/hebergeur/comparatif/shopify-vs-wordpress/,,https://www.linkedin.com/company/presse-citron/,linkedin.com,,True
7,https://www.presse-citron.net/hebergeur/comparatif/shopify-vs-wordpress/,,,,,
7,https://www.presse-citron.net/hebergeur/comparatif/shopify-vs-wordpress/,,,,,
7,https://www.presse-citron.net/hebergeur/comparatif/shopify-vs-wordpress/,,,,,
7,https://www.presse-citron.net/hebergeur/comparatif/shopify-vs-wordpress/,,,,,
7,https://www.presse-citron.net/hebergeur/comparatif/shopify-vs-wordpress/,,,,,
7,https://www.presse-citron.net/hebergeur/comparatif/shopify-vs-wordpress/,,,,,
7,https://www.presse-citron.net/hebergeur/comparatif/shopify-vs-wordpress/,,,,,
7,https://www.presse-citron.net/hebergeur/comparatif/shopify-vs-wordpress/,,,,,
7,https://www.presse-citron.net/hebergeur/comparatif/shopify-vs-wordpress/,,,,,
7,https://www.presse-citron.net/hebergeur/comparatif/shopify-vs-wordpress/,,,,,
7,https://www.presse-citron.net/hebergeur/comparatif/shopify-vs-wordpress/,,,,,
7,https://www.presse-citron.net/hebergeur/comparatif/shopify-vs-wordpress/,,,,,
7,https://www.presse-citron.net/hebergeur/comparatif/shopify-vs-wordpress/,,,,,
7,https://www.presse-citron.net/hebergeur/comparatif/shopify-vs-wordpress/,,,,,
7,https://www.presse-citron.net/hebergeur/comparatif/shopify-vs-wordpress/,,,,,
7,https://www.presse-citron.net/hebergeur/comparatif/shopify-vs-wordpress/,,,,,
7,https://www.presse-citron.net/hebergeur/comparatif/shopify-vs-wordpress/,,,,,
7,https://www.presse-citron.net/hebergeur/comparatif/shopify-vs-wordpress/,,,,,
7,https://www.presse-citron.net/hebergeur/comparatif/shopify-vs-wordpress/,,,,,
7,https://www.presse-citron.net/hebergeur/comparatif/shopify-vs-wordpress/,,,,,
7,https://www.presse-citron.net/hebergeur/comparatif/shopify-vs-wordpress/,,,,,
7,https://www.presse-citron.net/hebergeur/comparatif/shopify-vs-wordpress/,,,,,
7,https://www.presse-citron.net/hebergeur/comparatif/shopify-vs-wordpress/,,,,,
7,https://www.presse-citron.net/hebergeur/comparatif/shopify-vs-wordpress/,,,,,
7,https://www.presse-citron.net/hebergeur/comparatif/shopify-vs-wordpress/,,,,,
7,https://www.presse-citron.net/hebergeur/comparatif/shopify-vs-wordpress/,,,,,
7,https://www.presse-citron.net/hebergeur/comparatif/shopify-vs-wordpress/,,,,,
7,https://www.presse-citron.net/hebergeur/comparatif/shopify-vs-wordpress/,,,,,
7,https://www.presse-citron.net/hebergeur/comparatif/shopify-vs-wordpress/,,,,,
7,https://www.presse-citron.net/hebergeur/comparatif/shopify-vs-wordpress/,,,,,
7,https://www.presse-citron.net/hebergeur/comparatif/shopify-vs-wordpress/,,,,,
7,https://www.presse-citron.net/hebergeur/comparatif/shopify-vs-wordpress/,,,,,
7,https://www.presse-citron.net/hebergeur/comparatif/shopify-vs-wordpress/,,,,,
7,https://www.presse-citron.net/hebergeur/comparatif/shopify-vs-wordpress/,,,,,
7,https://www.presse-citron.net/hebergeur/comparatif/shopify-vs-wordpress/,,,,,
7,https://www.presse-citron.net/hebergeur/comparatif/shopify-vs-wordpress/,,,,,
7,https://www.presse-citron.net/hebergeur/comparatif/shopify-vs-wordpress/,,,,,
7,https://www.presse-citron.net/hebergeur/comparatif/shopify-vs-wordpress/,,,,,
7,https://www.presse-citron.net/hebergeur/comparatif/shopify-vs-wordpress/,,,,,
7,https://www.presse-citron.net/hebergeur/comparatif/shopify-vs-wordpress/,,,,,
7,https://www.presse-citron.net/hebergeur/comparatif/shopify-vs-wordpress/,,,,,
7,https://www.presse-citron.net/hebergeur/comparatif/shopify-vs-wordpress/,,,,,
7,https://www.presse-citron.net/hebergeur/comparatif/shopify-vs-wordpress/,,,,,
7,https://www.presse-citron.net/hebergeur/comparatif/shopify-vs-wordpress/,,,,,
7,https://www.presse-citron.net/hebergeur/comparatif/shopify-vs-wordpress/,,,,,
7,https://www.presse-citron.net/hebergeur/comparatif/shopify-vs-wordpress/,,,,,
7,https://www.presse-citron.net/hebergeur/comparatif/shopify-vs-wordpress/,,,,,
7,https://www.presse-citron.net/hebergeur/comparatif/shopify-vs-wordpress/,,,,,
7,https://www.presse-citron.net/hebergeur/comparatif/shopify-vs-wordpress/,,,,,
7,https://www.presse-citron.net/hebergeur/comparatif/shopify-vs-wordpress/,,,,,
7,https://www.presse-citron.net/hebergeur/comparatif/shopify-vs-wordpress/,,,,,
7,https://www.presse-citron.net/hebergeur/comparatif/shopify-vs-wordpress/,,,,,
7,https://www.presse-citron.net/hebergeur/comparatif/shopify-vs-wordpress/,,,,,
7,https://www.presse-citron.net/hebergeur/comparatif/shopify-vs-wordpress/,,,,,
7,https://www.presse-citron.net/hebergeur/comparatif/shopify-vs-wordpress/,,,,,
7,https://www.presse-citron.net/hebergeur/comparatif/shopify-vs-wordpress/,,,,,
7,https://www.presse-citron.net/hebergeur/comparatif/shopify-vs-wordpress/,,,,,
7,https://www.presse-citron.net/hebergeur/comparatif/shopify-vs-wordpress/,,,,,
7,https://www.presse-citron.net/hebergeur/comparatif/shopify-vs-wordpress/,,,,,
7,https://www.presse-citron.net/hebergeur/comparatif/shopify-vs-wordpress/,,,,,
7,https://www.presse-citron.net/hebergeur/comparatif/shopify-vs-wordpress/,,,,,
7,https://www.presse-citron.net/hebergeur/comparatif/shopify-vs-wordpress/,,,,,
7,https://www.presse-citron.net/hebergeur/comparatif/shopify-vs-wordpress/,,,,,
7,https://www.presse-citron.net/hebergeur/comparatif/shopify-vs-wordpress/,,,,,
7,https://www.presse-citron.net/hebergeur/comparatif/shopify-vs-wordpress/,,,,,
7,https://www.presse-citron.net/hebergeur/comparatif/shopify-vs-wordpress/,,,,,
7,https://www.presse-citron.net/hebergeur/comparatif/shopify-vs-wordpress/,,,,,
7,https://www.presse-citron.net/hebergeur/comparatif/shopify-vs-wordpress/,,,,,
7,https://www.presse-citron.net/hebergeur/comparatif/shopify-vs-wordpress/,,,,,
7,https://www.presse-citron.net/hebergeur/comparatif/shopify-vs-wordpress/,,,,,
7,https://www.presse-citron.net/hebergeur/comparatif/shopify-vs-wordpress/,,,,,
7,https://www.presse-citron.net/hebergeur/comparatif/shopify-vs-wordpress/,,,,,
7,https://www.presse-citron.net/hebergeur/comparatif/shopify-vs-wordpress/,,,,,
7,https://www.presse-citron.net/hebergeur/comparatif/shopify-vs-wordpress/,,,,,
7,https://www.presse-citron.net/hebergeur/comparatif/shopify-vs-wordpress/,,,,,
7,https://www.presse-citron.net/hebergeur/comparatif/shopify-vs-wordpress/,,,,,
7,https://www.presse-citron.net/hebergeur/comparatif/shopify-vs-wordpress/,,,,,
7,https://www.presse-citron.net/hebergeur/comparatif/shopify-vs-wordpress/,,,,,
7,https://www.presse-citron.net/hebergeur/comparatif/shopify-vs-wordpress/,,,,,
7,https://www.presse-citron.net/hebergeur/comparatif/shopify-vs-wordpress/,,,,,
7,https://www.presse-citron.net/hebergeur/comparatif/shopify-vs-wordpress/,,,,,
7,https://www.presse-citron.net/hebergeur/comparatif/shopify-vs-wordpress/,,,,,
7,https://www.presse-citron.net/hebergeur/comparatif/shopify-vs-wordpress/,,,,,
7,https://www.presse-citron.net/hebergeur/comparatif/shopify-vs-wordpress/,,,,,
7,https://www.presse-citron.net/hebergeur/comparatif/shopify-vs-wordpress/,,,,,
7,https://www.presse-citron.net/hebergeur/comparatif/shopify-vs-wordpress/,,,,,
7,https://www.presse-citron.net/hebergeur/comparatif/shopify-vs-wordpress/,,,,,
7,https://www.presse-citron.net/hebergeur/comparatif/shopify-vs-wordpress/,,,,,
7,https://www.presse-citron.net/hebergeur/comparatif/shopify-vs-wordpress/,,,,,
7,https://www.presse-citron.net/hebergeur/comparatif/shopify-vs-wordpress/,,,,,
7,https://www.presse-citron.net/hebergeur/comparatif/shopify-vs-wordpress/,,,,,
7,https://www.presse-citron.net/hebergeur/comparatif/shopify-vs-wordpress/,,,,,
7,https://www.presse-citron.net/hebergeur/comparatif/shopify-vs-wordpress/,,,,,
7,https://www.presse-citron.net/hebergeur/comparatif/shopify-vs-wordpress/,,,,,
7,https://www.presse-citron.net/hebergeur/comparatif/shopify-vs-wordpress/,,,,,
7,https://www.presse-citron.net/hebergeur/comparatif/shopify-vs-wordpress/,,,,,
7,https://www.presse-citron.net/hebergeur/comparatif/shopify-vs-wordpress/,,,,,
7,https://www.presse-citron.net/hebergeur/comparatif/shopify-vs-wordpress/,,,,,
7,https://www.presse-citron.net/hebergeur/comparatif/shopify-vs-wordpress/,,,,,
7,https://www.presse-citron.net/hebergeur/comparatif/shopify-vs-wordpress/,,,,,
7,https://www.presse-citron.net/hebergeur/comparatif/shopify-vs-wordpress/,,,,,
7,https://www.presse-citron.net/hebergeur/comparatif/shopify-vs-wordpress/,,,,,
7,https://www.presse-citron.net/hebergeur/comparatif/shopify-vs-wordpress/,,,,,
7,https://www.presse-citron.net/hebergeur/comparatif/shopify-vs-wordpress/,,,,,
7,https://www.presse-citron.net/hebergeur/comparatif/shopify-vs-wordpress/,,,,,
7,https://www.presse-citron.net/hebergeur/comparatif/shopify-vs-wordpress/,,,,,
7,https://www.presse-citron.net/hebergeur/comparatif/shopify-vs-wordpress/,,,,,
7,https://www.presse-citron.net/hebergeur/comparatif/shopify-vs-wordpress/,,,,,
7,https://www.presse-citron.net/hebergeur/comparatif/shopify-vs-wordpress/,,,,,
7,https://www.presse-citron.net/hebergeur/comparatif/shopify-vs-wordpress/,,,,,
7,https://www.presse-citron.net/hebergeur/comparatif/shopify-vs-wordpress/,,,,,
7,https://www.presse-citron.net/hebergeur/comparatif/shopify-vs-wordpress/,,,,,
7,https://www.presse-citron.net/hebergeur/comparatif/shopify-vs-wordpress/,,,,,
7,https://www.presse-citron.net/hebergeur/comparatif/shopify-vs-wordpress/,,,,,
7,https://www.presse-citron.net/hebergeur/comparatif/shopify-vs-wordpress/,,,,,
7,https://www.presse-citron.net/hebergeur/comparatif/shopify-vs-wordpress/,,,,,
7,https://www.presse-citron.net/hebergeur/comparatif/shopify-vs-wordpress/,,,,,
7,https://www.presse-citron.net/hebergeur/comparatif/shopify-vs-wordpress/,,,,,
7,https://www.presse-citron.net/hebergeur/comparatif/shopify-vs-wordpress/,,,,,
7,https://www.presse-citron.net/hebergeur/comparatif/shopify-vs-wordpress/,,,,,
7,https://www.presse-citron.net/hebergeur/comparatif/shopify-vs-wordpress/,,,,,
7,https://www.presse-citron.net/hebergeur/comparatif/shopify-vs-wordpress/,,,,,
7,https://www.presse-citron.net/hebergeur/comparatif/shopify-vs-wordpress/,,,,,
7,https://www.presse-citron.net/hebergeur/comparatif/shopify-vs-wordpress/,,,,,
7,https://www.presse-citron.net/hebergeur/comparatif/shopify-vs-wordpress/,,,,,
7,https://www.presse-citron.net/hebergeur/comparatif/shopify-vs-wordpress/,,,,,
7,https://www.presse-citron.net/hebergeur/comparatif/shopify-vs-wordpress/,,,,,
7,https://www.presse-citron.net/hebergeur/comparatif/shopify-vs-wordpress/,,,,,
7,https://www.presse-citron.net/hebergeur/comparatif/shopify-vs-wordpress/,,,,,
7,https://www.presse-citron.net/hebergeur/comparatif/shopify-vs-wordpress/,,,,,
7,https://www.presse-citron.net/hebergeur/comparatif/shopify-vs-wordpress/,,,,,
7,https://www.presse-citron.net/hebergeur/comparatif/shopify-vs-wordpress/,,,,,
7,https://www.presse-citron.net/hebergeur/comparatif/shopify-vs-wordpress/,,,,,
7,https://www.presse-citron.net/hebergeur/comparatif/shopify-vs-wordpress/,,,,,
7,https://www.presse-citron.net/hebergeur/comparatif/shopify-vs-wordpress/,,,,,
7,https://www.presse-citron.net/hebergeur/comparatif/shopify-vs-wordpress/,,,,,
7,https://www.presse-citron.net/hebergeur/comparatif/shopify-vs-wordpress/,,,,,
7,https://www.presse-citron.net/hebergeur/comparatif/shopify-vs-wordpress/,,,,,
7,https://www.presse-citron.net/hebergeur/comparatif/shopify-vs-wordpress/,,,,,
7,https://www.presse-citron.net/hebergeur/comparatif/shopify-vs-wordpress/,,,,,
7,https://www.presse-citron.net/hebergeur/comparatif/shopify-vs-wordpress/,,,,,
7,https://www.presse-citron.net/hebergeur/comparatif/shopify-vs-wordpress/,,,,,
7,https://www.presse-citron.net/hebergeur/comparatif/shopify-vs-wordpress/,,,,,
7,https://www.presse-citron.net/hebergeur/comparatif/shopify-vs-wordpress/,,,,,
7,https://www.presse-citron.net/hebergeur/comparatif/shopify-vs-wordpress/,,,,,
7,https://www.presse-citron.net/hebergeur/comparatif/shopify-vs-wordpress/,,,,,
7,https://www.presse-citron.net/hebergeur/comparatif/shopify-vs-wordpress/,,,,,
7,https://www.presse-citron.net/hebergeur/comparatif/shopify-vs-wordpress/,,,,,
7,https://www.presse-citron.net/hebergeur/comparatif/shopify-vs-wordpress/,,,,,
7,https://www.presse-citron.net/hebergeur/comparatif/shopify-vs-wordpress/,,,,,
7,https://www.presse-citron.net/hebergeur/comparatif/shopify-vs-wordpress/,,,,,
7,https://www.presse-citron.net/hebergeur/comparatif/shopify-vs-wordpress/,,,,,
7,https://www.presse-citron.net/hebergeur/comparatif/shopify-vs-wordpress/,,,,,
7,https://www.presse-citron.net/hebergeur/comparatif/shopify-vs-wordpress/,,,,,
7,https://www.presse-citron.net/hebergeur/comparatif/shopify-vs-wordpress/,,,,,
7,https://www.presse-citron.net/hebergeur/comparatif/shopify-vs-wordpress/,,,,,
7,https://www.presse-citron.net/hebergeur/comparatif/shopify-vs-wordpress/,,,,,
7,https://www.presse-citron.net/hebergeur/comparatif/shopify-vs-wordpress/,,,,,
7,https://www.presse-citron.net/hebergeur/comparatif/shopify-vs-wordpress/,,,,,
7,https://www.presse-citron.net/hebergeur/comparatif/shopify-vs-wordpress/,,,,,
7,https://www.presse-citron.net/hebergeur/comparatif/shopify-vs-wordpress/,,,,,
7,https://www.presse-citron.net/hebergeur/comparatif/shopify-vs-wordpress/,,,,,
7,https://www.presse-citron.net/hebergeur/comparatif/shopify-vs-wordpress/,,,,,
7,https://www.presse-citron.net/hebergeur/comparatif/shopify-vs-wordpress/,,,,,
7,https://www.presse-citron.net/hebergeur/comparatif/shopify-vs-wordpress/,,,,,
7,https://www.presse-citron.net/hebergeur/comparatif/shopify-vs-wordpress/,,,,,
7,https://www.presse-citron.net/hebergeur/comparatif/shopify-vs-wordpress/,,,,,
7,https://www.presse-citron.net/hebergeur/comparatif/shopify-vs-wordpress/,,,,,
7,https://www.presse-citron.net/hebergeur/comparatif/shopify-vs-wordpress/,,,,,
7,https://www.presse-citron.net/hebergeur/comparatif/shopify-vs-wordpress/,,,,,
7,https://www.presse-citron.net/hebergeur/comparatif/shopify-vs-wordpress/,,,,,
7,https://www.presse-citron.net/hebergeur/comparatif/shopify-vs-wordpress/,,,,,
7,https://www.presse-citron.net/hebergeur/comparatif/shopify-vs-wordpress/,,,,,
7,https://www.presse-citron.net/hebergeur/comparatif/shopify-vs-wordpress/,,,,,
7,https://www.presse-citron.net/hebergeur/comparatif/shopify-vs-wordpress/,,,,,
7,https://www.presse-citron.net/hebergeur/comparatif/shopify-vs-wordpress/,,,,,
7,https://www.presse-citron.net/hebergeur/comparatif/shopify-vs-wordpress/,,,,,
7,https://www.presse-citron.net/hebergeur/comparatif/shopify-vs-wordpress/,,,,,
7,https://www.presse-citron.net/hebergeur/comparatif/shopify-vs-wordpress/,,,,,
7,https://www.presse-citron.net/hebergeur/comparatif/shopify-vs-wordpress/,,,,,
7,https://www.presse-citron.net/hebergeur/comparatif/shopify-vs-wordpress/,,,,,
7,https://www.presse-citron.net/hebergeur/comparatif/shopify-vs-wordpress/,,,,,
7,https://www.presse-citron.net/hebergeur/comparatif/shopify-vs-wordpress/,,,,,
7,https://www.presse-citron.net/hebergeur/comparatif/shopify-vs-wordpress/,,,,,
7,https://www.presse-citron.net/hebergeur/comparatif/shopify-vs-wordpress/,,,,,
7,https://www.presse-citron.net/hebergeur/comparatif/shopify-vs-wordpress/,,,,,
7,https://www.presse-citron.net/hebergeur/comparatif/shopify-vs-wordpress/,,,,,
7,https://www.presse-citron.net/hebergeur/comparatif/shopify-vs-wordpress/,,,,,
7,https://www.presse-citron.net/hebergeur/comparatif/shopify-vs-wordpress/,,,,,
7,https://www.presse-citron.net/hebergeur/comparatif/shopify-vs-wordpress/,,,,,
7,https://www.presse-citron.net/hebergeur/comparatif/shopify-vs-wordpress/,,,,,
7,https://www.presse-citron.net/hebergeur/comparatif/shopify-vs-wordpress/,,,,,
7,https://www.presse-citron.net/hebergeur/comparatif/shopify-vs-wordpress/,,,,,
7,https://www.presse-citron.net/hebergeur/comparatif/shopify-vs-wordpress/,,,,,
7,https://www.presse-citron.net/hebergeur/comparatif/shopify-vs-wordpress/,,,,,
7,https://www.presse-citron.net/hebergeur/comparatif/shopify-vs-wordpress/,,,,,
7,https://www.presse-citron.net/hebergeur/comparatif/shopify-vs-wordpress/,,,,,
7,https://www.presse-citron.net/hebergeur/comparatif/shopify-vs-wordpress/,,,,,
7,https://www.presse-citron.net/hebergeur/comparatif/shopify-vs-wordpress/,,,,,
7,https://www.presse-citron.net/hebergeur/comparatif/shopify-vs-wordpress/,,,,,
7,https://www.presse-citron.net/hebergeur/comparatif/shopify-vs-wordpress/,,,,,
7,https://www.presse-citron.net/hebergeur/comparatif/shopify-vs-wordpress/,,,,,
7,https://www.presse-citron.net/hebergeur/comparatif/shopify-vs-wordpress/,,,,,
7,https://www.presse-citron.net/hebergeur/comparatif/shopify-vs-wordpress/,,,,,
7,https://www.presse-citron.net/hebergeur/comparatif/shopify-vs-wordpress/,,,,,
7,https://www.presse-citron.net/hebergeur/comparatif/shopify-vs-wordpress/,,,,,
7,https://www.presse-citron.net/hebergeur/comparatif/shopify-vs-wordpress/,,,,,
7,https://www.presse-citron.net/hebergeur/comparatif/shopify-vs-wordpress/,,,,,
7,https://www.presse-citron.net/hebergeur/comparatif/shopify-vs-wordpress/,,,,,
7,https://www.presse-citron.net/hebergeur/comparatif/shopify-vs-wordpress/,,,,,
7,https://www.presse-citron.net/hebergeur/comparatif/shopify-vs-wordpress/,,,,,
7,https://www.presse-citron.net/hebergeur/comparatif/shopify-vs-wordpress/,,,,,
7,https://www.presse-citron.net/hebergeur/comparatif/shopify-vs-wordpress/,,,,,
7,https://www.presse-citron.net/hebergeur/comparatif/shopify-vs-wordpress/,,,,,
7,https://www.presse-citron.net/hebergeur/comparatif/shopify-vs-wordpress/,,,,,
7,https://www.presse-citron.net/hebergeur/comparatif/shopify-vs-wordpress/,,,,,
7,https://www.presse-citron.net/hebergeur/comparatif/shopify-vs-wordpress/,,,,,
7,https://www.presse-citron.net/hebergeur/comparatif/shopify-vs-wordpress/,,,,,
7,https://www.presse-citron.net/hebergeur/comparatif/shopify-vs-wordpress/,,,,,
7,https://www.presse-citron.net/hebergeur/comparatif/shopify-vs-wordpress/,,,,,
7,https://www.presse-citron.net/hebergeur/comparatif/shopify-vs-wordpress/,,,,,
7,https://www.presse-citron.net/hebergeur/comparatif/shopify-vs-wordpress/,,,,,
7,https://www.presse-citron.net/hebergeur/comparatif/shopify-vs-wordpress/,,,,,
7,https://www.presse-citron.net/hebergeur/comparatif/shopify-vs-wordpress/,,,,,
7,https://www.presse-citron.net/hebergeur/comparatif/shopify-vs-wordpress/,,,,,
7,https://www.presse-citron.net/hebergeur/comparatif/shopify-vs-wordpress/,,,,,
7,https://www.presse-citron.net/hebergeur/comparatif/shopify-vs-wordpress/,,,,,
7,https://www.presse-citron.net/hebergeur/comparatif/shopify-vs-wordpress/,,,,,
7,https://www.presse-citron.net/hebergeur/comparatif/shopify-vs-wordpress/,,,,,
7,https://www.presse-citron.net/hebergeur/comparatif/shopify-vs-wordpress/,,,,,
7,https://www.presse-citron.net/hebergeur/comparatif/shopify-vs-wordpress/,,,,,
7,https://www.presse-citron.net/hebergeur/comparatif/shopify-vs-wordpress/,,,,,
7,https://www.presse-citron.net/hebergeur/comparatif/shopify-vs-wordpress/,,,,,
7,https://www.presse-citron.net/hebergeur/comparatif/shopify-vs-wordpress/,,,,,
7,https://www.presse-citron.net/hebergeur/comparatif/shopify-vs-wordpress/,,,,,
7,https://www.presse-citron.net/hebergeur/comparatif/shopify-vs-wordpress/,,,,,
7,https://www.presse-citron.net/hebergeur/comparatif/shopify-vs-wordpress/,,,,,
7,https://www.presse-citron.net/hebergeur/comparatif/shopify-vs-wordpress/,,,,,
7,https://www.presse-citron.net/hebergeur/comparatif/shopify-vs-wordpress/,,,,,
7,https://www.presse-citron.net/hebergeur/comparatif/shopify-vs-wordpress/,,,,,
7,https://www.presse-citron.net/hebergeur/comparatif/shopify-vs-wordpress/,,,,,
7,https://www.presse-citron.net/hebergeur/comparatif/shopify-vs-wordpress/,,,,,
7,https://www.presse-citron.net/hebergeur/comparatif/shopify-vs-wordpress/,,,,,
7,https://www.presse-citron.net/hebergeur/comparatif/shopify-vs-wordpress/,,,,,
7,https://www.presse-citron.net/hebergeur/comparatif/shopify-vs-wordpress/,,,,,
7,https://www.presse-citron.net/hebergeur/comparatif/shopify-vs-wordpress/,,,,,
7,https://www.presse-citron.net/hebergeur/comparatif/shopify-vs-wordpress/,,,,,
7,https://www.presse-citron.net/hebergeur/comparatif/shopify-vs-wordpress/,,,,,
7,https://www.presse-citron.net/hebergeur/comparatif/shopify-vs-wordpress/,,,,,
7,https://www.presse-citron.net/hebergeur/comparatif/shopify-vs-wordpress/,,,,,
7,https://www.presse-citron.net/hebergeur/comparatif/shopify-vs-wordpress/,,,,,
7,https://www.presse-citron.net/hebergeur/comparatif/shopify-vs-wordpress/,,,,,
7,https://www.presse-citron.net/hebergeur/comparatif/shopify-vs-wordpress/,,,,,
7,https://www.presse-citron.net/hebergeur/comparatif/shopify-vs-wordpress/,,,,,
7,https://www.presse-citron.net/hebergeur/comparatif/shopify-vs-wordpress/,,,,,
7,https://www.presse-citron.net/hebergeur/comparatif/shopify-vs-wordpress/,,,,,
7,https://www.presse-citron.net/hebergeur/comparatif/shopify-vs-wordpress/,,,,,
7,https://www.presse-citron.net/hebergeur/comparatif/shopify-vs-wordpress/,,,,,
7,https://www.presse-citron.net/hebergeur/comparatif/shopify-vs-wordpress/,,,,,
7,https://www.presse-citron.net/hebergeur/comparatif/shopify-vs-wordpress/,,,,,
7,https://www.presse-citron.net/hebergeur/comparatif/shopify-vs-wordpress/,,,,,
7,https://www.presse-citron.net/hebergeur/comparatif/shopify-vs-wordpress/,,,,,
7,https://www.presse-citron.net/hebergeur/comparatif/shopify-vs-wordpress/,,,,,
7,https://www.presse-citron.net/hebergeur/comparatif/shopify-vs-wordpress/,,,,,
7,https://www.presse-citron.net/hebergeur/comparatif/shopify-vs-wordpress/,,,,,
7,https://www.presse-citron.net/hebergeur/comparatif/shopify-vs-wordpress/,,,,,
7,https://www.presse-citron.net/hebergeur/comparatif/shopify-vs-wordpress/,,,,,
7,https://www.presse-citron.net/hebergeur/comparatif/shopify-vs-wordpress/,,,,,
7,https://www.presse-citron.net/hebergeur/comparatif/shopify-vs-wordpress/,,,,,
7,https://www.presse-citron.net/hebergeur/comparatif/shopify-vs-wordpress/,,,,,
7,https://www.presse-citron.net/hebergeur/comparatif/shopify-vs-wordpress/,,,,,
7,https://www.presse-citron.net/hebergeur/comparatif/shopify-vs-wordpress/,,,,,
7,https://www.presse-citron.net/hebergeur/comparatif/shopify-vs-wordpress/,,,,,
7,https://www.presse-citron.net/hebergeur/comparatif/shopify-vs-wordpress/,,,,,
7,https://www.presse-citron.net/hebergeur/comparatif/shopify-vs-wordpress/,,,,,
7,https://www.presse-citron.net/hebergeur/comparatif/shopify-vs-wordpress/,,,,,
7,https://www.presse-citron.net/hebergeur/comparatif/shopify-vs-wordpress/,,,,,
7,https://www.presse-citron.net/hebergeur/comparatif/shopify-vs-wordpress/,,,,,
7,https://www.presse-citron.net/hebergeur/comparatif/shopify-vs-wordpress/,,,,,
7,https://www.presse-citron.net/hebergeur/comparatif/shopify-vs-wordpress/,,,,,
7,https://www.presse-citron.net/hebergeur/comparatif/shopify-vs-wordpress/,,,,,
7,https://www.presse-citron.net/hebergeur/comparatif/shopify-vs-wordpress/,,,,,
7,https://www.presse-citron.net/hebergeur/comparatif/shopify-vs-wordpress/,,,,,
7,https://www.presse-citron.net/hebergeur/comparatif/shopify-vs-wordpress/,,,,,
7,https://www.presse-citron.net/hebergeur/comparatif/shopify-vs-wordpress/,,,,,
7,https://www.presse-citron.net/hebergeur/comparatif/shopify-vs-wordpress/,,,,,
7,https://www.presse-citron.net/hebergeur/comparatif/shopify-vs-wordpress/,,,,,
7,https://www.presse-citron.net/hebergeur/comparatif/shopify-vs-wordpress/,,,,,
7,https://www.presse-citron.net/hebergeur/comparatif/shopify-vs-wordpress/,,,,,
7,https://www.presse-citron.net/hebergeur/comparatif/shopify-vs-wordpress/,,,,,
7,https://www.presse-citron.net/hebergeur/comparatif/shopify-vs-wordpress/,,,,,
7,https://www.presse-citron.net/hebergeur/comparatif/shopify-vs-wordpress/,,,,,
7,https://www.presse-citron.net/hebergeur/comparatif/shopify-vs-wordpress/,,,,,
7,https://www.presse-citron.net/hebergeur/comparatif/shopify-vs-wordpress/,,,,,
7,https://www.presse-citron.net/hebergeur/comparatif/shopify-vs-wordpress/,,,,,
7,https://www.presse-citron.net/hebergeur/comparatif/shopify-vs-wordpress/,,,,,
7,https://www.presse-citron.net/hebergeur/comparatif/shopify-vs-wordpress/,,,,,
7,https://www.presse-citron.net/hebergeur/comparatif/shopify-vs-wordpress/,,,,,
7,https://www.presse-citron.net/hebergeur/comparatif/shopify-vs-wordpress/,,,,,
7,https://www.presse-citron.net/hebergeur/comparatif/shopify-vs-wordpress/,,,,,
7,https://www.presse-citron.net/hebergeur/comparatif/shopify-vs-wordpress/,,,,,
7,https://www.presse-citron.net/hebergeur/comparatif/shopify-vs-wordpress/,,,,,
7,https://www.presse-citron.net/hebergeur/comparatif/shopify-vs-wordpress/,,,,,
7,https://www.presse-citron.net/hebergeur/comparatif/shopify-vs-wordpress/,,,,,
7,https://www.presse-citron.net/hebergeur/comparatif/shopify-vs-wordpress/,,,,,
7,https://www.presse-citron.net/hebergeur/comparatif/shopify-vs-wordpress/,,,,,
7,https://www.presse-citron.net/hebergeur/comparatif/shopify-vs-wordpress/,,,,,
7,https://www.presse-citron.net/hebergeur/comparatif/shopify-vs-wordpress/,,,,,
7,https://www.presse-citron.net/hebergeur/comparatif/shopify-vs-wordpress/,,,,,
7,https://www.presse-citron.net/hebergeur/comparatif/shopify-vs-wordpress/,,,,,
7,https://www.presse-citron.net/hebergeur/comparatif/shopify-vs-wordpress/,,,,,
7,https://www.presse-citron.net/hebergeur/comparatif/shopify-vs-wordpress/,,,,,
7,https://www.presse-citron.net/hebergeur/comparatif/shopify-vs-wordpress/,,,,,
7,https://www.presse-citron.net/hebergeur/comparatif/shopify-vs-wordpress/,,,,,
7,https://www.presse-citron.net/hebergeur/comparatif/shopify-vs-wordpress/,,,,,
7,https://www.presse-citron.net/hebergeur/comparatif/shopify-vs-wordpress/,,,,,
7,https://www.presse-citron.net/hebergeur/comparatif/shopify-vs-wordpress/,,,,,
7,https://www.presse-citron.net/hebergeur/comparatif/shopify-vs-wordpress/,,,,,
7,https://www.presse-citron.net/hebergeur/comparatif/shopify-vs-wordpress/,,,,,
7,https://www.presse-citron.net/hebergeur/comparatif/shopify-vs-wordpress/,,,,,
7,https://www.presse-citron.net/hebergeur/comparatif/shopify-vs-wordpress/,,,,,
7,https://www.presse-citron.net/hebergeur/comparatif/shopify-vs-wordpress/,,,,,
7,https://www.presse-citron.net/hebergeur/comparatif/shopify-vs-wordpress/,,,,,
7,https://www.presse-citron.net/hebergeur/comparatif/shopify-vs-wordpress/,,,,,
7,https://www.presse-citron.net/hebergeur/comparatif/shopify-vs-wordpress/,,,,,
9,https://www.shopify.com/fr/comparaison/shopify-vs-wordpress,,,,,
9,https://www.shopify.com/fr/comparaison/shopify-vs-wordpress,,,,,
9,https://www.shopify.com/fr/comparaison/shopify-vs-wordpress,,,,,
9,https://www.shopify.com/fr/comparaison/shopify-vs-wordpress,,,,,
9,https://www.shopify.com/fr/comparaison/shopify-vs-wordpress,,,,,
9,https://www.shopify.com/fr/comparaison/shopify-vs-wordpress,,,,,
9,https://www.shopify.com/fr/comparaison/shopify-vs-wordpress,,,,,
9,https://www.shopify.com/fr/comparaison/shopify-vs-wordpress,,,,,
9,https://www.shopify.com/fr/comparaison/shopify-vs-wordpress,,,,,
9,https://www.shopify.com/fr/comparaison/shopify-vs-wordpress,,,,,
9,https://www.shopify.com/fr/comparaison/shopify-vs-wordpress,,,,,
9,https://www.shopify.com/fr/comparaison/shopify-vs-wordpress,,,,,
9,https://www.shopify.com/fr/comparaison/shopify-vs-wordpress,,,,,
9,https://www.shopify.com/fr/comparaison/shopify-vs-wordpress,,,,,
9,https://www.shopify.com/fr/comparaison/shopify-vs-wordpress,,,,,
9,https://www.shopify.com/fr/comparaison/shopify-vs-wordpress,,,,,
9,https://www.shopify.com/fr/comparaison/shopify-vs-wordpress,,,,,
10,https://www.copyfy.io/blog/shopify-vs-wordpress,,https://www.youtube.com/@thomas.builders,youtube.com,,True
10,https://www.copyfy.io/blog/shopify-vs-wordpress,,https://www.youtube.com/@thomas.builders,youtube.com,,True
10,https://www.copyfy.io/blog/shopify-vs-wordpress,,https://www.linkedin.com/in/thomas-salic/,linkedin.com,,True
10,https://www.copyfy.io/blog/shopify-vs-wordpress,,https://t.me/joinbuilders,t.me,,True
10,https://www.copyfy.io/blog/shopify-vs-wordpress,,https://www.buildwiththomas.com/,buildwiththomas.com,,True
10,https://www.copyfy.io/blog/shopify-vs-wordpress,,https://shopify.pxf.io/c/5574341/1515036/13624,pxf.io,,True
10,https://www.copyfy.io/blog/shopify-vs-wordpress,,,,,
10,https://www.copyfy.io/blog/shopify-vs-wordpress,,,,,
10,https://www.copyfy.io/blog/shopify-vs-wordpress,,,,,
10,https://www.copyfy.io/blog/shopify-vs-wordpress,,,,,
10,https://www.copyfy.io/blog/shopify-vs-wordpress,,,,,
10,https://www.copyfy.io/blog/shopify-vs-wordpress,,,,,
10,https://www.copyfy.io/blog/shopify-vs-wordpress,,,,,
10,https://www.copyfy.io/blog/shopify-vs-wordpress,,,,,
10,https://www.copyfy.io/blog/shopify-vs-wordpress,,,,,
10,https://www.copyfy.io/blog/shopify-vs-wordpress,,,,,
10,https://www.copyfy.io/blog/shopify-vs-wordpress,,,,,
10,https://www.copyfy.io/blog/shopify-vs-wordpress,,,,,
10,https://www.copyfy.io/blog/shopify-vs-wordpress,,,,,
10,https://www.copyfy.io/blog/shopify-vs-wordpress,,,,,
10,https://www.copyfy.io/blog/shopify-vs-wordpress,,,,,
10,https://www.copyfy.io/blog/shopify-vs-wordpress,,,,,
10,https://www.copyfy.io/blog/shopify-vs-wordpress,,,,,
10,https://www.copyfy.io/blog/shopify-vs-wordpress,,,,,
10,https://www.copyfy.io/blog/shopify-vs-wordpress,,,,,
10,https://www.copyfy.io/blog/shopify-vs-wordpress,,,,,
10,https://www.copyfy.io/blog/shopify-vs-wordpress,,,,,
10,https://www.copyfy.io/blog/shopify-vs-wordpress,,,,,
10,https://www.copyfy.io/blog/shopify-vs-wordpress,,,,,
10,https://www.copyfy.io/blog/shopify-vs-wordpress,,,,,
10,https://www.copyfy.io/blog/shopify-vs-wordpress,,,,,
10,https://www.copyfy.io/blog/shopify-vs-wordpress,,,,,
10,https://www.copyfy.io/blog/shopify-vs-wordpress,,,,,
10,https://www.copyfy.io/blog/shopify-vs-wordpress,,,,,
10,https://www.copyfy.io/blog/shopify-vs-wordpress,,,,,
10,https://www.copyfy.io/blog/shopify-vs-wordpress,,,,,
10,https://www.copyfy.io/blog/shopify-vs-wordpress,,,,,
10,https://www.copyfy.io/blog/shopify-vs-wordpress,,,,,
10,https://www.copyfy.io/blog/shopify-vs-wordpress,,,,,
10,https://www.copyfy.io/blog/shopify-vs-wordpress,,,,,
10,https://www.copyfy.io/blog/shopify-vs-wordpress,,,,,
10,https://www.copyfy.io/blog/shopify-vs-wordpress,,,,,
10,https://www.copyfy.io/blog/shopify-vs-wordpress,,,,,
10,https://www.copyfy.io/blog/shopify-vs-wordpress,,,,,
10,https://www.copyfy.io/blog/shopify-vs-wordpress,,,,,
10,https://www.copyfy.io/blog/shopify-vs-wordpress,,,,,
10,https://www.copyfy.io/blog/shopify-vs-wordpress,,,,,
10,https://www.copyfy.io/blog/shopify-vs-wordpress,,,,,
10,https://www.copyfy.io/blog/shopify-vs-wordpress,,,,,
10,https://www.copyfy.io/blog/shopify-vs-wordpress,,,,,
10,https://www.copyfy.io/blog/shopify-vs-wordpress,,,,,
10,https://www.copyfy.io/blog/shopify-vs-wordpress,,,,,
10,https://www.copyfy.io/blog/shopify-vs-wordpress,,,,,
10,https://www.copyfy.io/blog/shopify-vs-wordpress,,,,,
10,https://www.copyfy.io/blog/shopify-vs-wordpress,,,,,
10,https://www.copyfy.io/blog/shopify-vs-wordpress,,,,,
10,https://www.copyfy.io/blog/shopify-vs-wordpress,,,,,
10,https://www.copyfy.io/blog/shopify-vs-wordpress,,,,,
10,https://www.copyfy.io/blog/shopify-vs-wordpress,,,,,
10,https://www.copyfy.io/blog/shopify-vs-wordpress,,,,,
10,https://www.copyfy.io/blog/shopify-vs-wordpress,,,,,
10,https://www.copyfy.io/blog/shopify-vs-wordpress,,,,,
10,https://www.copyfy.io/blog/shopify-vs-wordpress,,,,,
10,https://www.copyfy.io/blog/shopify-vs-wordpress,,,,,
10,https://www.copyfy.io/blog/shopify-vs-wordpress,,,,,
10,https://www.copyfy.io/blog/shopify-vs-wordpress,,,,,
10,https://www.copyfy.io/blog/shopify-vs-wordpress,,,,,
10,https://www.copyfy.io/blog/shopify-vs-wordpress,,,,,
10,https://www.copyfy.io/blog/shopify-vs-wordpress,,,,,
10,https://www.copyfy.io/blog/shopify-vs-wordpress,,,,,
10,https://www.copyfy.io/blog/shopify-vs-wordpress,,,,,
10,https://www.copyfy.io/blog/shopify-vs-wordpress,,,,,
10,https://www.copyfy.io/blog/shopify-vs-wordpress,,,,,
10,https://www.copyfy.io/blog/shopify-vs-wordpress,,,,,
10,https://www.copyfy.io/blog/shopify-vs-wordpress,,,,,
10,https://www.copyfy.io/blog/shopify-vs-wordpress,,,,,
10,https://www.copyfy.io/blog/shopify-vs-wordpress,,,,,
10,https://www.copyfy.io/blog/shopify-vs-wordpress,,,,,
10,https://www.copyfy.io/blog/shopify-vs-wordpress,,,,,
10,https://www.copyfy.io/blog/shopify-vs-wordpress,,,,,
10,https://www.copyfy.io/blog/shopify-vs-wordpress,,,,,
10,https://www.copyfy.io/blog/shopify-vs-wordpress,,,,,
10,https://www.copyfy.io/blog/shopify-vs-wordpress,,,,,
10,https://www.copyfy.io/blog/shopify-vs-wordpress,,,,,
10,https://www.copyfy.io/blog/shopify-vs-wordpress,,,,,
10,https://www.copyfy.io/blog/shopify-vs-wordpress,,,,,
10,https://www.copyfy.io/blog/shopify-vs-wordpress,,,,,
10,https://www.copyfy.io/blog/shopify-vs-wordpress,,,,,
10,https://www.copyfy.io/blog/shopify-vs-wordpress,,,,,
10,https://www.copyfy.io/blog/shopify-vs-wordpress,,,,,
10,https://www.copyfy.io/blog/shopify-vs-wordpress,,,,,
10,https://www.copyfy.io/blog/shopify-vs-wordpress,,,,,
10,https://www.copyfy.io/blog/shopify-vs-wordpress,,,,,
10,https://www.copyfy.io/blog/shopify-vs-wordpress,,,,,
10,https://www.copyfy.io/blog/shopify-vs-wordpress,,,,,
10,https://www.copyfy.io/blog/shopify-vs-wordpress,,,,,
10,https://www.copyfy.io/blog/shopify-vs-wordpress,,,,,
10,https://www.copyfy.io/blog/shopify-vs-wordpress,,,,,
10,https://www.copyfy.io/blog/shopify-vs-wordpress,,,,,
10,https://www.copyfy.io/blog/shopify-vs-wordpress,,,,,
10,https://www.copyfy.io/blog/shopify-vs-wordpress,,,,,
10,https://www.copyfy.io/blog/shopify-vs-wordpress,,,,,
10,https://www.copyfy.io/blog/shopify-vs-wordpress,,,,,
10,https://www.copyfy.io/blog/shopify-vs-wordpress,,,,,
10,https://www.copyfy.io/blog/shopify-vs-wordpress,,,,,
10,https://www.copyfy.io/blog/shopify-vs-wordpress,,,,,
10,https://www.copyfy.io/blog/shopify-vs-wordpress,,,,,
10,https://www.copyfy.io/blog/shopify-vs-wordpress,,,,,
10,https://www.copyfy.io/blog/shopify-vs-wordpress,,,,,
10,https://www.copyfy.io/blog/shopify-vs-wordpress,,,,,
10,https://www.copyfy.io/blog/shopify-vs-wordpress,,,,,
10,https://www.copyfy.io/blog/shopify-vs-wordpress,,,,,
10,https://www.copyfy.io/blog/shopify-vs-wordpress,,,,,
10,https://www.copyfy.io/blog/shopify-vs-wordpress,,,,,
10,https://www.copyfy.io/blog/shopify-vs-wordpress,,,,,
10,https://www.copyfy.io/blog/shopify-vs-wordpress,,,,,
10,https://www.copyfy.io/blog/shopify-vs-wordpress,,,,,
10,https://www.copyfy.io/blog/shopify-vs-wordpress,,,,,
10,https://www.copyfy.io/blog/shopify-vs-wordpress,,,,,
10,https://www.copyfy.io/blog/shopify-vs-wordpress,,,,,
10,https://www.copyfy.io/blog/shopify-vs-wordpress,,,,,
10,https://www.copyfy.io/blog/shopify-vs-wordpress,,,,,
10,https://www.copyfy.io/blog/shopify-vs-wordpress,,,,,
10,https://www.copyfy.io/blog/shopify-vs-wordpress,,,,,
10,https://www.copyfy.io/blog/shopify-vs-wordpress,,,,,
10,https://www.copyfy.io/blog/shopify-vs-wordpress,,,,,
10,https://www.copyfy.io/blog/shopify-vs-wordpress,,,,,
10,https://www.copyfy.io/blog/shopify-vs-wordpress,,,,,
10,https://www.copyfy.io/blog/shopify-vs-wordpress,,,,,
10,https://www.copyfy.io/blog/shopify-vs-wordpress,,,,,
10,https://www.copyfy.io/blog/shopify-vs-wordpress,,,,,
10,https://www.copyfy.io/blog/shopify-vs-wordpress,,,,,
10,https://www.copyfy.io/blog/shopify-vs-wordpress,,,,,
10,https://www.copyfy.io/blog/shopify-vs-wordpress,,,,,
10,https://www.copyfy.io/blog/shopify-vs-wordpress,,,,,
10,https://www.copyfy.io/blog/shopify-vs-wordpress,,,,,
10,https://www.copyfy.io/blog/shopify-vs-wordpress,,,,,
10,https://www.copyfy.io/blog/shopify-vs-wordpress,,,,,
10,https://www.copyfy.io/blog/shopify-vs-wordpress,,,,,
10,https://www.copyfy.io/blog/shopify-vs-wordpress,,,,,
10,https://www.copyfy.io/blog/shopify-vs-wordpress,,,,,
10,https://www.copyfy.io/blog/shopify-vs-wordpress,,,,,
10,https://www.copyfy.io/blog/shopify-vs-wordpress,,,,,
10,https://www.copyfy.io/blog/shopify-vs-wordpress,,,,,
10,https://www.copyfy.io/blog/shopify-vs-wordpress,,,,,
10,https://www.copyfy.io/blog/shopify-vs-wordpress,,,,,
10,https://www.copyfy.io/blog/shopify-vs-wordpress,,,,,
10,https://www.copyfy.io/blog/shopify-vs-wordpress,,,,,
10,https://www.copyfy.io/blog/shopify-vs-wordpress,,,,,
10,https://www.copyfy.io/blog/shopify-vs-wordpress,,,,,
10,https://www.copyfy.io/blog/shopify-vs-wordpress,,,,,
10,https://www.copyfy.io/blog/shopify-vs-wordpress,,,,,
10,https://www.copyfy.io/blog/shopify-vs-wordpress,,,,,
10,https://www.copyfy.io/blog/shopify-vs-wordpress,,,,,
10,https://www.copyfy.io/blog/shopify-vs-wordpress,,,,,
10,https://www.copyfy.io/blog/shopify-vs-wordpress,,,,,
10,https://www.copyfy.io/blog/shopify-vs-wordpress,,,,,
10,https://www.copyfy.io/blog/shopify-vs-wordpress,,,,,
10,https://www.copyfy.io/blog/shopify-vs-wordpress,,,,,
10,https://www.copyfy.io/blog/shopify-vs-wordpress,,,,,
10,https://www.copyfy.io/blog/shopify-vs-wordpress,,,,,
11,https://mondevis.com/blog/wordpress-vs-shopify-cms/,,,,,
11,https://mondevis.com/blog/wordpress-vs-shopify-cms/,,,,,
11,https://mondevis.com/blog/wordpress-vs-shopify-cms/,,,,,
11,https://mondevis.com/blog/wordpress-vs-shopify-cms/,,,,,
11,https://mondevis.com/blog/wordpress-vs-shopify-cms/,,,,,
11,https://mondevis.com/blog/wordpress-vs-shopify-cms/,,,,,
11,https://mondevis.com/blog/wordpress-vs-shopify-cms/,,,,,
11,https://mondevis.com/blog/wordpress-vs-shopify-cms/,,,,,
11,https://mondevis.com/blog/wordpress-vs-shopify-cms/,,,,,
11,https://mondevis.com/blog/wordpress-vs-shopify-cms/,,,,,
11,https://mondevis.com/blog/wordpress-vs-shopify-cms/,,,,,
11,https://mondevis.com/blog/wordpress-vs-shopify-cms/,,,,,
11,https://mondevis.com/blog/wordpress-vs-shopify-cms/,,,,,
11,https://mondevis.com/blog/wordpress-vs-shopify-cms/,,,,,
11,https://mondevis.com/blog/wordpress-vs-shopify-cms/,,,,,
11,https://mondevis.com/blog/wordpress-vs-shopify-cms/,,,,,
11,https://mondevis.com/blog/wordpress-vs-shopify-cms/,,,,,
11,https://mondevis.com/blog/wordpress-vs-shopify-cms/,,,,,
11,https://mondevis.com/blog/wordpress-vs-shopify-cms/,,,,,
11,https://mondevis.com/blog/wordpress-vs-shopify-cms/,,,,,
11,https://mondevis.com/blog/wordpress-vs-shopify-cms/,,,,,
11,https://mondevis.com/blog/wordpress-vs-shopify-cms/,,,,,
11,https://mondevis.com/blog/wordpress-vs-shopify-cms/,,,,,
11,https://mondevis.com/blog/wordpress-vs-shopify-cms/,,,,,
11,https://mondevis.com/blog/wordpress-vs-shopify-cms/,,,,,
11,https://mondevis.com/blog/wordpress-vs-shopify-cms/,,,,,
11,https://mondevis.com/blog/wordpress-vs-shopify-cms/,,,,,
11,https://mondevis.com/blog/wordpress-vs-shopify-cms/,,,,,
11,https://mondevis.com/blog/wordpress-vs-shopify-cms/,,,,,
11,https://mondevis.com/blog/wordpress-vs-shopify-cms/,,,,,
11,https://mondevis.com/blog/wordpress-vs-shopify-cms/,,,,,
11,https://mondevis.com/blog/wordpress-vs-shopify-cms/,,,,,
11,https://mondevis.com/blog/wordpress-vs-shopify-cms/,,,,,
11,https://mondevis.com/blog/wordpress-vs-shopify-cms/,,,,,
11,https://mondevis.com/blog/wordpress-vs-shopify-cms/,,,,,
11,https://mondevis.com/blog/wordpress-vs-shopify-cms/,,,,,
11,https://mondevis.com/blog/wordpress-vs-shopify-cms/,,,,,
11,https://mondevis.com/blog/wordpress-vs-shopify-cms/,,,,,
11,https://mondevis.com/blog/wordpress-vs-shopify-cms/,,,,,
11,https://mondevis.com/blog/wordpress-vs-shopify-cms/,,,,,
11,https://mondevis.com/blog/wordpress-vs-shopify-cms/,,,,,
11,https://mondevis.com/blog/wordpress-vs-shopify-cms/,,,,,
11,https://mondevis.com/blog/wordpress-vs-shopify-cms/,,,,,
11,https://mondevis.com/blog/wordpress-vs-shopify-cms/,,,,,
11,https://mondevis.com/blog/wordpress-vs-shopify-cms/,,,,,
11,https://mondevis.com/blog/wordpress-vs-shopify-cms/,,,,,
11,https://mondevis.com/blog/wordpress-vs-shopify-cms/,,,,,
11,https://mondevis.com/blog/wordpress-vs-shopify-cms/,,,,,
11,https://mondevis.com/blog/wordpress-vs-shopify-cms/,,,,,
11,https://mondevis.com/blog/wordpress-vs-shopify-cms/,,,,,
11,https://mondevis.com/blog/wordpress-vs-shopify-cms/,,,,,
12,https://www.01net.com/hebergeur/createur-site/shopify-vs-wordpress/,un plugin tel que WooCommerce pour créer votre e-commerce,https://www.presse-citron.net/hebergeur/faq/woocommerce/,presse-citron.net,,True
12,https://www.01net.com/hebergeur/createur-site/shopify-vs-wordpress/,,https://fr-fr.facebook.com/01net,facebook.com,noopener,True
12,https://www.01net.com/hebergeur/createur-site/shopify-vs-wordpress/,,https://www.youtube.com/channel/UC6joDErOGcFJC1vHNSfsYQg?sub_confirmation=1,youtube.com,noopener,True
12,https://www.01net.com/hebergeur/createur-site/shopify-vs-wordpress/,,https://www.instagram.com/01net/?hl=fr,instagram.com,noopener,True
12,https://www.01net.com/hebergeur/createur-site/shopify-vs-wordpress/,,https://bsky.app/profile/01net.com,bsky.app,noopener,True
12,https://www.01net.com/hebergeur/createur-site/shopify-vs-wordpress/,,https://www.tiktok.com/@01net.com?lang=fr,tiktok.com,,True
12,https://www.01net.com/hebergeur/createur-site/shopify-vs-wordpress/,,,,,
12,https://www.01net.com/hebergeur/createur-site/shopify-vs-wordpress/,,,,,
12,https://www.01net.com/hebergeur/createur-site/shopify-vs-wordpress/,,,,,
12,https://www.01net.com/hebergeur/createur-site/shopify-vs-wordpress/,,,,,
12,https://www.01net.com/hebergeur/createur-site/shopify-vs-wordpress/,,,,,
12,https://www.01net.com/hebergeur/createur-site/shopify-vs-wordpress/,,,,,
12,https://www.01net.com/hebergeur/createur-site/shopify-vs-wordpress/,,,,,
12,https://www.01net.com/hebergeur/createur-site/shopify-vs-wordpress/,,,,,
12,https://www.01net.com/hebergeur/createur-site/shopify-vs-wordpress/,,,,,
12,https://www.01net.com/hebergeur/createur-site/shopify-vs-wordpress/,,,,,
12,https://www.01net.com/hebergeur/createur-site/shopify-vs-wordpress/,,,,,
12,https://www.01net.com/hebergeur/createur-site/shopify-vs-wordpress/,,,,,
12,https://www.01net.com/hebergeur/createur-site/shopify-vs-wordpress/,,,,,
12,https://www.01net.com/hebergeur/createur-site/shopify-vs-wordpress/,,,,,
12,https://www.01net.com/hebergeur/createur-site/shopify-vs-wordpress/,,,,,
12,https://www.01net.com/hebergeur/createur-site/shopify-vs-wordpress/,,,,,
12,https://www.01net.com/hebergeur/createur-site/shopify-vs-wordpress/,,,,,
12,https://www.01net.com/hebergeur/createur-site/shopify-vs-wordpress/,,,,,
12,https://www.01net.com/hebergeur/createur-site/shopify-vs-wordpress/,,,,,
12,https://www.01net.com/hebergeur/createur-site/shopify-vs-wordpress/,,,,,
12,https://www.01net.com/hebergeur/createur-site/shopify-vs-wordpress/,,,,,
12,https://www.01net.com/hebergeur/createur-site/shopify-vs-wordpress/,,,,,
12,https://www.01net.com/hebergeur/createur-site/shopify-vs-wordpress/,,,,,
12,https://www.01net.com/hebergeur/createur-site/shopify-vs-wordpress/,,,,,
12,https://www.01net.com/hebergeur/createur-site/shopify-vs-wordpress/,,,,,
12,https://www.01net.com/hebergeur/createur-site/shopify-vs-wordpress/,,,,,
12,https://www.01net.com/hebergeur/createur-site/shopify-vs-wordpress/,,,,,
12,https://www.01net.com/hebergeur/createur-site/shopify-vs-wordpress/,,,,,
12,https://www.01net.com/hebergeur/createur-site/shopify-vs-wordpress/,,,,,
12,https://www.01net.com/hebergeur/createur-site/shopify-vs-wordpress/,,,,,
12,https://www.01net.com/hebergeur/createur-site/shopify-vs-wordpress/,,,,,
12,https://www.01net.com/hebergeur/createur-site/shopify-vs-wordpress/,,,,,
12,https://www.01net.com/hebergeur/createur-site/shopify-vs-wordpress/,,,,,
12,https://www.01net.com/hebergeur/createur-site/shopify-vs-wordpress/,,,,,
12,https://www.01net.com/hebergeur/createur-site/shopify-vs-wordpress/,,,,,
12,https://www.01net.com/hebergeur/createur-site/shopify-vs-wordpress/,,,,,
12,https://www.01net.com/hebergeur/createur-site/shopify-vs-wordpress/,,,,,
12,https://www.01net.com/hebergeur/createur-site/shopify-vs-wordpress/,,,,,
12,https://www.01net.com/hebergeur/createur-site/shopify-vs-wordpress/,,,,,
12,https://www.01net.com/hebergeur/createur-site/shopify-vs-wordpress/,,,,,
12,https://www.01net.com/hebergeur/createur-site/shopify-vs-wordpress/,,,,,
12,https://www.01net.com/hebergeur/createur-site/shopify-vs-wordpress/,,,,,
12,https://www.01net.com/hebergeur/createur-site/shopify-vs-wordpress/,,,,,
12,https://www.01net.com/hebergeur/createur-site/shopify-vs-wordpress/,,,,,
12,https://www.01net.com/hebergeur/createur-site/shopify-vs-wordpress/,,,,,
12,https://www.01net.com/hebergeur/createur-site/shopify-vs-wordpress/,,,,,
12,https://www.01net.com/hebergeur/createur-site/shopify-vs-wordpress/,,,,,
12,https://www.01net.com/hebergeur/createur-site/shopify-vs-wordpress/,,,,,
12,https://www.01net.com/hebergeur/createur-site/shopify-vs-wordpress/,,,,,
12,https://www.01net.com/hebergeur/createur-site/shopify-vs-wordpress/,,,,,
12,https://www.01net.com/hebergeur/createur-site/shopify-vs-wordpress/,,,,,
12,https://www.01net.com/hebergeur/createur-site/shopify-vs-wordpress/,,,,,
12,https://www.01net.com/hebergeur/createur-site/shopify-vs-wordpress/,,,,,
12,https://www.01net.com/hebergeur/createur-site/shopify-vs-wordpress/,,,,,
12,https://www.01net.com/hebergeur/createur-site/shopify-vs-wordpress/,,,,,
12,https://www.01net.com/hebergeur/createur-site/shopify-vs-wordpress/,,,,,
12,https://www.01net.com/hebergeur/createur-site/shopify-vs-wordpress/,,,,,
12,https://www.01net.com/hebergeur/createur-site/shopify-vs-wordpress/,,,,,
12,https://www.01net.com/hebergeur/createur-site/shopify-vs-wordpress/,,,,,
12,https://www.01net.com/hebergeur/createur-site/shopify-vs-wordpress/,,,,,
12,https://www.01net.com/hebergeur/createur-site/shopify-vs-wordpress/,,,,,
12,https://www.01net.com/hebergeur/createur-site/shopify-vs-wordpress/,,,,,
12,https://www.01net.com/hebergeur/createur-site/shopify-vs-wordpress/,,,,,
12,https://www.01net.com/hebergeur/createur-site/shopify-vs-wordpress/,,,,,
12,https://www.01net.com/hebergeur/createur-site/shopify-vs-wordpress/,,,,,
12,https://www.01net.com/hebergeur/createur-site/shopify-vs-wordpress/,,,,,
12,https://www.01net.com/hebergeur/createur-site/shopify-vs-wordpress/,,,,,
12,https://www.01net.com/hebergeur/createur-site/shopify-vs-wordpress/,,,,,
12,https://www.01net.com/hebergeur/createur-site/shopify-vs-wordpress/,,,,,
12,https://www.01net.com/hebergeur/createur-site/shopify-vs-wordpress/,,,,,
12,https://www.01net.com/hebergeur/createur-site/shopify-vs-wordpress/,,,,,
12,https://www.01net.com/hebergeur/createur-site/shopify-vs-wordpress/,,,,,
12,https://www.01net.com/hebergeur/createur-site/shopify-vs-wordpress/,,,,,
12,https://www.01net.com/hebergeur/createur-site/shopify-vs-wordpress/,,,,,
12,https://www.01net.com/hebergeur/createur-site/shopify-vs-wordpress/,,,,,
12,https://www.01net.com/hebergeur/createur-site/shopify-vs-wordpress/,,,,,
12,https://www.01net.com/hebergeur/createur-site/shopify-vs-wordpress/,,,,,
12,https://www.01net.com/hebergeur/createur-site/shopify-vs-wordpress/,,,,,
12,https://www.01net.com/hebergeur/createur-site/shopify-vs-wordpress/,,,,,
12,https://www.01net.com/hebergeur/createur-site/shopify-vs-wordpress/,,,,,
12,https://www.01net.com/hebergeur/createur-site/shopify-vs-wordpress/,,,,,
12,https://www.01net.com/hebergeur/createur-site/shopify-vs-wordpress/,,,,,
12,https://www.01net.com/hebergeur/createur-site/shopify-vs-wordpress/,,,,,
12,https://www.01net.com/hebergeur/createur-site/shopify-vs-wordpress/,,,,,
12,https://www.01net.com/hebergeur/createur-site/shopify-vs-wordpress/,,,,,
12,https://www.01net.com/hebergeur/createur-site/shopify-vs-wordpress/,,,,,
12,https://www.01net.com/hebergeur/createur-site/shopify-vs-wordpress/,,,,,
12,https://www.01net.com/hebergeur/createur-site/shopify-vs-wordpress/,,,,,
12,https://www.01net.com/hebergeur/createur-site/shopify-vs-wordpress/,,,,,
12,https://www.01net.com/hebergeur/createur-site/shopify-vs-wordpress/,,,,,
12,https://www.01net.com/hebergeur/createur-site/shopify-vs-wordpress/,,,,,
12,https://www.01net.com/hebergeur/createur-site/shopify-vs-wordpress/,,,,,
12,https://www.01net.com/hebergeur/createur-site/shopify-vs-wordpress/,,,,,
12,https://www.01net.com/hebergeur/createur-site/shopify-vs-wordpress/,,,,,
12,https://www.01net.com/hebergeur/createur-site/shopify-vs-wordpress/,,,,,
12,https://www.01net.com/hebergeur/createur-site/shopify-vs-wordpress/,,,,,
12,https://www.01net.com/hebergeur/createur-site/shopify-vs-wordpress/,,,,,
12,https://www.01net.com/hebergeur/createur-site/shopify-vs-wordpress/,,,,,
12,https://www.01net.com/hebergeur/createur-site/shopify-vs-wordpress/,,,,,
12,https://www.01net.com/hebergeur/createur-site/shopify-vs-wordpress/,,,,,
12,https://www.01net.com/hebergeur/createur-site/shopify-vs-wordpress/,,,,,
12,https://www.01net.com/hebergeur/createur-site/shopify-vs-wordpress/,,,,,
12,https://www.01net.com/hebergeur/createur-site/shopify-vs-wordpress/,,,,,
12,https://www.01net.com/hebergeur/createur-site/shopify-vs-wordpress/,,,,,
12,https://www.01net.com/hebergeur/createur-site/shopify-vs-wordpress/,,,,,
12,https://www.01net.com/hebergeur/createur-site/shopify-vs-wordpress/,,,,,
12,https://www.01net.com/hebergeur/createur-site/shopify-vs-wordpress/,,,,,
12,https://www.01net.com/hebergeur/createur-site/shopify-vs-wordpress/,,,,,
12,https://www.01net.com/hebergeur/createur-site/shopify-vs-wordpress/,,,,,
12,https://www.01net.com/hebergeur/createur-site/shopify-vs-wordpress/,,,,,
12,https://www.01net.com/hebergeur/createur-site/shopify-vs-wordpress/,,,,,
12,https://www.01net.com/hebergeur/createur-site/shopify-vs-wordpress/,,,,,
12,https://www.01net.com/hebergeur/createur-site/shopify-vs-wordpress/,,,,,
12,https://www.01net.com/hebergeur/createur-site/shopify-vs-wordpress/,,,,,
12,https://www.01net.com/hebergeur/createur-site/shopify-vs-wordpress/,,,,,
12,https://www.01net.com/hebergeur/createur-site/shopify-vs-wordpress/,,,,,
12,https://www.01net.com/hebergeur/createur-site/shopify-vs-wordpress/,,,,,
12,https://www.01net.com/hebergeur/createur-site/shopify-vs-wordpress/,,,,,
12,https://www.01net.com/hebergeur/createur-site/shopify-vs-wordpress/,,,,,
12,https://www.01net.com/hebergeur/createur-site/shopify-vs-wordpress/,,,,,
12,https://www.01net.com/hebergeur/createur-site/shopify-vs-wordpress/,,,,,
12,https://www.01net.com/hebergeur/createur-site/shopify-vs-wordpress/,,,,,
12,https://www.01net.com/hebergeur/createur-site/shopify-vs-wordpress/,,,,,
12,https://www.01net.com/hebergeur/createur-site/shopify-vs-wordpress/,,,,,
12,https://www.01net.com/hebergeur/createur-site/shopify-vs-wordpress/,,,,,
12,https://www.01net.com/hebergeur/createur-site/shopify-vs-wordpress/,,,,,
12,https://www.01net.com/hebergeur/createur-site/shopify-vs-wordpress/,,,,,
12,https://www.01net.com/hebergeur/createur-site/shopify-vs-wordpress/,,,,,
12,https://www.01net.com/hebergeur/createur-site/shopify-vs-wordpress/,,,,,
12,https://www.01net.com/hebergeur/createur-site/shopify-vs-wordpress/,,,,,
12,https://www.01net.com/hebergeur/createur-site/shopify-vs-wordpress/,,,,,
12,https://www.01net.com/hebergeur/createur-site/shopify-vs-wordpress/,,,,,
12,https://www.01net.com/hebergeur/createur-site/shopify-vs-wordpress/,,,,,
12,https://www.01net.com/hebergeur/createur-site/shopify-vs-wordpress/,,,,,
12,https://www.01net.com/hebergeur/createur-site/shopify-vs-wordpress/,,,,,
12,https://www.01net.com/hebergeur/createur-site/shopify-vs-wordpress/,,,,,
12,https://www.01net.com/hebergeur/createur-site/shopify-vs-wordpress/,,,,,
12,https://www.01net.com/hebergeur/createur-site/shopify-vs-wordpress/,,,,,
12,https://www.01net.com/hebergeur/createur-site/shopify-vs-wordpress/,,,,,
12,https://www.01net.com/hebergeur/createur-site/shopify-vs-wordpress/,,,,,
12,https://www.01net.com/hebergeur/createur-site/shopify-vs-wordpress/,,,,,
12,https://www.01net.com/hebergeur/createur-site/shopify-vs-wordpress/,,,,,
12,https://www.01net.com/hebergeur/createur-site/shopify-vs-wordpress/,,,,,
12,https://www.01net.com/hebergeur/createur-site/shopify-vs-wordpress/,,,,,
12,https://www.01net.com/hebergeur/createur-site/shopify-vs-wordpress/,,,,,
12,https://www.01net.com/hebergeur/createur-site/shopify-vs-wordpress/,,,,,
12,https://www.01net.com/hebergeur/createur-site/shopify-vs-wordpress/,,,,,
12,https://www.01net.com/hebergeur/createur-site/shopify-vs-wordpress/,,,,,
12,https://www.01net.com/hebergeur/createur-site/shopify-vs-wordpress/,,,,,
12,https://www.01net.com/hebergeur/createur-site/shopify-vs-wordpress/,,,,,
12,https://www.01net.com/hebergeur/createur-site/shopify-vs-wordpress/,,,,,
12,https://www.01net.com/hebergeur/createur-site/shopify-vs-wordpress/,,,,,
12,https://www.01net.com/hebergeur/createur-site/shopify-vs-wordpress/,,,,,
12,https://www.01net.com/hebergeur/createur-site/shopify-vs-wordpress/,,,,,
12,https://www.01net.com/hebergeur/createur-site/shopify-vs-wordpress/,,,,,
12,https://www.01net.com/hebergeur/createur-site/shopify-vs-wordpress/,,,,,
12,https://www.01net.com/hebergeur/createur-site/shopify-vs-wordpress/,,,,,
12,https://www.01net.com/hebergeur/createur-site/shopify-vs-wordpress/,,,,,
12,https://www.01net.com/hebergeur/createur-site/shopify-vs-wordpress/,,,,,
12,https://www.01net.com/hebergeur/createur-site/shopify-vs-wordpress/,,,,,
12,https://www.01net.com/hebergeur/createur-site/shopify-vs-wordpress/,,,,,
12,https://www.01net.com/hebergeur/createur-site/shopify-vs-wordpress/,,,,,
12,https://www.01net.com/hebergeur/createur-site/shopify-vs-wordpress/,,,,,
12,https://www.01net.com/hebergeur/createur-site/shopify-vs-wordpress/,,,,,
12,https://www.01net.com/hebergeur/createur-site/shopify-vs-wordpress/,,,,,
12,https://www.01net.com/hebergeur/createur-site/shopify-vs-wordpress/,,,,,
12,https://www.01net.com/hebergeur/createur-site/shopify-vs-wordpress/,,,,,
12,https://www.01net.com/hebergeur/createur-site/shopify-vs-wordpress/,,,,,
12,https://www.01net.com/hebergeur/createur-site/shopify-vs-wordpress/,,,,,
12,https://www.01net.com/hebergeur/createur-site/shopify-vs-wordpress/,,,,,
12,https://www.01net.com/hebergeur/createur-site/shopify-vs-wordpress/,,,,,
12,https://www.01net.com/hebergeur/createur-site/shopify-vs-wordpress/,,,,,
12,https://www.01net.com/hebergeur/createur-site/shopify-vs-wordpress/,,,,,
12,https://www.01net.com/hebergeur/createur-site/shopify-vs-wordpress/,,,,,
12,https://www.01net.com/hebergeur/createur-site/shopify-vs-wordpress/,,,,,
12,https://www.01net.com/hebergeur/createur-site/shopify-vs-wordpress/,,,,,
12,https://www.01net.com/hebergeur/createur-site/shopify-vs-wordpress/,,,,,
12,https://www.01net.com/hebergeur/createur-site/shopify-vs-wordpress/,,,,,
12,https://www.01net.com/hebergeur/createur-site/shopify-vs-wordpress/,,,,,
12,https://www.01net.com/hebergeur/createur-site/shopify-vs-wordpress/,,,,,
12,https://www.01net.com/hebergeur/createur-site/shopify-vs-wordpress/,,,,,
12,https://www.01net.com/hebergeur/createur-site/shopify-vs-wordpress/,,,,,
12,https://www.01net.com/hebergeur/createur-site/shopify-vs-wordpress/,,,,,
12,https://www.01net.com/hebergeur/createur-site/shopify-vs-wordpress/,,,,,
12,https://www.01net.com/hebergeur/createur-site/shopify-vs-wordpress/,,,,,
12,https://www.01net.com/hebergeur/createur-site/shopify-vs-wordpress/,,,,,
12,https://www.01net.com/hebergeur/createur-site/shopify-vs-wordpress/,,,,,
12,https://www.01net.com/hebergeur/createur-site/shopify-vs-wordpress/,,,,,
12,https://www.01net.com/hebergeur/createur-site/shopify-vs-wordpress/,,,,,
12,https://www.01net.com/hebergeur/createur-site/shopify-vs-wordpress/,,,,,
12,https://www.01net.com/hebergeur/createur-site/shopify-vs-wordpress/,,,,,
12,https://www.01net.com/hebergeur/createur-site/shopify-vs-wordpress/,,,,,
12,https://www.01net.com/hebergeur/createur-site/shopify-vs-wordpress/,,,,,
12,https://www.01net.com/hebergeur/createur-site/shopify-vs-wordpress/,,,,,
12,https://www.01net.com/hebergeur/createur-site/shopify-vs-wordpress/,,,,,
12,https://www.01net.com/hebergeur/createur-site/shopify-vs-wordpress/,,,,,
12,https://www.01net.com/hebergeur/createur-site/shopify-vs-wordpress/,,,,,
12,https://www.01net.com/hebergeur/createur-site/shopify-vs-wordpress/,,,,,
12,https://www.01net.com/hebergeur/createur-site/shopify-vs-wordpress/,,,,,
12,https://www.01net.com/hebergeur/createur-site/shopify-vs-wordpress/,,,,,
12,https://www.01net.com/hebergeur/createur-site/shopify-vs-wordpress/,,,,,
12,https://www.01net.com/hebergeur/createur-site/shopify-vs-wordpress/,,,,,
12,https://www.01net.com/hebergeur/createur-site/shopify-vs-wordpress/,,,,,
12,https://www.01net.com/hebergeur/createur-site/shopify-vs-wordpress/,,,,,
12,https://www.01net.com/hebergeur/createur-site/shopify-vs-wordpress/,,,,,
12,https://www.01net.com/hebergeur/createur-site/shopify-vs-wordpress/,,,,,
12,https://www.01net.com/hebergeur/createur-site/shopify-vs-wordpress/,,,,,
12,https://www.01net.com/hebergeur/createur-site/shopify-vs-wordpress/,,,,,
12,https://www.01net.com/hebergeur/createur-site/shopify-vs-wordpress/,,,,,
12,https://www.01net.com/hebergeur/createur-site/shopify-vs-wordpress/,,,,,
12,https://www.01net.com/hebergeur/createur-site/shopify-vs-wordpress/,,,,,
12,https://www.01net.com/hebergeur/createur-site/shopify-vs-wordpress/,,,,,
12,https://www.01net.com/hebergeur/createur-site/shopify-vs-wordpress/,,,,,
12,https://www.01net.com/hebergeur/createur-site/shopify-vs-wordpress/,,,,,
12,https://www.01net.com/hebergeur/createur-site/shopify-vs-wordpress/,,,,,
12,https://www.01net.com/hebergeur/createur-site/shopify-vs-wordpress/,,,,,
12,https://www.01net.com/hebergeur/createur-site/shopify-vs-wordpress/,,,,,
12,https://www.01net.com/hebergeur/createur-site/shopify-vs-wordpress/,,,,,
12,https://www.01net.com/hebergeur/createur-site/shopify-vs-wordpress/,,,,,
12,https://www.01net.com/hebergeur/createur-site/shopify-vs-wordpress/,,,,,
13,https://www.reddit.com/r/dropship/comments/hqbpsv/shopify_vs_wordpress/,Reddit Rules,https://www.redditinc.com/policies/content-policy,redditinc.com,,True
13,https://www.reddit.com/r/dropship/comments/hqbpsv/shopify_vs_wordpress/,User Agreement,https://www.redditinc.com/policies/user-agreement,redditinc.com,,True
13,https://www.reddit.com/r/dropship/comments/hqbpsv/shopify_vs_wordpress/,Your Privacy Choices,https://support.reddithelp.com/hc/articles/43980704794004,reddithelp.com,,True
13,https://www.reddit.com/r/dropship/comments/hqbpsv/shopify_vs_wordpress/,Accessibility,https://support.reddithelp.com/hc/sections/38303584022676-Accessibility,reddithelp.com,,True
13,https://www.reddit.com/r/dropship/comments/hqbpsv/shopify_vs_wordpress/,"Reddit, Inc. © 2026. All rights reserved",https://redditinc.com,redditinc.com,,True
13,https://www.reddit.com/r/dropship/comments/hqbpsv/shopify_vs_wordpress/,,,,,
13,https://www.reddit.com/r/dropship/comments/hqbpsv/shopify_vs_wordpress/,,,,,
13,https://www.reddit.com/r/dropship/comments/hqbpsv/shopify_vs_wordpress/,,,,,
13,https://www.reddit.com/r/dropship/comments/hqbpsv/shopify_vs_wordpress/,,,,,
13,https://www.reddit.com/r/dropship/comments/hqbpsv/shopify_vs_wordpress/,,,,,
13,https://www.reddit.com/r/dropship/comments/hqbpsv/shopify_vs_wordpress/,,,,,
13,https://www.reddit.com/r/dropship/comments/hqbpsv/shopify_vs_wordpress/,,,,,
13,https://www.reddit.com/r/dropship/comments/hqbpsv/shopify_vs_wordpress/,,,,,
13,https://www.reddit.com/r/dropship/comments/hqbpsv/shopify_vs_wordpress/,,,,,
13,https://www.reddit.com/r/dropship/comments/hqbpsv/shopify_vs_wordpress/,,,,,
13,https://www.reddit.com/r/dropship/comments/hqbpsv/shopify_vs_wordpress/,,,,,
13,https://www.reddit.com/r/dropship/comments/hqbpsv/shopify_vs_wordpress/,,,,,
13,https://www.reddit.com/r/dropship/comments/hqbpsv/shopify_vs_wordpress/,,,,,
14,https://www.hulkapps.com/fr/blogs/vrification-de-lidentit-shopify-hub/shopify-vs-wordpress-quelle-plateforme-convient-le-mieux-vos-besoins-en-matire-de-commerce-lectronique,,https://shopcircle.co/shopify-apps-tech-stack/?utm_source=hulkapps+website&utm_medium=banner&utm_campaign=compare+blogs,shopcircle.co,noopener,True
14,https://www.hulkapps.com/fr/blogs/vrification-de-lidentit-shopify-hub/shopify-vs-wordpress-quelle-plateforme-convient-le-mieux-vos-besoins-en-matire-de-commerce-lectronique,,https://shopcircle.co/shopify-apps-tech-stack/?utm_source=hulkapps+website&utm_medium=banner&utm_campaign=compare+blogs,shopcircle.co,noopener,True
14,https://www.hulkapps.com/fr/blogs/vrification-de-lidentit-shopify-hub/shopify-vs-wordpress-quelle-plateforme-convient-le-mieux-vos-besoins-en-matire-de-commerce-lectronique,,,,,
14,https://www.hulkapps.com/fr/blogs/vrification-de-lidentit-shopify-hub/shopify-vs-wordpress-quelle-plateforme-convient-le-mieux-vos-besoins-en-matire-de-commerce-lectronique,,,,,
14,https://www.hulkapps.com/fr/blogs/vrification-de-lidentit-shopify-hub/shopify-vs-wordpress-quelle-plateforme-convient-le-mieux-vos-besoins-en-matire-de-commerce-lectronique,,,,,
14,https://www.hulkapps.com/fr/blogs/vrification-de-lidentit-shopify-hub/shopify-vs-wordpress-quelle-plateforme-convient-le-mieux-vos-besoins-en-matire-de-commerce-lectronique,,,,,
14,https://www.hulkapps.com/fr/blogs/vrification-de-lidentit-shopify-hub/shopify-vs-wordpress-quelle-plateforme-convient-le-mieux-vos-besoins-en-matire-de-commerce-lectronique,,,,,
14,https://www.hulkapps.com/fr/blogs/vrification-de-lidentit-shopify-hub/shopify-vs-wordpress-quelle-plateforme-convient-le-mieux-vos-besoins-en-matire-de-commerce-lectronique,,,,,
14,https://www.hulkapps.com/fr/blogs/vrification-de-lidentit-shopify-hub/shopify-vs-wordpress-quelle-plateforme-convient-le-mieux-vos-besoins-en-matire-de-commerce-lectronique,,,,,
14,https://www.hulkapps.com/fr/blogs/vrification-de-lidentit-shopify-hub/shopify-vs-wordpress-quelle-plateforme-convient-le-mieux-vos-besoins-en-matire-de-commerce-lectronique,,,,,
14,https://www.hulkapps.com/fr/blogs/vrification-de-lidentit-shopify-hub/shopify-vs-wordpress-quelle-plateforme-convient-le-mieux-vos-besoins-en-matire-de-commerce-lectronique,,,,,
14,https://www.hulkapps.com/fr/blogs/vrification-de-lidentit-shopify-hub/shopify-vs-wordpress-quelle-plateforme-convient-le-mieux-vos-besoins-en-matire-de-commerce-lectronique,,,,,
14,https://www.hulkapps.com/fr/blogs/vrification-de-lidentit-shopify-hub/shopify-vs-wordpress-quelle-plateforme-convient-le-mieux-vos-besoins-en-matire-de-commerce-lectronique,,,,,
14,https://www.hulkapps.com/fr/blogs/vrification-de-lidentit-shopify-hub/shopify-vs-wordpress-quelle-plateforme-convient-le-mieux-vos-besoins-en-matire-de-commerce-lectronique,,,,,
14,https://www.hulkapps.com/fr/blogs/vrification-de-lidentit-shopify-hub/shopify-vs-wordpress-quelle-plateforme-convient-le-mieux-vos-besoins-en-matire-de-commerce-lectronique,,,,,
14,https://www.hulkapps.com/fr/blogs/vrification-de-lidentit-shopify-hub/shopify-vs-wordpress-quelle-plateforme-convient-le-mieux-vos-besoins-en-matire-de-commerce-lectronique,,,,,
14,https://www.hulkapps.com/fr/blogs/vrification-de-lidentit-shopify-hub/shopify-vs-wordpress-quelle-plateforme-convient-le-mieux-vos-besoins-en-matire-de-commerce-lectronique,,,,,
14,https://www.hulkapps.com/fr/blogs/vrification-de-lidentit-shopify-hub/shopify-vs-wordpress-quelle-plateforme-convient-le-mieux-vos-besoins-en-matire-de-commerce-lectronique,,,,,
14,https://www.hulkapps.com/fr/blogs/vrification-de-lidentit-shopify-hub/shopify-vs-wordpress-quelle-plateforme-convient-le-mieux-vos-besoins-en-matire-de-commerce-lectronique,,,,,
14,https://www.hulkapps.com/fr/blogs/vrification-de-lidentit-shopify-hub/shopify-vs-wordpress-quelle-plateforme-convient-le-mieux-vos-besoins-en-matire-de-commerce-lectronique,,,,,
14,https://www.hulkapps.com/fr/blogs/vrification-de-lidentit-shopify-hub/shopify-vs-wordpress-quelle-plateforme-convient-le-mieux-vos-besoins-en-matire-de-commerce-lectronique,,,,,
14,https://www.hulkapps.com/fr/blogs/vrification-de-lidentit-shopify-hub/shopify-vs-wordpress-quelle-plateforme-convient-le-mieux-vos-besoins-en-matire-de-commerce-lectronique,,,,,
14,https://www.hulkapps.com/fr/blogs/vrification-de-lidentit-shopify-hub/shopify-vs-wordpress-quelle-plateforme-convient-le-mieux-vos-besoins-en-matire-de-commerce-lectronique,,,,,
14,https://www.hulkapps.com/fr/blogs/vrification-de-lidentit-shopify-hub/shopify-vs-wordpress-quelle-plateforme-convient-le-mieux-vos-besoins-en-matire-de-commerce-lectronique,,,,,
14,https://www.hulkapps.com/fr/blogs/vrification-de-lidentit-shopify-hub/shopify-vs-wordpress-quelle-plateforme-convient-le-mieux-vos-besoins-en-matire-de-commerce-lectronique,,,,,
14,https://www.hulkapps.com/fr/blogs/vrification-de-lidentit-shopify-hub/shopify-vs-wordpress-quelle-plateforme-convient-le-mieux-vos-besoins-en-matire-de-commerce-lectronique,,,,,
14,https://www.hulkapps.com/fr/blogs/vrification-de-lidentit-shopify-hub/shopify-vs-wordpress-quelle-plateforme-convient-le-mieux-vos-besoins-en-matire-de-commerce-lectronique,,,,,
14,https://www.hulkapps.com/fr/blogs/vrification-de-lidentit-shopify-hub/shopify-vs-wordpress-quelle-plateforme-convient-le-mieux-vos-besoins-en-matire-de-commerce-lectronique,,,,,
14,https://www.hulkapps.com/fr/blogs/vrification-de-lidentit-shopify-hub/shopify-vs-wordpress-quelle-plateforme-convient-le-mieux-vos-besoins-en-matire-de-commerce-lectronique,,,,,
14,https://www.hulkapps.com/fr/blogs/vrification-de-lidentit-shopify-hub/shopify-vs-wordpress-quelle-plateforme-convient-le-mieux-vos-besoins-en-matire-de-commerce-lectronique,,,,,
14,https://www.hulkapps.com/fr/blogs/vrification-de-lidentit-shopify-hub/shopify-vs-wordpress-quelle-plateforme-convient-le-mieux-vos-besoins-en-matire-de-commerce-lectronique,,,,,
14,https://www.hulkapps.com/fr/blogs/vrification-de-lidentit-shopify-hub/shopify-vs-wordpress-quelle-plateforme-convient-le-mieux-vos-besoins-en-matire-de-commerce-lectronique,,,,,
14,https://www.hulkapps.com/fr/blogs/vrification-de-lidentit-shopify-hub/shopify-vs-wordpress-quelle-plateforme-convient-le-mieux-vos-besoins-en-matire-de-commerce-lectronique,,,,,
14,https://www.hulkapps.com/fr/blogs/vrification-de-lidentit-shopify-hub/shopify-vs-wordpress-quelle-plateforme-convient-le-mieux-vos-besoins-en-matire-de-commerce-lectronique,,,,,
14,https://www.hulkapps.com/fr/blogs/vrification-de-lidentit-shopify-hub/shopify-vs-wordpress-quelle-plateforme-convient-le-mieux-vos-besoins-en-matire-de-commerce-lectronique,,,,,
14,https://www.hulkapps.com/fr/blogs/vrification-de-lidentit-shopify-hub/shopify-vs-wordpress-quelle-plateforme-convient-le-mieux-vos-besoins-en-matire-de-commerce-lectronique,,,,,
14,https://www.hulkapps.com/fr/blogs/vrification-de-lidentit-shopify-hub/shopify-vs-wordpress-quelle-plateforme-convient-le-mieux-vos-besoins-en-matire-de-commerce-lectronique,,,,,
14,https://www.hulkapps.com/fr/blogs/vrification-de-lidentit-shopify-hub/shopify-vs-wordpress-quelle-plateforme-convient-le-mieux-vos-besoins-en-matire-de-commerce-lectronique,,,,,
14,https://www.hulkapps.com/fr/blogs/vrification-de-lidentit-shopify-hub/shopify-vs-wordpress-quelle-plateforme-convient-le-mieux-vos-besoins-en-matire-de-commerce-lectronique,,,,,
14,https://www.hulkapps.com/fr/blogs/vrification-de-lidentit-shopify-hub/shopify-vs-wordpress-quelle-plateforme-convient-le-mieux-vos-besoins-en-matire-de-commerce-lectronique,,,,,
14,https://www.hulkapps.com/fr/blogs/vrification-de-lidentit-shopify-hub/shopify-vs-wordpress-quelle-plateforme-convient-le-mieux-vos-besoins-en-matire-de-commerce-lectronique,,,,,
14,https://www.hulkapps.com/fr/blogs/vrification-de-lidentit-shopify-hub/shopify-vs-wordpress-quelle-plateforme-convient-le-mieux-vos-besoins-en-matire-de-commerce-lectronique,,,,,
14,https://www.hulkapps.com/fr/blogs/vrification-de-lidentit-shopify-hub/shopify-vs-wordpress-quelle-plateforme-convient-le-mieux-vos-besoins-en-matire-de-commerce-lectronique,,,,,
14,https://www.hulkapps.com/fr/blogs/vrification-de-lidentit-shopify-hub/shopify-vs-wordpress-quelle-plateforme-convient-le-mieux-vos-besoins-en-matire-de-commerce-lectronique,,,,,
14,https://www.hulkapps.com/fr/blogs/vrification-de-lidentit-shopify-hub/shopify-vs-wordpress-quelle-plateforme-convient-le-mieux-vos-besoins-en-matire-de-commerce-lectronique,,,,,
14,https://www.hulkapps.com/fr/blogs/vrification-de-lidentit-shopify-hub/shopify-vs-wordpress-quelle-plateforme-convient-le-mieux-vos-besoins-en-matire-de-commerce-lectronique,,,,,
14,https://www.hulkapps.com/fr/blogs/vrification-de-lidentit-shopify-hub/shopify-vs-wordpress-quelle-plateforme-convient-le-mieux-vos-besoins-en-matire-de-commerce-lectronique,,,,,
14,https://www.hulkapps.com/fr/blogs/vrification-de-lidentit-shopify-hub/shopify-vs-wordpress-quelle-plateforme-convient-le-mieux-vos-besoins-en-matire-de-commerce-lectronique,,,,,
14,https://www.hulkapps.com/fr/blogs/vrification-de-lidentit-shopify-hub/shopify-vs-wordpress-quelle-plateforme-convient-le-mieux-vos-besoins-en-matire-de-commerce-lectronique,,,,,
14,https://www.hulkapps.com/fr/blogs/vrification-de-lidentit-shopify-hub/shopify-vs-wordpress-quelle-plateforme-convient-le-mieux-vos-besoins-en-matire-de-commerce-lectronique,,,,,
14,https://www.hulkapps.com/fr/blogs/vrification-de-lidentit-shopify-hub/shopify-vs-wordpress-quelle-plateforme-convient-le-mieux-vos-besoins-en-matire-de-commerce-lectronique,,,,,
14,https://www.hulkapps.com/fr/blogs/vrification-de-lidentit-shopify-hub/shopify-vs-wordpress-quelle-plateforme-convient-le-mieux-vos-besoins-en-matire-de-commerce-lectronique,,,,,
14,https://www.hulkapps.com/fr/blogs/vrification-de-lidentit-shopify-hub/shopify-vs-wordpress-quelle-plateforme-convient-le-mieux-vos-besoins-en-matire-de-commerce-lectronique,,,,,
14,https://www.hulkapps.com/fr/blogs/vrification-de-lidentit-shopify-hub/shopify-vs-wordpress-quelle-plateforme-convient-le-mieux-vos-besoins-en-matire-de-commerce-lectronique,,,,,
14,https://www.hulkapps.com/fr/blogs/vrification-de-lidentit-shopify-hub/shopify-vs-wordpress-quelle-plateforme-convient-le-mieux-vos-besoins-en-matire-de-commerce-lectronique,,,,,
14,https://www.hulkapps.com/fr/blogs/vrification-de-lidentit-shopify-hub/shopify-vs-wordpress-quelle-plateforme-convient-le-mieux-vos-besoins-en-matire-de-commerce-lectronique,,,,,
14,https://www.hulkapps.com/fr/blogs/vrification-de-lidentit-shopify-hub/shopify-vs-wordpress-quelle-plateforme-convient-le-mieux-vos-besoins-en-matire-de-commerce-lectronique,,,,,
14,https://www.hulkapps.com/fr/blogs/vrification-de-lidentit-shopify-hub/shopify-vs-wordpress-quelle-plateforme-convient-le-mieux-vos-besoins-en-matire-de-commerce-lectronique,,,,,
14,https://www.hulkapps.com/fr/blogs/vrification-de-lidentit-shopify-hub/shopify-vs-wordpress-quelle-plateforme-convient-le-mieux-vos-besoins-en-matire-de-commerce-lectronique,,,,,
14,https://www.hulkapps.com/fr/blogs/vrification-de-lidentit-shopify-hub/shopify-vs-wordpress-quelle-plateforme-convient-le-mieux-vos-besoins-en-matire-de-commerce-lectronique,,,,,
14,https://www.hulkapps.com/fr/blogs/vrification-de-lidentit-shopify-hub/shopify-vs-wordpress-quelle-plateforme-convient-le-mieux-vos-besoins-en-matire-de-commerce-lectronique,,,,,
14,https://www.hulkapps.com/fr/blogs/vrification-de-lidentit-shopify-hub/shopify-vs-wordpress-quelle-plateforme-convient-le-mieux-vos-besoins-en-matire-de-commerce-lectronique,,,,,
14,https://www.hulkapps.com/fr/blogs/vrification-de-lidentit-shopify-hub/shopify-vs-wordpress-quelle-plateforme-convient-le-mieux-vos-besoins-en-matire-de-commerce-lectronique,,,,,
14,https://www.hulkapps.com/fr/blogs/vrification-de-lidentit-shopify-hub/shopify-vs-wordpress-quelle-plateforme-convient-le-mieux-vos-besoins-en-matire-de-commerce-lectronique,,,,,
14,https://www.hulkapps.com/fr/blogs/vrification-de-lidentit-shopify-hub/shopify-vs-wordpress-quelle-plateforme-convient-le-mieux-vos-besoins-en-matire-de-commerce-lectronique,,,,,
14,https://www.hulkapps.com/fr/blogs/vrification-de-lidentit-shopify-hub/shopify-vs-wordpress-quelle-plateforme-convient-le-mieux-vos-besoins-en-matire-de-commerce-lectronique,,,,,
14,https://www.hulkapps.com/fr/blogs/vrification-de-lidentit-shopify-hub/shopify-vs-wordpress-quelle-plateforme-convient-le-mieux-vos-besoins-en-matire-de-commerce-lectronique,,,,,
14,https://www.hulkapps.com/fr/blogs/vrification-de-lidentit-shopify-hub/shopify-vs-wordpress-quelle-plateforme-convient-le-mieux-vos-besoins-en-matire-de-commerce-lectronique,,,,,
14,https://www.hulkapps.com/fr/blogs/vrification-de-lidentit-shopify-hub/shopify-vs-wordpress-quelle-plateforme-convient-le-mieux-vos-besoins-en-matire-de-commerce-lectronique,,,,,
14,https://www.hulkapps.com/fr/blogs/vrification-de-lidentit-shopify-hub/shopify-vs-wordpress-quelle-plateforme-convient-le-mieux-vos-besoins-en-matire-de-commerce-lectronique,,,,,
14,https://www.hulkapps.com/fr/blogs/vrification-de-lidentit-shopify-hub/shopify-vs-wordpress-quelle-plateforme-convient-le-mieux-vos-besoins-en-matire-de-commerce-lectronique,,,,,
14,https://www.hulkapps.com/fr/blogs/vrification-de-lidentit-shopify-hub/shopify-vs-wordpress-quelle-plateforme-convient-le-mieux-vos-besoins-en-matire-de-commerce-lectronique,,,,,
14,https://www.hulkapps.com/fr/blogs/vrification-de-lidentit-shopify-hub/shopify-vs-wordpress-quelle-plateforme-convient-le-mieux-vos-besoins-en-matire-de-commerce-lectronique,,,,,
14,https://www.hulkapps.com/fr/blogs/vrification-de-lidentit-shopify-hub/shopify-vs-wordpress-quelle-plateforme-convient-le-mieux-vos-besoins-en-matire-de-commerce-lectronique,,,,,
14,https://www.hulkapps.com/fr/blogs/vrification-de-lidentit-shopify-hub/shopify-vs-wordpress-quelle-plateforme-convient-le-mieux-vos-besoins-en-matire-de-commerce-lectronique,,,,,
15,https://www.joptimisemonsite.fr/shopify-ou-wordpress-creation-site-ecommerce/,,https://www.facebook.com/joptimisemonsite,facebook.com,,True
15,https://www.joptimisemonsite.fr/shopify-ou-wordpress-creation-site-ecommerce/,,https://twitter.com/sebleriot,twitter.com,,True
15,https://www.joptimisemonsite.fr/shopify-ou-wordpress-creation-site-ecommerce/,,https://www.linkedin.com/in/sebastien-bleriot-33247a16/,linkedin.com,,True
15,https://www.joptimisemonsite.fr/shopify-ou-wordpress-creation-site-ecommerce/,,https://www.facebook.com/joptimisemonsite/,facebook.com,external noopener nofollow,True
15,https://www.joptimisemonsite.fr/shopify-ou-wordpress-creation-site-ecommerce/,,https://twitter.com/sebleriot,twitter.com,external noopener nofollow,True
15,https://www.joptimisemonsite.fr/shopify-ou-wordpress-creation-site-ecommerce/,,https://www.linkedin.com/in/sebastien-bleriot-33247a16/,linkedin.com,external noopener nofollow,True
15,https://www.joptimisemonsite.fr/shopify-ou-wordpress-creation-site-ecommerce/,,,,,
15,https://www.joptimisemonsite.fr/shopify-ou-wordpress-creation-site-ecommerce/,,,,,
15,https://www.joptimisemonsite.fr/shopify-ou-wordpress-creation-site-ecommerce/,,,,,
15,https://www.joptimisemonsite.fr/shopify-ou-wordpress-creation-site-ecommerce/,,,,,
15,https://www.joptimisemonsite.fr/shopify-ou-wordpress-creation-site-ecommerce/,,,,,
15,https://www.joptimisemonsite.fr/shopify-ou-wordpress-creation-site-ecommerce/,,,,,
15,https://www.joptimisemonsite.fr/shopify-ou-wordpress-creation-site-ecommerce/,,,,,
15,https://www.joptimisemonsite.fr/shopify-ou-wordpress-creation-site-ecommerce/,,,,,
15,https://www.joptimisemonsite.fr/shopify-ou-wordpress-creation-site-ecommerce/,,,,,
15,https://www.joptimisemonsite.fr/shopify-ou-wordpress-creation-site-ecommerce/,,,,,
15,https://www.joptimisemonsite.fr/shopify-ou-wordpress-creation-site-ecommerce/,,,,,
15,https://www.joptimisemonsite.fr/shopify-ou-wordpress-creation-site-ecommerce/,,,,,
15,https://www.joptimisemonsite.fr/shopify-ou-wordpress-creation-site-ecommerce/,,,,,
15,https://www.joptimisemonsite.fr/shopify-ou-wordpress-creation-site-ecommerce/,,,,,
15,https://www.joptimisemonsite.fr/shopify-ou-wordpress-creation-site-ecommerce/,,,,,
15,https://www.joptimisemonsite.fr/shopify-ou-wordpress-creation-site-ecommerce/,,,,,
15,https://www.joptimisemonsite.fr/shopify-ou-wordpress-creation-site-ecommerce/,,,,,
15,https://www.joptimisemonsite.fr/shopify-ou-wordpress-creation-site-ecommerce/,,,,,
15,https://www.joptimisemonsite.fr/shopify-ou-wordpress-creation-site-ecommerce/,,,,,
15,https://www.joptimisemonsite.fr/shopify-ou-wordpress-creation-site-ecommerce/,,,,,
15,https://www.joptimisemonsite.fr/shopify-ou-wordpress-creation-site-ecommerce/,,,,,
15,https://www.joptimisemonsite.fr/shopify-ou-wordpress-creation-site-ecommerce/,,,,,
15,https://www.joptimisemonsite.fr/shopify-ou-wordpress-creation-site-ecommerce/,,,,,
15,https://www.joptimisemonsite.fr/shopify-ou-wordpress-creation-site-ecommerce/,,,,,
15,https://www.joptimisemonsite.fr/shopify-ou-wordpress-creation-site-ecommerce/,,,,,
15,https://www.joptimisemonsite.fr/shopify-ou-wordpress-creation-site-ecommerce/,,,,,
15,https://www.joptimisemonsite.fr/shopify-ou-wordpress-creation-site-ecommerce/,,,,,
15,https://www.joptimisemonsite.fr/shopify-ou-wordpress-creation-site-ecommerce/,,,,,
15,https://www.joptimisemonsite.fr/shopify-ou-wordpress-creation-site-ecommerce/,,,,,
15,https://www.joptimisemonsite.fr/shopify-ou-wordpress-creation-site-ecommerce/,,,,,
15,https://www.joptimisemonsite.fr/shopify-ou-wordpress-creation-site-ecommerce/,,,,,
15,https://www.joptimisemonsite.fr/shopify-ou-wordpress-creation-site-ecommerce/,,,,,
15,https://www.joptimisemonsite.fr/shopify-ou-wordpress-creation-site-ecommerce/,,,,,
15,https://www.joptimisemonsite.fr/shopify-ou-wordpress-creation-site-ecommerce/,,,,,
15,https://www.joptimisemonsite.fr/shopify-ou-wordpress-creation-site-ecommerce/,,,,,
15,https://www.joptimisemonsite.fr/shopify-ou-wordpress-creation-site-ecommerce/,,,,,
15,https://www.joptimisemonsite.fr/shopify-ou-wordpress-creation-site-ecommerce/,,,,,
15,https://www.joptimisemonsite.fr/shopify-ou-wordpress-creation-site-ecommerce/,,,,,
15,https://www.joptimisemonsite.fr/shopify-ou-wordpress-creation-site-ecommerce/,,,,,
15,https://www.joptimisemonsite.fr/shopify-ou-wordpress-creation-site-ecommerce/,,,,,
15,https://www.joptimisemonsite.fr/shopify-ou-wordpress-creation-site-ecommerce/,,,,,
15,https://www.joptimisemonsite.fr/shopify-ou-wordpress-creation-site-ecommerce/,,,,,
15,https://www.joptimisemonsite.fr/shopify-ou-wordpress-creation-site-ecommerce/,,,,,
15,https://www.joptimisemonsite.fr/shopify-ou-wordpress-creation-site-ecommerce/,,,,,
15,https://www.joptimisemonsite.fr/shopify-ou-wordpress-creation-site-ecommerce/,,,,,
15,https://www.joptimisemonsite.fr/shopify-ou-wordpress-creation-site-ecommerce/,,,,,
15,https://www.joptimisemonsite.fr/shopify-ou-wordpress-creation-site-ecommerce/,,,,,
15,https://www.joptimisemonsite.fr/shopify-ou-wordpress-creation-site-ecommerce/,,,,,
15,https://www.joptimisemonsite.fr/shopify-ou-wordpress-creation-site-ecommerce/,,,,,
15,https://www.joptimisemonsite.fr/shopify-ou-wordpress-creation-site-ecommerce/,,,,,
15,https://www.joptimisemonsite.fr/shopify-ou-wordpress-creation-site-ecommerce/,,,,,
15,https://www.joptimisemonsite.fr/shopify-ou-wordpress-creation-site-ecommerce/,,,,,
15,https://www.joptimisemonsite.fr/shopify-ou-wordpress-creation-site-ecommerce/,,,,,
15,https://www.joptimisemonsite.fr/shopify-ou-wordpress-creation-site-ecommerce/,,,,,
15,https://www.joptimisemonsite.fr/shopify-ou-wordpress-creation-site-ecommerce/,,,,,
15,https://www.joptimisemonsite.fr/shopify-ou-wordpress-creation-site-ecommerce/,,,,,
15,https://www.joptimisemonsite.fr/shopify-ou-wordpress-creation-site-ecommerce/,,,,,
15,https://www.joptimisemonsite.fr/shopify-ou-wordpress-creation-site-ecommerce/,,,,,
15,https://www.joptimisemonsite.fr/shopify-ou-wordpress-creation-site-ecommerce/,,,,,
15,https://www.joptimisemonsite.fr/shopify-ou-wordpress-creation-site-ecommerce/,,,,,
15,https://www.joptimisemonsite.fr/shopify-ou-wordpress-creation-site-ecommerce/,,,,,
15,https://www.joptimisemonsite.fr/shopify-ou-wordpress-creation-site-ecommerce/,,,,,
15,https://www.joptimisemonsite.fr/shopify-ou-wordpress-creation-site-ecommerce/,,,,,
15,https://www.joptimisemonsite.fr/shopify-ou-wordpress-creation-site-ecommerce/,,,,,
15,https://www.joptimisemonsite.fr/shopify-ou-wordpress-creation-site-ecommerce/,,,,,
15,https://www.joptimisemonsite.fr/shopify-ou-wordpress-creation-site-ecommerce/,,,,,
15,https://www.joptimisemonsite.fr/shopify-ou-wordpress-creation-site-ecommerce/,,,,,
15,https://www.joptimisemonsite.fr/shopify-ou-wordpress-creation-site-ecommerce/,,,,,
15,https://www.joptimisemonsite.fr/shopify-ou-wordpress-creation-site-ecommerce/,,,,,
15,https://www.joptimisemonsite.fr/shopify-ou-wordpress-creation-site-ecommerce/,,,,,
15,https://www.joptimisemonsite.fr/shopify-ou-wordpress-creation-site-ecommerce/,,,,,
15,https://www.joptimisemonsite.fr/shopify-ou-wordpress-creation-site-ecommerce/,,,,,
15,https://www.joptimisemonsite.fr/shopify-ou-wordpress-creation-site-ecommerce/,,,,,
15,https://www.joptimisemonsite.fr/shopify-ou-wordpress-creation-site-ecommerce/,,,,,
15,https://www.joptimisemonsite.fr/shopify-ou-wordpress-creation-site-ecommerce/,,,,,
15,https://www.joptimisemonsite.fr/shopify-ou-wordpress-creation-site-ecommerce/,,,,,
15,https://www.joptimisemonsite.fr/shopify-ou-wordpress-creation-site-ecommerce/,,,,,
15,https://www.joptimisemonsite.fr/shopify-ou-wordpress-creation-site-ecommerce/,,,,,
15,https://www.joptimisemonsite.fr/shopify-ou-wordpress-creation-site-ecommerce/,,,,,
15,https://www.joptimisemonsite.fr/shopify-ou-wordpress-creation-site-ecommerce/,,,,,
15,https://www.joptimisemonsite.fr/shopify-ou-wordpress-creation-site-ecommerce/,,,,,
15,https://www.joptimisemonsite.fr/shopify-ou-wordpress-creation-site-ecommerce/,,,,,
15,https://www.joptimisemonsite.fr/shopify-ou-wordpress-creation-site-ecommerce/,,,,,
15,https://www.joptimisemonsite.fr/shopify-ou-wordpress-creation-site-ecommerce/,,,,,
15,https://www.joptimisemonsite.fr/shopify-ou-wordpress-creation-site-ecommerce/,,,,,
15,https://www.joptimisemonsite.fr/shopify-ou-wordpress-creation-site-ecommerce/,,,,,
15,https://www.joptimisemonsite.fr/shopify-ou-wordpress-creation-site-ecommerce/,,,,,
15,https://www.joptimisemonsite.fr/shopify-ou-wordpress-creation-site-ecommerce/,,,,,
15,https://www.joptimisemonsite.fr/shopify-ou-wordpress-creation-site-ecommerce/,,,,,
15,https://www.joptimisemonsite.fr/shopify-ou-wordpress-creation-site-ecommerce/,,,,,
15,https://www.joptimisemonsite.fr/shopify-ou-wordpress-creation-site-ecommerce/,,,,,
15,https://www.joptimisemonsite.fr/shopify-ou-wordpress-creation-site-ecommerce/,,,,,
15,https://www.joptimisemonsite.fr/shopify-ou-wordpress-creation-site-ecommerce/,,,,,
15,https://www.joptimisemonsite.fr/shopify-ou-wordpress-creation-site-ecommerce/,,,,,
15,https://www.joptimisemonsite.fr/shopify-ou-wordpress-creation-site-ecommerce/,,,,,
15,https://www.joptimisemonsite.fr/shopify-ou-wordpress-creation-site-ecommerce/,,,,,
15,https://www.joptimisemonsite.fr/shopify-ou-wordpress-creation-site-ecommerce/,,,,,
15,https://www.joptimisemonsite.fr/shopify-ou-wordpress-creation-site-ecommerce/,,,,,
15,https://www.joptimisemonsite.fr/shopify-ou-wordpress-creation-site-ecommerce/,,,,,
15,https://www.joptimisemonsite.fr/shopify-ou-wordpress-creation-site-ecommerce/,,,,,
15,https://www.joptimisemonsite.fr/shopify-ou-wordpress-creation-site-ecommerce/,,,,,
15,https://www.joptimisemonsite.fr/shopify-ou-wordpress-creation-site-ecommerce/,,,,,
15,https://www.joptimisemonsite.fr/shopify-ou-wordpress-creation-site-ecommerce/,,,,,
15,https://www.joptimisemonsite.fr/shopify-ou-wordpress-creation-site-ecommerce/,,,,,
15,https://www.joptimisemonsite.fr/shopify-ou-wordpress-creation-site-ecommerce/,,,,,
15,https://www.joptimisemonsite.fr/shopify-ou-wordpress-creation-site-ecommerce/,,,,,
15,https://www.joptimisemonsite.fr/shopify-ou-wordpress-creation-site-ecommerce/,,,,,
15,https://www.joptimisemonsite.fr/shopify-ou-wordpress-creation-site-ecommerce/,,,,,
15,https://www.joptimisemonsite.fr/shopify-ou-wordpress-creation-site-ecommerce/,,,,,
15,https://www.joptimisemonsite.fr/shopify-ou-wordpress-creation-site-ecommerce/,,,,,
15,https://www.joptimisemonsite.fr/shopify-ou-wordpress-creation-site-ecommerce/,,,,,
15,https://www.joptimisemonsite.fr/shopify-ou-wordpress-creation-site-ecommerce/,,,,,
15,https://www.joptimisemonsite.fr/shopify-ou-wordpress-creation-site-ecommerce/,,,,,
15,https://www.joptimisemonsite.fr/shopify-ou-wordpress-creation-site-ecommerce/,,,,,
15,https://www.joptimisemonsite.fr/shopify-ou-wordpress-creation-site-ecommerce/,,,,,
15,https://www.joptimisemonsite.fr/shopify-ou-wordpress-creation-site-ecommerce/,,,,,
15,https://www.joptimisemonsite.fr/shopify-ou-wordpress-creation-site-ecommerce/,,,,,
15,https://www.joptimisemonsite.fr/shopify-ou-wordpress-creation-site-ecommerce/,,,,,
15,https://www.joptimisemonsite.fr/shopify-ou-wordpress-creation-site-ecommerce/,,,,,
15,https://www.joptimisemonsite.fr/shopify-ou-wordpress-creation-site-ecommerce/,,,,,
15,https://www.joptimisemonsite.fr/shopify-ou-wordpress-creation-site-ecommerce/,,,,,
16,https://www.daidyl.fr/wordpress-vs-shopify/,,,,,
16,https://www.daidyl.fr/wordpress-vs-shopify/,,,,,
16,https://www.daidyl.fr/wordpress-vs-shopify/,,,,,
16,https://www.daidyl.fr/wordpress-vs-shopify/,,,,,
16,https://www.daidyl.fr/wordpress-vs-shopify/,,,,,
16,https://www.daidyl.fr/wordpress-vs-shopify/,,,,,
16,https://www.daidyl.fr/wordpress-vs-shopify/,,,,,
16,https://www.daidyl.fr/wordpress-vs-shopify/,,,,,
16,https://www.daidyl.fr/wordpress-vs-shopify/,,,,,
16,https://www.daidyl.fr/wordpress-vs-shopify/,,,,,
16,https://www.daidyl.fr/wordpress-vs-shopify/,,,,,
16,https://www.daidyl.fr/wordpress-vs-shopify/,,,,,
16,https://www.daidyl.fr/wordpress-vs-shopify/,,,,,
16,https://www.daidyl.fr/wordpress-vs-shopify/,,,,,
16,https://www.daidyl.fr/wordpress-vs-shopify/,,,,,
16,https://www.daidyl.fr/wordpress-vs-shopify/,,,,,
16,https://www.daidyl.fr/wordpress-vs-shopify/,,,,,
16,https://www.daidyl.fr/wordpress-vs-shopify/,,,,,
16,https://www.daidyl.fr/wordpress-vs-shopify/,,,,,
16,https://www.daidyl.fr/wordpress-vs-shopify/,,,,,
16,https://www.daidyl.fr/wordpress-vs-shopify/,,,,,
16,https://www.daidyl.fr/wordpress-vs-shopify/,,,,,
16,https://www.daidyl.fr/wordpress-vs-shopify/,,,,,
16,https://www.daidyl.fr/wordpress-vs-shopify/,,,,,
16,https://www.daidyl.fr/wordpress-vs-shopify/,,,,,
16,https://www.daidyl.fr/wordpress-vs-shopify/,,,,,
16,https://www.daidyl.fr/wordpress-vs-shopify/,,,,,
16,https://www.daidyl.fr/wordpress-vs-shopify/,,,,,
16,https://www.daidyl.fr/wordpress-vs-shopify/,,,,,
16,https://www.daidyl.fr/wordpress-vs-shopify/,,,,,
16,https://www.daidyl.fr/wordpress-vs-shopify/,,,,,
16,https://www.daidyl.fr/wordpress-vs-shopify/,,,,,
16,https://www.daidyl.fr/wordpress-vs-shopify/,,,,,
16,https://www.daidyl.fr/wordpress-vs-shopify/,,,,,
16,https://www.daidyl.fr/wordpress-vs-shopify/,,,,,
16,https://www.daidyl.fr/wordpress-vs-shopify/,,,,,
16,https://www.daidyl.fr/wordpress-vs-shopify/,,,,,
16,https://www.daidyl.fr/wordpress-vs-shopify/,,,,,
16,https://www.daidyl.fr/wordpress-vs-shopify/,,,,,
16,https://www.daidyl.fr/wordpress-vs-shopify/,,,,,
16,https://www.daidyl.fr/wordpress-vs-shopify/,,,,,
16,https://www.daidyl.fr/wordpress-vs-shopify/,,,,,
16,https://www.daidyl.fr/wordpress-vs-shopify/,,,,,
16,https://www.daidyl.fr/wordpress-vs-shopify/,,,,,
16,https://www.daidyl.fr/wordpress-vs-shopify/,,,,,
16,https://www.daidyl.fr/wordpress-vs-shopify/,,,,,
16,https://www.daidyl.fr/wordpress-vs-shopify/,,,,,
16,https://www.daidyl.fr/wordpress-vs-shopify/,,,,,
16,https://www.daidyl.fr/wordpress-vs-shopify/,,,,,
16,https://www.daidyl.fr/wordpress-vs-shopify/,,,,,
16,https://www.daidyl.fr/wordpress-vs-shopify/,,,,,
16,https://www.daidyl.fr/wordpress-vs-shopify/,,,,,
16,https://www.daidyl.fr/wordpress-vs-shopify/,,,,,
16,https://www.daidyl.fr/wordpress-vs-shopify/,,,,,
16,https://www.daidyl.fr/wordpress-vs-shopify/,,,,,
16,https://www.daidyl.fr/wordpress-vs-shopify/,,,,,
16,https://www.daidyl.fr/wordpress-vs-shopify/,,,,,
16,https://www.daidyl.fr/wordpress-vs-shopify/,,,,,
16,https://www.daidyl.fr/wordpress-vs-shopify/,,,,,
16,https://www.daidyl.fr/wordpress-vs-shopify/,,,,,
16,https://www.daidyl.fr/wordpress-vs-shopify/,,,,,
16,https://www.daidyl.fr/wordpress-vs-shopify/,,,,,
16,https://www.daidyl.fr/wordpress-vs-shopify/,,,,,
16,https://www.daidyl.fr/wordpress-vs-shopify/,,,,,
16,https://www.daidyl.fr/wordpress-vs-shopify/,,,,,
16,https://www.daidyl.fr/wordpress-vs-shopify/,,,,,
16,https://www.daidyl.fr/wordpress-vs-shopify/,,,,,
16,https://www.daidyl.fr/wordpress-vs-shopify/,,,,,
16,https://www.daidyl.fr/wordpress-vs-shopify/,,,,,
16,https://www.daidyl.fr/wordpress-vs-shopify/,,,,,
16,https://www.daidyl.fr/wordpress-vs-shopify/,,,,,
16,https://www.daidyl.fr/wordpress-vs-shopify/,,,,,
16,https://www.daidyl.fr/wordpress-vs-shopify/,,,,,
16,https://www.daidyl.fr/wordpress-vs-shopify/,,,,,
16,https://www.daidyl.fr/wordpress-vs-shopify/,,,,,
16,https://www.daidyl.fr/wordpress-vs-shopify/,,,,,
16,https://www.daidyl.fr/wordpress-vs-shopify/,,,,,
16,https://www.daidyl.fr/wordpress-vs-shopify/,,,,,
17,https://mylittlebigweb.com/blogue/wordpress-vs-shopify/,,https://api.whatsapp.com/send?text=Shopify vs WordPress : lequel choisir ? https://mylittlebigweb.com/blogue/wordpress-vs-shopify/,whatsapp.com,,True
17,https://mylittlebigweb.com/blogue/wordpress-vs-shopify/,,https://www.linkedin.com/in/maxence-pezzetta-seo-expert/,linkedin.com,,True
17,https://mylittlebigweb.com/blogue/wordpress-vs-shopify/,,https://www.facebook.com/mylittlebigweb/,facebook.com,,True
17,https://mylittlebigweb.com/blogue/wordpress-vs-shopify/,En savoir plus sur ces finalités,https://cookiedatabase.org/tcf/purposes/,cookiedatabase.org,noopener noreferrer nofollow,True
17,https://mylittlebigweb.com/blogue/wordpress-vs-shopify/,,,,,
17,https://mylittlebigweb.com/blogue/wordpress-vs-shopify/,,,,,
17,https://mylittlebigweb.com/blogue/wordpress-vs-shopify/,,,,,
17,https://mylittlebigweb.com/blogue/wordpress-vs-shopify/,,,,,
17,https://mylittlebigweb.com/blogue/wordpress-vs-shopify/,,,,,
17,https://mylittlebigweb.com/blogue/wordpress-vs-shopify/,,,,,
17,https://mylittlebigweb.com/blogue/wordpress-vs-shopify/,,,,,
17,https://mylittlebigweb.com/blogue/wordpress-vs-shopify/,,,,,
17,https://mylittlebigweb.com/blogue/wordpress-vs-shopify/,,,,,
17,https://mylittlebigweb.com/blogue/wordpress-vs-shopify/,,,,,
17,https://mylittlebigweb.com/blogue/wordpress-vs-shopify/,,,,,
17,https://mylittlebigweb.com/blogue/wordpress-vs-shopify/,,,,,
17,https://mylittlebigweb.com/blogue/wordpress-vs-shopify/,,,,,
17,https://mylittlebigweb.com/blogue/wordpress-vs-shopify/,,,,,
17,https://mylittlebigweb.com/blogue/wordpress-vs-shopify/,,,,,
17,https://mylittlebigweb.com/blogue/wordpress-vs-shopify/,,,,,
17,https://mylittlebigweb.com/blogue/wordpress-vs-shopify/,,,,,
17,https://mylittlebigweb.com/blogue/wordpress-vs-shopify/,,,,,
17,https://mylittlebigweb.com/blogue/wordpress-vs-shopify/,,,,,
17,https://mylittlebigweb.com/blogue/wordpress-vs-shopify/,,,,,
17,https://mylittlebigweb.com/blogue/wordpress-vs-shopify/,,,,,
17,https://mylittlebigweb.com/blogue/wordpress-vs-shopify/,,,,,
17,https://mylittlebigweb.com/blogue/wordpress-vs-shopify/,,,,,
17,https://mylittlebigweb.com/blogue/wordpress-vs-shopify/,,,,,
17,https://mylittlebigweb.com/blogue/wordpress-vs-shopify/,,,,,
17,https://mylittlebigweb.com/blogue/wordpress-vs-shopify/,,,,,
17,https://mylittlebigweb.com/blogue/wordpress-vs-shopify/,,,,,
17,https://mylittlebigweb.com/blogue/wordpress-vs-shopify/,,,,,
17,https://mylittlebigweb.com/blogue/wordpress-vs-shopify/,,,,,
17,https://mylittlebigweb.com/blogue/wordpress-vs-shopify/,,,,,
17,https://mylittlebigweb.com/blogue/wordpress-vs-shopify/,,,,,
17,https://mylittlebigweb.com/blogue/wordpress-vs-shopify/,,,,,
17,https://mylittlebigweb.com/blogue/wordpress-vs-shopify/,,,,,
17,https://mylittlebigweb.com/blogue/wordpress-vs-shopify/,,,,,
17,https://mylittlebigweb.com/blogue/wordpress-vs-shopify/,,,,,
17,https://mylittlebigweb.com/blogue/wordpress-vs-shopify/,,,,,
17,https://mylittlebigweb.com/blogue/wordpress-vs-shopify/,,,,,
17,https://mylittlebigweb.com/blogue/wordpress-vs-shopify/,,,,,
17,https://mylittlebigweb.com/blogue/wordpress-vs-shopify/,,,,,
17,https://mylittlebigweb.com/blogue/wordpress-vs-shopify/,,,,,
17,https://mylittlebigweb.com/blogue/wordpress-vs-shopify/,,,,,
17,https://mylittlebigweb.com/blogue/wordpress-vs-shopify/,,,,,
17,https://mylittlebigweb.com/blogue/wordpress-vs-shopify/,,,,,
17,https://mylittlebigweb.com/blogue/wordpress-vs-shopify/,,,,,
17,https://mylittlebigweb.com/blogue/wordpress-vs-shopify/,,,,,
17,https://mylittlebigweb.com/blogue/wordpress-vs-shopify/,,,,,
17,https://mylittlebigweb.com/blogue/wordpress-vs-shopify/,,,,,
17,https://mylittlebigweb.com/blogue/wordpress-vs-shopify/,,,,,
17,https://mylittlebigweb.com/blogue/wordpress-vs-shopify/,,,,,
17,https://mylittlebigweb.com/blogue/wordpress-vs-shopify/,,,,,
17,https://mylittlebigweb.com/blogue/wordpress-vs-shopify/,,,,,
17,https://mylittlebigweb.com/blogue/wordpress-vs-shopify/,,,,,
17,https://mylittlebigweb.com/blogue/wordpress-vs-shopify/,,,,,
17,https://mylittlebigweb.com/blogue/wordpress-vs-shopify/,,,,,
17,https://mylittlebigweb.com/blogue/wordpress-vs-shopify/,,,,,
17,https://mylittlebigweb.com/blogue/wordpress-vs-shopify/,,,,,
17,https://mylittlebigweb.com/blogue/wordpress-vs-shopify/,,,,,
17,https://mylittlebigweb.com/blogue/wordpress-vs-shopify/,,,,,
17,https://mylittlebigweb.com/blogue/wordpress-vs-shopify/,,,,,
17,https://mylittlebigweb.com/blogue/wordpress-vs-shopify/,,,,,
17,https://mylittlebigweb.com/blogue/wordpress-vs-shopify/,,,,,
17,https://mylittlebigweb.com/blogue/wordpress-vs-shopify/,,,,,
17,https://mylittlebigweb.com/blogue/wordpress-vs-shopify/,,,,,
17,https://mylittlebigweb.com/blogue/wordpress-vs-shopify/,,,,,
17,https://mylittlebigweb.com/blogue/wordpress-vs-shopify/,,,,,
17,https://mylittlebigweb.com/blogue/wordpress-vs-shopify/,,,,,
17,https://mylittlebigweb.com/blogue/wordpress-vs-shopify/,,,,,
17,https://mylittlebigweb.com/blogue/wordpress-vs-shopify/,,,,,
17,https://mylittlebigweb.com/blogue/wordpress-vs-shopify/,,,,,
17,https://mylittlebigweb.com/blogue/wordpress-vs-shopify/,,,,,
17,https://mylittlebigweb.com/blogue/wordpress-vs-shopify/,,,,,
17,https://mylittlebigweb.com/blogue/wordpress-vs-shopify/,,,,,
17,https://mylittlebigweb.com/blogue/wordpress-vs-shopify/,,,,,
17,https://mylittlebigweb.com/blogue/wordpress-vs-shopify/,,,,,
17,https://mylittlebigweb.com/blogue/wordpress-vs-shopify/,,,,,
17,https://mylittlebigweb.com/blogue/wordpress-vs-shopify/,,,,,
17,https://mylittlebigweb.com/blogue/wordpress-vs-shopify/,,,,,
17,https://mylittlebigweb.com/blogue/wordpress-vs-shopify/,,,,,
17,https://mylittlebigweb.com/blogue/wordpress-vs-shopify/,,,,,
17,https://mylittlebigweb.com/blogue/wordpress-vs-shopify/,,,,,
17,https://mylittlebigweb.com/blogue/wordpress-vs-shopify/,,,,,
17,https://mylittlebigweb.com/blogue/wordpress-vs-shopify/,,,,,
17,https://mylittlebigweb.com/blogue/wordpress-vs-shopify/,,,,,
17,https://mylittlebigweb.com/blogue/wordpress-vs-shopify/,,,,,
17,https://mylittlebigweb.com/blogue/wordpress-vs-shopify/,,,,,
17,https://mylittlebigweb.com/blogue/wordpress-vs-shopify/,,,,,
17,https://mylittlebigweb.com/blogue/wordpress-vs-shopify/,,,,,
17,https://mylittlebigweb.com/blogue/wordpress-vs-shopify/,,,,,
17,https://mylittlebigweb.com/blogue/wordpress-vs-shopify/,,,,,
17,https://mylittlebigweb.com/blogue/wordpress-vs-shopify/,,,,,
17,https://mylittlebigweb.com/blogue/wordpress-vs-shopify/,,,,,
17,https://mylittlebigweb.com/blogue/wordpress-vs-shopify/,,,,,
17,https://mylittlebigweb.com/blogue/wordpress-vs-shopify/,,,,,
17,https://mylittlebigweb.com/blogue/wordpress-vs-shopify/,,,,,
17,https://mylittlebigweb.com/blogue/wordpress-vs-shopify/,,,,,
17,https://mylittlebigweb.com/blogue/wordpress-vs-shopify/,,,,,
17,https://mylittlebigweb.com/blogue/wordpress-vs-shopify/,,,,,
17,https://mylittlebigweb.com/blogue/wordpress-vs-shopify/,,,,,
17,https://mylittlebigweb.com/blogue/wordpress-vs-shopify/,,,,,
17,https://mylittlebigweb.com/blogue/wordpress-vs-shopify/,,,,,
17,https://mylittlebigweb.com/blogue/wordpress-vs-shopify/,,,,,
17,https://mylittlebigweb.com/blogue/wordpress-vs-shopify/,,,,,
17,https://mylittlebigweb.com/blogue/wordpress-vs-shopify/,,,,,
17,https://mylittlebigweb.com/blogue/wordpress-vs-shopify/,,,,,
17,https://mylittlebigweb.com/blogue/wordpress-vs-shopify/,,,,,
17,https://mylittlebigweb.com/blogue/wordpress-vs-shopify/,,,,,
17,https://mylittlebigweb.com/blogue/wordpress-vs-shopify/,,,,,
17,https://mylittlebigweb.com/blogue/wordpress-vs-shopify/,,,,,
17,https://mylittlebigweb.com/blogue/wordpress-vs-shopify/,,,,,
17,https://mylittlebigweb.com/blogue/wordpress-vs-shopify/,,,,,
17,https://mylittlebigweb.com/blogue/wordpress-vs-shopify/,,,,,
17,https://mylittlebigweb.com/blogue/wordpress-vs-shopify/,,,,,
17,https://mylittlebigweb.com/blogue/wordpress-vs-shopify/,,,,,
17,https://mylittlebigweb.com/blogue/wordpress-vs-shopify/,,,,,
17,https://mylittlebigweb.com/blogue/wordpress-vs-shopify/,,,,,
17,https://mylittlebigweb.com/blogue/wordpress-vs-shopify/,,,,,
17,https://mylittlebigweb.com/blogue/wordpress-vs-shopify/,,,,,
17,https://mylittlebigweb.com/blogue/wordpress-vs-shopify/,,,,,
17,https://mylittlebigweb.com/blogue/wordpress-vs-shopify/,,,,,
17,https://mylittlebigweb.com/blogue/wordpress-vs-shopify/,,,,,
17,https://mylittlebigweb.com/blogue/wordpress-vs-shopify/,,,,,
17,https://mylittlebigweb.com/blogue/wordpress-vs-shopify/,,,,,
17,https://mylittlebigweb.com/blogue/wordpress-vs-shopify/,,,,,
17,https://mylittlebigweb.com/blogue/wordpress-vs-shopify/,,,,,
17,https://mylittlebigweb.com/blogue/wordpress-vs-shopify/,,,,,
17,https://mylittlebigweb.com/blogue/wordpress-vs-shopify/,,,,,
17,https://mylittlebigweb.com/blogue/wordpress-vs-shopify/,,,,,
17,https://mylittlebigweb.com/blogue/wordpress-vs-shopify/,,,,,
19,https://enjoytonbizz.fr/site-web/shopify-vs-wordpress/,Appel découverte,https://calendly.com/enjoytonbizz/appel-decouverte,calendly.com,,True
19,https://enjoytonbizz.fr/site-web/shopify-vs-wordpress/,Appel découverte,https://calendly.com/enjoytonbizz/appel-decouverte,calendly.com,,True
19,https://enjoytonbizz.fr/site-web/shopify-vs-wordpress/,Je réserve mon appel,https://calendly.com/enjoytonbizz/appel-decouverte,calendly.com,,True
19,https://enjoytonbizz.fr/site-web/shopify-vs-wordpress/,,,,,
19,https://enjoytonbizz.fr/site-web/shopify-vs-wordpress/,,,,,
19,https://enjoytonbizz.fr/site-web/shopify-vs-wordpress/,,,,,
19,https://enjoytonbizz.fr/site-web/shopify-vs-wordpress/,,,,,
19,https://enjoytonbizz.fr/site-web/shopify-vs-wordpress/,,,,,
19,https://enjoytonbizz.fr/site-web/shopify-vs-wordpress/,,,,,
19,https://enjoytonbizz.fr/site-web/shopify-vs-wordpress/,,,,,
19,https://enjoytonbizz.fr/site-web/shopify-vs-wordpress/,,,,,
19,https://enjoytonbizz.fr/site-web/shopify-vs-wordpress/,,,,,
19,https://enjoytonbizz.fr/site-web/shopify-vs-wordpress/,,,,,
19,https://enjoytonbizz.fr/site-web/shopify-vs-wordpress/,,,,,
19,https://enjoytonbizz.fr/site-web/shopify-vs-wordpress/,,,,,
19,https://enjoytonbizz.fr/site-web/shopify-vs-wordpress/,,,,,
19,https://enjoytonbizz.fr/site-web/shopify-vs-wordpress/,,,,,
19,https://enjoytonbizz.fr/site-web/shopify-vs-wordpress/,,,,,
19,https://enjoytonbizz.fr/site-web/shopify-vs-wordpress/,,,,,
19,https://enjoytonbizz.fr/site-web/shopify-vs-wordpress/,,,,,
19,https://enjoytonbizz.fr/site-web/shopify-vs-wordpress/,,,,,
19,https://enjoytonbizz.fr/site-web/shopify-vs-wordpress/,,,,,
19,https://enjoytonbizz.fr/site-web/shopify-vs-wordpress/,,,,,
19,https://enjoytonbizz.fr/site-web/shopify-vs-wordpress/,,,,,
19,https://enjoytonbizz.fr/site-web/shopify-vs-wordpress/,,,,,
19,https://enjoytonbizz.fr/site-web/shopify-vs-wordpress/,,,,,
19,https://enjoytonbizz.fr/site-web/shopify-vs-wordpress/,,,,,
19,https://enjoytonbizz.fr/site-web/shopify-vs-wordpress/,,,,,
19,https://enjoytonbizz.fr/site-web/shopify-vs-wordpress/,,,,,
19,https://enjoytonbizz.fr/site-web/shopify-vs-wordpress/,,,,,
19,https://enjoytonbizz.fr/site-web/shopify-vs-wordpress/,,,,,
19,https://enjoytonbizz.fr/site-web/shopify-vs-wordpress/,,,,,
19,https://enjoytonbizz.fr/site-web/shopify-vs-wordpress/,,,,,
19,https://enjoytonbizz.fr/site-web/shopify-vs-wordpress/,,,,,
19,https://enjoytonbizz.fr/site-web/shopify-vs-wordpress/,,,,,
19,https://enjoytonbizz.fr/site-web/shopify-vs-wordpress/,,,,,
19,https://enjoytonbizz.fr/site-web/shopify-vs-wordpress/,,,,,
19,https://enjoytonbizz.fr/site-web/shopify-vs-wordpress/,,,,,
19,https://enjoytonbizz.fr/site-web/shopify-vs-wordpress/,,,,,
19,https://enjoytonbizz.fr/site-web/shopify-vs-wordpress/,,,,,
19,https://enjoytonbizz.fr/site-web/shopify-vs-wordpress/,,,,,
19,https://enjoytonbizz.fr/site-web/shopify-vs-wordpress/,,,,,
19,https://enjoytonbizz.fr/site-web/shopify-vs-wordpress/,,,,,
19,https://enjoytonbizz.fr/site-web/shopify-vs-wordpress/,,,,,
19,https://enjoytonbizz.fr/site-web/shopify-vs-wordpress/,,,,,
19,https://enjoytonbizz.fr/site-web/shopify-vs-wordpress/,,,,,
19,https://enjoytonbizz.fr/site-web/shopify-vs-wordpress/,,,,,
19,https://enjoytonbizz.fr/site-web/shopify-vs-wordpress/,,,,,
19,https://enjoytonbizz.fr/site-web/shopify-vs-wordpress/,,,,,
19,https://enjoytonbizz.fr/site-web/shopify-vs-wordpress/,,,,,
19,https://enjoytonbizz.fr/site-web/shopify-vs-wordpress/,,,,,
19,https://enjoytonbizz.fr/site-web/shopify-vs-wordpress/,,,,,
19,https://enjoytonbizz.fr/site-web/shopify-vs-wordpress/,,,,,
19,https://enjoytonbizz.fr/site-web/shopify-vs-wordpress/,,,,,
19,https://enjoytonbizz.fr/site-web/shopify-vs-wordpress/,,,,,
19,https://enjoytonbizz.fr/site-web/shopify-vs-wordpress/,,,,,
19,https://enjoytonbizz.fr/site-web/shopify-vs-wordpress/,,,,,
19,https://enjoytonbizz.fr/site-web/shopify-vs-wordpress/,,,,,
19,https://enjoytonbizz.fr/site-web/shopify-vs-wordpress/,,,,,
19,https://enjoytonbizz.fr/site-web/shopify-vs-wordpress/,,,,,
19,https://enjoytonbizz.fr/site-web/shopify-vs-wordpress/,,,,,
19,https://enjoytonbizz.fr/site-web/shopify-vs-wordpress/,,,,,
19,https://enjoytonbizz.fr/site-web/shopify-vs-wordpress/,,,,,
19,https://enjoytonbizz.fr/site-web/shopify-vs-wordpress/,,,,,
19,https://enjoytonbizz.fr/site-web/shopify-vs-wordpress/,,,,,
19,https://enjoytonbizz.fr/site-web/shopify-vs-wordpress/,,,,,
19,https://enjoytonbizz.fr/site-web/shopify-vs-wordpress/,,,,,
19,https://enjoytonbizz.fr/site-web/shopify-vs-wordpress/,,,,,
19,https://enjoytonbizz.fr/site-web/shopify-vs-wordpress/,,,,,
19,https://enjoytonbizz.fr/site-web/shopify-vs-wordpress/,,,,,
19,https://enjoytonbizz.fr/site-web/shopify-vs-wordpress/,,,,,
19,https://enjoytonbizz.fr/site-web/shopify-vs-wordpress/,,,,,
19,https://enjoytonbizz.fr/site-web/shopify-vs-wordpress/,,,,,
19,https://enjoytonbizz.fr/site-web/shopify-vs-wordpress/,,,,,
19,https://enjoytonbizz.fr/site-web/shopify-vs-wordpress/,,,,,
19,https://enjoytonbizz.fr/site-web/shopify-vs-wordpress/,,,,,
19,https://enjoytonbizz.fr/site-web/shopify-vs-wordpress/,,,,,
19,https://enjoytonbizz.fr/site-web/shopify-vs-wordpress/,,,,,
19,https://enjoytonbizz.fr/site-web/shopify-vs-wordpress/,,,,,
19,https://enjoytonbizz.fr/site-web/shopify-vs-wordpress/,,,,,
19,https://enjoytonbizz.fr/site-web/shopify-vs-wordpress/,,,,,
19,https://enjoytonbizz.fr/site-web/shopify-vs-wordpress/,,,,,
19,https://enjoytonbizz.fr/site-web/shopify-vs-wordpress/,,,,,
19,https://enjoytonbizz.fr/site-web/shopify-vs-wordpress/,,,,,
19,https://enjoytonbizz.fr/site-web/shopify-vs-wordpress/,,,,,
19,https://enjoytonbizz.fr/site-web/shopify-vs-wordpress/,,,,,
19,https://enjoytonbizz.fr/site-web/shopify-vs-wordpress/,,,,,
19,https://enjoytonbizz.fr/site-web/shopify-vs-wordpress/,,,,,
19,https://enjoytonbizz.fr/site-web/shopify-vs-wordpress/,,,,,
19,https://enjoytonbizz.fr/site-web/shopify-vs-wordpress/,,,,,
19,https://enjoytonbizz.fr/site-web/shopify-vs-wordpress/,,,,,
19,https://enjoytonbizz.fr/site-web/shopify-vs-wordpress/,,,,,
19,https://enjoytonbizz.fr/site-web/shopify-vs-wordpress/,,,,,
19,https://enjoytonbizz.fr/site-web/shopify-vs-wordpress/,,,,,
19,https://enjoytonbizz.fr/site-web/shopify-vs-wordpress/,,,,,
19,https://enjoytonbizz.fr/site-web/shopify-vs-wordpress/,,,,,
19,https://enjoytonbizz.fr/site-web/shopify-vs-wordpress/,,,,,
19,https://enjoytonbizz.fr/site-web/shopify-vs-wordpress/,,,,,
19,https://enjoytonbizz.fr/site-web/shopify-vs-wordpress/,,,,,
19,https://enjoytonbizz.fr/site-web/shopify-vs-wordpress/,,,,,
19,https://enjoytonbizz.fr/site-web/shopify-vs-wordpress/,,,,,
19,https://enjoytonbizz.fr/site-web/shopify-vs-wordpress/,,,,,
19,https://enjoytonbizz.fr/site-web/shopify-vs-wordpress/,,,,,
19,https://enjoytonbizz.fr/site-web/shopify-vs-wordpress/,,,,,
19,https://enjoytonbizz.fr/site-web/shopify-vs-wordpress/,,,,,
19,https://enjoytonbizz.fr/site-web/shopify-vs-wordpress/,,,,,
19,https://enjoytonbizz.fr/site-web/shopify-vs-wordpress/,,,,,
19,https://enjoytonbizz.fr/site-web/shopify-vs-wordpress/,,,,,
19,https://enjoytonbizz.fr/site-web/shopify-vs-wordpress/,,,,,
19,https://enjoytonbizz.fr/site-web/shopify-vs-wordpress/,,,,,
19,https://enjoytonbizz.fr/site-web/shopify-vs-wordpress/,,,,,
19,https://enjoytonbizz.fr/site-web/shopify-vs-wordpress/,,,,,
19,https://enjoytonbizz.fr/site-web/shopify-vs-wordpress/,,,,,
19,https://enjoytonbizz.fr/site-web/shopify-vs-wordpress/,,,,,
19,https://enjoytonbizz.fr/site-web/shopify-vs-wordpress/,,,,,
19,https://enjoytonbizz.fr/site-web/shopify-vs-wordpress/,,,,,
19,https://enjoytonbizz.fr/site-web/shopify-vs-wordpress/,,,,,
19,https://enjoytonbizz.fr/site-web/shopify-vs-wordpress/,,,,,
19,https://enjoytonbizz.fr/site-web/shopify-vs-wordpress/,,,,,
19,https://enjoytonbizz.fr/site-web/shopify-vs-wordpress/,,,,,
19,https://enjoytonbizz.fr/site-web/shopify-vs-wordpress/,,,,,
19,https://enjoytonbizz.fr/site-web/shopify-vs-wordpress/,,,,,
19,https://enjoytonbizz.fr/site-web/shopify-vs-wordpress/,,,,,
19,https://enjoytonbizz.fr/site-web/shopify-vs-wordpress/,,,,,
19,https://enjoytonbizz.fr/site-web/shopify-vs-wordpress/,,,,,
19,https://enjoytonbizz.fr/site-web/shopify-vs-wordpress/,,,,,
19,https://enjoytonbizz.fr/site-web/shopify-vs-wordpress/,,,,,
19,https://enjoytonbizz.fr/site-web/shopify-vs-wordpress/,,,,,
19,https://enjoytonbizz.fr/site-web/shopify-vs-wordpress/,,,,,
19,https://enjoytonbizz.fr/site-web/shopify-vs-wordpress/,,,,,
19,https://enjoytonbizz.fr/site-web/shopify-vs-wordpress/,,,,,
19,https://enjoytonbizz.fr/site-web/shopify-vs-wordpress/,,,,,
19,https://enjoytonbizz.fr/site-web/shopify-vs-wordpress/,,,,,
19,https://enjoytonbizz.fr/site-web/shopify-vs-wordpress/,,,,,
19,https://enjoytonbizz.fr/site-web/shopify-vs-wordpress/,,,,,
19,https://enjoytonbizz.fr/site-web/shopify-vs-wordpress/,,,,,
19,https://enjoytonbizz.fr/site-web/shopify-vs-wordpress/,,,,,
19,https://enjoytonbizz.fr/site-web/shopify-vs-wordpress/,,,,,
19,https://enjoytonbizz.fr/site-web/shopify-vs-wordpress/,,,,,
19,https://enjoytonbizz.fr/site-web/shopify-vs-wordpress/,,,,,
19,https://enjoytonbizz.fr/site-web/shopify-vs-wordpress/,,,,,
19,https://enjoytonbizz.fr/site-web/shopify-vs-wordpress/,,,,,
19,https://enjoytonbizz.fr/site-web/shopify-vs-wordpress/,,,,,
19,https://enjoytonbizz.fr/site-web/shopify-vs-wordpress/,,,,,
19,https://enjoytonbizz.fr/site-web/shopify-vs-wordpress/,,,,,
19,https://enjoytonbizz.fr/site-web/shopify-vs-wordpress/,,,,,
19,https://enjoytonbizz.fr/site-web/shopify-vs-wordpress/,,,,,
19,https://enjoytonbizz.fr/site-web/shopify-vs-wordpress/,,,,,
19,https://enjoytonbizz.fr/site-web/shopify-vs-wordpress/,,,,,
19,https://enjoytonbizz.fr/site-web/shopify-vs-wordpress/,,,,,
19,https://enjoytonbizz.fr/site-web/shopify-vs-wordpress/,,,,,
19,https://enjoytonbizz.fr/site-web/shopify-vs-wordpress/,,,,,
19,https://enjoytonbizz.fr/site-web/shopify-vs-wordpress/,,,,,
19,https://enjoytonbizz.fr/site-web/shopify-vs-wordpress/,,,,,
19,https://enjoytonbizz.fr/site-web/shopify-vs-wordpress/,,,,,
19,https://enjoytonbizz.fr/site-web/shopify-vs-wordpress/,,,,,
19,https://enjoytonbizz.fr/site-web/shopify-vs-wordpress/,,,,,
19,https://enjoytonbizz.fr/site-web/shopify-vs-wordpress/,,,,,
19,https://enjoytonbizz.fr/site-web/shopify-vs-wordpress/,,,,,
19,https://enjoytonbizz.fr/site-web/shopify-vs-wordpress/,,,,,
19,https://enjoytonbizz.fr/site-web/shopify-vs-wordpress/,,,,,
19,https://enjoytonbizz.fr/site-web/shopify-vs-wordpress/,,,,,
19,https://enjoytonbizz.fr/site-web/shopify-vs-wordpress/,,,,,
19,https://enjoytonbizz.fr/site-web/shopify-vs-wordpress/,,,,,
19,https://enjoytonbizz.fr/site-web/shopify-vs-wordpress/,,,,,
19,https://enjoytonbizz.fr/site-web/shopify-vs-wordpress/,,,,,
19,https://enjoytonbizz.fr/site-web/shopify-vs-wordpress/,,,,,
19,https://enjoytonbizz.fr/site-web/shopify-vs-wordpress/,,,,,
19,https://enjoytonbizz.fr/site-web/shopify-vs-wordpress/,,,,,
19,https://enjoytonbizz.fr/site-web/shopify-vs-wordpress/,,,,,
19,https://enjoytonbizz.fr/site-web/shopify-vs-wordpress/,,,,,
19,https://enjoytonbizz.fr/site-web/shopify-vs-wordpress/,,,,,
19,https://enjoytonbizz.fr/site-web/shopify-vs-wordpress/,,,,,
19,https://enjoytonbizz.fr/site-web/shopify-vs-wordpress/,,,,,
19,https://enjoytonbizz.fr/site-web/shopify-vs-wordpress/,,,,,
19,https://enjoytonbizz.fr/site-web/shopify-vs-wordpress/,,,,,
19,https://enjoytonbizz.fr/site-web/shopify-vs-wordpress/,,,,,
19,https://enjoytonbizz.fr/site-web/shopify-vs-wordpress/,,,,,
19,https://enjoytonbizz.fr/site-web/shopify-vs-wordpress/,,,,,
19,https://enjoytonbizz.fr/site-web/shopify-vs-wordpress/,,,,,
19,https://enjoytonbizz.fr/site-web/shopify-vs-wordpress/,,,,,
19,https://enjoytonbizz.fr/site-web/shopify-vs-wordpress/,,,,,
19,https://enjoytonbizz.fr/site-web/shopify-vs-wordpress/,,,,,
19,https://enjoytonbizz.fr/site-web/shopify-vs-wordpress/,,,,,
19,https://enjoytonbizz.fr/site-web/shopify-vs-wordpress/,,,,,
19,https://enjoytonbizz.fr/site-web/shopify-vs-wordpress/,,,,,
19,https://enjoytonbizz.fr/site-web/shopify-vs-wordpress/,,,,,
19,https://enjoytonbizz.fr/site-web/shopify-vs-wordpress/,,,,,
19,https://enjoytonbizz.fr/site-web/shopify-vs-wordpress/,,,,,
19,https://enjoytonbizz.fr/site-web/shopify-vs-wordpress/,,,,,
19,https://enjoytonbizz.fr/site-web/shopify-vs-wordpress/,,,,,
19,https://enjoytonbizz.fr/site-web/shopify-vs-wordpress/,,,,,
19,https://enjoytonbizz.fr/site-web/shopify-vs-wordpress/,,,,,
19,https://enjoytonbizz.fr/site-web/shopify-vs-wordpress/,,,,,
19,https://enjoytonbizz.fr/site-web/shopify-vs-wordpress/,,,,,
19,https://enjoytonbizz.fr/site-web/shopify-vs-wordpress/,,,,,
19,https://enjoytonbizz.fr/site-web/shopify-vs-wordpress/,,,,,
19,https://enjoytonbizz.fr/site-web/shopify-vs-wordpress/,,,,,
19,https://enjoytonbizz.fr/site-web/shopify-vs-wordpress/,,,,,
19,https://enjoytonbizz.fr/site-web/shopify-vs-wordpress/,,,,,
19,https://enjoytonbizz.fr/site-web/shopify-vs-wordpress/,,,,,
19,https://enjoytonbizz.fr/site-web/shopify-vs-wordpress/,,,,,
19,https://enjoytonbizz.fr/site-web/shopify-vs-wordpress/,,,,,
19,https://enjoytonbizz.fr/site-web/shopify-vs-wordpress/,,,,,
19,https://enjoytonbizz.fr/site-web/shopify-vs-wordpress/,,,,,
19,https://enjoytonbizz.fr/site-web/shopify-vs-wordpress/,,,,,
19,https://enjoytonbizz.fr/site-web/shopify-vs-wordpress/,,,,,
19,https://enjoytonbizz.fr/site-web/shopify-vs-wordpress/,,,,,
19,https://enjoytonbizz.fr/site-web/shopify-vs-wordpress/,,,,,
19,https://enjoytonbizz.fr/site-web/shopify-vs-wordpress/,,,,,
19,https://enjoytonbizz.fr/site-web/shopify-vs-wordpress/,,,,,
19,https://enjoytonbizz.fr/site-web/shopify-vs-wordpress/,,,,,
19,https://enjoytonbizz.fr/site-web/shopify-vs-wordpress/,,,,,
19,https://enjoytonbizz.fr/site-web/shopify-vs-wordpress/,,,,,
19,https://enjoytonbizz.fr/site-web/shopify-vs-wordpress/,,,,,
19,https://enjoytonbizz.fr/site-web/shopify-vs-wordpress/,,,,,
19,https://enjoytonbizz.fr/site-web/shopify-vs-wordpress/,,,,,
19,https://enjoytonbizz.fr/site-web/shopify-vs-wordpress/,,,,,
19,https://enjoytonbizz.fr/site-web/shopify-vs-wordpress/,,,,,
19,https://enjoytonbizz.fr/site-web/shopify-vs-wordpress/,,,,,
19,https://enjoytonbizz.fr/site-web/shopify-vs-wordpress/,,,,,
19,https://enjoytonbizz.fr/site-web/shopify-vs-wordpress/,,,,,
