id,name,_path,mimeType,size,modifiedTime,createdTime,_depth,_parent_path,shared,category,owners
10LzpBzsS7OEFCIarkQzyTillZb4rXH_U,04_CLIENTS,04_CLIENTS,application/vnd.google-apps.folder,,2026-02-15T16:28:32.492Z,2026-02-15T15:00:58.721Z,0,,False,folder,michaelkihlpro@gmail.com
1cNU-44v7oE_NbLdqCf8JZBodyfTY7br-9UsEqY0CpCA,2021-12-09 - Flux RSS Plugin Wordpress,2021-12-09 - Flux RSS Plugin Wordpress,application/vnd.google-apps.spreadsheet,10748,2026-02-15T16:14:14.548Z,2021-12-09T13:36:54.100Z,0,,False,spreadsheet,michaelkihlpro@gmail.com
1j7qtlbP9ysT1ZGMKvJJwusSawViO_2qZ,08_PERSONNEL,08_PERSONNEL,application/vnd.google-apps.folder,,2026-02-15T16:05:46.539Z,2026-02-15T16:05:46.539Z,0,,False,folder,michaelkihlpro@gmail.com
1RK5QOJg5e1tAU98LOt5unYim_Ei97wBi,06_MONETISATION,06_MONETISATION,application/vnd.google-apps.folder,,2026-02-15T16:05:19.447Z,2026-02-15T16:04:46.254Z,0,,False,folder,michaelkihlpro@gmail.com
1HTsUcHKYg4mdBAaDeH5lGc4Wu4oNPrTi,05_CONTENUS,05_CONTENUS,application/vnd.google-apps.folder,,2026-02-15T16:04:26.388Z,2026-02-15T16:04:26.388Z,0,,False,folder,michaelkihlpro@gmail.com
1HMGg1z36vhSBnDvGLMcFsYt6iFxYlx_7,03_RESSOURCES,03_RESSOURCES,application/vnd.google-apps.folder,,2026-02-15T16:03:08.512Z,2026-02-15T16:03:08.512Z,0,,False,folder,michaelkihlpro@gmail.com
1-lnemHV-bUc5d-CFYuWkgcl8B7emi1ZF,02_PROJETS,02_PROJETS,application/vnd.google-apps.folder,,2026-02-15T15:54:48.066Z,2026-02-10T21:50:48.526Z,0,,False,folder,michaelkihlpro@gmail.com
1DQtaBpjl9ffY5syy4NFxnJDku4FdvF8Z,99_ARCHIVES,99_ARCHIVES,application/vnd.google-apps.folder,,2026-02-15T15:54:37.607Z,2026-02-15T15:54:37.607Z,0,,False,folder,michaelkihlpro@gmail.com
1CVEHeKlVJl4EzJtwKKVbbeO5Es-gWAnU,01_ADMIN,01_ADMIN,application/vnd.google-apps.folder,,2026-02-15T15:54:08.449Z,2026-02-15T15:01:18.062Z,0,,False,folder,michaelkihlpro@gmail.com
12BeOpPH3YO2fbrTcLjoiVAs4L_rH0Qq-,00_START-HERE,00_START-HERE,application/vnd.google-apps.folder,,2026-02-15T15:53:54.172Z,2026-02-15T15:53:54.172Z,0,,False,folder,michaelkihlpro@gmail.com
1fz-gPJIyRTK_YQt3mHJw6FXh1EBd7eLNapJcTsmkH7U,README - schoolsWP,README - schoolsWP,application/vnd.google-apps.document,5902,2026-02-15T15:17:41.866Z,2025-12-27T18:31:58.833Z,0,,False,document,michaelkihlpro@gmail.com
1Fd9q7xRkTFC50wy_m8urkzLVn0YUi2mv_BShSlb562Y,Thumbnail Autopilot,Thumbnail Autopilot,application/vnd.google-apps.document,4467,2026-02-15T14:59:37.695Z,2026-02-15T14:58:41.190Z,0,,False,document,michaelkihlpro@gmail.com
1KhqGxEY5ien5Ni1_0n_0oGiqlfSd24PyhW7JJK2vHEE,personal-email-event-manager-agent-calendar-autoscheduler,personal-email-event-manager-agent-calendar-autoscheduler,application/vnd.google-apps.document,4313,2026-02-15T12:36:52.778Z,2026-02-15T12:36:28.732Z,0,,False,document,michaelkihlpro@gmail.com
1HklljfJkViTg483iA-VOh5GucrK-_bjfWsl0VxF5XbQ,[Staging] WordPress > Google Sheets: Sync & Classify Blog Posts,[Staging] WordPress > Google Sheets: Sync & Classify Blog Posts,application/vnd.google-apps.spreadsheet,3508,2026-02-15T01:00:23.444Z,2026-02-12T07:59:05.357Z,0,,False,spreadsheet,michaelkihlpro@gmail.com
1JbBAd8PGRITym2PAAR36saRE3gw7jOFoj3GSBqPYxx8,152. Avis LWS 2026 : test complet de cet hébergeur web français,152. Avis LWS 2026 : test complet de cet hébergeur web français,application/vnd.google-apps.document,16188,2026-02-13T08:48:32.633Z,2026-02-13T08:16:14.696Z,0,,True,document,michaelkihlpro@gmail.com
1rT-DsjMZ0ixoSpOpmPUrsTbHFJZaw1agDLQ7mBAx9vw,Kits de prompts Gemini,Kits de prompts Gemini,application/vnd.google-apps.document,21429,2026-02-12T16:12:57.698Z,2026-02-12T16:12:57.698Z,0,,False,document,michaelkihlpro@gmail.com
1F_iMDnDMnqlGd74CEzuDaMViTYdiVjE259Xh8yDDnII,Prompts Gemini pour créer un business à 3000€ par mois,Prompts Gemini pour créer un business à 3000€ par mois,application/vnd.google-apps.document,2843,2026-02-12T16:12:40.021Z,2026-02-12T16:12:40.020Z,0,,False,document,michaelkihlpro@gmail.com
1luTxOhl6RaM3a1j-9R4RyF132LdxB46IqnMoiPhfG3s,"Remotion 3D Brand Reveal – schoolsWP × WordPress (15–20s, premium clean)","Remotion 3D Brand Reveal – schoolsWP × WordPress (15–20s, premium clean)",application/vnd.google-apps.document,3229,2026-02-12T09:35:24.654Z,2026-02-12T09:33:38.168Z,0,,False,document,michaelkihlpro@gmail.com
1UN4eMO5ntVwcO9V2ETANEO5QjRvWI6uiKwYX410RV8M,schoolsWP - Index Global,schoolsWP - Index Global,application/vnd.google-apps.spreadsheet,8785,2026-02-11T10:11:01.697Z,2026-02-09T09:05:06.375Z,0,,False,spreadsheet,michaelkihlpro@gmail.com
1IMyaQNX2uY-9rw7Y9gF0IWCL9DF6LqneSAmdGuOn72Q,2023-11-10 - Plugins SEO WordPress Seopress vs Yoast - Article - FR,2023-11-10 - Plugins SEO WordPress Seopress vs Yoast - Article - FR,application/vnd.google-apps.document,5834,2026-02-11T10:11:00.969Z,2023-11-10T14:31:09.368Z,0,,False,document,michaelkihlpro@gmail.com
12dzjj_HBix6fuSLleemZ7WLWOTsEzy33h_PwVTneQjQ,2023-11-10 - Dropshipping Shopify vs WordPress - Article - FR,2023-11-10 - Dropshipping Shopify vs WordPress - Article - FR,application/vnd.google-apps.document,6571,2026-02-11T10:11:00.304Z,2023-11-10T14:15:53.654Z,0,,False,document,michaelkihlpro@gmail.com
1zgtALSVJYnSt-Hx2dvHNeSWkRyvbmlEYCWWrR_u4Ltw,2024-06-15 - WordPress.com vs WordPress - Article - FR,2024-06-15 - WordPress.com vs WordPress - Article - FR,application/vnd.google-apps.document,10471,2026-02-11T10:10:59.667Z,2024-06-15T12:42:39.258Z,0,,False,document,michaelkihlpro@gmail.com
1fshPCVHi8FiFv7v9cioH9T_u4EvDXhP9nYkeV-Q3MCY,2024-07-11 - Divi Builder vs Elementor Pro Le Duel des Extensions WordPress - Article - FR,2024-07-11 - Divi Builder vs Elementor Pro Le Duel des Extensions WordPress - Article - FR,application/vnd.google-apps.document,1690,2026-02-11T10:10:59.106Z,2024-07-11T12:28:02.324Z,0,,False,document,michaelkihlpro@gmail.com
1FRetb21ZsvIn-QJLFTqoHDWhLXwk3-F5lkRh1fdVTLw,2024-08-19 - ElementsKit pour Elementor addons tout-en-un et widgets essentiels - Article - FR,2024-08-19 - ElementsKit pour Elementor addons tout-en-un et widgets essentiels - Article - FR,application/vnd.google-apps.document,1538,2026-02-11T10:10:58.361Z,2024-08-19T17:12:34.731Z,0,,False,document,michaelkihlpro@gmail.com
1-gHUHkzxWN7kCSDya7HhtEGdM-6l1Lvp3qrasuG8JVk,2024-10-21 - Local WP Choisir entre Local by Flywheel ou Xampp pour WordPress - Article - FR,2024-10-21 - Local WP Choisir entre Local by Flywheel ou Xampp pour WordPress - Article - FR,application/vnd.google-apps.document,2128,2026-02-11T10:10:57.766Z,2024-10-21T12:25:18.501Z,0,,False,document,michaelkihlpro@gmail.com
1iV3dsKcpEpn0Qu0KrE90GDJ8gJ7xQKB13s2fbRZKI9M,2025-01-11 - Traduire Sans Migraine Test du Plugin WordPress - Article - FR,2025-01-11 - Traduire Sans Migraine Test du Plugin WordPress - Article - FR,application/vnd.google-apps.document,12834,2026-02-11T10:10:57.143Z,2025-01-11T13:54:15.903Z,0,,False,document,michaelkihlpro@gmail.com
1WIG76ZYL0geh4ngCklq572GyqeM4pQ5hveUhst1Qz0Y,2025-01-09 - Qu’est-ce que Gutenberg dans WordPress - Article - FR,2025-01-09 - Qu’est-ce que Gutenberg dans WordPress - Article - FR,application/vnd.google-apps.document,5692,2026-02-11T10:10:56.586Z,2025-01-09T09:42:44.871Z,0,,False,document,michaelkihlpro@gmail.com
1O5Gv1T_4-ufDVBrJBzCV7j3kI8irxku-tGMd2aBELgM,2024-12-11 - WP Marmite Pay simplifie vos paiements sur WordPress - Article - FR,2024-12-11 - WP Marmite Pay simplifie vos paiements sur WordPress - Article - FR,application/vnd.google-apps.document,682654,2026-02-11T10:10:55.810Z,2024-12-11T09:31:47.515Z,0,,True,document,michaelkihlpro@gmail.com
132zsZhii2B57Iq9xnA5a2XpTDlr4r0qzm_kYDTmVQvg,"2024-05-13 - InstaWP, avis comment construire un site WordPress en un clic - Article - FR","2024-05-13 - InstaWP, avis comment construire un site WordPress en un clic - Article - FR",application/vnd.google-apps.document,7280,2026-02-11T10:10:55.158Z,2024-05-13T15:11:55.254Z,0,,False,document,michaelkihlpro@gmail.com
1leK79ogKrBVfYS4flJF8lowesJS6YXRwCTLta6ELVp4,2024-05-07 - ClickWhale vs Pretty Links Quel est le meilleur raccourcisseur et gestionnair... - Article - FR,2024-05-07 - ClickWhale vs Pretty Links Quel est le meilleur raccourcisseur et gestionnair... - Article - FR,application/vnd.google-apps.document,2313,2026-02-11T10:10:54.592Z,2024-05-07T07:39:45.344Z,0,,True,document,michaelkihlpro@gmail.com
1xujLu7ZYUGI3PLAu8Xze565xhbP5y-VXBxbXC8HM-SE,"2024-08-29 - SEOKEY, le plugin SEO essentiel pour WordPress - Article - FR","2024-08-29 - SEOKEY, le plugin SEO essentiel pour WordPress - Article - FR",application/vnd.google-apps.document,1623,2026-02-11T10:10:54.052Z,2024-08-29T08:29:39.901Z,0,,False,document,michaelkihlpro@gmail.com
13YmG6O1d-ABXr8m807xc4EJxnhOTmHo4ayPJr48UY9Y,2024-08-15 - Plugin Traduction Wordpress Top 10 pour Globaliser votre Site - Article - FR,2024-08-15 - Plugin Traduction Wordpress Top 10 pour Globaliser votre Site - Article - FR,application/vnd.google-apps.document,1901,2026-02-11T10:10:53.562Z,2024-08-15T15:04:15.154Z,0,,False,document,michaelkihlpro@gmail.com
1scigfUReq_aOkzcqJkTgMF-B05KYaJv3mSUMxY_lWjQ,"2023-11-20 - Fluent Forms, le plugin WP pour vos formulaires - Article - FR","2023-11-20 - Fluent Forms, le plugin WP pour vos formulaires - Article - FR",application/vnd.google-apps.document,7650,2026-02-11T10:10:52.943Z,2023-11-20T16:10:32.508Z,0,,False,document,michaelkihlpro@gmail.com
1Rmdf4ZNeRrQVQWrwqTDpBzO0Cfyu-ORzSG6TaZHUAAc,2024-07-21 - SureMembers vs Wishlist Members quelle extension choisir - Article - FR,2024-07-21 - SureMembers vs Wishlist Members quelle extension choisir - Article - FR,application/vnd.google-apps.document,7857,2026-02-11T10:10:52.323Z,2024-07-21T11:28:54.964Z,0,,False,document,michaelkihlpro@gmail.com
1f-jtMNuEKmWZXfQJ80UAxXz2ianBHicgFkB8bXNQ_5E,2024-10-21 - Tunnel de vente WordPress guide complet pour optimiser vos conversions - Article - FR,2024-10-21 - Tunnel de vente WordPress guide complet pour optimiser vos conversions - Article - FR,application/vnd.google-apps.document,1653,2026-02-11T10:10:51.739Z,2024-10-21T09:12:06.598Z,0,,False,document,michaelkihlpro@gmail.com
1b3EboNZiDT0Ar_CoGOqRY5aaAqaAPCVCnghJesSMQng,2024-12-10 - What is a WordPress plugin and how to use it effectively - Article - FR,2024-12-10 - What is a WordPress plugin and how to use it effectively - Article - FR,application/vnd.google-apps.document,1788,2026-02-11T10:10:50.932Z,2024-12-10T12:51:34.042Z,0,,False,document,michaelkihlpro@gmail.com
196NCzvQfhiFyj3ObSs_7qlS1sEFikyT2Wh_ZuqUZ1Ik,2023-11-10 - Qu’est-ce que le plugin Divi BodyCommerce - Article - FR,2023-11-10 - Qu’est-ce que le plugin Divi BodyCommerce - Article - FR,application/vnd.google-apps.document,5440,2026-02-11T10:10:50.366Z,2023-11-10T14:03:59.943Z,0,,False,document,michaelkihlpro@gmail.com
1xeSursEBbjFXjWvMko7gx4twDlSy01oYWwk1O2KaBAE,2023-11-10 - Tout ce que vous devez savoir sur BuddyBoss - Article - FR,2023-11-10 - Tout ce que vous devez savoir sur BuddyBoss - Article - FR,application/vnd.google-apps.document,18738,2026-02-11T10:10:49.731Z,2023-11-10T13:46:46.783Z,0,,False,document,michaelkihlpro@gmail.com
1UbJJUfUavu-d_Si1e_iuzInjU-UNhxP7kGBbJP2sQZM,"2023-10-26 - Divi ToolBox, ce qu’il faut savoir sur ce plug in WordPress - Article - FR","2023-10-26 - Divi ToolBox, ce qu’il faut savoir sur ce plug in WordPress - Article - FR",application/vnd.google-apps.document,4845,2026-02-11T10:10:49.073Z,2023-10-26T12:24:15.874Z,0,,False,document,michaelkihlpro@gmail.com
1GNlLQQhW38CGvlstFyxFx9Ngflk8oR3p0Q1M-GKNrEM,2023-11-24 - Fluent Support - Le Plugin Incontournable pour le Support Client sur WordPress - Article - FR,2023-11-24 - Fluent Support - Le Plugin Incontournable pour le Support Client sur WordPress - Article - FR,application/vnd.google-apps.document,5764,2026-02-11T10:10:48.473Z,2023-11-24T19:16:55.106Z,0,,False,document,michaelkihlpro@gmail.com
1zX3mIiEPDdhsftiv965s9y9KCuBwqesg9dp56dnug9E,2023-11-24 - AIOSEO Le Plugin All in One SEO Ultime pour WordPress - Article - FR,2023-11-24 - AIOSEO Le Plugin All in One SEO Ultime pour WordPress - Article - FR,application/vnd.google-apps.document,6181,2026-02-11T10:10:47.910Z,2023-11-24T19:39:58.429Z,0,,False,document,michaelkihlpro@gmail.com
1BzBU2gto-SIP1K2hLsB32Iw2ADsIpUFIsw9HoXqz3_8,2023-11-24 - ClickWhale - Article - FR,2023-11-24 - ClickWhale - Article - FR,application/vnd.google-apps.document,5444,2026-02-11T10:10:47.126Z,2023-11-24T19:26:22.295Z,0,,False,document,michaelkihlpro@gmail.com
1x3RRCqIwoailKJF92EM4GpfT289XAl9wrZmthNDiFbY,2023-11-24 - Manychat le Chatbot Messenger de Facebook - Article - FR,2023-11-24 - Manychat le Chatbot Messenger de Facebook - Article - FR,application/vnd.google-apps.document,5469,2026-02-11T10:10:46.564Z,2023-11-24T12:48:53.909Z,0,,False,document,michaelkihlpro@gmail.com
1yByAbEJSUr0kPPBFKqZIUhj-3RWSiR6LidzTWjKFnBE,"2023-11-24 - SureCart, le plugin qui concurrence WooCommerce - Article - FR","2023-11-24 - SureCart, le plugin qui concurrence WooCommerce - Article - FR",application/vnd.google-apps.document,30214,2026-02-11T10:10:46.001Z,2023-11-24T14:22:06.968Z,0,,False,document,michaelkihlpro@gmail.com
1WTrbazg2Gpq-X-k9vo2QyGeILcxSa-FhUfsU_Jd7c9k,2023-11-24 - Tout ce que vous devez savoir sur Webflow - Article - FR,2023-11-24 - Tout ce que vous devez savoir sur Webflow - Article - FR,application/vnd.google-apps.document,6197,2026-02-11T10:10:45.419Z,2023-11-24T17:20:42.180Z,0,,False,document,michaelkihlpro@gmail.com
1JzHbYnh5WzjyGSrwCTtSiMCwyE8bMCFSsSo8w7Ia1tw,2023-11-24 - Solid Affiliate - Le Top Plugin d’affiliation pour WordPress - Article - FR,2023-11-24 - Solid Affiliate - Le Top Plugin d’affiliation pour WordPress - Article - FR,application/vnd.google-apps.document,7634,2026-02-11T10:10:44.792Z,2023-11-24T10:48:07.179Z,0,,False,document,michaelkihlpro@gmail.com
1BToRCEdqsUHfMdTJCRWrSBFFaCzDwxcKtfNa3nafTZI,2023-11-22 - BeFreelancr La plateforme pour acheter et vendre des services en ligne - Article - FR,2023-11-22 - BeFreelancr La plateforme pour acheter et vendre des services en ligne - Article - FR,application/vnd.google-apps.document,5993,2026-02-11T10:10:44.095Z,2023-11-22T17:48:07.912Z,0,,False,document,michaelkihlpro@gmail.com
1OlKghrDW9wI-aDWpCCtjzHEx5kfswezNDuKRa-R9eco,"2023-11-24 - WishList Member, tout savoir sur ce plugin WordPress - Article - FR","2023-11-24 - WishList Member, tout savoir sur ce plugin WordPress - Article - FR",application/vnd.google-apps.document,7239,2026-02-11T10:10:43.503Z,2023-11-24T13:58:50.166Z,0,,False,document,michaelkihlpro@gmail.com
1VGUGcTzEtNjbkMDQNKAHrOFao-NTxKDUhziHKEzblgw,2023-11-24 - Tout ce que vous devez savoir sur LaunchFlows - Article - FR,2023-11-24 - Tout ce que vous devez savoir sur LaunchFlows - Article - FR,application/vnd.google-apps.document,4855,2026-02-11T10:10:42.983Z,2023-11-24T10:30:53.470Z,0,,False,document,michaelkihlpro@gmail.com
1rXDu1FRXq-3TGkXvihbQs2l8UmyAH58NXLNLB9Bec3E,"2023-11-24 - WooFunnels Autonami, le CRM pour gagner toujours plus de clients - Article - FR","2023-11-24 - WooFunnels Autonami, le CRM pour gagner toujours plus de clients - Article - FR",application/vnd.google-apps.document,4286,2026-02-11T10:10:42.476Z,2023-11-24T08:34:08.122Z,0,,False,document,michaelkihlpro@gmail.com
1uy0qwAel7QtInFYmRE9t5HZ_FZ7R7aJ6vZV9hgZ84Yk,2023-11-21 - Top 3 des addons Elementor - Article - FR,2023-11-21 - Top 3 des addons Elementor - Article - FR,application/vnd.google-apps.document,5498,2026-02-11T10:10:41.599Z,2023-11-21T14:10:28.441Z,0,,False,document,michaelkihlpro@gmail.com
1FY37XW1AIxUh8GDgBTvnXssDvWiej_R5t-lD8CxtHtE,2023-11-21 - Spotlight Social Media Feeds - Article - FR,2023-11-21 - Spotlight Social Media Feeds - Article - FR,application/vnd.google-apps.document,3369,2026-02-11T10:10:40.942Z,2023-11-21T14:04:50.863Z,0,,False,document,michaelkihlpro@gmail.com
1m3e3phZXeO74v3t_jgzophrvyLyC_7CUUDq-UaOPdjw,2023-11-22 - Gagner de l’argent avec l’affiliation sur votre site WordPress - Article - FR,2023-11-22 - Gagner de l’argent avec l’affiliation sur votre site WordPress - Article - FR,application/vnd.google-apps.document,7158,2026-02-11T10:10:40.295Z,2023-11-22T17:07:13.150Z,0,,False,document,michaelkihlpro@gmail.com
1f8toJqU9DlLpG8WLARMEOiBkUbQFpFN-6Of_muFYNDQ,2023-11-21 - AAWP - Le meilleur plugin pour des sites de niche WordPress - Article - FR,2023-11-21 - AAWP - Le meilleur plugin pour des sites de niche WordPress - Article - FR,application/vnd.google-apps.document,5336,2026-02-11T10:10:39.695Z,2023-11-21T18:51:56.535Z,0,,False,document,michaelkihlpro@gmail.com
1uW6tNU-ptlh3hnLW000gz9sAOUbgUVrsNiW8w_7J2cQ,2023-11-13 - Ce que je pense de Divi Pixel - Article - FR,2023-11-13 - Ce que je pense de Divi Pixel - Article - FR,application/vnd.google-apps.document,5595,2026-02-11T10:10:39.110Z,2023-11-13T10:19:26.818Z,0,,False,document,michaelkihlpro@gmail.com
1CffgAPe1cMn_dXx8YlgNKVRs_fcX38SE_-ZAUpPBP9c,"2023-11-14 - Jungle Scout, l’outil pour booster vos ventes sur Amazon - Article - FR","2023-11-14 - Jungle Scout, l’outil pour booster vos ventes sur Amazon - Article - FR",application/vnd.google-apps.document,6294,2026-02-11T10:10:38.643Z,2023-11-14T07:55:55.535Z,0,,False,document,michaelkihlpro@gmail.com
1kObNFmf24S4mXdC7KAG7GWdPeT59JiVasZPrDNjxgNo,2023-11-13 - Qu’est-ce que le pixel Facebook et comment l’installer - Article - FR,2023-11-13 - Qu’est-ce que le pixel Facebook et comment l’installer - Article - FR,application/vnd.google-apps.document,5908,2026-02-11T10:10:38.002Z,2023-11-13T09:58:38.815Z,0,,False,document,michaelkihlpro@gmail.com
1MlJp9bK4Z7UYORhZYJHpuy3spJz7hFkdVmpU8UVV8hw,2023-11-13 - Mon avis sur Kadence WP - Article - FR,2023-11-13 - Mon avis sur Kadence WP - Article - FR,application/vnd.google-apps.document,6713,2026-02-11T10:10:37.471Z,2023-11-13T09:37:56.729Z,0,,False,document,michaelkihlpro@gmail.com
1Ao8CL-BkQwIh3zIdmxXGhXs0nTKJHmzN5vQVT-Izacc,2023-11-13 - On vous dit tout sur Google Web Stories pour WordPress - Article - FR,2023-11-13 - On vous dit tout sur Google Web Stories pour WordPress - Article - FR,application/vnd.google-apps.document,5207,2026-02-11T10:10:36.776Z,2023-11-13T09:07:09.286Z,0,,False,document,michaelkihlpro@gmail.com
1WhILuXJLE3LaFI4gedrTyWBUUzxcNA0FK7wAfe4Sn9g,"2023-11-13 - Groundhogg, la marmotte qui va vous simplifier la vie - Article - FR","2023-11-13 - Groundhogg, la marmotte qui va vous simplifier la vie - Article - FR",application/vnd.google-apps.document,5595,2026-02-11T10:10:36.092Z,2023-11-13T08:11:41.944Z,0,,False,document,michaelkihlpro@gmail.com
1sdB84csafMbwImytHqp0YQ_11FoHq7BjeDo8rioMF7k,2023-11-13 - Zoom sur Divi - Article - FR,2023-11-13 - Zoom sur Divi - Article - FR,application/vnd.google-apps.document,4740,2026-02-11T10:10:35.280Z,2023-11-13T07:48:28.695Z,0,,False,document,michaelkihlpro@gmail.com
1yX9kPuQicj0j097P77xaLxe8Fa-WY-opx5nKk1Qxkuc,2023-11-12 - On vous dit tout sur le plugin Elementor - Article - FR,2023-11-12 - On vous dit tout sur le plugin Elementor - Article - FR,application/vnd.google-apps.document,4892,2026-02-11T10:10:34.593Z,2023-11-12T18:15:32.214Z,0,,False,document,michaelkihlpro@gmail.com
1uQ68PUEE5LLxfvJbFWLLlumMP7YnKgoMdfnZFpqSzTc,2023-11-10 - Ce qu’il faut savoir sur la plateforme 5euros - Article - FR,2023-11-10 - Ce qu’il faut savoir sur la plateforme 5euros - Article - FR,application/vnd.google-apps.document,5147,2026-02-11T10:10:33.987Z,2023-11-10T14:37:07.804Z,0,,False,document,michaelkihlpro@gmail.com
1nTERNpN2R33Q-bAjub6Eeg_jkM6INEVpPeSZ0kkPkhc,"2023-11-13 - Fiverr, zoom sur la plateforme qui permet de trouver des freelances - Article - FR","2023-11-13 - Fiverr, zoom sur la plateforme qui permet de trouver des freelances - Article - FR",application/vnd.google-apps.document,4966,2026-02-11T10:10:33.269Z,2023-11-13T07:58:37.923Z,0,,False,document,michaelkihlpro@gmail.com
1e9gUwA9g_D9mVUSlSBsUrJT1CriCaXagHwOw0LXMPvg,2023-11-13 - Pourquoi utiliser WordPress Multisite - Article - FR,2023-11-13 - Pourquoi utiliser WordPress Multisite - Article - FR,application/vnd.google-apps.document,3829,2026-02-11T10:10:32.469Z,2023-11-13T07:54:10.615Z,0,,False,document,michaelkihlpro@gmail.com
1UTQtLj0KD8wzBTFDyR8fYCkLiNmik-8ah9o_vPEUIE0,2023-11-24 - Barn2 Plugins - Des plugins pour booster ses performances sur WooCommerce - Article - FR,2023-11-24 - Barn2 Plugins - Des plugins pour booster ses performances sur WooCommerce - Article - FR,application/vnd.google-apps.document,5388,2026-02-11T10:10:31.846Z,2023-11-24T09:12:04.598Z,0,,False,document,michaelkihlpro@gmail.com
1gnVZX-3Vs_YshROpkMGuCOvDDnC6Mm9tuNvuxjnFrXg,2024-12-10 - SureForms AI-Powered WordPress Forms Plugin - Article - EN,2024-12-10 - SureForms AI-Powered WordPress Forms Plugin - Article - EN,application/vnd.google-apps.document,899111,2026-02-11T10:10:31.224Z,2024-12-10T08:06:43.924Z,0,,False,document,michaelkihlpro@gmail.com
1lHVarc8hKE-8doe-cqwa64rQ1XB0Wz5tT8Gwhec_8go,2024-10-22 - FluentBoards Find out all about this project management plugin for WordPress - Article - EN,2024-10-22 - FluentBoards Find out all about this project management plugin for WordPress - Article - EN,application/vnd.google-apps.document,1024,2026-02-11T10:10:30.633Z,2024-10-22T18:48:56.627Z,0,,False,document,michaelkihlpro@gmail.com
1Ua4WQmhYiq8TccyrGejgEFMmU7SqvH59IOku_kiXkjQ,2024-10-22 - SureMembers vs Restrict Content Pro comparison of membership plugins - Article - EN,2024-10-22 - SureMembers vs Restrict Content Pro comparison of membership plugins - Article - EN,application/vnd.google-apps.document,340531,2026-02-11T10:10:29.820Z,2024-10-22T15:15:18.182Z,0,,False,document,michaelkihlpro@gmail.com
1_3oOdbxL6TM9SARfrd8bDBZg4MSGZkhNCyN4vJwR1Vs,2024-12-20 - WPBoutik reinvents e-commerce on WordPress - Article - EN,2024-12-20 - WPBoutik reinvents e-commerce on WordPress - Article - EN,application/vnd.google-apps.document,237860,2026-02-11T10:10:28.944Z,2024-12-20T13:25:32.006Z,0,,False,document,michaelkihlpro@gmail.com
1-yo7DtWJgEBrkyVgixLSAD6qqiuctZd_yGL7W4l0wiA,2024-12-03 - Suremembers Discover the Best Membership Plugin for WordPress - Article - EN,2024-12-03 - Suremembers Discover the Best Membership Plugin for WordPress - Article - EN,application/vnd.google-apps.document,876574,2026-02-11T10:10:28.426Z,2024-12-03T18:53:38.104Z,0,,False,document,michaelkihlpro@gmail.com
1etyMh24t0rSQ_Ow0cAN8tN5xJ7LdeOoUV3Xlo92K_K4,2024-11-30 - A slug in WordPress what is it and how can I optimize it - Article - EN,2024-11-30 - A slug in WordPress what is it and how can I optimize it - Article - EN,application/vnd.google-apps.document,139572,2026-02-11T10:10:27.870Z,2024-11-30T17:32:02.702Z,0,,False,document,michaelkihlpro@gmail.com
1r_-GIQ5i-7YTBeHdJXG-dfZ9HKi3iwXUErQdtrGKyxI,2024-11-12 - Opinions on Linkuma is it the benchmark for netlinking - Article - EN,2024-11-12 - Opinions on Linkuma is it the benchmark for netlinking - Article - EN,application/vnd.google-apps.document,1024,2026-02-11T10:10:27.230Z,2024-11-12T14:18:13.714Z,0,,False,document,michaelkihlpro@gmail.com
1oaH4vARgSPOnk64PMyLCYmP4JA-H6sBPb0A1uq5yTGM,"2024-11-08 - SEOKEY, the essential SEO plugin for WordPress - Article - EN","2024-11-08 - SEOKEY, the essential SEO plugin for WordPress - Article - EN",application/vnd.google-apps.document,1619,2026-02-11T10:10:26.697Z,2024-11-08T13:27:24.279Z,0,,False,document,michaelkihlpro@gmail.com
1b-HdQ7b7FxsWKjxuNWZlnePBQ7LvJI74CtZHQ4HvYV4,2024-11-07 - TasteWP Discover how to easily create your WordPress website - Article - EN,2024-11-07 - TasteWP Discover how to easily create your WordPress website - Article - EN,application/vnd.google-apps.document,1035863,2026-02-11T10:10:26.161Z,2024-11-07T09:10:13.293Z,0,,False,document,michaelkihlpro@gmail.com
1loSr5BY7viYnQdQRTKrixr3mvHpZbsUFltF07rWO3M8,2024-10-25 - ZipWP vs - Article - EN,2024-10-25 - ZipWP vs - Article - EN,application/vnd.google-apps.document,181620,2026-02-11T10:10:25.440Z,2024-10-25T14:26:31.019Z,0,,False,document,michaelkihlpro@gmail.com
1f4PZDoLmO6tQvZTxuhcqaCq2D9TzxUxACg-M8ChWWQk,2024-10-22 - SureMembers vs - Article - DE,2024-10-22 - SureMembers vs - Article - DE,application/vnd.google-apps.document,335177,2026-02-11T10:10:24.819Z,2024-10-22T14:38:40.547Z,0,,False,document,michaelkihlpro@gmail.com
1W895_wdHcHu0Cs2SwOPrZGDIyQQUBxyJNwpEueQXT74,2024-12-20 - WPBoutik erfindet den Online-Handel mit WordPress neu - Article - DE,2024-12-20 - WPBoutik erfindet den Online-Handel mit WordPress neu - Article - DE,application/vnd.google-apps.document,243163,2026-02-11T10:10:24.315Z,2024-12-20T13:34:11.641Z,0,,False,document,michaelkihlpro@gmail.com
15T0YjfNOltgZqOxZtqav-4FHaFI4ab4Gl66ZFq0ikbI,2024-12-16 - WordPress Playground Was ist das und wie verwende ich es - Article - DE,2024-12-16 - WordPress Playground Was ist das und wie verwende ich es - Article - DE,application/vnd.google-apps.document,1198031,2026-02-11T10:10:23.679Z,2024-12-16T10:24:46.454Z,0,,False,document,michaelkihlpro@gmail.com
1ZKpUp1HmGdvQOu5hKoufwnrR08iy0a_avcIKjjYIfu4,2024-12-10 - Was ein WordPress-Plugin ist und wie man es effektiv nutzt - Article - DE,2024-12-10 - Was ein WordPress-Plugin ist und wie man es effektiv nutzt - Article - DE,application/vnd.google-apps.document,1788,2026-02-11T10:10:23.085Z,2024-12-10T13:57:51.563Z,0,,False,document,michaelkihlpro@gmail.com
1LG4pUfeQYtOVho2yZRFy5t57kbOTCJtiEyoZkA78-ig,2024-12-09 - Was ist die Erstellung einer maßgeschneiderten WordPress-Website und welche V... - Article - DE,2024-12-09 - Was ist die Erstellung einer maßgeschneiderten WordPress-Website und welche V... - Article - DE,application/vnd.google-apps.document,63683,2026-02-11T10:10:22.368Z,2024-12-09T12:21:58.096Z,0,,False,document,michaelkihlpro@gmail.com
1-eB1rjSWKG5ir7cPdyxTVxMgkAsjKBVlhTb_RI9GECo,2024-11-14 - SureForms KI-gespeistes WordPress-Formular-Plugin - Article - DE,2024-11-14 - SureForms KI-gespeistes WordPress-Formular-Plugin - Article - DE,application/vnd.google-apps.document,848279,2026-02-11T10:10:21.681Z,2024-11-14T08:24:56.784Z,0,,False,document,michaelkihlpro@gmail.com
1sewD84uRfWiV-o8sDw5mmr-3UMNFvsx9epuP3OFvw4s,2024-11-30 - Ein Slug in WordPress Was ist das und wie kann man ihn optimieren - Article - DE,2024-11-30 - Ein Slug in WordPress Was ist das und wie kann man ihn optimieren - Article - DE,application/vnd.google-apps.document,140450,2026-02-11T10:10:20.886Z,2024-11-30T17:55:10.518Z,0,,False,document,michaelkihlpro@gmail.com
1vRBDSldpOwXNcMfDFYVbkuCigGVGgz0aeMPFvrm4ikM,"2024-11-07 - TasteWP Erfahren Sie, wie Sie Ihre WordPress-Website einfach erstellen konnen - Article - DE","2024-11-07 - TasteWP Erfahren Sie, wie Sie Ihre WordPress-Website einfach erstellen konnen - Article - DE",application/vnd.google-apps.document,1039755,2026-02-11T10:10:19.226Z,2024-11-07T09:47:14.835Z,0,,False,document,michaelkihlpro@gmail.com
1STv4RMtMu4X46zlh3IMlloT3Z9iXhDjvwqqBmenlKeY,2023-03-06 - Impact IM Contenu IA et SEO - SEO,2023-03-06 - Impact IM Contenu IA et SEO - SEO,application/vnd.google-apps.document,189738,2026-02-11T10:10:18.009Z,2023-03-06T18:55:35.699Z,0,,False,document,michaelkihlpro@gmail.com
1x7i9BSfuKGrYoipdcj_Ckha5QIjwTEwdN7zXQnPp7oQ,2023-08-14 - AIOSEO Le Plugin All in One SEO Ultime pour WordPress - SEO,2023-08-14 - AIOSEO Le Plugin All in One SEO Ultime pour WordPress - SEO,application/vnd.google-apps.document,6194,2026-02-11T10:10:17.472Z,2023-08-14T20:24:39.366Z,0,,False,document,michaelkihlpro@gmail.com
1ZlpW0WSZZPnymYi7b4Y4w0Xjgb-8qMOSdguHdD802m0,2025-09-09 - Formation TBL Informations SEO et WordPress by Cyril Jouault - SEO,2025-09-09 - Formation TBL Informations SEO et WordPress by Cyril Jouault - SEO,application/vnd.google-apps.spreadsheet,13259,2026-02-11T10:10:16.825Z,2025-09-09T19:20:44.819Z,0,,False,spreadsheet,michaelkihlpro@gmail.com
1oXpDPi-d6sEQUwHPHwV34z5tA1QB4d95,2025-12-29 - Keywords formation wordpress - SEO.xlsx,2025-12-29 - Keywords formation wordpress - SEO.xlsx,application/vnd.openxmlformats-officedocument.spreadsheetml.sheet,11707,2026-02-11T10:10:16.300Z,2025-12-29T17:44:26.970Z,0,,False,spreadsheet,michaelkihlpro@gmail.com
1oJs6LaN8AFylgWGe88y9Tq6Z-IW8I7v4,2025-03-10 - Link-finder-optimize-netlinking-strategy - SEO.jpg,2025-03-10 - Link-finder-optimize-netlinking-strategy - SEO.jpg,image/jpeg,251004,2026-02-11T10:10:15.752Z,2025-03-10T14:46:01.631Z,0,,False,image,michaelkihlpro@gmail.com
1q2me5kxsYhx_OG5nFtlWU-n_AUj4CF37,2025-03-12 - Link-finder-netlinking-optimierung - SEO.jpg,2025-03-12 - Link-finder-netlinking-optimierung - SEO.jpg,image/jpeg,261422,2026-02-11T10:10:15.071Z,2025-03-12T18:11:00.046Z,0,,False,image,michaelkihlpro@gmail.com
1qkMZpo3r5udqPNDVkU4kxQzZIUfgneQL,2025-03-14 - Linkwhisper-optimisation-seo-maillage-interne - SEO.jpg,2025-03-14 - Linkwhisper-optimisation-seo-maillage-interne - SEO.jpg,image/jpeg,187161,2026-02-11T10:10:14.488Z,2025-03-14T13:45:23.621Z,0,,False,image,michaelkihlpro@gmail.com
1qn_DCq7dnxrzl7zEgUmYugT1vEhx9_wz,2025-03-14 - Linkwhisper-tarifs-seo-maillage-interne - SEO.jpg,2025-03-14 - Linkwhisper-tarifs-seo-maillage-interne - SEO.jpg,image/jpeg,200538,2026-02-11T10:10:13.924Z,2025-03-14T14:01:44.519Z,0,,False,image,michaelkihlpro@gmail.com
1Ka_gFRBOKqq2xNshguXNhv9mis_EMpr5,2025-08-21 - Linksgarden-avis-logo-plateforme-netlinking - SEO.png,2025-08-21 - Linksgarden-avis-logo-plateforme-netlinking - SEO.png,image/png,7927,2026-02-11T10:10:13.250Z,2025-08-21T18:24:17.690Z,0,,False,image,michaelkihlpro@gmail.com
1aSwsho1K8HC7toJaz9g-bDAURYDeH6E6,2025-08-21 - Linksgarden-avis-selection-sites-netlinking - SEO.jpg,2025-08-21 - Linksgarden-avis-selection-sites-netlinking - SEO.jpg,image/jpeg,585603,2026-02-11T10:10:12.581Z,2025-08-21T16:15:27.552Z,0,,False,image,michaelkihlpro@gmail.com
1kJARe1sk97poaFgnWNvPBO2NII6LJoBs,2025-08-21 - Linksgarden-avis-thematiques-campagne-netlinking - SEO.jpg,2025-08-21 - Linksgarden-avis-thematiques-campagne-netlinking - SEO.jpg,image/jpeg,1437044,2026-02-11T10:10:12.026Z,2025-08-21T15:34:23.633Z,0,,False,image,michaelkihlpro@gmail.com
1khbXJddben9EruKqIFyypNM3d0HggilV,2025-08-29 - Linksgarden-review-netlinking-platform - SEO.jpg,2025-08-29 - Linksgarden-review-netlinking-platform - SEO.jpg,image/jpeg,246523,2026-02-11T10:10:11.526Z,2025-08-29T15:29:37.455Z,0,,False,image,michaelkihlpro@gmail.com
1o-JFWjTx4zU0Qi_MTa17kqn9qvtbZxT1,2025-08-21 - Linksgarden-avis-plateforme-netlinking - SEO.jpg,2025-08-21 - Linksgarden-avis-plateforme-netlinking - SEO.jpg,image/jpeg,257585,2026-02-11T10:10:10.994Z,2025-08-21T15:06:20.314Z,0,,False,image,michaelkihlpro@gmail.com
1pAFiXoq6Bla1geGbXbYXCCycR2_-RsM8,2025-08-21 - Linksgarden-avis-interface-campagne-netlinking - SEO.jpg,2025-08-21 - Linksgarden-avis-interface-campagne-netlinking - SEO.jpg,image/jpeg,125784,2026-02-11T10:10:10.444Z,2025-08-21T15:30:07.131Z,0,,False,image,michaelkihlpro@gmail.com
1wOekvwg0xF7QB5aAe_BdwDoCXkWh3rL-,2025-08-20 - Linksgarden-test-netlinking - SEO.jpg,2025-08-20 - Linksgarden-test-netlinking - SEO.jpg,image/jpeg,174916,2026-02-11T10:10:09.701Z,2025-08-20T16:51:59.502Z,0,,False,image,michaelkihlpro@gmail.com
1f7NFavKk-0O2RHVyWe8M_Evp89ZtR_o-PMXtGcfkhw0,2025-10-26 - Keywords Formation en ligne WordPress CSV pr t Sheets - SEO,2025-10-26 - Keywords Formation en ligne WordPress CSV pr t Sheets - SEO,application/vnd.google-apps.spreadsheet,2045,2026-02-11T10:10:09.021Z,2025-10-26T17:28:09.836Z,0,,False,spreadsheet,michaelkihlpro@gmail.com
1IPsE8x-JduPdDBNcrna2Wlcx4Rb-Q1M1Ij3Ca2HHIq8,2025-09-04 - Prospecteur de backlinks (achat ereferer) - SEO,2025-09-04 - Prospecteur de backlinks (achat ereferer) - SEO,application/vnd.google-apps.spreadsheet,1042,2026-02-11T10:10:08.474Z,2025-09-04T17:27:59.063Z,0,,False,spreadsheet,michaelkihlpro@gmail.com
1_k5nI2eS3lsooxVLRykvhf8PRJwci81ouTHEpP8lCTY,2025-09-04 - Prospecteur de backlinks V1 - SEO,2025-09-04 - Prospecteur de backlinks V1 - SEO,application/vnd.google-apps.spreadsheet,26207,2026-02-11T10:10:07.828Z,2025-09-04T17:23:36.974Z,0,,False,spreadsheet,michaelkihlpro@gmail.com
1TnBmIRWxuegMuvCgIkvQZuD9ipinYhw4wSD2M4Fc-w4,2021-10-14 - SEO ARMY - SEO,2021-10-14 - SEO ARMY - SEO,application/vnd.google-apps.document,20706,2026-02-11T10:10:07.333Z,2021-10-14T08:24:25.845Z,0,,False,document,michaelkihlpro@gmail.com
18ysp16_TnS7KCuYNOPMouAIY77yjmqu7y7iM6Nd7tiU,2025-10-26 - Make Nano Banana AffiSEO - SEO,2025-10-26 - Make Nano Banana AffiSEO - SEO,application/vnd.google-apps.spreadsheet,1024,2026-02-11T10:10:06.793Z,2025-10-26T11:16:43.808Z,0,,False,spreadsheet,michaelkihlpro@gmail.com
1UjpCvAJOovHHOQL7jAFIYh45Lg7C3oKOVt7YswXcyDU,README - Affiliation schoolsWP,README - Affiliation schoolsWP,application/vnd.google-apps.document,3664,2026-02-11T10:10:06.251Z,2025-12-27T19:22:08.712Z,0,,False,document,michaelkihlpro@gmail.com
1VcMD--bmDbHqKGiqtOz--jUG-GlJt2qM2B2Q6S1mBTg,README - Partenaire WPManageNinja,README - Partenaire WPManageNinja,application/vnd.google-apps.document,3811,2026-02-11T10:10:05.680Z,2025-12-27T19:51:11.623Z,0,,False,document,michaelkihlpro@gmail.com
1uvkuCYoCxKazWwFJ8ynkdlpWuLGJ8nXl3FzsfXWp8bo,README - Partenaire (Template),README - Partenaire (Template),application/vnd.google-apps.document,3458,2026-02-11T10:10:03.431Z,2025-12-27T19:59:27.340Z,0,,False,document,michaelkihlpro@gmail.com
1h10CfYxeeZRW4DvHtIq1JnQjeFCFRJUx,2025-12-29 - Affiliate Marketing for Beginners How to Get Started as a BuddyBoss Affiliat... – Affiliation,2025-12-29 - Affiliate Marketing for Beginners How to Get Started as a BuddyBoss Affiliat... – Affiliation,message/rfc822,5013869,2026-02-11T10:09:58.304Z,2025-12-29T17:44:28.966Z,0,,False,other,michaelkihlpro@gmail.com
10XyXx72wBVa4noahr4VB_4GGT2G-XGw0,2025-08-12 - Affiliatepress-woocommerce-integrations-plugins-wordpress - Affiliation.jpg,2025-08-12 - Affiliatepress-woocommerce-integrations-plugins-wordpress - Affiliation.jpg,image/jpeg,218075,2026-02-11T10:09:57.822Z,2025-08-12T16:24:04.830Z,0,,False,image,michaelkihlpro@gmail.com
1BonwpxDyVXdBst0nDgv1VokxKO6N3jW1,2025-08-12 - Affiliatepress-tableau-bord-plugin-wordpress - Affiliation.jpg,2025-08-12 - Affiliatepress-tableau-bord-plugin-wordpress - Affiliation.jpg,image/jpeg,429817,2026-02-11T10:09:57.299Z,2025-08-12T14:44:58.150Z,0,,False,image,michaelkihlpro@gmail.com
1GEl0adb2KiB27ynlb69rwkzb3xWAVO1X,2025-08-11 - Affiliatepress-avis-test-plugin-affiliation-wordpress - Affiliation.jpg,2025-08-11 - Affiliatepress-avis-test-plugin-affiliation-wordpress - Affiliation.jpg,image/jpeg,279821,2026-02-11T10:09:56.696Z,2025-08-11T14:52:23.912Z,0,,False,image,michaelkihlpro@gmail.com
1KvcANNqoXle5J7H5yLQQ9lNrs4kFEjwm,2025-08-12 - Affiliatepress-tableau-de-bord-gestion-affilies - Affiliation.jpg,2025-08-12 - Affiliatepress-tableau-de-bord-gestion-affilies - Affiliation.jpg,image/jpeg,272045,2026-02-11T10:09:56.125Z,2025-08-12T15:10:13.194Z,0,,False,image,michaelkihlpro@gmail.com
1LdglGWPuxZz_TZzjGjr9snwE3VrtVcCf,2025-08-12 - Affiliatepress-configuration-paypal-mass-payment - Affiliation.jpg,2025-08-12 - Affiliatepress-configuration-paypal-mass-payment - Affiliation.jpg,image/jpeg,145138,2026-02-11T10:09:55.388Z,2025-08-12T15:42:50.958Z,0,,False,image,michaelkihlpro@gmail.com
1iyt1BDlBPk9VUcrf9bba94brlYAQrntK,2025-08-09 - AffiliatePress-Logo-1 - Affiliation.png,2025-08-09 - AffiliatePress-Logo-1 - Affiliation.png,image/png,14926,2026-02-11T10:09:54.867Z,2025-08-09T11:35:41.648Z,0,,False,image,michaelkihlpro@gmail.com
1tB-m18OsIOtfSAAJBbyQtlUviV6lRs26,2025-08-11 - Affiliatepress-plugin-affiliation-wordpress-tableau-bord - Affiliation.jpg,2025-08-11 - Affiliatepress-plugin-affiliation-wordpress-tableau-bord - Affiliation.jpg,image/jpeg,341975,2026-02-11T10:09:54.336Z,2025-08-11T15:16:51.264Z,0,,False,image,michaelkihlpro@gmail.com
14qggcsvOjFWv4sP_W6sZMOzVke_ABCnZ,2025-09-14 - Affiliatepress-wordpress-plugin-review - Affiliation.jpg,2025-09-14 - Affiliatepress-wordpress-plugin-review - Affiliation.jpg,image/jpeg,275466,2026-02-11T10:09:53.819Z,2025-09-14T17:26:43.862Z,0,,False,image,michaelkihlpro@gmail.com
1SgoQsf__u4wIM5rAZTooV22KTFf7lRBU,2025-11-11 - Programme-ambassadeur-schoolswp-affiliation - Affiliation.jpg,2025-11-11 - Programme-ambassadeur-schoolswp-affiliation - Affiliation.jpg,image/jpeg,239371,2026-02-11T10:09:53.259Z,2025-11-11T20:45:36.799Z,0,,False,image,michaelkihlpro@gmail.com
1pYnpd65DMZwrqT4ft_6Y_KIbg13nP3msp9BKJ1ZUrQ8,2024-09-08 - SureTriggers Affiliate Marketing Guide (2024) - Affiliation,2024-09-08 - SureTriggers Affiliate Marketing Guide (2024) - Affiliation,application/vnd.google-apps.document,64823,2026-02-11T10:09:52.678Z,2024-09-08T08:51:07.267Z,0,,False,document,michaelkihlpro@gmail.com
1xAeT9DoaNDz55q_pulwzBW6iOR3XiX_ykOYoEtZ1cAw,2023-07-21 - Liste des Affiliations - Affiliation,2023-07-21 - Liste des Affiliations - Affiliation,application/vnd.google-apps.spreadsheet,1024,2026-02-11T10:09:52.014Z,2023-07-21T07:51:57.160Z,0,,False,spreadsheet,michaelkihlpro@gmail.com
1KesdOc4yeWIfUHbWUF3KjvTM4DK9qECjQ0mpjMBxz4M,SEO Quick Wins Radar - schoolsWP,SEO Quick Wins Radar - schoolsWP,application/vnd.google-apps.document,3286,2026-02-11T10:09:48.413Z,2026-02-06T20:55:30.429Z,0,,False,document,michaelkihlpro@gmail.com
1QMQPsJHfQwmq3cb4lGa1Pzfsg69H7iwo,2025-10-30 - Template o2switch black friday.jpg,2025-10-30 - Template o2switch black friday.jpg,image/jpeg,67664,2026-02-11T10:09:47.236Z,2025-10-30T17:30:41.242Z,0,,False,image,michaelkihlpro@gmail.com
1K6Mx0cr15eGN5nYc43DnVlOEhqsg9oMk,2025-10-24 - Offre-black-friday-schoolswp-wordpress.jpg,2025-10-24 - Offre-black-friday-schoolswp-wordpress.jpg,image/jpeg,75460,2026-02-11T10:09:46.707Z,2025-10-24T15:28:09.555Z,0,,False,image,michaelkihlpro@gmail.com
1GZtk6dy95wesQiTw1qznQKw3jxIgOX6l,2024-12-10 - Sureforms-simple-powerful-wordpress-form-builder - Thumbnail Pinterest.jpg,2024-12-10 - Sureforms-simple-powerful-wordpress-form-builder - Thumbnail Pinterest.jpg,image/jpeg,113121,2026-02-11T10:09:46.251Z,2024-12-10T08:26:58.528Z,0,,False,image,michaelkihlpro@gmail.com
1GY3rzrcEHbf-G-YHsgtXd5y_ihcby69m,2024-12-10 - Sureforms-ai-powered-wordpress-forms-plugin - Thumbnail Pinterest.jpg,2024-12-10 - Sureforms-ai-powered-wordpress-forms-plugin - Thumbnail Pinterest.jpg,image/jpeg,116511,2026-02-11T10:09:45.720Z,2024-12-10T08:26:58.565Z,0,,False,image,michaelkihlpro@gmail.com
1KrjBBh9TwIInMv1pVOFcX8uDcVMhAGVU,2024-12-16 - Wordpress-playground-test-online - Thumbnail Pinterest.jpg,2024-12-16 - Wordpress-playground-test-online - Thumbnail Pinterest.jpg,image/jpeg,121685,2026-02-11T10:09:45.184Z,2024-12-16T13:36:30.417Z,0,,False,image,michaelkihlpro@gmail.com
1KoP6hcPRTnIqH8KDVPdXLiXRtKonoZaI,2024-12-16 - Wordpress-playground-what-is-it - Thumbnail Pinterest.jpg,2024-12-16 - Wordpress-playground-what-is-it - Thumbnail Pinterest.jpg,image/jpeg,114335,2026-02-11T10:09:44.703Z,2024-12-16T13:36:30.483Z,0,,False,image,michaelkihlpro@gmail.com
18vEdT9Krkl29fqKQkTEoDXVbKSeaKYsK,2025-08-07 - Wprocket-wordpress-caching-plugin-speed - Thumbnail Pinterest.jpg,2025-08-07 - Wprocket-wordpress-caching-plugin-speed - Thumbnail Pinterest.jpg,image/jpeg,119695,2026-02-11T10:09:44.181Z,2025-08-07T19:41:29.059Z,0,,False,image,michaelkihlpro@gmail.com
1OvcX1hzzzkvHu4EpUYxj1ftQldkszpt6,2025-08-07 - Wp-rocket-boost-wordpress-speed-seo - Thumbnail Pinterest.jpg,2025-08-07 - Wp-rocket-boost-wordpress-speed-seo - Thumbnail Pinterest.jpg,image/jpeg,118435,2026-02-11T10:09:43.650Z,2025-08-07T19:41:29.167Z,0,,False,image,michaelkihlpro@gmail.com
1yKqVhWM3ncB0rQceyUEvUTyydEihv8Kx,2025-08-01 - Droip-review-webflow-style-wordpress-builder - Thumbnail Pinterest.jpg,2025-08-01 - Droip-review-webflow-style-wordpress-builder - Thumbnail Pinterest.jpg,image/jpeg,106221,2026-02-11T10:09:43.110Z,2025-08-01T13:36:06.930Z,0,,False,image,michaelkihlpro@gmail.com
1RZ_TdFhxbjQMGqADyWinQQpS6eOcei08,2025-08-01 - Droip-wordpress-alternative-no-plugin - Thumbnail Pinterest.jpg,2025-08-01 - Droip-wordpress-alternative-no-plugin - Thumbnail Pinterest.jpg,image/jpeg,110789,2026-02-11T10:09:42.591Z,2025-08-01T13:36:06.651Z,0,,False,image,michaelkihlpro@gmail.com
1OsIFNMyBRfaSi4S3dRAN4pmw1LvQh7OQ,2025-07-06 - Fluentcart-review-no-fuss-wordpress-plugin - Thumbnail Pinterest.jpg,2025-07-06 - Fluentcart-review-no-fuss-wordpress-plugin - Thumbnail Pinterest.jpg,image/jpeg,129785,2026-02-11T10:09:42.080Z,2025-07-06T09:50:25.151Z,0,,False,image,michaelkihlpro@gmail.com
1FHtI6M09aD9TkVY1ncAfiO7-7LHgZwyz,2025-07-06 - Fluentcart-review-wordpress-plugin-schoolswp - Thumbnail Pinterest.jpg,2025-07-06 - Fluentcart-review-wordpress-plugin-schoolswp - Thumbnail Pinterest.jpg,image/jpeg,132669,2026-02-11T10:09:41.498Z,2025-07-06T09:50:25.052Z,0,,False,image,michaelkihlpro@gmail.com
1TGQT_eCq-u2c5p8FZ0_UCMvW59oF_CCk,2025-07-05 - Learn-wordpress-guide-motivated-beginners - Thumbnail Pinterest.jpg,2025-07-05 - Learn-wordpress-guide-motivated-beginners - Thumbnail Pinterest.jpg,image/jpeg,126899,2026-02-11T10:09:40.854Z,2025-07-05T15:22:30.133Z,0,,False,image,michaelkihlpro@gmail.com
101trsp91Q-hnTVL-0f0BVwMvo1llrBhK,2025-07-05 - Learn-wordpress-own-start-from-scratch - Thumbnail Pinterest.jpg,2025-07-05 - Learn-wordpress-own-start-from-scratch - Thumbnail Pinterest.jpg,image/jpeg,118234,2026-02-11T10:09:40.351Z,2025-07-05T15:22:30.243Z,0,,False,image,michaelkihlpro@gmail.com
1tys7zHRwk3bMIML8whBS8g8rmYhoyz50,2025-06-13 - Promo-code-rapyd-cloud-wordpress-hosting-deal - Thumbnail Pinterest.jpg,2025-06-13 - Promo-code-rapyd-cloud-wordpress-hosting-deal - Thumbnail Pinterest.jpg,image/jpeg,120067,2026-02-11T10:09:39.787Z,2025-06-13T08:20:35.649Z,0,,False,image,michaelkihlpro@gmail.com
1UOFFhtgAeQ1JmjvL5eNWTXQf4JQg5ETT,2025-06-13 - Rapyd-cloud-promo-wordpress-hosting-discount - Thumbnail Pinterest.jpg,2025-06-13 - Rapyd-cloud-promo-wordpress-hosting-discount - Thumbnail Pinterest.jpg,image/jpeg,134800,2026-02-11T10:09:39.170Z,2025-06-13T08:20:35.793Z,0,,False,image,michaelkihlpro@gmail.com
14_8jpZNf1ITjYfzBYl13wXqCaTBdaej8,2025-06-05 - Fluentcrm-promo-code-20-schoolswp20-wordpress - Thumbnail Pinterest.jpg,2025-06-05 - Fluentcrm-promo-code-20-schoolswp20-wordpress - Thumbnail Pinterest.jpg,image/jpeg,127269,2026-02-11T10:09:38.638Z,2025-06-05T15:08:14.546Z,0,,False,image,michaelkihlpro@gmail.com
1ov5C9pavWtUnGKAkGAd1z6UMaNZAja2l,2025-06-05 - Fluentcrm-coupon-code-20-off-wordpress - Thumbnail Pinterest.jpg,2025-06-05 - Fluentcrm-coupon-code-20-off-wordpress - Thumbnail Pinterest.jpg,image/jpeg,135500,2026-02-11T10:09:37.679Z,2025-06-05T15:08:14.487Z,0,,False,image,michaelkihlpro@gmail.com
1ZcjhcU8akhcxZG6iXde3u1eEIX7zreF1,2025-06-05 - O2switch-review-french-hosting-worth-it - Thumbnail Pinterest.jpg,2025-06-05 - O2switch-review-french-hosting-worth-it - Thumbnail Pinterest.jpg,image/jpeg,161876,2026-02-11T10:09:36.866Z,2025-06-05T12:09:36.352Z,0,,False,image,michaelkihlpro@gmail.com
1BtMAUhXw6FP-GqNolVqboxbPr7lvzpdz,2025-06-05 - O2switch-review-french-hosting-wordpress - Thumbnail Pinterest.jpg,2025-06-05 - O2switch-review-french-hosting-wordpress - Thumbnail Pinterest.jpg,image/jpeg,164236,2026-02-11T10:09:36.339Z,2025-06-05T12:09:36.411Z,0,,False,image,michaelkihlpro@gmail.com
11WY90dwJl-VmNAZFWlu1CQrdoFThAAg7,2025-05-08 - Wordpress-multisite-manage-sites-one-click - Thumbnail Pinterest.jpg,2025-05-08 - Wordpress-multisite-manage-sites-one-click - Thumbnail Pinterest.jpg,image/jpeg,134410,2026-02-11T10:09:35.829Z,2025-05-08T12:53:09.864Z,0,,False,image,michaelkihlpro@gmail.com
11JwTilcbi_OUwDE1hD27ylHHSfGbdETW,2025-05-08 - Wordpress-multisite-guide-manage-multiple-sites - Thumbnail Pinterest.jpg,2025-05-08 - Wordpress-multisite-guide-manage-multiple-sites - Thumbnail Pinterest.jpg,image/jpeg,124698,2026-02-11T10:09:35.314Z,2025-05-08T12:53:09.915Z,0,,False,image,michaelkihlpro@gmail.com
10cICCPSX-Go3_b1cS3qFF-7fTCXY0P8B,2025-05-08 - Buddyboss-create-online-community - Thumbnail Pinterest.jpg,2025-05-08 - Buddyboss-create-online-community - Thumbnail Pinterest.jpg,image/jpeg,124627,2026-02-11T10:09:34.717Z,2025-05-08T07:37:49.484Z,0,,False,image,michaelkihlpro@gmail.com
10jukz8g2A50etDLGAPVescgjyKFiLITS,2025-05-08 - Buddyboss-guide-cover - Thumbnail Pinterest.jpg,2025-05-08 - Buddyboss-guide-cover - Thumbnail Pinterest.jpg,image/jpeg,98412,2026-02-11T10:09:34.008Z,2025-05-08T07:37:49.439Z,0,,False,image,michaelkihlpro@gmail.com
1-jMopPpTh0oeVqE3RvUYSIlHqyCyV_uA,2025-05-07 - Learndash-wordpress-plugin-online-training - Thumbnail Pinterest.jpg,2025-05-07 - Learndash-wordpress-plugin-online-training - Thumbnail Pinterest.jpg,image/jpeg,119938,2026-02-11T10:09:33.370Z,2025-05-07T16:13:42.999Z,0,,False,image,michaelkihlpro@gmail.com
1-a1OuD9M9Lk8jJBoiIkhZF2gE1hs2hOt,2025-05-07 - Learndash-review-worth-it-online-courses - Thumbnail Pinterest.jpg,2025-05-07 - Learndash-review-worth-it-online-courses - Thumbnail Pinterest.jpg,image/jpeg,125825,2026-02-11T10:09:32.725Z,2025-05-07T16:13:43.029Z,0,,False,image,michaelkihlpro@gmail.com
1wbLSPO7lY5wOMKIyJbOBKuHGX05eT3G4,2025-04-10 - Wordpress-translation-plugin-top10-globalization - Thumbnail Pinterest.jpg,2025-04-10 - Wordpress-translation-plugin-top10-globalization - Thumbnail Pinterest.jpg,image/jpeg,140109,2026-02-11T10:09:32.203Z,2025-04-10T17:09:48.823Z,0,,False,image,michaelkihlpro@gmail.com
1wVzDRT-PdIyASvGujZSah-0FXd_VO-Dc,2025-04-10 - Wordpress-translation-plugins-top10-multilingual - Thumbnail Pinterest.jpg,2025-04-10 - Wordpress-translation-plugins-top10-multilingual - Thumbnail Pinterest.jpg,image/jpeg,128516,2026-02-11T10:09:31.609Z,2025-04-10T17:09:48.891Z,0,,False,image,michaelkihlpro@gmail.com
1v5atFacv5XMg-O6yupvNAlxQejrxCaIK,2025-04-03 - Crocoblock-toolbox-wordpress-websites - Thumbnail Pinterest.jpg,2025-04-03 - Crocoblock-toolbox-wordpress-websites - Thumbnail Pinterest.jpg,image/jpeg,124769,2026-02-11T10:09:30.945Z,2025-04-03T07:50:31.897Z,0,,False,image,michaelkihlpro@gmail.com
1upr7_hxxih6RRHtgMGr-hz9sQ8lMdj1P,2025-04-03 - Crocoblock-interface-wordpress-elementor - Thumbnail Pinterest.jpg,2025-04-03 - Crocoblock-interface-wordpress-elementor - Thumbnail Pinterest.jpg,image/jpeg,121429,2026-02-11T10:09:30.265Z,2025-04-03T07:50:31.972Z,0,,False,image,michaelkihlpro@gmail.com
1sJ7QIDfBf2YZOsOucEoSEWG5iuiLFLQb,2025-03-23 - Crocoblock-wordpress-elementor-tool-promotion - Thumbnail Pinterest.jpg,2025-03-23 - Crocoblock-wordpress-elementor-tool-promotion - Thumbnail Pinterest.jpg,image/jpeg,261516,2026-02-11T10:09:29.800Z,2025-03-23T08:38:57.887Z,0,,False,image,michaelkihlpro@gmail.com
1uNeJhXZ4e7im0EuKkLmcekCVWUb5p83B,2025-04-03 - Link-whisper-wordpress-plugin-internal-linking-seo - Thumbnail Pinterest.jpg,2025-04-03 - Link-whisper-wordpress-plugin-internal-linking-seo - Thumbnail Pinterest.jpg,image/jpeg,119000,2026-02-11T10:09:29.224Z,2025-04-03T07:10:38.295Z,0,,False,image,michaelkihlpro@gmail.com
1ubTY6DCenGgConZ9nxJhznKLTX84vt-s,2025-04-03 - Link-whisper-review-wordpress-seo-plugin-analysis - Thumbnail Pinterest.jpg,2025-04-03 - Link-whisper-review-wordpress-seo-plugin-analysis - Thumbnail Pinterest.jpg,image/jpeg,123443,2026-02-11T10:09:28.768Z,2025-04-03T07:10:38.237Z,0,,False,image,michaelkihlpro@gmail.com
1te3fUV-2BmQfh_qI-y24p31LmLVdxa8f,2025-03-27 - Rapyd-cloud-high-performance-wordpress-hosting - Thumbnail Pinterest.jpg,2025-03-27 - Rapyd-cloud-high-performance-wordpress-hosting - Thumbnail Pinterest.jpg,image/jpeg,155915,2026-02-11T10:09:28.266Z,2025-03-27T15:47:30.445Z,0,,False,image,michaelkihlpro@gmail.com
1tdHqYT9-zU5Fd_pm4UvvdGa_Mz02wa-2,2025-03-27 - Rapyd-cloud-review-efficient-hosting - Thumbnail Pinterest.jpg,2025-03-27 - Rapyd-cloud-review-efficient-hosting - Thumbnail Pinterest.jpg,image/jpeg,161778,2026-02-11T10:09:27.702Z,2025-03-27T15:47:30.568Z,0,,False,image,michaelkihlpro@gmail.com
1s_9BDME16z17sFG9jSKjxfENmt3-vGPC,2025-03-27 - Wordpress-playground-how-to-test-wordpress-online - Thumbnail Pinterest.jpg,2025-03-27 - Wordpress-playground-how-to-test-wordpress-online - Thumbnail Pinterest.jpg,image/jpeg,114825,2026-02-11T10:09:27.153Z,2025-03-27T14:09:22.356Z,0,,False,image,michaelkihlpro@gmail.com
1scKhdr_MydNZKr6of6MKzZ6lU1saB0tJ,2025-03-27 - Wordpress-playground-test-wordpress-online - Thumbnail Pinterest.jpg,2025-03-27 - Wordpress-playground-test-wordpress-online - Thumbnail Pinterest.jpg,image/jpeg,122191,2026-02-11T10:09:26.668Z,2025-03-27T14:09:22.314Z,0,,False,image,michaelkihlpro@gmail.com
1pGzePye2TSvqMZx9kbPx5JDi1vSi5TdD,2025-03-11 - Fluentbooking-ameliawp-booking-wordpress-comparison - Thumbnail Pinterest.jpg,2025-03-11 - Fluentbooking-ameliawp-booking-wordpress-comparison - Thumbnail Pinterest.jpg,image/jpeg,129358,2026-02-11T10:09:26.159Z,2025-03-11T17:14:34.689Z,0,,False,image,michaelkihlpro@gmail.com
1pQetBCd8i3_iUhbax6eCKDkiRka_ZZ7I,2025-03-11 - Fluentbooking-ameliawp-best-wordpress-booking-plugin - Thumbnail Pinterest.jpg,2025-03-11 - Fluentbooking-ameliawp-best-wordpress-booking-plugin - Thumbnail Pinterest.jpg,image/jpeg,133487,2026-02-11T10:09:25.615Z,2025-03-11T17:14:34.589Z,0,,False,image,michaelkihlpro@gmail.com
1oYP_7_9iuYBc6xJ2E9GP42kXkSFGXTi2,2025-03-10 - Linkfinder-optimize-netlinking-strategy - Thumbnail Pinterest.jpg,2025-03-10 - Linkfinder-optimize-netlinking-strategy - Thumbnail Pinterest.jpg,image/jpeg,120837,2026-02-11T10:09:25.022Z,2025-03-10T15:18:21.417Z,0,,False,image,michaelkihlpro@gmail.com
1oRyi7NrN26vv-E6uv1bHNNhqlYm7LNxJ,2025-03-10 - Link-finder-boost-netlinking-affordable-backlinks - Thumbnail Pinterest.jpg,2025-03-10 - Link-finder-boost-netlinking-affordable-backlinks - Thumbnail Pinterest.jpg,image/jpeg,121897,2026-02-11T10:09:24.532Z,2025-03-10T15:18:21.477Z,0,,False,image,michaelkihlpro@gmail.com
1nmA4R5C3h_ado7GyyZhFNskuThZNYNiT,2025-03-09 - Local-wp-flywheel-vs-xampp-best-wordpress-tool - Thumbnail Pinterest.jpg,2025-03-09 - Local-wp-flywheel-vs-xampp-best-wordpress-tool - Thumbnail Pinterest.jpg,image/jpeg,120622,2026-02-11T10:09:24.026Z,2025-03-09T12:05:29.902Z,0,,False,image,michaelkihlpro@gmail.com
1nng4wBaycCp_bStoig1nmhuTOHsfpxnf,2025-03-09 - Local-wp-compare-local-by-flywheel-xampp - Thumbnail Pinterest.jpg,2025-03-09 - Local-wp-compare-local-by-flywheel-xampp - Thumbnail Pinterest.jpg,image/jpeg,119173,2026-02-11T10:09:23.515Z,2025-03-09T12:05:29.830Z,0,,False,image,michaelkihlpro@gmail.com
1n__3wmkQbNELSUCyw4lY-NnfE6NnV9C8,2025-03-09 - Surecart-ecommerce-plugin-digital-products - Thumbnail Pinterest.jpg,2025-03-09 - Surecart-ecommerce-plugin-digital-products - Thumbnail Pinterest.jpg,image/jpeg,122028,2026-02-11T10:09:22.926Z,2025-03-09T11:31:16.776Z,0,,False,image,michaelkihlpro@gmail.com
1nbs_sWhCpZwZLSP0GZnPjxJLm-YwuTwV,2025-03-09 - Surecart-digital-sales-wordpress - Thumbnail Pinterest.jpg,2025-03-09 - Surecart-digital-sales-wordpress - Thumbnail Pinterest.jpg,image/jpeg,118724,2026-02-11T10:09:22.387Z,2025-03-09T11:31:16.729Z,0,,False,image,michaelkihlpro@gmail.com
1l1QDHv_qYWT8mWEuB3f2kzaExuEVKmah,2025-02-27 - Divi-builder-vs-elementor-pro-best-page-builder - Thumbnail Pinterest.jpg,2025-02-27 - Divi-builder-vs-elementor-pro-best-page-builder - Thumbnail Pinterest.jpg,image/jpeg,125696,2026-02-11T10:09:21.829Z,2025-02-27T15:45:14.889Z,0,,False,image,michaelkihlpro@gmail.com
1l7sQhgBHz3v1O3BTs9f8UMT58JXXs70P,2025-02-27 - Divi-builder-vs-elementor-pro-wordpress-comparison - Thumbnail Pinterest.jpg,2025-02-27 - Divi-builder-vs-elementor-pro-wordpress-comparison - Thumbnail Pinterest.jpg,image/jpeg,137047,2026-02-11T10:09:21.225Z,2025-02-27T15:45:14.828Z,0,,False,image,michaelkihlpro@gmail.com
1jdrZUjvdc_TWZ2He0V0dQ-q2KiAXXLz9,2025-02-22 - Academy-lms-wordpress-plugin-overview - Thumbnail Pinterest.jpg,2025-02-22 - Academy-lms-wordpress-plugin-overview - Thumbnail Pinterest.jpg,image/jpeg,121999,2026-02-11T10:09:20.694Z,2025-02-22T10:47:05.572Z,0,,False,image,michaelkihlpro@gmail.com
1jdQmU1aBkLCylgqjiV-8XP6SsaZZouAl,2025-02-22 - Academy-lms-wordpress-launch-online-academy - Thumbnail Pinterest.jpg,2025-02-22 - Academy-lms-wordpress-launch-online-academy - Thumbnail Pinterest.jpg,image/jpeg,121727,2026-02-11T10:09:20.101Z,2025-02-22T10:47:05.624Z,0,,False,image,michaelkihlpro@gmail.com
1iNweILv1doycqc7hvlOFsuqZj0xdtzMZ,2025-02-19 - Tutor-lms-review-wordpress-best-lms - Thumbnail Pinterest.jpg,2025-02-19 - Tutor-lms-review-wordpress-best-lms - Thumbnail Pinterest.jpg,image/jpeg,111262,2026-02-11T10:09:19.507Z,2025-02-19T17:19:50.496Z,0,,False,image,michaelkihlpro@gmail.com
1iPkdWi7qNL8vrMow2WC2FYrO39WWUsVS,2025-02-19 - Tutor-lms-review-wordpress-lms-plugin - Thumbnail Pinterest.jpg,2025-02-19 - Tutor-lms-review-wordpress-lms-plugin - Thumbnail Pinterest.jpg,image/jpeg,121508,2026-02-11T10:09:18.934Z,2025-02-19T17:19:50.453Z,0,,False,image,michaelkihlpro@gmail.com
1c3hsYQRhe4m7Z07BYqV496ib06RodSQa,2025-01-31 - Testing-wordpress-traduire-sans-migraine - Thumbnail Pinterest.jpg,2025-01-31 - Testing-wordpress-traduire-sans-migraine - Thumbnail Pinterest.jpg,image/jpeg,130525,2026-02-11T10:09:18.389Z,2025-01-31T13:06:04.761Z,0,,False,image,michaelkihlpro@gmail.com
1c3LCC1Bhof62oeSlg0_S-OJ0Ex1K_yjQ,2025-01-31 - Seo-wordpress-traduire-sans-migraine - Thumbnail Pinterest.jpg,2025-01-31 - Seo-wordpress-traduire-sans-migraine - Thumbnail Pinterest.jpg,image/jpeg,133680,2026-02-11T10:09:17.843Z,2025-01-31T13:06:04.865Z,0,,False,image,michaelkihlpro@gmail.com
1c_H1f-05DKWexs7rMxA5wNcd8eWTR0gZ,2025-02-03 - Latepoint-plugin-wordpress-booking - Thumbnail Pinterest.jpg,2025-02-03 - Latepoint-plugin-wordpress-booking - Thumbnail Pinterest.jpg,image/jpeg,117870,2026-02-11T10:09:17.330Z,2025-02-03T13:10:42.888Z,0,,False,image,michaelkihlpro@gmail.com
1cYxY8hSDqjQ5RCO0KnguZbvgu1WmgMub,2025-02-03 - Latepoint-wordpress-plugin-online-booking - Thumbnail Pinterest.jpg,2025-02-03 - Latepoint-wordpress-plugin-online-booking - Thumbnail Pinterest.jpg,image/jpeg,115805,2026-02-11T10:09:16.628Z,2025-02-03T13:10:42.968Z,0,,False,image,michaelkihlpro@gmail.com
1gaiuo3J7Q9f6YrXowa_Ubd9KbNwjnYY7,2025-02-16 - Skoatch-ai-seo-content-editing - Thumbnail Pinterest.jpg,2025-02-16 - Skoatch-ai-seo-content-editing - Thumbnail Pinterest.jpg,image/jpeg,115904,2026-02-11T10:09:16.110Z,2025-02-16T17:15:16.472Z,0,,False,image,michaelkihlpro@gmail.com
1g_5cn51Ymwy0m2Cn75ck5oieCAabOJo6,2025-02-16 - Skoatch-ai-seo-content-tool - Thumbnail Pinterest.jpg,2025-02-16 - Skoatch-ai-seo-content-tool - Thumbnail Pinterest.jpg,image/jpeg,114469,2026-02-11T10:09:15.607Z,2025-02-16T16:48:46.696Z,0,,False,image,michaelkihlpro@gmail.com
1Yox_R73UX5NMCh2WQHhFjTgc48ixIHcF,2025-01-16 - Wishlist-member-successful-wordpress-membership-plugin - Thumbnail Pinterest.jpg,2025-01-16 - Wishlist-member-successful-wordpress-membership-plugin - Thumbnail Pinterest.jpg,image/jpeg,117763,2026-02-11T10:09:14.914Z,2025-01-16T10:34:12.079Z,0,,False,image,michaelkihlpro@gmail.com
1Z2zVv0qgckiz-dwSXZsqzskT0wuxn5TM,2025-01-16 - Wishlist-member-guide-wordpress-plugin - Thumbnail Pinterest.jpg,2025-01-16 - Wishlist-member-guide-wordpress-plugin - Thumbnail Pinterest.jpg,image/jpeg,125907,2026-02-11T10:09:14.324Z,2025-01-16T10:34:12.033Z,0,,False,image,michaelkihlpro@gmail.com
1X9sjfhn6XNYo8fy9Jf9lrH2YUm2BUxQ1,2025-01-11 - Wp-umbrella-why-wordpress-agencies-love-it - Thumbnail Pinterest.jpg,2025-01-11 - Wp-umbrella-why-wordpress-agencies-love-it - Thumbnail Pinterest.jpg,image/jpeg,116474,2026-02-11T10:09:13.808Z,2025-01-11T11:09:18.983Z,0,,False,image,michaelkihlpro@gmail.com
1X9icYWVqpxNUISqzK8Ccqoz754M-gbC6,2025-01-11 - Wp-umbrella-easily-manage-wordpress-websites - Thumbnail Pinterest.jpg,2025-01-11 - Wp-umbrella-easily-manage-wordpress-websites - Thumbnail Pinterest.jpg,image/jpeg,121343,2026-02-11T10:09:13.248Z,2025-01-11T11:09:19.134Z,0,,False,image,michaelkihlpro@gmail.com
1VLNeTKsEE4r7z1QK5jXV42oL-4303UuY,2025-01-10 - Clean-wordpress-database-plugins-guide - Thumbnail Pinterest.jpg,2025-01-10 - Clean-wordpress-database-plugins-guide - Thumbnail Pinterest.jpg,image/jpeg,117955,2026-02-11T10:09:12.783Z,2025-01-10T12:45:58.674Z,0,,False,image,michaelkihlpro@gmail.com
1VNCiUDtD70meg0Sg8sxakz29hkIzdn5p,2025-01-10 - Clean-wordpress-database-guide-plugins - Thumbnail Pinterest.jpg,2025-01-10 - Clean-wordpress-database-guide-plugins - Thumbnail Pinterest.jpg,image/jpeg,118342,2026-02-11T10:09:12.259Z,2025-01-10T12:45:58.612Z,0,,False,image,michaelkihlpro@gmail.com
1Uyg0ogM7Slo6avSEkw2ubbQX0WwAw4_U,2025-01-10 - Why-thot-seo-best-semantic-optimization-tool - Thumbnail Pinterest.jpg,2025-01-10 - Why-thot-seo-best-semantic-optimization-tool - Thumbnail Pinterest.jpg,image/jpeg,103548,2026-02-11T10:09:11.535Z,2025-01-10T12:13:49.425Z,0,,False,image,michaelkihlpro@gmail.com
1V2cyeBewQS12YOklmKUSJc3SrfAS85w4,2025-01-10 - Thot-seo-semantic-tool-dominating-google - Thumbnail Pinterest.jpg,2025-01-10 - Thot-seo-semantic-tool-dominating-google - Thumbnail Pinterest.jpg,image/jpeg,104798,2026-02-11T10:09:10.802Z,2025-01-10T12:13:49.388Z,0,,False,image,michaelkihlpro@gmail.com
1SaVhCfe3x0WUXMoDHBjEy37aAdMKrHw8,2025-01-07 - Fluentcommunity-plugin-build-wordpress-community - Thumbnail Pinterest.jpg,2025-01-07 - Fluentcommunity-plugin-build-wordpress-community - Thumbnail Pinterest.jpg,image/jpeg,109194,2026-02-11T10:09:10.190Z,2025-01-07T14:33:29.734Z,0,,False,image,michaelkihlpro@gmail.com
1SbRXIpqQ19b37MoWxYqzMFFeRE0nzKqr,2025-01-07 - Create-wordpress-community-fluentcommunity - Thumbnail Pinterest.jpg,2025-01-07 - Create-wordpress-community-fluentcommunity - Thumbnail Pinterest.jpg,image/jpeg,105491,2026-02-11T10:09:09.641Z,2025-01-07T14:33:29.705Z,0,,False,image,michaelkihlpro@gmail.com
1QQNUukqQwXJFJksIisvHazT4qn6cKBq-,2025-01-07 - What-is-gutenberg-wordpress - Thumbnail Pinterest.jpg,2025-01-07 - What-is-gutenberg-wordpress - Thumbnail Pinterest.jpg,image/jpeg,98281,2026-02-11T10:09:09.047Z,2025-01-07T10:02:45.488Z,0,,False,image,michaelkihlpro@gmail.com
1QSzkS7iMCBAAnlyIeH6oga037rHI9QBi,2025-01-07 - Discover-gutenberg-wordpress-editor - Thumbnail Pinterest.jpg,2025-01-07 - Discover-gutenberg-wordpress-editor - Thumbnail Pinterest.jpg,image/jpeg,127650,2026-02-11T10:09:08.478Z,2025-01-07T10:02:45.321Z,0,,False,image,michaelkihlpro@gmail.com
1OVRpDl5O7RSKv19xhO-66xDDOEnrSYzI,2024-12-23 - Wpmarmite-pay-simplifies-payments-wordpress - Thumbnail Pinterest.jpg,2024-12-23 - Wpmarmite-pay-simplifies-payments-wordpress - Thumbnail Pinterest.jpg,image/jpeg,111157,2026-02-11T10:09:07.890Z,2024-12-23T13:13:21.142Z,0,,False,image,michaelkihlpro@gmail.com
1OUVI_sp6FR2bqaJm7gRvba6spa8fjA-b,2024-12-23 - Wp-marmite-pay-easy-online-sales-stripe - Thumbnail Pinterest.jpg,2024-12-23 - Wp-marmite-pay-easy-online-sales-stripe - Thumbnail Pinterest.jpg,image/jpeg,107117,2026-02-11T10:09:07.347Z,2024-12-23T13:13:21.204Z,0,,False,image,michaelkihlpro@gmail.com
1Noc-VlFbVdMOkx-ePcnNcRU3TC9T0NWH,2024-12-20 - Zipwp-revolutionize-wordpress-site-ai - Thumbnail Pinterest.jpg,2024-12-20 - Zipwp-revolutionize-wordpress-site-ai - Thumbnail Pinterest.jpg,image/jpeg,115034,2026-02-11T10:09:06.632Z,2024-12-20T16:27:20.723Z,0,,False,image,michaelkihlpro@gmail.com
1NrL9MmvM95XBE_ckIGOJrw4ntk9slIMb,2024-12-20 - Zipwp-create-wordpress-site-fast-ai - Thumbnail Pinterest.jpg,2024-12-20 - Zipwp-create-wordpress-site-fast-ai - Thumbnail Pinterest.jpg,image/jpeg,115629,2026-02-11T10:09:06.157Z,2024-12-20T16:27:20.658Z,0,,False,image,michaelkihlpro@gmail.com
1MGNM48e2YxjF5ac9FzV_oP4ea0ewdbti,2024-12-20 - Wpboutik-reinvents-ecommerce-wordpress - Thumbnail Pinterest.jpg,2024-12-20 - Wpboutik-reinvents-ecommerce-wordpress - Thumbnail Pinterest.jpg,image/jpeg,106839,2026-02-11T10:09:05.602Z,2024-12-20T12:44:58.569Z,0,,False,image,michaelkihlpro@gmail.com
1MJSmCrB09qawNRmEBeM-4RG8T3LvXoKy,2024-12-20 - Wpboutik-boost-wordpress-ecommerce-ease - Thumbnail Pinterest.jpg,2024-12-20 - Wpboutik-boost-wordpress-ecommerce-ease - Thumbnail Pinterest.jpg,image/jpeg,111063,2026-02-11T10:09:04.997Z,2024-12-20T12:44:58.476Z,0,,False,image,michaelkihlpro@gmail.com
1cQXFXKQ39sQ3GdoZ_zVBU3ay6yxbosiD,2025-02-03 - Suremembers-vs-wishlist-members-wordpress-plugin-comparison - Thumbnail Pinterest.jpg,2025-02-03 - Suremembers-vs-wishlist-members-wordpress-plugin-comparison - Thumbnail Pinterest.jpg,image/jpeg,125446,2026-02-11T10:09:04.430Z,2025-02-03T10:51:07.660Z,0,,False,image,michaelkihlpro@gmail.com
1cUFQGd7RozbMIouNLo0f2CpwTh2QLb1V,2025-02-03 - Suremembers-vs-wishlist-members-wordpress-comparison - Thumbnail Pinterest.jpg,2025-02-03 - Suremembers-vs-wishlist-members-wordpress-comparison - Thumbnail Pinterest.jpg,image/jpeg,128819,2026-02-11T10:09:03.872Z,2025-02-03T10:51:07.555Z,0,,False,image,michaelkihlpro@gmail.com
1HbeijHtFvfRbQkGaTuLsDkTOrfssjmAe,2024-12-10 - Wordpress-plugins-transform-without-coding - Thumbnail Pinterest.jpg,2024-12-10 - Wordpress-plugins-transform-without-coding - Thumbnail Pinterest.jpg,image/jpeg,118224,2026-02-11T10:09:03.408Z,2024-12-10T13:22:46.826Z,0,,False,image,michaelkihlpro@gmail.com
1HbGQKLGZpJgFkaNYuR7tZsANYiaLlrpB,2024-12-10 - What-is-wordpress-plugin-effective-use - Thumbnail Pinterest.jpg,2024-12-10 - What-is-wordpress-plugin-effective-use - Thumbnail Pinterest.jpg,image/jpeg,117415,2026-02-11T10:09:02.926Z,2024-12-10T13:22:46.983Z,0,,False,image,michaelkihlpro@gmail.com
1GxxGauA-YYgbY6e5A72NA8tU1srF-0i2,2024-12-10 - Custom-wordpress-design-benefits - Thumbnail Pinterest.jpg,2024-12-10 - Custom-wordpress-design-benefits - Thumbnail Pinterest.jpg,image/jpeg,126682,2026-02-11T10:09:02.379Z,2024-12-10T10:14:00.010Z,0,,False,image,michaelkihlpro@gmail.com
1H4zSXSqNY4SioQCFF4I8PfORbmPcJUgf,2024-12-10 - Bespoke-wordpress-site-seo-design - Thumbnail Pinterest.jpg,2024-12-10 - Bespoke-wordpress-site-seo-design - Thumbnail Pinterest.jpg,image/jpeg,121427,2026-02-11T10:09:01.747Z,2024-12-10T10:13:59.957Z,0,,False,image,michaelkihlpro@gmail.com
1Dd-5tREF4upUSY-zzatyrRbXuedDS7ha,2024-12-03 - Suremembers-wordpress-membership-plugin-earn-more - Thumbnail Pinterest.jpg,2024-12-03 - Suremembers-wordpress-membership-plugin-earn-more - Thumbnail Pinterest.jpg,image/jpeg,114156,2026-02-11T10:09:01.219Z,2024-12-03T18:13:39.910Z,0,,False,image,michaelkihlpro@gmail.com
1DabSzexgiikgyhfULsI5DhfigPPGxxzM,2024-12-03 - Suremembers-best-membership-plugin-wordpress - Thumbnail Pinterest.jpg,2024-12-03 - Suremembers-best-membership-plugin-wordpress - Thumbnail Pinterest.jpg,image/jpeg,120351,2026-02-11T10:09:00.676Z,2024-12-03T18:13:39.979Z,0,,False,image,michaelkihlpro@gmail.com
1CL3wxun5hY5BIGyo3vGWXteDVyz8va3B,2024-11-30 - Optimize-wordpress-slugs-boost-seo - Thumbnail Pinterest.jpg,2024-11-30 - Optimize-wordpress-slugs-boost-seo - Thumbnail Pinterest.jpg,image/jpeg,112615,2026-02-11T10:09:00.080Z,2024-11-30T17:16:19.752Z,0,,False,image,michaelkihlpro@gmail.com
1CFsy2alrcE52kExtBb7BV3jxYiz5jCbs,2024-11-30 - A-slug-in-wordpress-what-is-it-and-how-to-optimize - Thumbnail Pinterest.jpg,2024-11-30 - A-slug-in-wordpress-what-is-it-and-how-to-optimize - Thumbnail Pinterest.jpg,image/jpeg,112471,2026-02-11T10:08:59.380Z,2024-11-30T17:16:19.864Z,0,,False,image,michaelkihlpro@gmail.com
16ji72rzX2bZEonMCh4aMWcmEqT6uaZwT,2024-11-12 - Linkuma-gold-standard-netlinking-opinions-insights - Thumbnail Pinterest.jpg,2024-11-12 - Linkuma-gold-standard-netlinking-opinions-insights - Thumbnail Pinterest.jpg,image/jpeg,107145,2026-02-11T10:08:58.853Z,2024-11-12T14:23:01.522Z,0,,False,image,michaelkihlpro@gmail.com
16o1Ho3GJ-uo-BLgbnF4UyqTRs5c8su_8,2024-11-12 - Linkuma-quality-backlinks-7-euro-netlinking-simplified - Thumbnail Pinterest.jpg,2024-11-12 - Linkuma-quality-backlinks-7-euro-netlinking-simplified - Thumbnail Pinterest.jpg,image/jpeg,110975,2026-02-11T10:08:58.334Z,2024-11-12T14:23:01.473Z,0,,False,image,michaelkihlpro@gmail.com
14TqsPUGKCcV0kNieiX7paqS_kjVOUQ2J,2024-11-07 - Tastewp-discover-how-to-easily-create-wordpress-website - Thumbnail Pinterest.jpg,2024-11-07 - Tastewp-discover-how-to-easily-create-wordpress-website - Thumbnail Pinterest.jpg,image/jpeg,114157,2026-02-11T10:08:57.790Z,2024-11-07T09:26:20.599Z,0,,False,image,michaelkihlpro@gmail.com
14QMNLKgd75pTv_VYWdF8KAjntCjlutft,2024-11-07 - Create-wordpress-site-without-installation-tastewp - Thumbnail Pinterest.jpg,2024-11-07 - Create-wordpress-site-without-installation-tastewp - Thumbnail Pinterest.jpg,image/jpeg,110815,2026-02-11T10:08:57.231Z,2024-11-07T09:26:20.660Z,0,,False,image,michaelkihlpro@gmail.com
1pjPgW7ZFXd0rCux30pIUUJU8k5KByuh6,2025-03-12 - Latepoint-schnelles-buchungs-plugin-wordpress - Thumbnail Pinterest.jpg,2025-03-12 - Latepoint-schnelles-buchungs-plugin-wordpress - Thumbnail Pinterest.jpg,image/jpeg,124664,2026-02-11T10:08:56.482Z,2025-03-12T17:38:17.047Z,0,,False,image,michaelkihlpro@gmail.com
1pnWGm0IiwyAUNtLQvmeJBOXGak41Y3ip,2025-03-12 - Latepoint-wordpress-plugin-online-reservierung - Thumbnail Pinterest.jpg,2025-03-12 - Latepoint-wordpress-plugin-online-reservierung - Thumbnail Pinterest.jpg,image/jpeg,123518,2026-02-11T10:08:55.882Z,2025-03-12T17:38:16.986Z,0,,False,image,michaelkihlpro@gmail.com
1J54l_bipvrxIHHiadzY7LnaSmUm45RXd,2025-07-26 - Copilhost-hosting-sicher-schnell-wordpress - Thumbnail Pinterest.jpg,2025-07-26 - Copilhost-hosting-sicher-schnell-wordpress - Thumbnail Pinterest.jpg,image/jpeg,128372,2026-02-11T10:08:55.279Z,2025-07-26T10:05:11.491Z,0,,False,image,michaelkihlpro@gmail.com
12uKiIWbncgNK-VQxWsezbirVf9TJpXaC,2025-07-26 - Copilhost-wordpress-hosting-schnell-sicher - Thumbnail Pinterest.jpg,2025-07-26 - Copilhost-wordpress-hosting-schnell-sicher - Thumbnail Pinterest.jpg,image/jpeg,117312,2026-02-11T10:08:54.770Z,2025-07-26T10:05:11.597Z,0,,False,image,michaelkihlpro@gmail.com
1tGOtj5yy63tZPd9dKdcmvgBdcGGorI6v,2025-07-06 - Fluentcart-test-wordpress-shop-ecommerce-plugin - Thumbnail Pinterest.jpg,2025-07-06 - Fluentcart-test-wordpress-shop-ecommerce-plugin - Thumbnail Pinterest.jpg,image/jpeg,137103,2026-02-11T10:08:54.222Z,2025-07-06T09:26:06.420Z,0,,False,image,michaelkihlpro@gmail.com
1jbq7KsRrgFK7U0Nd6pNTfJnQ87ns7rss,2025-07-06 - Fluentcart-erfahrung-wordpress-ecommerce-plugin - Thumbnail Pinterest.jpg,2025-07-06 - Fluentcart-erfahrung-wordpress-ecommerce-plugin - Thumbnail Pinterest.jpg,image/jpeg,129364,2026-02-11T10:08:53.694Z,2025-07-06T09:26:06.504Z,0,,False,image,michaelkihlpro@gmail.com
1SAo7jcXAVzF4jsmI4_OMwz81O1CIHeJc,2025-07-05 - Wordpress-selbststaendig-lernen-leitfaden-anfaenger - Thumbnail Pinterest.jpg,2025-07-05 - Wordpress-selbststaendig-lernen-leitfaden-anfaenger - Thumbnail Pinterest.jpg,image/jpeg,149750,2026-02-11T10:08:53.089Z,2025-07-05T13:46:11.333Z,0,,False,image,michaelkihlpro@gmail.com
1ONgupPBWuTnm0wcbupUoncKCmStsaXS5,2025-07-05 - Wordpress-lernen-ohne-vorkenntnisse-anleitung - Thumbnail Pinterest.jpg,2025-07-05 - Wordpress-lernen-ohne-vorkenntnisse-anleitung - Thumbnail Pinterest.jpg,image/jpeg,127023,2026-02-11T10:08:52.161Z,2025-07-05T13:46:11.235Z,0,,False,image,michaelkihlpro@gmail.com
1JhEWxwU452N-3b1scI3IuEm_WL4sST2N,2025-06-16 - Rapyd-cloud-gutschein-25-prozent-wordpress-hosting - Thumbnail Pinterest.jpg,2025-06-16 - Rapyd-cloud-gutschein-25-prozent-wordpress-hosting - Thumbnail Pinterest.jpg,image/jpeg,142622,2026-02-11T10:08:51.646Z,2025-06-16T16:07:56.821Z,0,,False,image,michaelkihlpro@gmail.com
1_J-irdMENWftrgjpcGOf7kg_SSB9o_Hm,2025-06-16 - Rapyd-cloud-gutscheincode-wordpress-hosting-rabatt - Thumbnail Pinterest.jpg,2025-06-16 - Rapyd-cloud-gutscheincode-wordpress-hosting-rabatt - Thumbnail Pinterest.jpg,image/jpeg,130101,2026-02-11T10:08:51.167Z,2025-06-16T16:07:56.765Z,0,,False,image,michaelkihlpro@gmail.com
1dR0gfzDUga2A13Gg1W6sWCEzQKBjNu8i,2025-06-05 - Fluentcrm-promo-code-20-percent-schoolswp20-wordpress - Thumbnail Pinterest.jpg,2025-06-05 - Fluentcrm-promo-code-20-percent-schoolswp20-wordpress - Thumbnail Pinterest.jpg,image/jpeg,136188,2026-02-11T10:08:50.629Z,2025-06-05T16:28:21.852Z,0,,False,image,michaelkihlpro@gmail.com
1xXikGr0W_1eHM6vhL31kW5uulAZoTHCX,2025-06-05 - Fluentcrm-gutscheincode-20-prozent-schoolswp20 - Thumbnail Pinterest.jpg,2025-06-05 - Fluentcrm-gutscheincode-20-prozent-schoolswp20 - Thumbnail Pinterest.jpg,image/jpeg,135443,2026-02-11T10:08:50.077Z,2025-06-05T16:28:21.759Z,0,,False,image,michaelkihlpro@gmail.com
1-PXHaPvFiAB4v5vjqvyp-R9lsGddgYft,2025-06-05 - O2switch-meinungen-webhosting-frankreich - Thumbnail Pinterest.jpg,2025-06-05 - O2switch-meinungen-webhosting-frankreich - Thumbnail Pinterest.jpg,image/jpeg,119428,2026-02-11T10:08:47.272Z,2025-06-05T10:52:35.350Z,0,,False,image,michaelkihlpro@gmail.com
1MwkHVw9gdKakOQ1Tz9AMUTsn8DgLLS6_,2025-06-05 - Webhosting-frankreich-o2switch-erfahrungen - Thumbnail Pinterest.jpg,2025-06-05 - Webhosting-frankreich-o2switch-erfahrungen - Thumbnail Pinterest.jpg,image/jpeg,122542,2026-02-11T10:08:46.547Z,2025-06-05T10:52:35.301Z,0,,False,image,michaelkihlpro@gmail.com
113PRzVU8wzPDTDidd5adnfSz4mjP_bRY,2025-05-08 - Wordpress-multisite-mehrere-websites-clever-verwalten - Thumbnail Pinterest.jpg,2025-05-08 - Wordpress-multisite-mehrere-websites-clever-verwalten - Thumbnail Pinterest.jpg,image/jpeg,109426,2026-02-11T10:08:45.973Z,2025-05-08T11:43:12.802Z,0,,False,image,michaelkihlpro@gmail.com
114ytsaHX6u3ntB1_3fGlVTbRB66oP-7g,2025-05-08 - Wordpress-multisite-guide-zentrale-verwaltung - Thumbnail Pinterest.jpg,2025-05-08 - Wordpress-multisite-guide-zentrale-verwaltung - Thumbnail Pinterest.jpg,image/jpeg,125355,2026-02-11T10:08:45.440Z,2025-05-08T11:43:12.747Z,0,,False,image,michaelkihlpro@gmail.com
1048ewc_x2fAbvb_ThnJuUNALqm23EOa9,2025-05-08 - Buddyboss-wordpress-community-kurse-starten - Thumbnail Pinterest.jpg,2025-05-08 - Buddyboss-wordpress-community-kurse-starten - Thumbnail Pinterest.jpg,image/jpeg,126651,2026-02-11T10:08:44.928Z,2025-05-08T06:41:21.994Z,0,,False,image,michaelkihlpro@gmail.com
104LLGIZuOJfrdzI8C68hzxXDL9q83KvU,2025-05-08 - Buddyboss-uebersicht - Thumbnail Pinterest.jpg,2025-05-08 - Buddyboss-uebersicht - Thumbnail Pinterest.jpg,image/jpeg,118200,2026-02-11T10:08:44.389Z,2025-05-08T06:41:21.943Z,0,,False,image,michaelkihlpro@gmail.com
1-KinUiKw9vo6eXwJ5uyFFXnwdBfTlJLA,2025-05-07 - Learndash-wordpress-lms-online-schulungen - Thumbnail Pinterest.jpg,2025-05-07 - Learndash-wordpress-lms-online-schulungen - Thumbnail Pinterest.jpg,image/jpeg,131679,2026-02-11T10:08:43.862Z,2025-05-07T15:31:00.199Z,0,,False,image,michaelkihlpro@gmail.com
1-Foh-Q6FEpWGFDI5nVv6lfLIaShnEFNF,2025-05-07 - Learndash-wordpress-lms-plugin - Thumbnail Pinterest.jpg,2025-05-07 - Learndash-wordpress-lms-plugin - Thumbnail Pinterest.jpg,image/jpeg,138855,2026-02-11T10:08:43.263Z,2025-05-07T15:31:00.247Z,0,,False,image,michaelkihlpro@gmail.com
1xRMLHc6HZ_w5BkoDBTS-Zpj4YbKvhQGj,2025-04-17 - Wordpress-uebersetzungsplugin-top10-globalisierung - Thumbnail Pinterest.jpg,2025-04-17 - Wordpress-uebersetzungsplugin-top10-globalisierung - Thumbnail Pinterest.jpg,image/jpeg,119925,2026-02-11T10:08:42.768Z,2025-04-17T11:17:29.133Z,0,,False,image,michaelkihlpro@gmail.com
1xUzO3_DM3q9RxqvibjvYNZ01NhLq0r9n,2025-04-17 - Top10-wordpress-uebersetzungsplugin-schnell-effektiv - Thumbnail Pinterest.jpg,2025-04-17 - Top10-wordpress-uebersetzungsplugin-schnell-effektiv - Thumbnail Pinterest.jpg,image/jpeg,121385,2026-02-11T10:08:42.297Z,2025-04-17T11:17:29.086Z,0,,False,image,michaelkihlpro@gmail.com
1x2lktZn2x46P2_92R3_yMV4RwUxYy_vO,2025-04-17 - Fluentbooking-amelia-wordpress-reservierungsplugin-vergleich - Thumbnail Pinterest.jpg,2025-04-17 - Fluentbooking-amelia-wordpress-reservierungsplugin-vergleich - Thumbnail Pinterest.jpg,image/jpeg,124681,2026-02-11T10:08:41.751Z,2025-04-17T09:36:33.098Z,0,,False,image,michaelkihlpro@gmail.com
1x8uLIydAx-50goIyBlh0MG6h-kIBacP3,2025-04-17 - Vergleich-wordpress-buchungsplugins-fluentbooking-amelia - Thumbnail Pinterest.jpg,2025-04-17 - Vergleich-wordpress-buchungsplugins-fluentbooking-amelia - Thumbnail Pinterest.jpg,image/jpeg,120191,2026-02-11T10:08:41.242Z,2025-04-17T09:36:32.990Z,0,,False,image,michaelkihlpro@gmail.com
1vv7qCyD4FhPnX0Lx6hCrXhonDZ_ZzL-t,2025-04-05 - Local-wp-wordpress-lokal-mit-xampp-oder-flywheel - Thumbnail Pinterest.jpg,2025-04-05 - Local-wp-wordpress-lokal-mit-xampp-oder-flywheel - Thumbnail Pinterest.jpg,image/jpeg,122715,2026-02-11T10:08:40.723Z,2025-04-05T13:10:34.540Z,0,,False,image,michaelkihlpro@gmail.com
1vqVXepqoFfF1bnTdzlv4glxCnPugt_Z6,2025-04-05 - Wordpress-lokal-flywheel-vs-xampp-vergleich - Thumbnail Pinterest.jpg,2025-04-05 - Wordpress-lokal-flywheel-vs-xampp-vergleich - Thumbnail Pinterest.jpg,image/jpeg,132025,2026-02-11T10:08:40.222Z,2025-04-05T13:10:34.597Z,0,,False,image,michaelkihlpro@gmail.com
1u4BM4NpE2viLbbaTIcwJl_CPW4hN-kkA,2025-03-31 - Linkwhisper-wordpress-plugin-interne-vernetzung - Thumbnail Pinterest.jpg,2025-03-31 - Linkwhisper-wordpress-plugin-interne-vernetzung - Thumbnail Pinterest.jpg,image/jpeg,125794,2026-02-11T10:08:39.701Z,2025-03-31T12:40:16.858Z,0,,False,image,michaelkihlpro@gmail.com
1u1RKmIUL0qlaYtXMHOPTIhmRDi4ZfAO0,2025-03-31 - Link-whisper-bewertungen-seo-tool - Thumbnail Pinterest.jpg,2025-03-31 - Link-whisper-bewertungen-seo-tool - Thumbnail Pinterest.jpg,image/jpeg,112404,2026-02-11T10:08:39.188Z,2025-03-31T12:40:16.924Z,0,,False,image,michaelkihlpro@gmail.com
1wCdL3xpw1ahVY8pe3JYQ-7yaP3B2gGtr,2025-04-10 - Crocoblock-toolbox-wordpress-werkzeugkasten - Thumbnail Pinterest.jpg,2025-04-10 - Crocoblock-toolbox-wordpress-werkzeugkasten - Thumbnail Pinterest.jpg,image/jpeg,119546,2026-02-11T10:08:38.683Z,2025-04-10T16:40:53.081Z,0,,False,image,michaelkihlpro@gmail.com
1wHUAElavISYK7EJNkOPJX_17-m7suyDn,2025-04-10 - Crocoblock-tool-wordpress-elementor-boost - Thumbnail Pinterest.jpg,2025-04-10 - Crocoblock-tool-wordpress-elementor-boost - Thumbnail Pinterest.jpg,image/jpeg,119572,2026-02-11T10:08:38.112Z,2025-04-10T16:40:53.035Z,0,,False,image,michaelkihlpro@gmail.com
1tJZV_8uvlUsFwE4IZTb7t6RXyU9hd0lu,2025-03-27 - Rapyd-cloud-wordpress-hosting-leistungsstark - Thumbnail Pinterest.jpg,2025-03-27 - Rapyd-cloud-wordpress-hosting-leistungsstark - Thumbnail Pinterest.jpg,image/jpeg,152429,2026-02-11T10:08:37.598Z,2025-03-27T15:34:06.211Z,0,,False,image,michaelkihlpro@gmail.com
1tInXblxhZCg2rt5xuANzU1q4o1q2LUnX,2025-03-27 - Rapyd-cloud-bewertungen-effizientes-hosting - Thumbnail Pinterest.jpg,2025-03-27 - Rapyd-cloud-bewertungen-effizientes-hosting - Thumbnail Pinterest.jpg,image/jpeg,159597,2026-02-11T10:08:37.012Z,2025-03-27T15:34:06.273Z,0,,False,image,michaelkihlpro@gmail.com
1qLA_FPS-ab7RhGukHgaVTIwcHyoZabv7,2025-03-12 - Link-finder-netlinking-strategie-optimieren - Thumbnail Pinterest.jpg,2025-03-12 - Link-finder-netlinking-strategie-optimieren - Thumbnail Pinterest.jpg,image/jpeg,120519,2026-02-11T10:08:36.467Z,2025-03-12T18:21:04.996Z,0,,False,image,michaelkihlpro@gmail.com
1qLCyuslCY6yUiF4i6waw9rx0fzodI8pl,2025-03-12 - Link-finder-netlinking-guenstige-backlinks - Thumbnail Pinterest.jpg,2025-03-12 - Link-finder-netlinking-guenstige-backlinks - Thumbnail Pinterest.jpg,image/jpeg,120766,2026-02-11T10:08:35.928Z,2025-03-12T18:21:04.932Z,0,,False,image,michaelkihlpro@gmail.com
1ozi8lS2GdShkWhy6QqrJAsMtFFKPEnk-,2025-03-10 - Surecart-ecommerce-plugin-digitale-produkte-wordpress - Thumbnail Pinterest.jpg,2025-03-10 - Surecart-ecommerce-plugin-digitale-produkte-wordpress - Thumbnail Pinterest.jpg,image/jpeg,124739,2026-02-11T10:08:35.310Z,2025-03-10T17:12:51.742Z,0,,False,image,michaelkihlpro@gmail.com
1ovY1Ov_BRqJzx0UnwQ4XJJOZgcexek7b,2025-03-10 - Surecart-ecommerce-wordpress-digitale-produkte - Thumbnail Pinterest.jpg,2025-03-10 - Surecart-ecommerce-wordpress-digitale-produkte - Thumbnail Pinterest.jpg,image/jpeg,122450,2026-02-11T10:08:34.753Z,2025-03-10T17:12:51.834Z,0,,False,image,michaelkihlpro@gmail.com
1kKfS9UgMsRWYBIUGh0QRAaYBCdyEpmU9,2025-02-27 - Divi-builder-vs-elementor-pro-welcher-besser - Thumbnail Pinterest.jpg,2025-02-27 - Divi-builder-vs-elementor-pro-welcher-besser - Thumbnail Pinterest.jpg,image/jpeg,127850,2026-02-11T10:08:34.072Z,2025-02-27T13:49:11.352Z,0,,False,image,michaelkihlpro@gmail.com
1kR_Yd_NDv_gjDWeqK9iHI5Ae_oADl5bm,2025-02-27 - Divi-builder-vs-elementor-pro-wordpress-vergleich - Thumbnail Pinterest.jpg,2025-02-27 - Divi-builder-vs-elementor-pro-wordpress-vergleich - Thumbnail Pinterest.jpg,image/jpeg,124449,2026-02-11T10:08:33.542Z,2025-02-27T13:49:10.909Z,0,,False,image,michaelkihlpro@gmail.com
1k280zfNMbD4P0fEkh1D6ncnvgJ8Ivt2c,2025-02-27 - Wordpress-wartung-sicherheit-leistung-optimierung - Thumbnail Pinterest.jpg,2025-02-27 - Wordpress-wartung-sicherheit-leistung-optimierung - Thumbnail Pinterest.jpg,image/jpeg,122767,2026-02-11T10:08:33.016Z,2025-02-27T13:11:19.417Z,0,,False,image,michaelkihlpro@gmail.com
1k1WYX1WfUxNwTITzobRhOuXrL-7GLZYc,2025-02-27 - Wordpress-wartung-leitfaden-optimierung - Thumbnail Pinterest.jpg,2025-02-27 - Wordpress-wartung-leitfaden-optimierung - Thumbnail Pinterest.jpg,image/jpeg,123109,2026-02-11T10:08:32.404Z,2025-02-27T13:11:19.496Z,0,,False,image,michaelkihlpro@gmail.com
1jntrcvIpJvrFvgpYdRS_P-IqONp019R8,2025-02-24 - Academy-lms-wordpress-online-akademie-starten - Thumbnail Pinterest.jpg,2025-02-24 - Academy-lms-wordpress-online-akademie-starten - Thumbnail Pinterest.jpg,image/jpeg,133194,2026-02-11T10:08:31.912Z,2025-02-24T13:14:18.852Z,0,,False,image,michaelkihlpro@gmail.com
1jnCIvx-rQc7YXz9lGaAaeTCkmrfsG4a7,2025-02-24 - Academy-lms-wordpress-plugin-online-kurse - Thumbnail Pinterest.jpg,2025-02-24 - Academy-lms-wordpress-plugin-online-kurse - Thumbnail Pinterest.jpg,image/jpeg,120759,2026-02-11T10:08:31.349Z,2025-02-24T13:14:18.914Z,0,,False,image,michaelkihlpro@gmail.com
1iiB0PorYjeIbksB_7ZsUZ6atrxvKKKY9,2025-02-21 - Tutor-lms-bewertungen-wordpress-beste-loesung - Thumbnail Pinterest.jpg,2025-02-21 - Tutor-lms-bewertungen-wordpress-beste-loesung - Thumbnail Pinterest.jpg,image/jpeg,123246,2026-02-11T10:08:30.845Z,2025-02-21T09:25:57.456Z,0,,False,image,michaelkihlpro@gmail.com
1ikdp47I3tX4QsQHa5S73uPenxGA31tVN,2025-02-21 - Tutor-lms-beste-lms-loesung-wordpress - Thumbnail Pinterest.jpg,2025-02-21 - Tutor-lms-beste-lms-loesung-wordpress - Thumbnail Pinterest.jpg,image/jpeg,129602,2026-02-11T10:08:30.274Z,2025-02-21T09:25:57.340Z,0,,False,image,michaelkihlpro@gmail.com
1gptqOnYj4TkryeRaeC8fZdlbqg6ckS2_,2025-02-16 - Skoatch-bewertungen-ki-seo-tool - Thumbnail Pinterest.jpg,2025-02-16 - Skoatch-bewertungen-ki-seo-tool - Thumbnail Pinterest.jpg,image/jpeg,127227,2026-02-11T10:08:29.717Z,2025-02-16T17:55:29.724Z,0,,False,image,michaelkihlpro@gmail.com
1gsheoOJl1SwnITf5SpnefNvuvwvBJ3B_,2025-02-16 - Skoatch-leistung-ki-redaktion - Thumbnail Pinterest.jpg,2025-02-16 - Skoatch-leistung-ki-redaktion - Thumbnail Pinterest.jpg,image/jpeg,113812,2026-02-11T10:08:29.074Z,2025-02-16T17:55:29.659Z,0,,False,image,michaelkihlpro@gmail.com
1chlhe-ItEN5iqGmIiaosO6G-RW6L8pYw,2025-02-03 - Wordpress-uebersetzung-plugin-test - Thumbnail Pinterest.jpg,2025-02-03 - Wordpress-uebersetzung-plugin-test - Thumbnail Pinterest.jpg,image/jpeg,124550,2026-02-11T10:08:28.515Z,2025-02-03T13:52:36.607Z,0,,False,image,michaelkihlpro@gmail.com
1cnWx0KY3-SIt3Ptc4qBVMY6upH7GhBlq,2025-02-03 - Wordpress-uebersetzung-plugin-seo-optimiert - Thumbnail Pinterest.jpg,2025-02-03 - Wordpress-uebersetzung-plugin-seo-optimiert - Thumbnail Pinterest.jpg,image/jpeg,127391,2026-02-11T10:08:27.957Z,2025-02-03T13:52:36.542Z,0,,False,image,michaelkihlpro@gmail.com
1Z8aI-txv24ZTFqEgvgNO3oiDNYanMilU,2025-01-16 - Wishlist-member-wordpress-plugin-mitgliederverwaltung - Thumbnail Pinterest.jpg,2025-01-16 - Wishlist-member-wordpress-plugin-mitgliederverwaltung - Thumbnail Pinterest.jpg,image/jpeg,125198,2026-02-11T10:08:27.316Z,2025-01-16T13:06:38.755Z,0,,False,image,michaelkihlpro@gmail.com
1ZEUPz5PruWcdlOtLbnZ-1RVhEZ82QRuL,2025-01-16 - Wishlist-member-wordpress-plugin - Thumbnail Pinterest.jpg,2025-01-16 - Wishlist-member-wordpress-plugin - Thumbnail Pinterest.jpg,image/jpeg,113090,2026-02-11T10:08:26.622Z,2025-01-16T13:06:38.719Z,0,,False,image,michaelkihlpro@gmail.com
1Xm9EkELjgIO9hmbpXUBWFUI9vFJUTSDd,2025-01-11 - Wp-umbrella-wordpress-websites-verwalten - Thumbnail Pinterest.jpg,2025-01-11 - Wp-umbrella-wordpress-websites-verwalten - Thumbnail Pinterest.jpg,image/jpeg,131804,2026-02-11T10:08:25.963Z,2025-01-11T12:46:33.521Z,0,,False,image,michaelkihlpro@gmail.com
1XqgdhNXLmN-WvbhpCAx1s3IYO825M2gR,2025-01-11 - Wp-umbrella-wordpress-agenturen-lieben - Thumbnail Pinterest.jpg,2025-01-11 - Wp-umbrella-wordpress-agenturen-lieben - Thumbnail Pinterest.jpg,image/jpeg,120950,2026-02-11T10:08:25.398Z,2025-01-11T12:46:33.407Z,0,,False,image,michaelkihlpro@gmail.com
1UhPTsVFDqjjs5xyHuFDeNfXkC443I33l,2025-01-10 - Thot-seo-nr-1-tool-semantische-optimierung - Thumbnail Pinterest.jpg,2025-01-10 - Thot-seo-nr-1-tool-semantische-optimierung - Thumbnail Pinterest.jpg,image/jpeg,112125,2026-02-11T10:08:24.829Z,2025-01-10T09:44:33.527Z,0,,False,image,michaelkihlpro@gmail.com
1Uc0V-MSZo2nttFu2pkxMSxn6eTIBtdYo,2025-01-10 - Thot-seo-semantisches-tool-google-dominieren - Thumbnail Pinterest.jpg,2025-01-10 - Thot-seo-semantisches-tool-google-dominieren - Thumbnail Pinterest.jpg,image/jpeg,110528,2026-02-11T10:08:24.125Z,2025-01-10T09:44:33.590Z,0,,False,image,michaelkihlpro@gmail.com
1U2Jqy5w3apHh1Y51Ncs80YiNwnFMHMCb,2025-01-09 - Wordpress-datenbank-bereinigen-anleitung-plugins - Thumbnail Pinterest.jpg,2025-01-09 - Wordpress-datenbank-bereinigen-anleitung-plugins - Thumbnail Pinterest.jpg,image/jpeg,127579,2026-02-11T10:08:23.592Z,2025-01-09T13:44:29.325Z,0,,False,image,michaelkihlpro@gmail.com
1UBSx9iRRC1j25-lg-sP0KiCG80d9TUTU,2025-01-09 - Wordpress-datenbank-bereinigen-guide-plugins - Thumbnail Pinterest.jpg,2025-01-09 - Wordpress-datenbank-bereinigen-guide-plugins - Thumbnail Pinterest.jpg,image/jpeg,123489,2026-02-11T10:08:23.061Z,2025-01-09T13:44:29.242Z,0,,False,image,michaelkihlpro@gmail.com
1RuVHtrJKJA3Pek6c4BjURcdY2p29e-n9,2025-01-07 - Wordpress-community-fluentcommunity-plugin - Thumbnail Pinterest.jpg,2025-01-07 - Wordpress-community-fluentcommunity-plugin - Thumbnail Pinterest.jpg,image/jpeg,117566,2026-02-11T10:08:22.479Z,2025-01-07T13:46:06.849Z,0,,False,image,michaelkihlpro@gmail.com
1RtGU7A25jaRcIBBywxmyM6OgEE-qWFBY,2025-01-07 - Wordpress-community-mit-fluentcommunity-erstellen - Thumbnail Pinterest.jpg,2025-01-07 - Wordpress-community-mit-fluentcommunity-erstellen - Thumbnail Pinterest.jpg,image/jpeg,111404,2026-02-11T10:08:20.473Z,2025-01-07T13:46:06.928Z,0,,False,image,michaelkihlpro@gmail.com
1Rfwmv714hu8K1RXxHN-1kdk8l6rXzGZ0,2025-01-07 - Was-ist-gutenberg-wordpress - Thumbnail Pinterest.jpg,2025-01-07 - Was-ist-gutenberg-wordpress - Thumbnail Pinterest.jpg,image/jpeg,99108,2026-02-11T10:08:19.924Z,2025-01-07T12:26:58.996Z,0,,False,image,michaelkihlpro@gmail.com
1ReY35ynv3qXDbURk1sHGDOI9LjiKh0cl,2025-01-07 - Entdecken-sie-gutenberg-wordpress - Thumbnail Pinterest.jpg,2025-01-07 - Entdecken-sie-gutenberg-wordpress - Thumbnail Pinterest.jpg,image/jpeg,120848,2026-02-11T10:08:19.303Z,2025-01-07T12:26:59.121Z,0,,False,image,michaelkihlpro@gmail.com
1OgrXduXf3Q_Y9PTly9W8MvEUlz7wJ-lN,2024-12-23 - Wp-marmite-pay-vereinfacht-zahlungen-wordpress - Thumbnail Pinterest.jpg,2024-12-23 - Wp-marmite-pay-vereinfacht-zahlungen-wordpress - Thumbnail Pinterest.jpg,image/jpeg,114599,2026-02-11T10:08:18.801Z,2024-12-23T13:40:41.956Z,0,,False,image,michaelkihlpro@gmail.com
1OdFsGfauJeWO9UFyg6dao05JHmBkrew0,2024-12-23 - Wp-marmite-pay-einfach-online-verkaufen-mit-stripe - Thumbnail Pinterest.jpg,2024-12-23 - Wp-marmite-pay-einfach-online-verkaufen-mit-stripe - Thumbnail Pinterest.jpg,image/jpeg,109665,2026-02-11T10:08:18.011Z,2024-12-23T13:40:42.028Z,0,,False,image,michaelkihlpro@gmail.com
1O8u_c1mg_Nwup8xH9oDk70UGDqwOJEmq,2024-12-21 - Zipwp-revolution-wordpress-seiten-ki - Thumbnail Pinterest.jpg,2024-12-21 - Zipwp-revolution-wordpress-seiten-ki - Thumbnail Pinterest.jpg,image/jpeg,115626,2026-02-11T10:08:17.464Z,2024-12-21T11:52:50.110Z,0,,False,image,michaelkihlpro@gmail.com
1ODrdSdkhl8oP4FpQbAm-M7MtrGNiZfaw,2024-12-21 - Zipwp-wordpress-website-rekordzeit-ki - Thumbnail Pinterest.jpg,2024-12-21 - Zipwp-wordpress-website-rekordzeit-ki - Thumbnail Pinterest.jpg,image/jpeg,112328,2026-02-11T10:08:16.956Z,2024-12-21T11:52:50.036Z,0,,False,image,michaelkihlpro@gmail.com
1LaU4X7z_blngQo4s5kHEl2p5qwHwK8Tg,2024-12-20 - Wpboutik-online-handel-wordpress - Thumbnail Pinterest.jpg,2024-12-20 - Wpboutik-online-handel-wordpress - Thumbnail Pinterest.jpg,image/jpeg,110688,2026-02-11T10:08:16.322Z,2024-12-20T11:14:31.203Z,0,,False,image,michaelkihlpro@gmail.com
1LbI-sUdoTBDafe-AVVrsLz0ZCDa86Aa6,2024-12-20 - Wpboutik-e-commerce-wordpress-optimierung - Thumbnail Pinterest.jpg,2024-12-20 - Wpboutik-e-commerce-wordpress-optimierung - Thumbnail Pinterest.jpg,image/jpeg,120346,2026-02-11T10:08:15.836Z,2024-12-20T11:14:31.134Z,0,,False,image,michaelkihlpro@gmail.com
1KCesT9xUU7CDFjn2ObPz0GjmmdZrhPhM,2024-12-16 - Wordpress-playground-online-testen - Thumbnail Pinterest.jpg,2024-12-16 - Wordpress-playground-online-testen - Thumbnail Pinterest.jpg,image/jpeg,125641,2026-02-11T10:08:15.243Z,2024-12-16T10:33:34.690Z,0,,False,image,michaelkihlpro@gmail.com
1INUvgToXs_z7BsuX3pcia2fN-RKQq1se,2024-12-10 - Wordpress-plugins-transformieren-ohne-coden - Thumbnail Pinterest.jpg,2024-12-10 - Wordpress-plugins-transformieren-ohne-coden - Thumbnail Pinterest.jpg,image/jpeg,126706,2026-02-11T10:08:14.669Z,2024-12-10T15:43:19.357Z,0,,False,image,michaelkihlpro@gmail.com
1IKnNHunT-pYMvM0ShqBMirb-_-AqEol9,2024-12-10 - Was-ist-ein-wordpress-plugin-effektive-nutzung - Thumbnail Pinterest.jpg,2024-12-10 - Was-ist-ein-wordpress-plugin-effektive-nutzung - Thumbnail Pinterest.jpg,image/jpeg,119574,2026-02-11T10:08:14.121Z,2024-12-10T15:43:19.392Z,0,,False,image,michaelkihlpro@gmail.com
1G0b_c-6WDEb1YKDa3zCONJS00C0npRER,2024-12-09 - Was ist die Erstellung einer maßgeschneiderten WordPress-Website und welche V... - Thumbnail Pinterest.jpg,2024-12-09 - Was ist die Erstellung einer maßgeschneiderten WordPress-Website und welche V... - Thumbnail Pinterest.jpg,image/jpeg,153507,2026-02-11T10:08:13.547Z,2024-12-09T10:47:49.219Z,0,,False,image,michaelkihlpro@gmail.com
1G0e_iOHyL_xDw2LJFC9HKsX4yfS4e6Y1,2024-12-09 - Erstellung-massgeschneiderte-wordpress-website-heben-sie-ab - Thumbnail Pinterest.jpg,2024-12-09 - Erstellung-massgeschneiderte-wordpress-website-heben-sie-ab - Thumbnail Pinterest.jpg,image/jpeg,126924,2026-02-11T10:08:12.950Z,2024-12-09T10:47:49.154Z,0,,False,image,michaelkihlpro@gmail.com
1GNeBTWMgxgzvjR64UdSkmFySEl8zdLhF,2024-12-10 - Sureforms-wordpress-ki-formular-plugin - Thumbnail Pinterest.jpg,2024-12-10 - Sureforms-wordpress-ki-formular-plugin - Thumbnail Pinterest.jpg,image/jpeg,113475,2026-02-11T10:08:12.361Z,2024-12-10T07:46:29.719Z,0,,False,image,michaelkihlpro@gmail.com
1GOI4HHnxk2z4DkdhSPIpAA70XQFg786q,2024-12-10 - Sureforms-wordpress-formular-ersteller - Thumbnail Pinterest.jpg,2024-12-10 - Sureforms-wordpress-formular-ersteller - Thumbnail Pinterest.jpg,image/jpeg,125146,2026-02-11T10:08:11.170Z,2024-12-10T07:46:29.661Z,0,,False,image,michaelkihlpro@gmail.com
1E_VzOOHX9WHvXzg-iVjsPpB0bFNmstP5,2024-12-05 - Suremembers-wordpress-membership-plugin-verdiene-mehr - Thumbnail Pinterest.jpg,2024-12-05 - Suremembers-wordpress-membership-plugin-verdiene-mehr - Thumbnail Pinterest.jpg,image/jpeg,116388,2026-02-11T10:08:10.650Z,2024-12-05T07:48:54.729Z,0,,False,image,michaelkihlpro@gmail.com
1EY_85RvH8KdH_sPDbxRJp4YFC2fz0T3N,2024-12-05 - Suremembers-bestes-mitgliedschafts-plugin-wordpress - Thumbnail Pinterest.jpg,2024-12-05 - Suremembers-bestes-mitgliedschafts-plugin-wordpress - Thumbnail Pinterest.jpg,image/jpeg,127325,2026-02-11T10:08:10.131Z,2024-12-05T07:48:54.853Z,0,,False,image,michaelkihlpro@gmail.com
1CshxdOr2a93wrOZi5rmechRrydjZdkyK,2024-11-30 - Wordpress-slugs-seo-optimieren - Thumbnail Pinterest.jpg,2024-11-30 - Wordpress-slugs-seo-optimieren - Thumbnail Pinterest.jpg,image/jpeg,119975,2026-02-11T10:08:09.320Z,2024-11-30T18:57:52.679Z,0,,False,image,michaelkihlpro@gmail.com
1ClnkqSjsUfeBc5UfESRg9flO2EuTcR8D,2024-11-30 - Ein-slug-in-wordpress-optimieren - Thumbnail Pinterest.jpg,2024-11-30 - Ein-slug-in-wordpress-optimieren - Thumbnail Pinterest.jpg,image/jpeg,120902,2026-02-11T10:08:08.796Z,2024-11-30T18:57:52.786Z,0,,False,image,michaelkihlpro@gmail.com
16FQZc88Sh3hVIXOItC7LEk5fs2_9d6Lv,2024-11-12 - Meinungen-ueber-linkuma-referenz-fuer-netlinking - Thumbnail Pinterest.jpg,2024-11-12 - Meinungen-ueber-linkuma-referenz-fuer-netlinking - Thumbnail Pinterest.jpg,image/jpeg,110030,2026-02-11T10:08:08.068Z,2024-11-12T13:04:54.674Z,0,,False,image,michaelkihlpro@gmail.com
16BMbf-d4GgAPkWLHVeY1TgmBojHrKn0_,2024-11-12 - Linkuma-hochwertige-backlinks-netlinking-vereinfacht-7-euro - Thumbnail Pinterest.jpg,2024-11-12 - Linkuma-hochwertige-backlinks-netlinking-vereinfacht-7-euro - Thumbnail Pinterest.jpg,image/jpeg,118299,2026-02-11T10:08:07.500Z,2024-11-12T13:04:54.718Z,0,,False,image,michaelkihlpro@gmail.com
15O4EmH7TZdbHWLK_4MDLayRJMQ3NotcM,2024-11-09 - Seokey-seo-plugin-sichtbarkeit-wordpress-website - Thumbnail Pinterest.jpg,2024-11-09 - Seokey-seo-plugin-sichtbarkeit-wordpress-website - Thumbnail Pinterest.jpg,image/jpeg,120142,2026-02-11T10:08:06.946Z,2024-11-09T14:56:28.093Z,0,,False,image,michaelkihlpro@gmail.com
15MsCwqh3I94P4sgEZYULf6G7Yy4m3eI7,2024-11-09 - Seokey-essentielles-seo-plugin-wordpress - Thumbnail Pinterest.jpg,2024-11-09 - Seokey-essentielles-seo-plugin-wordpress - Thumbnail Pinterest.jpg,image/jpeg,106522,2026-02-11T10:08:06.281Z,2024-11-09T14:56:28.183Z,0,,False,image,michaelkihlpro@gmail.com
14k5JEIGciW7vsufT6DFB8r7CwlaMM_M-,2024-11-07 - Tastewp-wordpress-website-einfach-erstellen - Thumbnail Pinterest.jpg,2024-11-07 - Tastewp-wordpress-website-einfach-erstellen - Thumbnail Pinterest.jpg,image/jpeg,124333,2026-02-11T10:08:05.753Z,2024-11-07T10:16:06.614Z,0,,False,image,michaelkihlpro@gmail.com
14lYfG9vGVzyR10r2kxHVnAoCsN4s6Q8l,2024-11-07 - Erstellen-wordpress-website-ohne-installation-tastewp - Thumbnail Pinterest.jpg,2024-11-07 - Erstellen-wordpress-website-ohne-installation-tastewp - Thumbnail Pinterest.jpg,image/jpeg,112777,2026-02-11T10:08:05.199Z,2024-11-07T10:16:06.567Z,0,,False,image,michaelkihlpro@gmail.com
1VN8NYveHEbsW_id3XVXTTK4n1mgeaNy6,2024-03-13 - Fluentbooking-vs-amelia-booking-plugin-wordpress - Thumbnail Pinterest.jpg,2024-03-13 - Fluentbooking-vs-amelia-booking-plugin-wordpress - Thumbnail Pinterest.jpg,image/jpeg,140039,2026-02-11T10:08:04.669Z,2024-03-13T16:32:37.579Z,0,,False,image,michaelkihlpro@gmail.com
1VPXv9zNuuN46QcK1if_Fj0xwOeB0hT2F,2024-03-13 - Comparaison-fluentbooking-amelia-booking-wordpress - Thumbnail Pinterest.jpg,2024-03-13 - Comparaison-fluentbooking-amelia-booking-wordpress - Thumbnail Pinterest.jpg,image/jpeg,128614,2026-02-11T10:08:04.102Z,2024-03-13T16:32:37.591Z,0,,False,image,michaelkihlpro@gmail.com
1b7Ppa0BT11cGzd8PrHWZgN-AXgnmDst-,2024-07-13 - Divi-builder-vs-elementor-pro-duel-extensions-wordpress - Thumbnail Pinterest.jpg,2024-07-13 - Divi-builder-vs-elementor-pro-duel-extensions-wordpress - Thumbnail Pinterest.jpg,image/jpeg,122786,2026-02-11T10:08:03.497Z,2024-07-13T18:31:35.982Z,0,,False,image,michaelkihlpro@gmail.com
1b9jyMjPHoL87aPXRStg5RaEUCZOSBqz0,2024-07-13 - Comparatif-elementor-pro-vs-divi-builder - Thumbnail Pinterest.jpg,2024-07-13 - Comparatif-elementor-pro-vs-divi-builder - Thumbnail Pinterest.jpg,image/jpeg,118347,2026-02-11T10:08:02.901Z,2024-07-13T18:31:35.933Z,0,,False,image,michaelkihlpro@gmail.com
1ry7NbQZCnDtEcfY7aDvKEMZYiIJBnhPc,2024-09-21 - Suretriggers-vs-zapier-meilleure-solution-automation - Thumbnail Pinterest.jpg,2024-09-21 - Suretriggers-vs-zapier-meilleure-solution-automation - Thumbnail Pinterest.jpg,image/jpeg,137690,2026-02-11T10:08:01.774Z,2024-09-21T08:51:24.862Z,0,,False,image,michaelkihlpro@gmail.com
1s2gwLL_cWBR7wnwhMlzrfwhCF-7PboLQ,2024-09-21 - Suretriggers-vs-zapier-outil-automatisation - Thumbnail Pinterest.jpg,2024-09-21 - Suretriggers-vs-zapier-outil-automatisation - Thumbnail Pinterest.jpg,image/jpeg,134246,2026-02-11T10:08:01.278Z,2024-09-21T08:51:24.772Z,0,,False,image,michaelkihlpro@gmail.com
10cPRazWwB2DZWQxQpGT1BnF-XEoPzSjR,2024-10-26 - Local-wp-local-by-flywheel-vs-xampp-pour-wordpress - Thumbnail Pinterest.jpg,2024-10-26 - Local-wp-local-by-flywheel-vs-xampp-pour-wordpress - Thumbnail Pinterest.jpg,image/jpeg,116364,2026-02-11T10:08:00.783Z,2024-10-26T14:30:56.675Z,0,,False,image,michaelkihlpro@gmail.com
10ggvz0l5P-ksXNoqzI9Bs_7XtWGUJY1Y,2024-10-26 - Local-by-flywheel-vs-xampp-installation-wordpress-local - Thumbnail Pinterest.jpg,2024-10-26 - Local-by-flywheel-vs-xampp-installation-wordpress-local - Thumbnail Pinterest.jpg,image/jpeg,117703,2026-02-11T10:08:00.044Z,2024-10-26T14:30:56.563Z,0,,False,image,michaelkihlpro@gmail.com
15wmVUIpppc-hi-E0-iz1XwOcLx5UncI8,2024-11-11 - Sureforms-plugin-formulaires-wordpress-ia-simple-puissant - Thumbnail Pinterest.jpg,2024-11-11 - Sureforms-plugin-formulaires-wordpress-ia-simple-puissant - Thumbnail Pinterest.jpg,image/jpeg,120520,2026-02-11T10:07:59.510Z,2024-11-11T17:17:20.422Z,0,,False,image,michaelkihlpro@gmail.com
15vFM3rX3Lc0_Ru5A6Jq25CtzwBf3yFd1,2024-11-11 - Sureforms-createur-formulaires-wordpress-ia - Thumbnail Pinterest.jpg,2024-11-11 - Sureforms-createur-formulaires-wordpress-ia - Thumbnail Pinterest.jpg,image/jpeg,108126,2026-02-11T10:07:58.920Z,2024-11-11T17:17:20.508Z,0,,False,image,michaelkihlpro@gmail.com
1ZcTpeWVJjMF9MrklF2ReFD5QCA3A8YQX,2025-01-16 - Latepoint-plugin-wordpress-reservation - Thumbnail Pinterest.jpg,2025-01-16 - Latepoint-plugin-wordpress-reservation - Thumbnail Pinterest.jpg,image/jpeg,121633,2026-02-11T10:07:58.171Z,2025-01-16T16:25:33.983Z,0,,False,image,michaelkihlpro@gmail.com
1ZexZdb7OejptY6usWE4xtYHubu0nBZqY,2025-01-16 - Latepoint-plugin-reservation-wordpress-intuitif-rapide - Thumbnail Pinterest.jpg,2025-01-16 - Latepoint-plugin-reservation-wordpress-intuitif-rapide - Thumbnail Pinterest.jpg,image/jpeg,122875,2026-02-11T10:07:57.479Z,2025-01-16T16:25:33.919Z,0,,False,image,michaelkihlpro@gmail.com
1ky02djbNpORVCagvWt9xInrPfr-8LdJ7,2025-08-01 - Droip-avis-webflow-wordpress-sans-code - Thumbnail Pinterest.jpg,2025-08-01 - Droip-avis-webflow-wordpress-sans-code - Thumbnail Pinterest.jpg,image/jpeg,108655,2026-02-11T10:07:56.875Z,2025-08-01T08:32:54.417Z,0,,False,image,michaelkihlpro@gmail.com
1aAGxnO7HdDvW3eIbyPVC5J5Zq1gCeX6g,2025-08-01 - Droip-alternative-wordpress-webflow-sans-plugin - Thumbnail Pinterest.jpg,2025-08-01 - Droip-alternative-wordpress-webflow-sans-plugin - Thumbnail Pinterest.jpg,image/jpeg,108080,2026-02-11T10:07:55.818Z,2025-08-01T08:32:54.361Z,0,,False,image,michaelkihlpro@gmail.com
1-b3ZEmVQDFWC95ct0S_JFzLVWcIEJHQ2,2025-06-09 - Code-promo-rapyd-cloud-reduction-hebergement-wordpress - Thumbnail Pinterest.jpg,2025-06-09 - Code-promo-rapyd-cloud-reduction-hebergement-wordpress - Thumbnail Pinterest.jpg,image/jpeg,148397,2026-02-11T10:07:55.196Z,2025-06-09T14:05:29.450Z,0,,False,image,michaelkihlpro@gmail.com
1CBSYwGmbF8N3BEw1BM3MCyWc8YwlTW4r,2025-06-09 - Code-promo-rapyd-cloud-25-remise-wordpress - Thumbnail Pinterest.jpg,2025-06-09 - Code-promo-rapyd-cloud-25-remise-wordpress - Thumbnail Pinterest.jpg,image/jpeg,147630,2026-02-11T10:07:54.659Z,2025-06-09T14:05:29.370Z,0,,False,image,michaelkihlpro@gmail.com
147LGXFr_wpVRVCs7xRKjwi5zedS9rJTz,2025-05-24 - Code-promotionnel-fluentcrm-20-pourcent-schoolswp - Thumbnail Pinterest.jpg,2025-05-24 - Code-promotionnel-fluentcrm-20-pourcent-schoolswp - Thumbnail Pinterest.jpg,image/jpeg,123712,2026-02-11T10:07:54.052Z,2025-05-24T13:17:49.849Z,0,,False,image,michaelkihlpro@gmail.com
14AVECfrhS6u9xdQIyTJImyNeT4wihvZq,2025-05-24 - Code-promo-fluentcrm-offre-exclusive-schoolswp - Thumbnail Pinterest.jpg,2025-05-24 - Code-promo-fluentcrm-offre-exclusive-schoolswp - Thumbnail Pinterest.jpg,image/jpeg,131266,2026-02-11T10:07:53.449Z,2025-05-24T13:17:49.816Z,0,,False,image,michaelkihlpro@gmail.com
12cFAJhy55L-QKvRghUjWyR4EC0hbozrI,2025-05-17 - O2switch-avis-hebergeur-francais-ultra-fiable - Thumbnail Pinterest.jpg,2025-05-17 - O2switch-avis-hebergeur-francais-ultra-fiable - Thumbnail Pinterest.jpg,image/jpeg,132831,2026-02-11T10:07:52.772Z,2025-05-17T08:20:26.279Z,0,,False,image,michaelkihlpro@gmail.com
12cdqnyAP2lvV5eDjaUWV3sh5HBNPf0xd,2025-05-17 - O2switch-avis-hebergeur-francais - Thumbnail Pinterest.jpg,2025-05-17 - O2switch-avis-hebergeur-francais - Thumbnail Pinterest.jpg,image/jpeg,131535,2026-02-11T10:07:52.250Z,2025-05-17T08:20:26.232Z,0,,False,image,michaelkihlpro@gmail.com
1zx5h01P990R2di6ZkkatxpDQbiFipgLe,2025-05-02 - Apprendre-wordpress-guide-debutant-autonomie - Thumbnail Pinterest.jpg,2025-05-02 - Apprendre-wordpress-guide-debutant-autonomie - Thumbnail Pinterest.jpg,image/jpeg,131978,2026-02-11T10:07:51.598Z,2025-05-02T06:25:14.630Z,0,,False,image,michaelkihlpro@gmail.com
1zv3LjdoA700ksZV78fxNbEsCh-ZDnF01,2025-05-02 - Apprendre-wordpress-sans-coder - Thumbnail Pinterest.jpg,2025-05-02 - Apprendre-wordpress-sans-coder - Thumbnail Pinterest.jpg,image/jpeg,123133,2026-02-11T10:07:51.026Z,2025-05-02T06:25:14.713Z,0,,False,image,michaelkihlpro@gmail.com
1xeN25K57_Ej0OpBButCTPy175HioYSd0,2025-04-17 - Learndash-plugin-wordpress-lms - Thumbnail Pinterest.jpg,2025-04-17 - Learndash-plugin-wordpress-lms - Thumbnail Pinterest.jpg,image/jpeg,126171,2026-02-11T10:07:50.450Z,2025-04-17T16:01:13.745Z,0,,False,image,michaelkihlpro@gmail.com
1xdQGTbzF3b1SdJZ7COYuAHgb7Z4Ln0ps,2025-04-17 - Learndash-plugin-wordpress-formations - Thumbnail Pinterest.jpg,2025-04-17 - Learndash-plugin-wordpress-formations - Thumbnail Pinterest.jpg,image/jpeg,118161,2026-02-11T10:07:49.877Z,2025-04-17T16:01:13.782Z,0,,False,image,michaelkihlpro@gmail.com
1qf_hMTbkMFtSN9Tu-GOUKoaT2tEbvE48,2025-03-14 - Link-whisper-outil-seo-incontournable-wordpress - Thumbnail Pinterest.jpg,2025-03-14 - Link-whisper-outil-seo-incontournable-wordpress - Thumbnail Pinterest.jpg,image/jpeg,101202,2026-02-11T10:07:49.165Z,2025-03-14T10:42:44.124Z,0,,False,image,michaelkihlpro@gmail.com
1qe-MZJvgbGdB0EPV_MiPHupkGlHlufeb,2025-03-14 - Link-whisper-plugin-wordpress-maillage-interne-seo - Thumbnail Pinterest.jpg,2025-03-14 - Link-whisper-plugin-wordpress-maillage-interne-seo - Thumbnail Pinterest.jpg,image/jpeg,122367,2026-02-11T10:07:48.573Z,2025-03-14T10:42:44.168Z,0,,False,image,michaelkihlpro@gmail.com
1lCn-m-sLid1ZMeiB9KRbT5FudNPsmxIT,2025-03-03 - Hebergement-wordpress-performant-rapyd-cloud - Thumbnail Pinterest.jpg,2025-03-03 - Hebergement-wordpress-performant-rapyd-cloud - Thumbnail Pinterest.jpg,image/jpeg,130556,2026-02-11T10:07:48.084Z,2025-03-03T14:20:40.185Z,0,,False,image,michaelkihlpro@gmail.com
1d6KGFPdgIr36Al-yBvkTlCuozmW3FZNo,2025-02-10 - Academy-lms-wordpress-lancer-academie-1-clic - Thumbnail Pinterest.jpg,2025-02-10 - Academy-lms-wordpress-lancer-academie-1-clic - Thumbnail Pinterest.jpg,image/jpeg,124697,2026-02-11T10:07:47.534Z,2025-02-10T09:31:31.387Z,0,,False,image,michaelkihlpro@gmail.com
1alYE_lnLlYtesmr9a5umQVnACZv7DHuN,2025-01-24 - Skoatch-avis-outil-ia-seo - Thumbnail Pinterest.jpg,2025-01-24 - Skoatch-avis-outil-ia-seo - Thumbnail Pinterest.jpg,image/jpeg,118979,2026-02-11T10:07:47.032Z,2025-01-24T10:25:08.038Z,0,,False,image,michaelkihlpro@gmail.com
1alBBdu-nzb-KbFWWoKHyc_cWSHxtKSXQ,2025-01-24 - Skoatch-performance-efficacite-redaction-ia - Thumbnail Pinterest.jpg,2025-01-24 - Skoatch-performance-efficacite-redaction-ia - Thumbnail Pinterest.jpg,image/jpeg,119179,2026-02-11T10:07:46.462Z,2025-01-24T10:25:08.319Z,0,,False,image,michaelkihlpro@gmail.com
1_4CVWPVAZnwVBcGrLkhEpFa-AB2qUXNy,2025-01-16 - Traduire-sans-migraine-test-plugin-wordpress - Thumbnail Pinterest.jpg,2025-01-16 - Traduire-sans-migraine-test-plugin-wordpress - Thumbnail Pinterest.jpg,image/jpeg,126141,2026-02-11T10:07:45.820Z,2025-01-16T17:18:56.806Z,0,,False,image,michaelkihlpro@gmail.com
1ZzWc_xn24UQyZak_hEAekOKEfjWb1yuN,2025-01-16 - Plugin-wordpress-traduction-optimise-seo - Thumbnail Pinterest.jpg,2025-01-16 - Plugin-wordpress-traduction-optimise-seo - Thumbnail Pinterest.jpg,image/jpeg,131914,2026-02-11T10:07:45.177Z,2025-01-16T17:18:56.872Z,0,,False,image,michaelkihlpro@gmail.com
1Pvh6K16MCbrQzQ1-FkSTQ5LTKtD1HGrC,2025-01-02 - Quest-ce-que-gutenberg-wordpress - Thumbnail Pinterest.jpg,2025-01-02 - Quest-ce-que-gutenberg-wordpress - Thumbnail Pinterest.jpg,image/jpeg,111216,2026-02-11T10:07:44.063Z,2025-01-02T08:55:41.606Z,0,,False,image,michaelkihlpro@gmail.com
1OtmvfcMaNseIvv4Wmi6Mpohr3xkuXf0M,2024-12-30 - Thot-seo-outil-semantique-dominer-google - Thumbnail Pinterest.jpg,2024-12-30 - Thot-seo-outil-semantique-dominer-google - Thumbnail Pinterest.jpg,image/jpeg,104291,2026-02-11T10:07:43.440Z,2024-12-30T11:49:16.585Z,0,,False,image,michaelkihlpro@gmail.com
1OszjGjYs-_ugATBRbHiZFdsn_1Tkw1VR,2024-12-30 - Thot-seo-outil-optimisation-semantique - Thumbnail Pinterest.jpg,2024-12-30 - Thot-seo-outil-optimisation-semantique - Thumbnail Pinterest.jpg,image/jpeg,110111,2026-02-11T10:07:42.719Z,2024-12-30T11:49:16.701Z,0,,False,image,michaelkihlpro@gmail.com
1L86QWUJs4jbR7cxA3dZj5E0i6HdUnWCE,2024-12-18 - Fluentcommunity-construire-communaute-wordpress-facilement - Thumbnail Pinterest.jpg,2024-12-18 - Fluentcommunity-construire-communaute-wordpress-facilement - Thumbnail Pinterest.jpg,image/jpeg,121149,2026-02-11T10:07:42.079Z,2024-12-18T17:15:11.967Z,0,,False,image,michaelkihlpro@gmail.com
1L9d5hfICoa_9Q11xn4Of9Wxo_MIrYHpz,2024-12-18 - Creez-communaute-wordpress-fluentcommunity-plugin - Thumbnail Pinterest.jpg,2024-12-18 - Creez-communaute-wordpress-fluentcommunity-plugin - Thumbnail Pinterest.jpg,image/jpeg,113338,2026-02-11T10:07:41.576Z,2024-12-18T17:15:11.927Z,0,,False,image,michaelkihlpro@gmail.com
1Eso7rl_O0SSWfU8LVhVdfW3I0f5gbIt8,2024-12-05 - Avantages-site-wordpress-sur-mesure - Thumbnail Pinterest.jpg,2024-12-05 - Avantages-site-wordpress-sur-mesure - Thumbnail Pinterest.jpg,image/jpeg,127174,2026-02-11T10:07:41.025Z,2024-12-05T15:51:53.210Z,0,,False,image,michaelkihlpro@gmail.com
1EtuN53Ot9UcHmfM28WlLU6_XP4fr2gXm,2024-12-05 - Creation-site-wordpress-sur-mesure - Thumbnail Pinterest.jpg,2024-12-05 - Creation-site-wordpress-sur-mesure - Thumbnail Pinterest.jpg,image/jpeg,122246,2026-02-11T10:07:40.560Z,2024-12-05T15:51:53.079Z,0,,False,image,michaelkihlpro@gmail.com
1BSjaojpjEJXSj-Csr07pYhxWCm_mZ_wM,2024-11-25 - Tester-wordpress-playground-en-ligne - Thumbnail Pinterest.jpg,2024-11-25 - Tester-wordpress-playground-en-ligne - Thumbnail Pinterest.jpg,image/jpeg,120623,2026-02-11T10:07:40.048Z,2024-11-25T19:18:10.483Z,0,,False,image,michaelkihlpro@gmail.com
1BPUF35O4vRvH_nr2RqwGO34N6WYZbwSp,2024-11-25 - Wordpress-playground-guide-introduction - Thumbnail Pinterest.jpg,2024-11-25 - Wordpress-playground-guide-introduction - Thumbnail Pinterest.jpg,image/jpeg,114298,2026-02-11T10:07:39.540Z,2024-11-25T19:18:10.533Z,0,,False,image,michaelkihlpro@gmail.com
19tVFTlsfGtnm7ZASQLt6kC_mXjnotXP1,2024-11-24 - Link-finder-optimisation-strategie-netlinking - Thumbnail Pinterest.jpg,2024-11-24 - Link-finder-optimisation-strategie-netlinking - Thumbnail Pinterest.jpg,image/jpeg,116417,2026-02-11T10:07:38.988Z,2024-11-24T18:39:01.662Z,0,,False,image,michaelkihlpro@gmail.com
18g3gDHS8unTBBRzsSKaxeGAGKQyOH4IJ,2024-11-20 - Slug-wordpress-meilleurs-pratiques-seo - Thumbnail Pinterest.jpg,2024-11-20 - Slug-wordpress-meilleurs-pratiques-seo - Thumbnail Pinterest.jpg,image/jpeg,111072,2026-02-11T10:07:38.330Z,2024-11-20T17:38:52.059Z,0,,False,image,michaelkihlpro@gmail.com
18mD7IJQGDvuQeIzWE0Vwv-XMupx35K_Y,2024-11-20 - Optimiser-slugs-wordpress-seo - Thumbnail Pinterest.jpg,2024-11-20 - Optimiser-slugs-wordpress-seo - Thumbnail Pinterest.jpg,image/jpeg,113247,2026-02-11T10:07:37.786Z,2024-11-20T17:38:52.017Z,0,,False,image,michaelkihlpro@gmail.com
11_GW7z2tIsZfCvQBS-lrWWVjSa54ikSL,2024-11-06 - Tastewp-creer-facilement-site-wordpress - Thumbnail Pinterest.jpg,2024-11-06 - Tastewp-creer-facilement-site-wordpress - Thumbnail Pinterest.jpg,image/jpeg,118066,2026-02-11T10:07:37.255Z,2024-11-06T16:34:46.172Z,0,,False,image,michaelkihlpro@gmail.com
1w8FtVAPnhJEtx6fYdr42Ssct1MMYrqVG,2024-09-30 - SureMembers vs Restrict Content Pro Quel plugin WordPress choisir en 2024 - Thumbnail Pinterest.jpg,2024-09-30 - SureMembers vs Restrict Content Pro Quel plugin WordPress choisir en 2024 - Thumbnail Pinterest.jpg,image/jpeg,126714,2026-02-11T10:07:36.638Z,2024-09-30T07:13:49.383Z,0,,False,image,michaelkihlpro@gmail.com
1rVwX51ESGnhoeoYaAR7BPW8PxfAAA9_1,2024-09-16 - Wordpress-full-site-editing-fse-personnalisez-sans-code - Thumbnail Pinterest.jpg,2024-09-16 - Wordpress-full-site-editing-fse-personnalisez-sans-code - Thumbnail Pinterest.jpg,image/jpeg,123625,2026-02-11T10:07:36.105Z,2024-09-16T17:06:27.486Z,0,,False,image,michaelkihlpro@gmail.com
1rWRV6W0b8NBfSzlvFdqATWqOdjF3PMef,2024-09-16 - Full-site-editing-fse-wordpress-maitrise-web-moderne - Thumbnail Pinterest.jpg,2024-09-16 - Full-site-editing-fse-wordpress-maitrise-web-moderne - Thumbnail Pinterest.jpg,image/jpeg,126634,2026-02-11T10:07:35.486Z,2024-09-16T17:06:27.525Z,0,,False,image,michaelkihlpro@gmail.com
1pSNWQPoYWrEX2cxTQlmlG0stNylNo9px,2024-08-29 - Seokey-plugin-wordpress-seo-indispensable - Thumbnail Pinterest.jpg,2024-08-29 - Seokey-plugin-wordpress-seo-indispensable - Thumbnail Pinterest.jpg,image/jpeg,113886,2026-02-11T10:07:34.966Z,2024-08-29T08:52:33.640Z,0,,False,image,michaelkihlpro@gmail.com
1nhygrjjdAEM6_nfA-PIagb71aYzWuY7Y,2024-08-15 - Top-10-plugins-traduction-wordpress-site-multilingue - Thumbnail Pinterest.jpg,2024-08-15 - Top-10-plugins-traduction-wordpress-site-multilingue - Thumbnail Pinterest.jpg,image/jpeg,129644,2026-02-11T10:07:34.206Z,2024-08-15T16:04:08.134Z,0,,False,image,michaelkihlpro@gmail.com
1naNnm-2IuFGMV2nUV2uVVn_Or6zad2Xg,2024-08-15 - Top-10-plugins-traduction-wordpress-globaliser-site - Thumbnail Pinterest.jpg,2024-08-15 - Top-10-plugins-traduction-wordpress-globaliser-site - Thumbnail Pinterest.jpg,image/jpeg,121035,2026-02-11T10:07:33.689Z,2024-08-15T16:04:08.195Z,0,,False,image,michaelkihlpro@gmail.com
1n7_9yxz8vVMWpdCJ2TWSUzvjkVIgu48N,2024-08-13 - Wpboutik-avis-boost-ecommerce-wordpress-facilement - Thumbnail Pinterest.jpg,2024-08-13 - Wpboutik-avis-boost-ecommerce-wordpress-facilement - Thumbnail Pinterest.jpg,image/jpeg,115774,2026-02-11T10:07:32.972Z,2024-08-13T16:37:13.046Z,0,,False,image,michaelkihlpro@gmail.com
1n7Zzau0xFNuu7HLLk_-xxAit55WBX-GJ,2024-08-13 - Avis-wpboutik-reinvention-commerce-en-ligne-wordpress - Thumbnail Pinterest.jpg,2024-08-13 - Avis-wpboutik-reinvention-commerce-en-ligne-wordpress - Thumbnail Pinterest.jpg,image/jpeg,111529,2026-02-11T10:07:32.220Z,2024-08-13T16:37:13.116Z,0,,False,image,michaelkihlpro@gmail.com
1kxU7SZz8I2YBtHgXCG3_V9Zn5FsPyPYm,2024-08-03 - Linkuma-avis-reference-netlinking - Thumbnail Pinterest.jpg,2024-08-03 - Linkuma-avis-reference-netlinking - Thumbnail Pinterest.jpg,image/jpeg,111354,2026-02-11T10:07:31.750Z,2024-08-03T15:10:40.892Z,0,,False,image,michaelkihlpro@gmail.com
1fe4MlcvJGahMgt435m8puCu8Q6YBf35V,2024-07-21 - Suremembers-vs-wishlist-members-quelle-extension-choisir - Thumbnail Pinterest.jpg,2024-07-21 - Suremembers-vs-wishlist-members-quelle-extension-choisir - Thumbnail Pinterest.jpg,image/jpeg,124085,2026-02-11T10:07:31.259Z,2024-07-21T12:05:20.739Z,0,,False,image,michaelkihlpro@gmail.com
1aDHNEFtfDVj6WD4traKvMICH-YESAIiv,2024-07-09 - Avis-funnelkit-meilleur-plugin-tunnels-de-vente-wordpress - Thumbnail Pinterest.jpg,2024-07-09 - Avis-funnelkit-meilleur-plugin-tunnels-de-vente-wordpress - Thumbnail Pinterest.jpg,image/jpeg,118317,2026-02-11T10:07:30.783Z,2024-07-09T16:04:55.810Z,0,,False,image,michaelkihlpro@gmail.com
1a6q-Dn1UNkaZvYeRRfL-Fyh1lfSIG8ly,2024-07-09 - Avis-funnelkit-meilleur-plugin-tunnels-de-vente - Thumbnail Pinterest.jpg,2024-07-09 - Avis-funnelkit-meilleur-plugin-tunnels-de-vente - Thumbnail Pinterest.jpg,image/jpeg,114632,2026-02-11T10:07:30.218Z,2024-07-09T16:04:55.865Z,0,,False,image,michaelkihlpro@gmail.com
1i1t7qDc7w_SWg9B0tx6OJiCUVldD5swk,2024-07-27 - Suremembers-decouvrez-meilleur-plugin-adhesion-wordpress - Thumbnail Pinterest.jpg,2024-07-27 - Suremembers-decouvrez-meilleur-plugin-adhesion-wordpress - Thumbnail Pinterest.jpg,image/jpeg,122897,2026-02-11T10:07:29.623Z,2024-07-27T12:52:19.736Z,0,,False,image,michaelkihlpro@gmail.com
1i-xkTqPYGiN6U61lizftkkUQVRpdvNX1,2024-07-27 - Suremembers-meilleur-plugin-adhesion-wordpress - Thumbnail Pinterest.jpg,2024-07-27 - Suremembers-meilleur-plugin-adhesion-wordpress - Thumbnail Pinterest.jpg,image/jpeg,114562,2026-02-11T10:07:29.057Z,2024-07-27T12:52:19.708Z,0,,False,image,michaelkihlpro@gmail.com
1_pGE2GwFHSAAN6-ToUNQcKm5pVR_X2Uh,2024-07-09 - Structurer-articles-wordpress-seo - Thumbnail Pinterest.jpg,2024-07-09 - Structurer-articles-wordpress-seo - Thumbnail Pinterest.jpg,image/jpeg,129648,2026-02-11T10:07:28.430Z,2024-07-09T07:08:18.770Z,0,,False,image,michaelkihlpro@gmail.com
1TvZRM549BHrs9WD1h9vD-zrHCa9lVc62,2025-01-09 - Nettoyer-base-de-donnees-wordpress-guide-complet - Thumbnail Pinterest.jpg,2025-01-09 - Nettoyer-base-de-donnees-wordpress-guide-complet - Thumbnail Pinterest.jpg,image/jpeg,118692,2026-02-11T10:07:27.743Z,2025-01-09T12:55:54.766Z,0,,False,image,michaelkihlpro@gmail.com
1TqYUcvkJNBvMLIxm1BLpsWYfo80K__Y1,2025-01-09 - Nettoyer-base-de-donnees-wordpress-guide-complet-plugins - Thumbnail Pinterest.jpg,2025-01-09 - Nettoyer-base-de-donnees-wordpress-guide-complet-plugins - Thumbnail Pinterest.jpg,image/jpeg,125190,2026-02-11T10:07:27.168Z,2025-01-09T12:55:54.833Z,0,,False,image,michaelkihlpro@gmail.com
18SN5KL3siR9eqlYk56t1BDaSE4EwE_rW,2024-11-15 - Surecart-plugin-ecommerce-produits-numeriques-wordpress - Thumbnail Pinterest.jpg,2024-11-15 - Surecart-plugin-ecommerce-produits-numeriques-wordpress - Thumbnail Pinterest.jpg,image/jpeg,121634,2026-02-11T10:07:26.631Z,2024-11-15T08:26:17.793Z,0,,False,image,michaelkihlpro@gmail.com
18VOhNqhhJK4Q7fytKh7eg4t2zbATqeKt,2024-11-15 - Surecart-solution-vente-produits-numeriques-wordpress - Thumbnail Pinterest.jpg,2024-11-15 - Surecart-solution-vente-produits-numeriques-wordpress - Thumbnail Pinterest.jpg,image/jpeg,137719,2026-02-11T10:07:25.953Z,2024-11-15T08:26:17.726Z,0,,False,image,michaelkihlpro@gmail.com
1cQZbquRoidXtoikvtV4KJRSamfbn14wn,2024-07-21 - Wishlist-member-tout-savoir-plugin-wordpress - Thumbnail Pinterest.jpg,2024-07-21 - Wishlist-member-tout-savoir-plugin-wordpress - Thumbnail Pinterest.jpg,image/jpeg,112635,2026-02-11T10:07:25.386Z,2024-07-21T07:51:21.575Z,0,,False,image,michaelkihlpro@gmail.com
1cZOwIiAZ2gOHNjY2t2wz48HVGU8_960J,2024-07-21 - Wishlist-member-boostez-votre-site-wordpress - Thumbnail Pinterest.jpg,2024-07-21 - Wishlist-member-boostez-votre-site-wordpress - Thumbnail Pinterest.jpg,image/jpeg,119852,2026-02-11T10:07:24.527Z,2024-07-21T07:51:21.547Z,0,,False,image,michaelkihlpro@gmail.com
1DLvzAIbj8RYtSO7zyz6R69QTtBvctvCT,2025-07-20 - Spotlightwp-avis-plugin-instagram-wordpress-test - Thumbnail Pinterest.jpg,2025-07-20 - Spotlightwp-avis-plugin-instagram-wordpress-test - Thumbnail Pinterest.jpg,image/jpeg,127991,2026-02-11T10:07:23.905Z,2025-07-20T15:06:06.215Z,0,,False,image,michaelkihlpro@gmail.com
12f63NoE9MnDLvLLmolY8N0z7CfbQg1ki,2025-07-20 - Spotlightwp-avis-plugin-instagram-test - Thumbnail Pinterest.jpg,2025-07-20 - Spotlightwp-avis-plugin-instagram-test - Thumbnail Pinterest.jpg,image/jpeg,118833,2026-02-11T10:07:23.401Z,2025-07-20T15:06:06.286Z,0,,False,image,michaelkihlpro@gmail.com
1rTCYKLcI9x5FfGLhfa7M3JAA4AezoF8k,2025-03-17 - Crocoblock-boite-outils-wordpress - Thumbnail Pinterest.jpg,2025-03-17 - Crocoblock-boite-outils-wordpress - Thumbnail Pinterest.jpg,image/jpeg,123434,2026-02-11T10:07:22.763Z,2025-03-17T16:02:29.013Z,0,,False,image,michaelkihlpro@gmail.com
1rU8Mys5yD_PikDqKUOdd7QPXJAyN7ZdS,2025-03-17 - Crocoblock-wordpress-elementor - Thumbnail Pinterest.jpg,2025-03-17 - Crocoblock-wordpress-elementor - Thumbnail Pinterest.jpg,image/jpeg,127145,2026-02-11T10:07:22.091Z,2025-03-17T16:02:28.944Z,0,,False,image,michaelkihlpro@gmail.com
1nyUIiAlVEWcR3Dc_ivQW962qmZ6N9fNa,2025-03-09 - Amelia-wp-reservations-rendez-vous-wordpress - Thumbnail Pinterest.jpg,2025-03-09 - Amelia-wp-reservations-rendez-vous-wordpress - Thumbnail Pinterest.jpg,image/jpeg,128138,2026-02-11T10:07:21.464Z,2025-03-09T14:26:09.984Z,0,,False,image,michaelkihlpro@gmail.com
1ns1GM__wmVHRNQpjO6IIu4nAC8QFnOFf,2025-03-09 - Amelia-wp-plugin-reservation-wordpress - Thumbnail Pinterest.jpg,2025-03-09 - Amelia-wp-plugin-reservation-wordpress - Thumbnail Pinterest.jpg,image/jpeg,130438,2026-02-11T10:07:20.773Z,2025-03-09T14:26:10.052Z,0,,False,image,michaelkihlpro@gmail.com
11reXIBSKEcgi5Nb3-oRYNweOq6FFVKGX,2025-05-10 - Wp-rocket-plugin-cache-wordpress-rapide-seo - Thumbnail Pinterest.jpg,2025-05-10 - Wp-rocket-plugin-cache-wordpress-rapide-seo - Thumbnail Pinterest.jpg,image/jpeg,120747,2026-02-11T10:07:20.214Z,2025-05-10T07:04:38.957Z,0,,False,image,michaelkihlpro@gmail.com
11qWJWCnbxmSza7dKF_Swd7ysvf6FIGAM,2025-05-10 - Wp-rocket-boostez-vitesse-seo-wordpress - Thumbnail Pinterest.jpg,2025-05-10 - Wp-rocket-boostez-vitesse-seo-wordpress - Thumbnail Pinterest.jpg,image/jpeg,124969,2026-02-11T10:07:18.841Z,2025-05-10T07:04:39.004Z,0,,False,image,michaelkihlpro@gmail.com
1tgAIK4jy10gqzcBwQexOVZ7MfBVz9Kub,2025-03-28 - Ad Banner 2 Vertical 400x600 px.png,2025-03-28 - Ad Banner 2 Vertical 400x600 px.png,image/png,315542,2026-02-11T10:07:18.063Z,2025-03-28T06:50:26.917Z,0,,False,image,michaelkihlpro@gmail.com
18I080orMYxVPp_R8JQxesuXvcdZAsslm,2025-12-29 - 20251229 135238.jpg,2025-12-29 - 20251229 135238.jpg,image/jpeg,2142173,2026-02-11T10:07:17.448Z,2025-12-29T17:47:22.529Z,0,,False,image,michaelkihlpro@gmail.com
1AxQ_81ZgAOXEhtI1USU4vBmE42k77ndH,2025-12-29 - 20251229 135310.jpg,2025-12-29 - 20251229 135310.jpg,image/jpeg,2355778,2026-02-11T10:07:16.927Z,2025-12-29T17:47:20.553Z,0,,False,image,michaelkihlpro@gmail.com
1diPFXzatNCEae1Ap5eYId0j84f9ps_l-,2025-02-10 - Academy-lms-comparatif-plans-prix.jpg,2025-02-10 - Academy-lms-comparatif-plans-prix.jpg,image/jpeg,251022,2026-02-11T10:07:16.247Z,2025-02-10T14:21:27.671Z,0,,False,image,michaelkihlpro@gmail.com
1dt3OSRw-kKT245TEBOd2aqWxpnI7zYR_,2025-02-10 - Academy-lms-comparatif-prix-lifetime.jpg,2025-02-10 - Academy-lms-comparatif-prix-lifetime.jpg,image/jpeg,254517,2026-02-11T10:07:15.609Z,2025-02-10T14:22:19.354Z,0,,False,image,michaelkihlpro@gmail.com
1dx2WzP-ZrqBSf4hF1Wc2u5GcEPrt3zCm,2025-02-11 - Academy-lms-2-0-welcome-page-e-learning.jpg,2025-02-11 - Academy-lms-2-0-welcome-page-e-learning.jpg,image/jpeg,111378,2026-02-11T10:07:15.053Z,2025-02-11T13:05:03.043Z,0,,False,image,michaelkihlpro@gmail.com
1dxFarn3nFrHetLPqJzhDb3Cd6mgr2zvX,2025-02-11 - Academy-lms-interface-choix-instructeur-marketplace.jpg,2025-02-11 - Academy-lms-interface-choix-instructeur-marketplace.jpg,image/jpeg,92918,2026-02-11T10:07:14.472Z,2025-02-11T14:28:17.614Z,0,,False,image,michaelkihlpro@gmail.com
1fXYOOCWrMNRLIS3T0RUDtXBb-zvJyHYv,2025-02-13 - Integrations-add-ons-lms-fonctionnalites-premium.jpg,2025-02-13 - Integrations-add-ons-lms-fonctionnalites-premium.jpg,image/jpeg,482909,2026-02-11T10:07:13.802Z,2025-02-13T09:16:08.905Z,0,,False,image,michaelkihlpro@gmail.com
1fsmcCsD0di1D66qc5KCiPF9sToeOH9lZ,2025-02-15 - Academy-lms.webp,2025-02-15 - Academy-lms.webp,image/webp,3434,2026-02-11T10:07:12.298Z,2025-02-15T14:16:45.058Z,0,,False,image,michaelkihlpro@gmail.com
1gMURVSvaTfRAfJ36vLzhyeeeb3G7w10Z,2025-02-16 - Performance-efficiency-ai-editing-skoatch.jpg,2025-02-16 - Performance-efficiency-ai-editing-skoatch.jpg,image/jpeg,235627,2026-02-11T10:07:11.115Z,2025-02-16T16:01:01.497Z,0,,False,image,michaelkihlpro@gmail.com
1la9dSBH-e_RxwoxmxzgrjZ0kNSkutIEh,2025-03-03 - Sans-titre-15.jpg,2025-03-03 - Sans-titre-15.jpg,image/jpeg,149703,2026-02-11T10:00:37.291Z,2025-03-03T18:10:06.289Z,0,,False,image,michaelkihlpro@gmail.com
1lvoQwTBCvi8FvYtaOqoLwAgjo-HHQJmi,2025-03-03 - Sans-titre-10.jpg,2025-03-03 - Sans-titre-10.jpg,image/jpeg,130690,2026-02-11T10:00:36.484Z,2025-03-03T18:01:59.406Z,0,,False,image,michaelkihlpro@gmail.com
1lvz7rubm9Bw0NP9CPrfRGSPrUv1DhlDh,2025-03-03 - Sans-titre-9.jpg,2025-03-03 - Sans-titre-9.jpg,image/jpeg,217271,2026-02-11T10:00:35.802Z,2025-03-03T18:00:26.784Z,0,,False,image,michaelkihlpro@gmail.com
1lzbREM_iuz74DU8Hwl2RB22PiAjt2Kw_,2025-03-03 - Sans-titre-7.jpg,2025-03-03 - Sans-titre-7.jpg,image/jpeg,309995,2026-02-11T10:00:35.257Z,2025-03-03T17:51:31.404Z,0,,False,image,michaelkihlpro@gmail.com
1mG33suHbG2-BvcGVIF29vlV9LCkV7OKf,2025-03-03 - Sans-titre-6.jpg,2025-03-03 - Sans-titre-6.jpg,image/jpeg,84272,2026-02-11T10:00:34.678Z,2025-03-03T17:49:08.030Z,0,,False,image,michaelkihlpro@gmail.com
1mLGkzgrXSWZWUodIEzsxhWk4oSqVrTIy,2025-03-03 - Sans-titre-5.jpg,2025-03-03 - Sans-titre-5.jpg,image/jpeg,86061,2026-02-11T10:00:34.116Z,2025-03-03T17:38:26.761Z,0,,False,image,michaelkihlpro@gmail.com
1lwI2YZYJXzbEuZS6kPpRCxuNlnFeVgkx,2025-03-03 - Infrastructure-cloud-hebergement-securise.jpg,2025-03-03 - Infrastructure-cloud-hebergement-securise.jpg,image/jpeg,204705,2026-02-11T10:00:33.542Z,2025-03-03T17:54:08.962Z,0,,False,image,michaelkihlpro@gmail.com
1mcrfesSo6iaaQhPnzEEkjcapi-KzWzeW,2025-03-03 - Sans-titre-26.jpg,2025-03-03 - Sans-titre-26.jpg,image/jpeg,118223,2026-02-11T10:00:32.973Z,2025-03-03T18:33:23.482Z,0,,False,image,michaelkihlpro@gmail.com
1meShehjMbcWSba0nYdcVV-4VDbs9CSFm,2025-03-03 - Sans-titre-25.jpg,2025-03-03 - Sans-titre-25.jpg,image/jpeg,118103,2026-02-11T10:00:32.353Z,2025-03-03T18:32:32.839Z,0,,False,image,michaelkihlpro@gmail.com
1mkCkrX8z_5Ht4JLwDbVRikdeNe3NPU2O,2025-03-03 - Sans-titre-24.jpg,2025-03-03 - Sans-titre-24.jpg,image/jpeg,109054,2026-02-11T10:00:31.643Z,2025-03-03T18:31:30.917Z,0,,False,image,michaelkihlpro@gmail.com
1mnuVrchvqxlD7oWtFyaIf6soBe7baJ0M,2025-03-03 - Sans-titre-22.jpg,2025-03-03 - Sans-titre-22.jpg,image/jpeg,141875,2026-02-11T10:00:31.109Z,2025-03-03T18:28:40.182Z,0,,False,image,michaelkihlpro@gmail.com
1mo7FYPLZqUoaUy0aWqIlqQJYrOYSPsOk,2025-03-03 - Sans-titre-21.jpg,2025-03-03 - Sans-titre-21.jpg,image/jpeg,160605,2026-02-11T10:00:30.553Z,2025-03-03T18:27:39.734Z,0,,False,image,michaelkihlpro@gmail.com
1mrmDvEimulJ97vLhhJz1DTDCkiGC2o80,2025-03-03 - Sans-titre-19.jpg,2025-03-03 - Sans-titre-19.jpg,image/jpeg,152000,2026-02-11T10:00:29.945Z,2025-03-03T18:21:43.593Z,0,,False,image,michaelkihlpro@gmail.com
1mwMeYO-iEsHYQ_O0dakvvhs-DlWvrnh2,2025-03-03 - Sans-titre-18.jpg,2025-03-03 - Sans-titre-18.jpg,image/jpeg,188066,2026-02-11T10:00:29.430Z,2025-03-03T18:20:19.505Z,0,,False,image,michaelkihlpro@gmail.com
1n5DsaP7mp9sPDrfHqZMeP5YKxGxILy-9,2025-03-07 - Hebergement-buddyboss-rapide-rapyd-cloud.jpg,2025-03-07 - Hebergement-buddyboss-rapide-rapyd-cloud.jpg,image/jpeg,228746,2026-02-11T10:00:28.656Z,2025-03-07T19:45:50.475Z,0,,False,image,michaelkihlpro@gmail.com
1nffUTg4EOL5pdQZzCy6oqNLSyEoDmOdH,2025-03-09 - Local-wp-comparison-local-by-flywheel-xampp.jpg,2025-03-09 - Local-wp-comparison-local-by-flywheel-xampp.jpg,image/jpeg,261280,2026-02-11T10:00:28.115Z,2025-03-09T11:55:39.159Z,0,,False,image,michaelkihlpro@gmail.com
1thuo8KObAu5ty73Zzyw_izgffkmzJWth,2025-03-28 - Ad Banner 1 Vertical 400x600 px.png,2025-03-28 - Ad Banner 1 Vertical 400x600 px.png,image/png,236685,2026-02-11T10:00:27.058Z,2025-03-28T06:50:20.002Z,0,,False,image,michaelkihlpro@gmail.com
1mPoyrdpOc_Lzo3KzAQns3X32ZZVL1R6s,2025-03-03 - Rapyd-cloud-dashboard-intuitif-performance.jpg,2025-03-03 - Rapyd-cloud-dashboard-intuitif-performance.jpg,image/jpeg,252975,2026-02-11T10:00:26.027Z,2025-03-03T17:28:47.831Z,0,,False,image,michaelkihlpro@gmail.com
1r1m-kS2cLjUNLNorYY67ZrueTcF748C3,2025-03-15 - Optimisation-maillage-interne-link-whisper.jpg,2025-03-15 - Optimisation-maillage-interne-link-whisper.jpg,image/jpeg,209778,2026-02-11T10:00:25.049Z,2025-03-15T14:29:37.347Z,0,,False,image,michaelkihlpro@gmail.com
12YIuALcYYCHqRsHUuL4LUmu0lU-xY-B3,2025-05-16 - Hebergeur-web-o2switch-page-accueil.jpg,2025-05-16 - Hebergeur-web-o2switch-page-accueil.jpg,image/jpeg,252313,2026-02-11T10:00:24.468Z,2025-05-16T15:56:35.959Z,0,,False,image,michaelkihlpro@gmail.com
12dxdEkggHz9QELr8QLGPf01dD3iDHRyN,2025-05-17 - Hebergeur-web-o2switch-prix-promo.jpg,2025-05-17 - Hebergeur-web-o2switch-prix-promo.jpg,image/jpeg,300780,2026-02-11T10:00:23.195Z,2025-05-17T09:23:29.851Z,0,,False,image,michaelkihlpro@gmail.com
16woZKBmsdidXtyz9w3YPsNMdxZh_R6tL,2025-06-04 - O2switch-meinungen-hosting-bewertung.jpg,2025-06-04 - O2switch-meinungen-hosting-bewertung.jpg,image/jpeg,266552,2026-02-11T10:00:22.587Z,2025-06-04T14:09:42.753Z,0,,False,image,michaelkihlpro@gmail.com
1VTzXjZ6eiaxTPTgwMu0kM-UUwwBk1Zde,2025-06-30 - Fluentcart-interface-filtres-produits-dashboard.jpg,2025-06-30 - Fluentcart-interface-filtres-produits-dashboard.jpg,image/jpeg,20856,2026-02-11T10:00:22.026Z,2025-06-30T13:19:46.586Z,0,,False,image,michaelkihlpro@gmail.com
1xrbfAPhnf-Gf3na3_eys5wfYZ7T5OgSr,2025-04-17 - Learndash-cloud-offre-starter-lms-hebergement.jpg,2025-04-17 - Learndash-cloud-offre-starter-lms-hebergement.jpg,image/jpeg,186647,2026-02-11T10:00:21.502Z,2025-04-17T16:26:10.891Z,0,,False,image,michaelkihlpro@gmail.com
15Balx6ehF6V1fvVdO9t3z9S3pVUBqpzu,2025-07-01 - Fluentcart-tableau-bord-performance-ecommerce.jpg,2025-07-01 - Fluentcart-tableau-bord-performance-ecommerce.jpg,image/jpeg,830762,2026-02-11T10:00:20.808Z,2025-07-01T14:46:15.645Z,0,,False,image,michaelkihlpro@gmail.com
1CNzLO2BI7nEOxB8aJn1F1HqzjCAVFWV9,2025-07-17 - Sans-titre-8.jpg,2025-07-17 - Sans-titre-8.jpg,image/jpeg,95954,2026-02-11T10:00:20.220Z,2025-07-17T16:18:14.722Z,0,,False,image,michaelkihlpro@gmail.com
1HswqBIji-sEFl8RQz5r5E0yg_7RlWpO5,2025-07-31 - Interface-droip-editeur-no-code-web.jpg,2025-07-31 - Interface-droip-editeur-no-code-web.jpg,image/jpeg,641108,2026-02-11T10:00:19.549Z,2025-07-31T10:04:00.520Z,0,,False,image,michaelkihlpro@gmail.com
1OW8l8tofoLQOAVrJcL2RYgPaiOr1YABp,2025-07-17 - Sans-titre-2.jpg,2025-07-17 - Sans-titre-2.jpg,image/jpeg,98079,2026-02-11T10:00:19.039Z,2025-07-17T16:11:18.567Z,0,,False,image,michaelkihlpro@gmail.com
1OyaKUrhBpQfMlyVrm6wQ0GbbprY-0ito,2025-07-31 - Figma-to-droip-convertir-maquette-site-web.jpg,2025-07-31 - Figma-to-droip-convertir-maquette-site-web.jpg,image/jpeg,797225,2026-02-11T10:00:18.373Z,2025-07-31T10:04:00.500Z,0,,False,image,michaelkihlpro@gmail.com
1RM0EovWxXW34OYJo3zUG0J5RoPEee6dF,2025-07-17 - Sans-titre-3.jpg,2025-07-17 - Sans-titre-3.jpg,image/jpeg,96908,2026-02-11T10:00:17.431Z,2025-07-17T16:12:56.775Z,0,,False,image,michaelkihlpro@gmail.com
1SRhBvCIIeYQhIO6O-aHRCzTVCFHEfp8i,2025-07-31 - Interface-droip-light-dark-mode-builder.jpg,2025-07-31 - Interface-droip-light-dark-mode-builder.jpg,image/jpeg,984791,2026-02-11T10:00:16.894Z,2025-07-31T10:04:00.550Z,0,,False,image,michaelkihlpro@gmail.com
1TfR0qvN_T4DQWfLJtKIqypShGUKWn74X,2025-07-17 - Sans-titre-4.jpg,2025-07-17 - Sans-titre-4.jpg,image/jpeg,95412,2026-02-11T10:00:16.188Z,2025-07-17T16:14:11.802Z,0,,False,image,michaelkihlpro@gmail.com
1XOhoY1AqMgER5ezeCtOG74DqLoYFIvzO,2025-07-17 - Sans-titre-11.jpg,2025-07-17 - Sans-titre-11.jpg,image/jpeg,86156,2026-02-11T10:00:15.334Z,2025-07-17T16:21:05.279Z,0,,False,image,michaelkihlpro@gmail.com
1nR11SDgzICNwuy8tvcUwpq8immlgDuei,2025-07-17 - Sans-titre-1.jpg,2025-07-17 - Sans-titre-1.jpg,image/jpeg,90002,2026-02-11T10:00:14.570Z,2025-07-17T14:06:43.264Z,0,,False,image,michaelkihlpro@gmail.com
1yVO5ap-xgTXP8hYM8lK2s0ZFhrYP0W-7,2025-07-01 - Sans-tfgsdfditre-1.jpg,2025-07-01 - Sans-tfgsdfditre-1.jpg,image/jpeg,103131,2026-02-11T10:00:13.560Z,2025-07-01T15:04:05.500Z,0,,False,image,michaelkihlpro@gmail.com
1OLqjmmPjH2-mKlBqONLMGF3GFBc1FhsC,2025-08-16 - Armember-avis-configuration-paiement.jpg,2025-08-16 - Armember-avis-configuration-paiement.jpg,image/jpeg,145137,2026-02-11T10:00:12.939Z,2025-08-16T13:13:29.935Z,0,,False,image,michaelkihlpro@gmail.com
1o47pCUuUpcEonfFS-ea5Zlo5sdGWdvvV,2025-11-06 - KTN-LOGO-1 1-Transparant-BG-512x512.png,2025-11-06 - KTN-LOGO-1 1-Transparant-BG-512x512.png,image/png,6766,2026-02-11T10:00:12.346Z,2025-11-06T18:47:28.727Z,0,,False,image,michaelkihlpro@gmail.com
1BBdrBm2ZMl-Ay7v2rF5r98WrBuh-D_7S,2025-12-28 - Screenshot 20250223 090727 Discord.jpg,2025-12-28 - Screenshot 20250223 090727 Discord.jpg,image/jpeg,557712,2026-02-11T10:00:11.730Z,2025-12-28T13:07:25.406Z,0,,False,image,michaelkihlpro@gmail.com
1jDg4Twb-siWt-ZETE2PciQlsYnABco9w,2025-12-28 - Photo-profil-michael-kihl.png,2025-12-28 - Photo-profil-michael-kihl.png,image/png,213431,2026-02-11T10:00:11.022Z,2025-12-28T13:07:24.846Z,0,,False,image,michaelkihlpro@gmail.com
1XZHgLuuhYh_3-pNnnVcLGbu1csJH9Vk0,2025-12-28 - IMG 20250413 144512 477.jpg,2025-12-28 - IMG 20250413 144512 477.jpg,image/jpeg,49420,2026-02-11T10:00:10.403Z,2025-12-28T13:07:24.707Z,0,,False,image,michaelkihlpro@gmail.com
1GWM-1MVCXo2RHJo9BeGP8OAflySY0QGJ,2025-12-28 - IMG 20250413 144519 294.jpg,2025-12-28 - IMG 20250413 144519 294.jpg,image/jpeg,51638,2026-02-11T10:00:09.670Z,2025-12-28T13:07:24.290Z,0,,False,image,michaelkihlpro@gmail.com
1VAl8mt2sul7funLzcozmdSSjajb9lO9U,2025-12-28 - IMG 20250413 144517 407.jpg,2025-12-28 - IMG 20250413 144517 407.jpg,image/jpeg,106194,2026-02-11T10:00:09.044Z,2025-12-28T13:07:24.199Z,0,,False,image,michaelkihlpro@gmail.com
1PTRNNT7W-j6EFn9V1MhT416x-elF9Vam,2025-12-28 - IMG 20250413 144514 713.jpg,2025-12-28 - IMG 20250413 144514 713.jpg,image/jpeg,55884,2026-02-11T10:00:08.463Z,2025-12-28T13:07:24.181Z,0,,False,image,michaelkihlpro@gmail.com
1812kBC3qKgeXIpa2V6gHgWGAIgjQnwnx,2025-12-28 - IMG 20250413 144521 428.jpg,2025-12-28 - IMG 20250413 144521 428.jpg,image/jpeg,64079,2026-02-11T10:00:07.925Z,2025-12-28T13:07:23.591Z,0,,False,image,michaelkihlpro@gmail.com
1cNTvSKY7F74xFYgZEhOMtNJqO3wa0U5q,2025-12-28 - IMG 20250413 144523 289.jpg,2025-12-28 - IMG 20250413 144523 289.jpg,image/jpeg,58285,2026-02-11T10:00:07.444Z,2025-12-28T13:07:23.312Z,0,,False,image,michaelkihlpro@gmail.com
1iUaIvjmhVFICKlmQkYxxWxPKOSAMl7RW,2025-12-28 - IMG 20250413 144524 991.jpg,2025-12-28 - IMG 20250413 144524 991.jpg,image/jpeg,83914,2026-02-11T10:00:06.854Z,2025-12-28T13:07:23.228Z,0,,False,image,michaelkihlpro@gmail.com
1arMDr-2GCXMvnX97HlnGzA8YB2OvBjrR,2025-12-28 - IMG 20250413 144526 626.jpg,2025-12-28 - IMG 20250413 144526 626.jpg,image/jpeg,64419,2026-02-11T10:00:06.262Z,2025-12-28T13:07:22.874Z,0,,False,image,michaelkihlpro@gmail.com
1FViS-_gbea6fCWDP58yz0rHpw-MuQRUd,2025-12-28 - 20250509 085902.jpg,2025-12-28 - 20250509 085902.jpg,image/png,86639,2026-02-11T10:00:05.736Z,2025-12-28T13:07:22.696Z,0,,False,image,michaelkihlpro@gmail.com
1EML20YMDuobauRQJWz2hjPPPV-GTHxqz,2025-12-28 - 20250509 085950.jpg,2025-12-28 - 20250509 085950.jpg,image/png,81418,2026-02-11T10:00:05.173Z,2025-12-28T13:07:22.522Z,0,,False,image,michaelkihlpro@gmail.com
1i4CdAMomm-t2FZfQUvuxXPoPenI9rn7E,2025-12-28 - 20250509 090027.jpg,2025-12-28 - 20250509 090027.jpg,image/png,88778,2026-02-11T10:00:04.633Z,2025-12-28T13:07:22.466Z,0,,False,image,michaelkihlpro@gmail.com
1whiWGOU3whcOzn14uMgz3GxVXAtOBHaZ,2025-12-28 - Messenger creation F376C8AA-D0CC-4EF5-B963-F8331F5D3BA1.jpeg,2025-12-28 - Messenger creation F376C8AA-D0CC-4EF5-B963-F8331F5D3BA1.jpeg,image/jpeg,210519,2026-02-11T10:00:04.038Z,2025-12-28T13:07:21.661Z,0,,False,image,michaelkihlpro@gmail.com
1nsgxqprIfFycT3c2pSWplqjxc24t1d8U,2025-12-28 - Messenger creation 7346C375-574D-4863-8643-CEBACA64DDDB.jpeg,2025-12-28 - Messenger creation 7346C375-574D-4863-8643-CEBACA64DDDB.jpeg,image/jpeg,220550,2026-02-11T10:00:03.487Z,2025-12-28T13:07:21.635Z,0,,False,image,michaelkihlpro@gmail.com
1AQA4Fg_Kt7SRgb8qzVJh7EomCHeYbiHS,2025-12-28 - Messenger creation EAD5C7D1-3882-438A-B6E0-EE6E23D0AE49.jpeg,2025-12-28 - Messenger creation EAD5C7D1-3882-438A-B6E0-EE6E23D0AE49.jpeg,image/jpeg,223299,2026-02-11T10:00:02.814Z,2025-12-28T13:07:21.470Z,0,,False,image,michaelkihlpro@gmail.com
1SytSXooSKYUceZReG3_1kkPrwHWpcQ09,2025-12-28 - Messenger creation 2483ECAD-3BB7-4FA4-9245-DCE351471FB8.jpeg,2025-12-28 - Messenger creation 2483ECAD-3BB7-4FA4-9245-DCE351471FB8.jpeg,image/jpeg,220213,2026-02-11T10:00:02.311Z,2025-12-28T13:07:21.182Z,0,,False,image,michaelkihlpro@gmail.com
1nS7Hhtrewd6Pzh8b-3xpcQ1gNTxxilwp,2025-12-28 - Messenger creation 6E37BDDF-CC5F-4C17-B824-C505F231528F.jpeg,2025-12-28 - Messenger creation 6E37BDDF-CC5F-4C17-B824-C505F231528F.jpeg,image/jpeg,283490,2026-02-11T10:00:01.821Z,2025-12-28T13:07:21.067Z,0,,False,image,michaelkihlpro@gmail.com
19FSiyylHn_ycjlhsQ99O2qrYIJ8i9dTt,2025-12-28 - Messenger creation D4AA79BB-707B-4E09-979A-D2CF8510E93F.jpeg,2025-12-28 - Messenger creation D4AA79BB-707B-4E09-979A-D2CF8510E93F.jpeg,image/jpeg,232476,2026-02-11T10:00:01.323Z,2025-12-28T13:07:19.130Z,0,,False,image,michaelkihlpro@gmail.com
1gvDsGYtZGKk9nGtbUBlFS58704DJbckr,2025-12-28 - Messenger creation 2986C522-8891-4C1C-A086-2D9994928075.jpeg,2025-12-28 - Messenger creation 2986C522-8891-4C1C-A086-2D9994928075.jpeg,image/jpeg,173815,2026-02-11T10:00:00.731Z,2025-12-28T13:07:19.100Z,0,,False,image,michaelkihlpro@gmail.com
1JEPgymNwFvNTpcMhnm0LrsopQY6Bit7_,2025-12-28 - Messenger creation AA12067B-B533-489E-A6EB-6429C4D45CFB.jpeg,2025-12-28 - Messenger creation AA12067B-B533-489E-A6EB-6429C4D45CFB.jpeg,image/jpeg,268410,2026-02-11T10:00:00.018Z,2025-12-28T13:07:19.091Z,0,,False,image,michaelkihlpro@gmail.com
1cSmNZOt4NqfygSn3wrvcztxRZNFRKWKP,2025-12-28 - Messenger creation FF45D3DC-921C-4804-B899-D21413FF97B8.jpeg,2025-12-28 - Messenger creation FF45D3DC-921C-4804-B899-D21413FF97B8.jpeg,image/jpeg,375059,2026-02-11T09:59:59.505Z,2025-12-28T13:07:18.788Z,0,,False,image,michaelkihlpro@gmail.com
1YF2YyImQAQzwAerTth6t8j13--OIzy0e,2025-12-28 - Messenger creation D9207991-E107-44E3-9CC5-B838D9AD9256.jpeg,2025-12-28 - Messenger creation D9207991-E107-44E3-9CC5-B838D9AD9256.jpeg,image/jpeg,189339,2026-02-11T09:59:58.741Z,2025-12-28T13:07:18.569Z,0,,False,image,michaelkihlpro@gmail.com
1PS-77WEnkFLingmRAO4h0ZB5Ae8bYEv-,2025-12-28 - Messenger creation B5A149FE-467E-443F-AE09-8CF9ED0DD2FE.jpeg,2025-12-28 - Messenger creation B5A149FE-467E-443F-AE09-8CF9ED0DD2FE.jpeg,image/jpeg,156048,2026-02-11T09:59:58.213Z,2025-12-28T13:07:18.135Z,0,,False,image,michaelkihlpro@gmail.com
1wNUljDOJGV7pXev7X-ope8AQZcjOwrYB,2025-12-28 - Messenger creation 9FCAE5E9-8FDC-4007-9E69-8192C2C5FDF1.jpeg,2025-12-28 - Messenger creation 9FCAE5E9-8FDC-4007-9E69-8192C2C5FDF1.jpeg,image/jpeg,115831,2026-02-11T09:59:57.653Z,2025-12-28T13:07:17.856Z,0,,False,image,michaelkihlpro@gmail.com
1QtZhv9vm4d0rYIUCpgk2PrD3JZQkvVcD,2025-12-28 - Messenger creation 09C8D333-7BDF-4D62-9428-BC403038A6C6.jpeg,2025-12-28 - Messenger creation 09C8D333-7BDF-4D62-9428-BC403038A6C6.jpeg,image/jpeg,108518,2026-02-11T09:59:56.899Z,2025-12-28T13:07:17.536Z,0,,False,image,michaelkihlpro@gmail.com
1JccnZxDoyItsovXIEG1cypw2YXrsh4Mr,2025-12-28 - Messenger creation F1F74560-A5E4-4116-8EF8-45690C5CE06B.jpeg,2025-12-28 - Messenger creation F1F74560-A5E4-4116-8EF8-45690C5CE06B.jpeg,image/jpeg,105364,2026-02-11T09:59:56.339Z,2025-12-28T13:07:17.297Z,0,,False,image,michaelkihlpro@gmail.com
1a9QU1tlCySBYzCBAoZUWF-deNAslkk1I,2025-12-28 - Messenger creation 41B2584D-49FA-4659-81AE-9F51E3602274.jpeg,2025-12-28 - Messenger creation 41B2584D-49FA-4659-81AE-9F51E3602274.jpeg,image/jpeg,144176,2026-02-11T09:59:55.785Z,2025-12-28T13:07:17.246Z,0,,False,image,michaelkihlpro@gmail.com
1CR1fKtM2H-EfBwkHsHHjVrV-1GxVhEEG,2025-12-28 - Messenger creation E257B17E-303F-4045-938A-A617D8731153.jpeg,2025-12-28 - Messenger creation E257B17E-303F-4045-938A-A617D8731153.jpeg,image/jpeg,217319,2026-02-11T09:59:55.216Z,2025-12-28T13:07:17.131Z,0,,False,image,michaelkihlpro@gmail.com
1Ubt49nVDGgKRGHZbSEfPmwvxTs_pOEZH,2025-12-28 - Messenger creation 3060AB0E-B407-44AF-AF32-43CCF6C9234F.jpeg,2025-12-28 - Messenger creation 3060AB0E-B407-44AF-AF32-43CCF6C9234F.jpeg,image/jpeg,119300,2026-02-11T09:59:54.600Z,2025-12-28T13:07:16.744Z,0,,False,image,michaelkihlpro@gmail.com
1TvWf1_MdAbQscxCDviuknX-WNM_vFzZ2,2025-12-28 - Messenger creation 01246BFA-F0A8-4701-AEED-5D84E6FA9F7D.jpeg,2025-12-28 - Messenger creation 01246BFA-F0A8-4701-AEED-5D84E6FA9F7D.jpeg,image/jpeg,122322,2026-02-11T09:59:54.115Z,2025-12-28T13:07:16.720Z,0,,False,image,michaelkihlpro@gmail.com
1hFLSi77pJolMXWFKhxVlG6AO5dQzbNTp,2025-12-28 - Messenger creation 251BDCC0-138E-439E-A0C2-0163978AC274.jpeg,2025-12-28 - Messenger creation 251BDCC0-138E-439E-A0C2-0163978AC274.jpeg,image/jpeg,332767,2026-02-11T09:59:53.608Z,2025-12-28T13:07:16.251Z,0,,False,image,michaelkihlpro@gmail.com
1F-ad5HUvOlkSVU7THTwEA_0nbbpLEPt-,2025-12-28 - Messenger creation 612DFC3A-1996-4237-8B1B-508B87E6B3F1.jpeg,2025-12-28 - Messenger creation 612DFC3A-1996-4237-8B1B-508B87E6B3F1.jpeg,image/jpeg,199684,2026-02-11T09:59:53.003Z,2025-12-28T13:07:16.053Z,0,,False,image,michaelkihlpro@gmail.com
1xFxnnCcelHMUvw32Rt_aE-nk7LzpQnzF,2025-12-28 - Messenger creation BC636765-9BD7-4F51-9872-A41395601DDE.jpeg,2025-12-28 - Messenger creation BC636765-9BD7-4F51-9872-A41395601DDE.jpeg,image/jpeg,368576,2026-02-11T09:59:52.423Z,2025-12-28T13:07:15.899Z,0,,False,image,michaelkihlpro@gmail.com
1Jrj_llcrEISoY4cT1gQOx4TVk8gRZOm-,2025-12-28 - Messenger creation E6B9596F-9CAF-4B1B-99DA-F8481DFFD3F9.jpeg,2025-12-28 - Messenger creation E6B9596F-9CAF-4B1B-99DA-F8481DFFD3F9.jpeg,image/jpeg,372130,2026-02-11T09:59:51.886Z,2025-12-28T13:07:15.471Z,0,,False,image,michaelkihlpro@gmail.com
16CiizHMZ2XmP9Br39wfpUj0NfJqZwKnN,2025-12-28 - Messenger creation F8347F60-90FD-4148-9889-9E03B7CC512C.jpeg,2025-12-28 - Messenger creation F8347F60-90FD-4148-9889-9E03B7CC512C.jpeg,image/jpeg,126114,2026-02-11T09:59:51.345Z,2025-12-28T13:07:15.011Z,0,,False,image,michaelkihlpro@gmail.com
1XLeDGwi7taPB7G4oECeH4Hn0QGxTgHPp,2025-12-28 - Messenger creation 95BF2BF8-CFFB-464B-93CB-AC6EE4E349FB.jpeg,2025-12-28 - Messenger creation 95BF2BF8-CFFB-464B-93CB-AC6EE4E349FB.jpeg,image/jpeg,73502,2026-02-11T09:59:50.866Z,2025-12-28T13:07:14.015Z,0,,False,image,michaelkihlpro@gmail.com
1AbGXyHKerZ6lVJX119rJlESK07tqhRS7,2025-12-28 - Messenger creation 879103B8-66A6-4237-A61A-55A13F93DFE2.jpeg,2025-12-28 - Messenger creation 879103B8-66A6-4237-A61A-55A13F93DFE2.jpeg,image/jpeg,404239,2026-02-11T09:59:49.945Z,2025-12-28T13:07:13.858Z,0,,False,image,michaelkihlpro@gmail.com
1_S4vXHy1eX2XIDCPspP04wlTTK7VNQ7F,2025-12-28 - Messenger creation 2559CE18-DF93-4203-99D2-555429841936.jpeg,2025-12-28 - Messenger creation 2559CE18-DF93-4203-99D2-555429841936.jpeg,image/jpeg,102472,2026-02-11T09:59:49.404Z,2025-12-28T13:07:13.263Z,0,,False,image,michaelkihlpro@gmail.com
1C1oiXPzMbRF4JH7wXlubqDh4BWpr47vY,2025-12-28 - Messenger creation 7129B10E-E738-4226-BF91-5167289170C1.jpeg,2025-12-28 - Messenger creation 7129B10E-E738-4226-BF91-5167289170C1.jpeg,image/jpeg,96876,2026-02-11T09:59:48.869Z,2025-12-28T13:07:13.210Z,0,,False,image,michaelkihlpro@gmail.com
1GtUNVa0syUkH0cpv08N_t7o-XCWtRVo8,2025-12-28 - Messenger creation A49AFF26-0EC6-4DDF-8BEE-0BA5C9CA9EEC.jpeg,2025-12-28 - Messenger creation A49AFF26-0EC6-4DDF-8BEE-0BA5C9CA9EEC.jpeg,image/jpeg,184208,2026-02-11T09:59:48.254Z,2025-12-28T13:07:13.150Z,0,,False,image,michaelkihlpro@gmail.com
1oxftlhn8LvU8SRuluIh_57lsk4n43jsG,2025-12-28 - Messenger creation B63B3CCE-D029-42CB-8251-C13DFECBDC36.jpeg,2025-12-28 - Messenger creation B63B3CCE-D029-42CB-8251-C13DFECBDC36.jpeg,image/jpeg,371883,2026-02-11T09:59:47.084Z,2025-12-28T13:07:13.119Z,0,,False,image,michaelkihlpro@gmail.com
1WVwLWGqo1zC1fADhoaiSkwxLoZVZ_zwu,2025-12-28 - Messenger creation 5C932AC1-A986-463E-B7C7-F08CB72676B6.jpeg,2025-12-28 - Messenger creation 5C932AC1-A986-463E-B7C7-F08CB72676B6.jpeg,image/jpeg,126343,2026-02-11T09:59:46.545Z,2025-12-28T13:07:13.029Z,0,,False,image,michaelkihlpro@gmail.com
1JoWktsjmCN4PZkXfmD_K_QKPIv4busoc,2025-12-28 - Messenger creation 45DC8543-3255-4390-A3CC-A25EA67298D8.jpeg,2025-12-28 - Messenger creation 45DC8543-3255-4390-A3CC-A25EA67298D8.jpeg,image/jpeg,117067,2026-02-11T09:59:45.873Z,2025-12-28T13:07:12.394Z,0,,False,image,michaelkihlpro@gmail.com
1_N_c20MSoUBZm_3-9RHkwfS2ziKV5w59,2025-12-28 - Messenger creation 004366B0-C6F3-4726-8C44-7F1233353264.jpeg,2025-12-28 - Messenger creation 004366B0-C6F3-4726-8C44-7F1233353264.jpeg,image/jpeg,178066,2026-02-11T09:59:45.339Z,2025-12-28T13:07:12.011Z,0,,False,image,michaelkihlpro@gmail.com
1A_ll8upr47SdyCOyOpyXzP1Z4JOBvZ4y,2025-12-28 - Messenger creation 7405C598-920C-4A81-86B1-41238DAAF581.jpeg,2025-12-28 - Messenger creation 7405C598-920C-4A81-86B1-41238DAAF581.jpeg,image/jpeg,152194,2026-02-11T09:59:44.687Z,2025-12-28T13:07:11.956Z,0,,False,image,michaelkihlpro@gmail.com
1oGbcYohGZorKmqECbsdcEeh9iSYgdOYO,2025-12-28 - Messenger creation BC746BD6-B0A1-4FCE-84B2-EFE12B61A390.jpeg,2025-12-28 - Messenger creation BC746BD6-B0A1-4FCE-84B2-EFE12B61A390.jpeg,image/jpeg,409168,2026-02-11T09:59:44.224Z,2025-12-28T13:07:11.209Z,0,,False,image,michaelkihlpro@gmail.com
1wgGwB4Xe4jbt3W0lK4DGsv_hbNdfqdiN,2025-12-28 - Messenger creation EB346EE3-3BFC-42D0-8B8C-77FFAA144325.jpeg,2025-12-28 - Messenger creation EB346EE3-3BFC-42D0-8B8C-77FFAA144325.jpeg,image/jpeg,298494,2026-02-11T09:59:43.714Z,2025-12-28T13:07:11.101Z,0,,False,image,michaelkihlpro@gmail.com
1DYSviPsExnLJqz4dGtVdqom2NfxWrHRc,2025-12-28 - Messenger creation F1E149E4-C6C8-4B69-8500-C03D3B9ABE20.jpeg,2025-12-28 - Messenger creation F1E149E4-C6C8-4B69-8500-C03D3B9ABE20.jpeg,image/jpeg,376715,2026-02-11T09:59:43.182Z,2025-12-28T13:07:10.995Z,0,,False,image,michaelkihlpro@gmail.com
1m6mOuck7uwjAKbjrAVQ0DkVryo5nBv3_,2025-12-28 - Messenger creation 43C3CAE8-589F-4413-8A1A-FD71ECC66064.jpeg,2025-12-28 - Messenger creation 43C3CAE8-589F-4413-8A1A-FD71ECC66064.jpeg,image/jpeg,436327,2026-02-11T09:59:42.552Z,2025-12-28T13:07:10.894Z,0,,False,image,michaelkihlpro@gmail.com
1HJi9sih7FRoeTo8i6DIO55tdStRojU7-,2025-12-28 - Messenger creation E3CF2E0B-D8DA-4B03-8F8B-D95C2E615896.jpeg,2025-12-28 - Messenger creation E3CF2E0B-D8DA-4B03-8F8B-D95C2E615896.jpeg,image/jpeg,124901,2026-02-11T09:59:42.077Z,2025-12-28T13:07:10.447Z,0,,False,image,michaelkihlpro@gmail.com
1_Yh4Fq0MogJFACsa_4eAlHX1AZso0btF,2025-12-28 - Messenger creation 8F1EB8B7-1C0F-4CAB-8B62-F5F4CFF625D7.jpeg,2025-12-28 - Messenger creation 8F1EB8B7-1C0F-4CAB-8B62-F5F4CFF625D7.jpeg,image/jpeg,150141,2026-02-11T09:59:41.613Z,2025-12-28T13:07:10.127Z,0,,False,image,michaelkihlpro@gmail.com
1mKDLEsEqOZ-Y_S_tsm9Y_YKSFEuYb1LI,2025-12-28 - Messenger creation FB736ACC-A1DA-47B5-A2AA-2902FF649341.jpeg,2025-12-28 - Messenger creation FB736ACC-A1DA-47B5-A2AA-2902FF649341.jpeg,image/jpeg,121934,2026-02-11T09:59:41.092Z,2025-12-28T13:07:10.113Z,0,,False,image,michaelkihlpro@gmail.com
1F4zAXZtQO8ycQV91ALQ674xmSIFEEuZd,2025-12-28 - Messenger creation 52007536-33D7-41A6-A6CD-2EBB75D7D2E3.jpeg,2025-12-28 - Messenger creation 52007536-33D7-41A6-A6CD-2EBB75D7D2E3.jpeg,image/jpeg,261385,2026-02-11T09:59:40.433Z,2025-12-28T13:07:09.163Z,0,,False,image,michaelkihlpro@gmail.com
1WZst-X60VHssDUKAfjr6BMm_X_xDhd9u,2025-12-28 - Messenger creation 4980AE28-8123-4FA6-A519-0ABFA07F7A7E.jpeg,2025-12-28 - Messenger creation 4980AE28-8123-4FA6-A519-0ABFA07F7A7E.jpeg,image/jpeg,239940,2026-02-11T09:59:39.932Z,2025-12-28T13:07:09.126Z,0,,False,image,michaelkihlpro@gmail.com
1c84vp2HmRheaRlmqsyzdiOXnnBQXaYLF,2025-12-28 - Messenger creation 51CAA951-DACE-4ECB-8938-DBF2D9F39FE3.jpeg,2025-12-28 - Messenger creation 51CAA951-DACE-4ECB-8938-DBF2D9F39FE3.jpeg,image/jpeg,266710,2026-02-11T09:59:39.399Z,2025-12-28T13:07:08.944Z,0,,False,image,michaelkihlpro@gmail.com
1IbSC41SjGQetFw9Xq1WZ1XbsA6JJ1_et,2025-12-28 - Messenger creation B5AAFB01-0D5F-4CF7-A554-16CCD65FA2F0.jpeg,2025-12-28 - Messenger creation B5AAFB01-0D5F-4CF7-A554-16CCD65FA2F0.jpeg,image/jpeg,259612,2026-02-11T09:59:38.917Z,2025-12-28T13:07:08.669Z,0,,False,image,michaelkihlpro@gmail.com
1ZpPhStIfD7C_cxSnzsmneM893gZb4NmA,2025-12-28 - Messenger creation 9C22D4AC-2777-43F2-9C86-A503EB954937.jpeg,2025-12-28 - Messenger creation 9C22D4AC-2777-43F2-9C86-A503EB954937.jpeg,image/jpeg,312505,2026-02-11T09:59:38.424Z,2025-12-28T13:07:08.554Z,0,,False,image,michaelkihlpro@gmail.com
1sX6Lyi5n8Sqxf0uf9T-MBG8mNHxpewiH,2025-12-28 - Messenger creation FC625163-ABA2-49CF-9E08-B120C9B72394.jpeg,2025-12-28 - Messenger creation FC625163-ABA2-49CF-9E08-B120C9B72394.jpeg,image/jpeg,291051,2026-02-11T09:59:37.785Z,2025-12-28T13:07:08.258Z,0,,False,image,michaelkihlpro@gmail.com
105CPQniwlffucmQvGfSKUGJiIka7rJ2O,2025-12-28 - Messenger creation 5D2C3B4E-11EE-4394-B1EA-1E6B534DF62F.jpeg,2025-12-28 - Messenger creation 5D2C3B4E-11EE-4394-B1EA-1E6B534DF62F.jpeg,image/jpeg,330567,2026-02-11T09:59:37.042Z,2025-12-28T13:07:08.211Z,0,,False,image,michaelkihlpro@gmail.com
1SUAsoO9Tl8zRAMnVMK2jeTX8oPdB8cDe,2025-12-28 - Messenger creation CDF2AD01-4A4F-4DB5-A92A-9E40CC2B184E.jpeg,2025-12-28 - Messenger creation CDF2AD01-4A4F-4DB5-A92A-9E40CC2B184E.jpeg,image/jpeg,303187,2026-02-11T09:59:36.475Z,2025-12-28T13:07:07.240Z,0,,False,image,michaelkihlpro@gmail.com
1LMNyTQzv2wJdBemimqapN8Cb7XQ8m1hG,2025-12-28 - Messenger creation 4F5276C3-F255-4431-97E8-A57A5DDE20AD.jpeg,2025-12-28 - Messenger creation 4F5276C3-F255-4431-97E8-A57A5DDE20AD.jpeg,image/jpeg,311126,2026-02-11T09:59:35.420Z,2025-12-28T13:07:07.211Z,0,,False,image,michaelkihlpro@gmail.com
1DiROuo4ih--hpzWi0yHzs75EgTR6nbwV,2025-12-28 - Messenger creation B7404B20-15EE-41D6-84AB-E27B6E9ED54A.jpeg,2025-12-28 - Messenger creation B7404B20-15EE-41D6-84AB-E27B6E9ED54A.jpeg,image/jpeg,329660,2026-02-11T09:59:34.905Z,2025-12-28T13:07:06.860Z,0,,False,image,michaelkihlpro@gmail.com
1Z_K1YcYlJAeBWIFhR4LL9IlMOn4pqaku,2025-12-28 - Messenger creation 44E443C8-853C-4A3A-91F0-07D0EFFC0D43.jpeg,2025-12-28 - Messenger creation 44E443C8-853C-4A3A-91F0-07D0EFFC0D43.jpeg,image/jpeg,331178,2026-02-11T09:59:34.421Z,2025-12-28T13:07:06.818Z,0,,False,image,michaelkihlpro@gmail.com
1UfxsU1uwaDy4M73ulo0Dx-zNVFUTuz-r,2025-12-28 - Messenger creation 952BF5B6-2D20-48BC-AB14-BDDFD701EDC0.jpeg,2025-12-28 - Messenger creation 952BF5B6-2D20-48BC-AB14-BDDFD701EDC0.jpeg,image/jpeg,208458,2026-02-11T09:59:33.955Z,2025-12-28T13:07:06.641Z,0,,False,image,michaelkihlpro@gmail.com
1ZLNCB08ahYJ0oiVqYhHDQkJYAvdJ-HOb,2025-12-28 - Messenger creation 3795368F-52D9-4172-8AA9-1BBED7CDE3A1.jpeg,2025-12-28 - Messenger creation 3795368F-52D9-4172-8AA9-1BBED7CDE3A1.jpeg,image/jpeg,118064,2026-02-11T09:59:33.401Z,2025-12-28T13:07:06.429Z,0,,False,image,michaelkihlpro@gmail.com
1rSRsCyeL8RMgAtFZLu7riBICtFkvyVle,2025-12-28 - Messenger creation D403D57A-CEA3-46DE-AC5E-9E226995F5A9.jpeg,2025-12-28 - Messenger creation D403D57A-CEA3-46DE-AC5E-9E226995F5A9.jpeg,image/jpeg,304290,2026-02-11T09:59:32.857Z,2025-12-28T13:07:06.198Z,0,,False,image,michaelkihlpro@gmail.com
12EyZ7dGjebpvy6jMmwZwhTMDk9h_oBpR,2025-12-28 - Messenger creation 7321886C-FC38-458E-9BA6-8B767A5396A3.jpeg,2025-12-28 - Messenger creation 7321886C-FC38-458E-9BA6-8B767A5396A3.jpeg,image/jpeg,187303,2026-02-11T09:59:32.317Z,2025-12-28T13:07:05.414Z,0,,False,image,michaelkihlpro@gmail.com
1_QSD9IMQOXbz69wqTsKFcrwiklkJkjzr,2025-12-28 - Messenger creation E3AEEAD1-3ABE-4CAB-8B81-DE665D2CB6EF.jpeg,2025-12-28 - Messenger creation E3AEEAD1-3ABE-4CAB-8B81-DE665D2CB6EF.jpeg,image/jpeg,334594,2026-02-11T09:59:31.602Z,2025-12-28T13:07:05.171Z,0,,False,image,michaelkihlpro@gmail.com
1WdnT3CVO37AB8mtPHsl3gilOWdeJxD4S,2025-12-28 - Messenger creation 169216DE-0391-46CD-9668-1519FC4C6DB4.jpeg,2025-12-28 - Messenger creation 169216DE-0391-46CD-9668-1519FC4C6DB4.jpeg,image/jpeg,260569,2026-02-11T09:59:30.782Z,2025-12-28T13:07:05.132Z,0,,False,image,michaelkihlpro@gmail.com
18Cie2h2Oec23PKhnSu_gC6iEiToCKxWZ,2025-12-28 - Messenger creation 53845E21-7821-474C-9F7A-BB25057C57B4.jpeg,2025-12-28 - Messenger creation 53845E21-7821-474C-9F7A-BB25057C57B4.jpeg,image/jpeg,96127,2026-02-11T09:59:30.251Z,2025-12-28T13:07:04.951Z,0,,False,image,michaelkihlpro@gmail.com
1KcUjUyM5DLLCVmNj2d0Uj9t7hRNhq7ii,2025-12-28 - Messenger creation 7E022BAB-AE8E-4885-A5E5-3B218AFF797A.jpeg,2025-12-28 - Messenger creation 7E022BAB-AE8E-4885-A5E5-3B218AFF797A.jpeg,image/jpeg,275000,2026-02-11T09:59:29.549Z,2025-12-28T13:07:01.348Z,0,,False,image,michaelkihlpro@gmail.com
1V5yeFubJQMofUnXI0daaaPKf4aMGSPi8,2025-12-28 - Messenger creation E39E9D90-829B-4CD7-B255-7494A17DF0F0.jpeg,2025-12-28 - Messenger creation E39E9D90-829B-4CD7-B255-7494A17DF0F0.jpeg,image/jpeg,311298,2026-02-11T09:59:28.985Z,2025-12-28T13:07:01.295Z,0,,False,image,michaelkihlpro@gmail.com
1n8x-KiaAIgCkbAtM3sW9MgmQnKglFXG_,2025-12-28 - Messenger creation 3978FCD0-4145-4306-8E78-F0C42B2471DA.jpeg,2025-12-28 - Messenger creation 3978FCD0-4145-4306-8E78-F0C42B2471DA.jpeg,image/jpeg,260966,2026-02-11T09:59:28.476Z,2025-12-28T13:07:01.162Z,0,,False,image,michaelkihlpro@gmail.com
11GK553jco3guVfZ_Rja_XEsuX1Y2cohT,2025-12-28 - Messenger creation DCAD04E8-EBC5-4813-AE83-F8CB64A13C8A.jpeg,2025-12-28 - Messenger creation DCAD04E8-EBC5-4813-AE83-F8CB64A13C8A.jpeg,image/jpeg,322190,2026-02-11T09:59:27.918Z,2025-12-28T13:07:01.100Z,0,,False,image,michaelkihlpro@gmail.com
1gti9faRnVZ78aYK1hu3P60P5TZpcoXxo,2025-12-28 - Messenger creation 7DE5CB1B-DB52-4C24-BF21-005DB924B44D.jpeg,2025-12-28 - Messenger creation 7DE5CB1B-DB52-4C24-BF21-005DB924B44D.jpeg,image/jpeg,193229,2026-02-11T09:59:27.420Z,2025-12-28T13:07:00.917Z,0,,False,image,michaelkihlpro@gmail.com
1wlKqGqxoYz8ghk98tao5S9sgCO56hnp7,2025-12-28 - Messenger creation 2462EABE-A696-4E8D-95A3-7D3FD69C4918.jpeg,2025-12-28 - Messenger creation 2462EABE-A696-4E8D-95A3-7D3FD69C4918.jpeg,image/jpeg,132809,2026-02-11T09:59:26.757Z,2025-12-28T13:07:00.558Z,0,,False,image,michaelkihlpro@gmail.com
1IrZCj91ujgqAWdHMejN4lkh6Pqiw8Tqr,2025-12-28 - Messenger creation 1014EBEC-4874-4030-988C-856440C80574.jpeg,2025-12-28 - Messenger creation 1014EBEC-4874-4030-988C-856440C80574.jpeg,image/jpeg,117679,2026-02-11T09:59:26.209Z,2025-12-28T13:07:00.536Z,0,,False,image,michaelkihlpro@gmail.com
1Fdj6lhzo5NwXQ522z0haQZVd0N07waI0,2025-12-28 - Messenger creation 25875EA7-2A64-401C-8AEC-5D2859B03E39.jpeg,2025-12-28 - Messenger creation 25875EA7-2A64-401C-8AEC-5D2859B03E39.jpeg,image/jpeg,132870,2026-02-11T09:59:25.612Z,2025-12-28T13:07:00.060Z,0,,False,image,michaelkihlpro@gmail.com
1Kj8gVYiYCCi7S395M0T5aOi0xqgY7L53,2025-12-28 - Messenger creation A0017443-1435-4644-A03E-6132AA9FFC29.jpeg,2025-12-28 - Messenger creation A0017443-1435-4644-A03E-6132AA9FFC29.jpeg,image/jpeg,225531,2026-02-11T09:59:24.955Z,2025-12-28T13:06:59.142Z,0,,False,image,michaelkihlpro@gmail.com
1Hj7fXSUoTyclkP0ejovCMV8D-M1bTLT8,2025-12-28 - Messenger creation A7A2C6FB-DBB6-496A-A3FE-EEE571BBD75B.jpeg,2025-12-28 - Messenger creation A7A2C6FB-DBB6-496A-A3FE-EEE571BBD75B.jpeg,image/jpeg,240392,2026-02-11T09:59:24.347Z,2025-12-28T13:06:57.866Z,0,,False,image,michaelkihlpro@gmail.com
1Ku3LkcY0x-1M30eSvkxVlI4zS_sdYjZt,2025-12-28 - Messenger creation B449FB68-B008-48DD-A5CA-17FCC2B2BF92.jpeg,2025-12-28 - Messenger creation B449FB68-B008-48DD-A5CA-17FCC2B2BF92.jpeg,image/jpeg,98643,2026-02-11T09:59:23.729Z,2025-12-28T13:06:57.427Z,0,,False,image,michaelkihlpro@gmail.com
1-PVXsvElXJ1J-4WwzN-2laawAzTn8RSl,2025-12-28 - Messenger creation EB525ADF-F855-4901-8F08-E8BDDA15DD00.jpeg,2025-12-28 - Messenger creation EB525ADF-F855-4901-8F08-E8BDDA15DD00.jpeg,image/jpeg,104899,2026-02-11T09:59:23.043Z,2025-12-28T13:06:57.250Z,0,,False,image,michaelkihlpro@gmail.com
1XntEtMA9gYeOvoD7RQV5yCHwZspgxGiL,2025-12-28 - Messenger creation 0567E205-81E6-4FA7-97D1-229C8D0F62EE.jpeg,2025-12-28 - Messenger creation 0567E205-81E6-4FA7-97D1-229C8D0F62EE.jpeg,image/jpeg,113811,2026-02-11T09:59:22.491Z,2025-12-28T13:06:50.869Z,0,,False,image,michaelkihlpro@gmail.com
17Kk-ftHlYKgE6-K3AWE89x9s2qsDSu9y,2025-12-28 - 78126997142 E417BA51-24A8-4A26-A210-560AA30B4A18.heic,2025-12-28 - 78126997142 E417BA51-24A8-4A26-A210-560AA30B4A18.heic,image/heif,2215382,2026-02-11T09:59:21.944Z,2025-12-28T13:06:48.909Z,0,,False,image,michaelkihlpro@gmail.com
1kP5Bl0zcBFVBTjFD0753ENkBmvkgOL0H,2025-12-28 - Messenger creation A2ECBBCB-45A1-470A-B62B-9C2E7B290618.jpeg,2025-12-28 - Messenger creation A2ECBBCB-45A1-470A-B62B-9C2E7B290618.jpeg,image/jpeg,65793,2026-02-11T09:59:21.345Z,2025-12-28T13:06:48.392Z,0,,False,image,michaelkihlpro@gmail.com
16tLwh8EJL0JYxfRKnY-zPcA-jR0PtuGc,2025-12-28 - Messenger creation D9796079-D855-460A-BCA8-393CF8E02349.jpeg,2025-12-28 - Messenger creation D9796079-D855-460A-BCA8-393CF8E02349.jpeg,image/jpeg,144042,2026-02-11T09:59:20.622Z,2025-12-28T13:06:46.296Z,0,,False,image,michaelkihlpro@gmail.com
1fhHqai6c-p8KxkBDObWke0arCSPsU79g,2025-12-28 - Messenger creation 938965E4-C032-4B60-85F8-41875DBBD203.jpeg,2025-12-28 - Messenger creation 938965E4-C032-4B60-85F8-41875DBBD203.jpeg,image/jpeg,404183,2026-02-11T09:59:18.304Z,2025-12-28T13:06:45.915Z,0,,False,image,michaelkihlpro@gmail.com
1iDpfBURgZcWLjVTsxmq7CMuJkIXR5vRB,2025-12-28 - Messenger creation AB998AE5-E7DF-425D-AE89-DE5E15784C48.jpeg,2025-12-28 - Messenger creation AB998AE5-E7DF-425D-AE89-DE5E15784C48.jpeg,image/jpeg,61640,2026-02-11T09:59:17.800Z,2025-12-28T13:06:45.759Z,0,,False,image,michaelkihlpro@gmail.com
1j2b3imZCBPGN66F2c9T4tkL91hFXbowH,2025-12-28 - Adobe-express-qr-code.png,2025-12-28 - Adobe-express-qr-code.png,image/png,14610,2026-02-11T09:59:17.273Z,2025-12-28T13:06:41.688Z,0,,False,image,michaelkihlpro@gmail.com
1ygN-OLYFygTRvcF7fFblnCtF75Tfkkug,2025-12-28 - Messenger creation D0939E13-1B76-4A75-9DE5-9052C2743CB8.jpeg,2025-12-28 - Messenger creation D0939E13-1B76-4A75-9DE5-9052C2743CB8.jpeg,image/jpeg,256863,2026-02-11T09:59:16.751Z,2025-12-28T13:06:41.190Z,0,,False,image,michaelkihlpro@gmail.com
1AYhRB7u5NwB_mq2HawOrZtDc3vcUYirL,2025-12-28 - Screenshot 20251008 092508 Adobe Acrobat.jpg,2025-12-28 - Screenshot 20251008 092508 Adobe Acrobat.jpg,image/jpeg,992885,2026-02-11T09:59:16.219Z,2025-12-28T13:06:41.013Z,0,,False,image,michaelkihlpro@gmail.com
1uDMedAH28GAT0fp-1vRAhoxkicNcMDGb,2025-12-28 - Messenger creation 65C710EC-9077-4752-9A3B-946EB32A3DC4.jpeg,2025-12-28 - Messenger creation 65C710EC-9077-4752-9A3B-946EB32A3DC4.jpeg,image/jpeg,255775,2026-02-11T09:59:15.628Z,2025-12-28T13:06:39.099Z,0,,False,image,michaelkihlpro@gmail.com
1DYvw5ey3X_OX5e7QtMi5C6WNdhuau4TL,2025-12-28 - Messenger creation FB70965A-9444-4EBB-BE7D-AEC1239B3DDA.jpeg,2025-12-28 - Messenger creation FB70965A-9444-4EBB-BE7D-AEC1239B3DDA.jpeg,image/jpeg,251402,2026-02-11T09:59:15.078Z,2025-12-28T13:06:38.425Z,0,,False,image,michaelkihlpro@gmail.com
1VX6IIHyEJjx6baR4cGHpoD3itoh9wPw6,2025-12-28 - IMG 9464.heic,2025-12-28 - IMG 9464.heic,image/heif,2884703,2026-02-11T09:59:14.468Z,2025-12-28T13:06:32.160Z,0,,False,image,michaelkihlpro@gmail.com
1jHAQgbwEXn0-bGvBhnQFrWlWRSe-IcAn,2025-12-28 - Messenger creation 06C9A38E-56AB-4389-A546-E54878B61B93.jpeg,2025-12-28 - Messenger creation 06C9A38E-56AB-4389-A546-E54878B61B93.jpeg,image/jpeg,77348,2026-02-11T09:59:13.909Z,2025-12-28T13:06:30.945Z,0,,False,image,michaelkihlpro@gmail.com
1jzhxfwSUi7nKQwFC7_T1rnpzZsOnLK6L,2025-12-28 - Screenshot 20251022 094013 Chrome.jpg,2025-12-28 - Screenshot 20251022 094013 Chrome.jpg,image/jpeg,255742,2026-02-11T09:59:13.399Z,2025-12-28T13:06:30.927Z,0,,False,image,michaelkihlpro@gmail.com
1cZEq6GprbBog_OvhBy5xz7hhMMAtJc7Z,2025-12-28 - IMG 9473.heic,2025-12-28 - IMG 9473.heic,image/heif,3049368,2026-02-11T09:59:12.875Z,2025-12-28T13:06:30.666Z,0,,False,image,michaelkihlpro@gmail.com
16g0Q2mXvdpH3N0nhGS6R3KCK-kmsvzMi,2025-12-28 - Screenshot 20251022 100528 Chrome.jpg,2025-12-28 - Screenshot 20251022 100528 Chrome.jpg,image/jpeg,109900,2026-02-11T09:59:12.287Z,2025-12-28T13:06:30.017Z,0,,False,image,michaelkihlpro@gmail.com
1qFA5Lb-vgEZ7CVILcYpj_pM_yJTXIWCe,2025-12-28 - IMG 9499.heic,2025-12-28 - IMG 9499.heic,image/heif,1462337,2026-02-11T09:59:11.722Z,2025-12-28T13:06:29.834Z,0,,False,image,michaelkihlpro@gmail.com
1G7Ppkd4eFpF53ZhVCII-wOEBW6jdgJDN,2025-12-28 - IMG 95531.jpg,2025-12-28 - IMG 95531.jpg,image/jpeg,382700,2026-02-11T09:59:11.213Z,2025-12-28T13:06:27.173Z,0,,False,image,michaelkihlpro@gmail.com
174BqCx6xIwzg42Ism3YWL7Op5K5YG8WV,2025-12-28 - Messenger creation F091489D-5C06-4640-8319-3A8639AFD389.jpeg,2025-12-28 - Messenger creation F091489D-5C06-4640-8319-3A8639AFD389.jpeg,image/jpeg,225677,2026-02-11T09:59:10.580Z,2025-12-28T13:06:22.798Z,0,,False,image,michaelkihlpro@gmail.com
1FbwXo12-bP5GuRjsQ71LpQJCxW--rv6K,2025-12-28 - Resized IMG-20251114-WA0002.jpg,2025-12-28 - Resized IMG-20251114-WA0002.jpg,image/jpeg,155871,2026-02-11T09:59:09.952Z,2025-12-28T13:06:22.740Z,0,,False,image,michaelkihlpro@gmail.com
1rFog9cRBMz_Qfyi9r-d0UxHobNOXycEU,2025-12-28 - Messenger creation 289B2888-7468-4B85-960D-A2E76EB06807.jpeg,2025-12-28 - Messenger creation 289B2888-7468-4B85-960D-A2E76EB06807.jpeg,image/jpeg,213033,2026-02-11T09:59:09.231Z,2025-12-28T13:06:21.953Z,0,,False,image,michaelkihlpro@gmail.com
1JQfUk_bcQQB1vG1iDindIONmGooRpyA4,2025-12-28 - Messenger creation 76BACA46-06BC-47F3-A5BA-1723E4AC9D58.jpeg,2025-12-28 - Messenger creation 76BACA46-06BC-47F3-A5BA-1723E4AC9D58.jpeg,image/jpeg,205695,2026-02-11T09:59:08.559Z,2025-12-28T13:06:21.818Z,0,,False,image,michaelkihlpro@gmail.com
14D4VSpCTDeuMgq73e1mEtwz41oPBLcgZ,2025-12-28 - Messenger creation 67051D68-77F5-44C7-8556-C518B8C70CB3.jpeg,2025-12-28 - Messenger creation 67051D68-77F5-44C7-8556-C518B8C70CB3.jpeg,image/jpeg,164742,2026-02-11T09:59:07.878Z,2025-12-28T13:06:21.527Z,0,,False,image,michaelkihlpro@gmail.com
1MO9QHZG_srEbDGdTKX_ITpD7HSjxHE4j,2025-12-28 - Messenger creation C8CDCF00-19B6-4069-9698-02833A097ABB.jpeg,2025-12-28 - Messenger creation C8CDCF00-19B6-4069-9698-02833A097ABB.jpeg,image/jpeg,153972,2026-02-11T09:59:07.055Z,2025-12-28T13:06:21.483Z,0,,False,image,michaelkihlpro@gmail.com
1xerV7zfigcmpLcNbbjfDJ_GWHATGDK_S,2025-12-28 - Messenger creation C0A4B67E-F003-45C8-87B7-2134DE40886E.jpeg,2025-12-28 - Messenger creation C0A4B67E-F003-45C8-87B7-2134DE40886E.jpeg,image/jpeg,125466,2026-02-11T09:59:06.390Z,2025-12-28T13:06:21.431Z,0,,False,image,michaelkihlpro@gmail.com
1uBVgbnLVBqegpt9awqbEeHgD3cLGfV2_,2025-12-28 - Messenger creation 34D9FAD0-7873-4B6F-B847-CF61B7765665.jpeg,2025-12-28 - Messenger creation 34D9FAD0-7873-4B6F-B847-CF61B7765665.jpeg,image/jpeg,187130,2026-02-11T09:59:05.816Z,2025-12-28T13:06:21.356Z,0,,False,image,michaelkihlpro@gmail.com
1xbpny394RTn91yldy47N72dd2mCJJFdE,2025-12-28 - Messenger creation 635936F7-0941-4F7B-9B15-3D20A453C85C.jpeg,2025-12-28 - Messenger creation 635936F7-0941-4F7B-9B15-3D20A453C85C.jpeg,image/jpeg,91153,2026-02-11T09:59:05.325Z,2025-12-28T13:06:20.607Z,0,,False,image,michaelkihlpro@gmail.com
1ceK6bt_6hMzccM4SnzFHE5bNJ7bG2Ud6,2025-12-28 - Messenger creation 56EA69C0-2211-4D69-A936-713D0E7C7F1E.jpeg,2025-12-28 - Messenger creation 56EA69C0-2211-4D69-A936-713D0E7C7F1E.jpeg,image/jpeg,83955,2026-02-11T09:59:04.716Z,2025-12-28T13:06:20.556Z,0,,False,image,michaelkihlpro@gmail.com
1zHNwq7lLxl6andxZj_UQIYBcxEh0X5C6,2025-12-28 - Messenger creation FC23FA24-BD8F-4F1D-9879-6AFF52777359.jpeg,2025-12-28 - Messenger creation FC23FA24-BD8F-4F1D-9879-6AFF52777359.jpeg,image/jpeg,92215,2026-02-11T09:59:04.152Z,2025-12-28T13:06:19.537Z,0,,False,image,michaelkihlpro@gmail.com
1DxG6f9EmUJjY-h32FeuCkZUuY78vUXl3,2025-12-28 - Resized 20251125 115244.jpg,2025-12-28 - Resized 20251125 115244.jpg,image/jpeg,495963,2026-02-11T09:59:03.653Z,2025-12-28T13:06:19.346Z,0,,False,image,michaelkihlpro@gmail.com
1wMGnF-TpDcL97-qfGFe0sJMgV-lpVv73,2025-12-28 - File 00000000ffe071f589a7127f65c677ab.png,2025-12-28 - File 00000000ffe071f589a7127f65c677ab.png,image/png,2442072,2026-02-11T09:59:03.091Z,2025-12-28T13:06:17.037Z,0,,False,image,michaelkihlpro@gmail.com
1vA-dv0pywecxTtZ4QZ2o-L6dghxbwiU3,2025-12-28 - IMG 98711.jpg,2025-12-28 - IMG 98711.jpg,image/jpeg,378703,2026-02-11T09:59:02.472Z,2025-12-28T13:06:16.316Z,0,,False,image,michaelkihlpro@gmail.com
1G3aS6BVqQEz5levyOFBYLUmmHFuK9Z-n,2025-12-28 - File 00000000fdc871f5910775fbc4f638db.png,2025-12-28 - File 00000000fdc871f5910775fbc4f638db.png,image/png,1496590,2026-02-11T09:59:01.936Z,2025-12-28T13:06:16.147Z,0,,False,image,michaelkihlpro@gmail.com
1YqwWwdMS-udkuJpDLWvBAHPBzThVz8vQ,2025-12-28 - Messenger creation FFD59DFB-1794-4818-8058-FA17E976023A.jpeg,2025-12-28 - Messenger creation FFD59DFB-1794-4818-8058-FA17E976023A.jpeg,image/jpeg,293760,2026-02-11T09:59:01.329Z,2025-12-28T13:06:11.275Z,0,,False,image,michaelkihlpro@gmail.com
1L1KkLn0I1MjjAeyg1muIyxZoepCfHNxm,2025-12-28 - Messenger creation BEC56C61-0D5B-4DB3-AF59-30E6ED50EC1B.jpeg,2025-12-28 - Messenger creation BEC56C61-0D5B-4DB3-AF59-30E6ED50EC1B.jpeg,image/jpeg,270881,2026-02-11T09:59:00.847Z,2025-12-28T13:06:11.235Z,0,,False,image,michaelkihlpro@gmail.com
1ECwlqrXmXqz0EvQFGFY8aNlzD_jFJV_Z,2025-12-28 - Resized 20251210 122151.jpg,2025-12-28 - Resized 20251210 122151.jpg,image/jpeg,431103,2026-02-11T09:59:00.079Z,2025-12-28T13:06:10.930Z,0,,False,image,michaelkihlpro@gmail.com
1pcfC4hJd8X1_0bWuOm-64KXAHRbd-RfP,2025-12-28 - Screenshot 20251217 121019 Chrome.jpg,2025-12-28 - Screenshot 20251217 121019 Chrome.jpg,image/jpeg,403297,2026-02-11T09:58:59.591Z,2025-12-28T13:05:56.280Z,0,,False,image,michaelkihlpro@gmail.com
1_-jjt67u_CgFm16GNejS3p5W1u3FRmQk,2025-12-28 - Scolaire-Seingbouse-2025-58.jpg,2025-12-28 - Scolaire-Seingbouse-2025-58.jpg,image/jpeg,7770567,2026-02-11T09:58:58.820Z,2025-12-28T13:05:24.466Z,0,,False,image,michaelkihlpro@gmail.com
1E3300jhJxDl4W606EFRBapefFAA6YAMG,2024-12-03 - Suremembers Discover the Best Membership Plugin for WordPress.jpg,2024-12-03 - Suremembers Discover the Best Membership Plugin for WordPress.jpg,image/jpeg,140945,2026-02-11T09:58:58.068Z,2024-12-03T18:13:45.496Z,0,,False,image,michaelkihlpro@gmail.com
1c1TVF-0_2T5C0XR7HtEBTDs1bFkhpDUq,2024-07-18 - Extensions-divi-builder-vs-elementor-pro-comparaison-wordpress.jpg,2024-07-18 - Extensions-divi-builder-vs-elementor-pro-comparaison-wordpress.jpg,image/jpeg,155687,2026-02-11T09:58:57.189Z,2024-07-18T18:18:25.576Z,0,,False,image,michaelkihlpro@gmail.com
1btzNrb0-lC32XqxrIfROtB_agW1A5IY4,2024-07-18 - Divi-builder-vs-elementor-pro-comparaison-extensions-wordpress.jpg,2024-07-18 - Divi-builder-vs-elementor-pro-comparaison-extensions-wordpress.jpg,image/jpeg,161433,2026-02-11T09:58:56.491Z,2024-07-18T18:18:25.654Z,0,,False,image,michaelkihlpro@gmail.com
1-Yh_KfoRtwWeN45j92jtQSVEIor-ZZ3t,2024-10-25 - Local-wp-choisir-entre-local-by-flywheel-ou-xampp.jpg,2024-10-25 - Local-wp-choisir-entre-local-by-flywheel-ou-xampp.jpg,image/jpeg,133271,2026-02-11T09:58:55.885Z,2024-10-25T07:07:06.898Z,0,,False,image,michaelkihlpro@gmail.com
1-c505T1LIyy0r13KORNdLgavQc4luXZW,2024-10-25 - Local-by-flywheel-vs-xampp-installer-wordpress-en-local.jpg,2024-10-25 - Local-by-flywheel-vs-xampp-installer-wordpress-en-local.jpg,image/jpeg,135908,2026-02-11T09:58:55.239Z,2024-10-25T07:07:06.794Z,0,,False,image,michaelkihlpro@gmail.com
16rbLbtzbXID_RlAtXtTUAL9r-fsomwSe,2024-11-13 - Sureforms-createur-formulaires-wordpress-ia-puissant.jpg,2024-11-13 - Sureforms-createur-formulaires-wordpress-ia-puissant.jpg,image/jpeg,140963,2026-02-11T09:58:54.712Z,2024-11-13T09:27:43.496Z,0,,False,image,michaelkihlpro@gmail.com
16uOjiyBi6qIc0tWMsvchstn61y_nfzlJ,2024-11-13 - Formulaires-wordpress-simplifies-sureforms-ia.jpg,2024-11-13 - Formulaires-wordpress-simplifies-sureforms-ia.jpg,image/jpeg,131245,2026-02-11T09:58:53.891Z,2024-11-13T09:27:43.411Z,0,,False,image,michaelkihlpro@gmail.com
1rpU9Aj5k2-522H0Sf7Yt-rqSi72RmWDD,2025-03-20 - Rapyd-cloud-avis-hebergement-performant.jpg,2025-03-20 - Rapyd-cloud-avis-hebergement-performant.jpg,image/jpeg,157145,2026-02-11T09:58:53.322Z,2025-03-20T17:16:28.113Z,0,,False,image,michaelkihlpro@gmail.com
1rn2tHv3-whQLT1DJg5gQ9ldX-Bpk37L6,2025-03-20 - Hebergement-wordpress-rapyd-cloud-performance.jpg,2025-03-20 - Hebergement-wordpress-rapyd-cloud-performance.jpg,image/jpeg,159218,2026-02-11T09:58:52.803Z,2025-03-20T17:16:28.182Z,0,,False,image,michaelkihlpro@gmail.com
1dUGZ8yR9LsEhYCV_0JCmXE0WM6UUStGO,2025-02-10 - Academy-lms-wordpress-lancer-academie-en-ligne.jpg,2025-02-10 - Academy-lms-wordpress-lancer-academie-en-ligne.jpg,image/jpeg,155006,2026-02-11T09:58:52.271Z,2025-02-10T10:02:29.091Z,0,,False,image,michaelkihlpro@gmail.com
1dPn1xIXkEckk-itMgfYtYpHioa5RdHcN,2025-02-10 - Academy-lms-plugin-wordpress-e-learning.jpg,2025-02-10 - Academy-lms-plugin-wordpress-e-learning.jpg,image/jpeg,155937,2026-02-11T09:58:51.712Z,2025-02-10T10:02:29.156Z,0,,False,image,michaelkihlpro@gmail.com
1i9BAxXUcHyt9uVu_iQGwvi-AuPERILtL,2025-02-18 - Skoatch-avis-outil-ia-seo-automatisation.jpg,2025-02-18 - Skoatch-avis-outil-ia-seo-automatisation.jpg,image/jpeg,147569,2026-02-11T09:58:51.202Z,2025-02-18T13:07:55.852Z,0,,False,image,michaelkihlpro@gmail.com
1i9OC46K-plJUYnrGMujK5tyuUposbenM,2025-02-18 - Skoatch-redaction-ia-seo-automatisation.jpg,2025-02-18 - Skoatch-redaction-ia-seo-automatisation.jpg,image/jpeg,146821,2026-02-11T09:58:50.659Z,2025-02-18T13:07:55.775Z,0,,False,image,michaelkihlpro@gmail.com
1a3SQOL90Q6WptAX8oWMzkug6BkEaIN_i,2025-01-22 - Test-traduire-sans-migraine-plugin-wordpress.jpg,2025-01-22 - Test-traduire-sans-migraine-plugin-wordpress.jpg,image/jpeg,156784,2026-02-11T09:58:50.008Z,2025-01-22T10:23:02.534Z,0,,False,image,michaelkihlpro@gmail.com
1a9gWkIDbMQ9Rl22ZlMMEUC4gX5XKSXr8,2025-01-22 - Traduire-sans-migraine-plugin-wordpress-seo.jpg,2025-01-22 - Traduire-sans-migraine-plugin-wordpress-seo.jpg,image/jpeg,162904,2026-02-11T09:58:49.451Z,2025-01-22T10:23:02.398Z,0,,False,image,michaelkihlpro@gmail.com
1bBzE0U_WXOgAxyYftILzb6_7hhNlvlT9,2025-01-27 - Wp-umbrella-agences-wordpress.jpg,2025-01-27 - Wp-umbrella-agences-wordpress.jpg,image/jpeg,145781,2026-02-11T09:58:48.813Z,2025-01-27T09:11:03.239Z,0,,False,image,michaelkihlpro@gmail.com
1bCTcdHEhSmy3KM2HNh-7WVHkDNcCoPho,2025-01-27 - Wp-umbrella-gestion-sites-wordpress.jpg,2025-01-27 - Wp-umbrella-gestion-sites-wordpress.jpg,image/jpeg,161241,2026-02-11T09:58:48.208Z,2025-01-27T09:11:03.175Z,0,,False,image,michaelkihlpro@gmail.com
1YUhYn4oGnzTSPgcsZGHUMPguefzjTyMG,2025-01-14 - Qu-est-ce-que-gutenberg-wordpress.jpg,2025-01-14 - Qu-est-ce-que-gutenberg-wordpress.jpg,image/jpeg,131010,2026-02-11T09:58:47.652Z,2025-01-14T12:41:28.394Z,0,,False,image,michaelkihlpro@gmail.com
1YbxMQLBsBqk7FoerRBR-4Zf8zFr-BhIU,2025-01-14 - Decouvrez-gutenberg-editeur-wordpress.jpg,2025-01-14 - Decouvrez-gutenberg-editeur-wordpress.jpg,image/jpeg,136731,2026-02-11T09:58:47.110Z,2025-01-14T12:41:28.345Z,0,,False,image,michaelkihlpro@gmail.com
1bHJKwLKjaVo6MB6MgYGNUI6Ll3CqV83E,2025-01-27 - Thot-seo-dominance-google-outil-semantique.jpg,2025-01-27 - Thot-seo-dominance-google-outil-semantique.jpg,image/jpeg,135006,2026-02-11T09:58:46.537Z,2025-01-27T12:35:20.439Z,0,,False,image,michaelkihlpro@gmail.com
1bG3A_LWouIyVI5FsERu1vIAstgJpPD1o,2025-01-27 - Thot-seo-optimisation-semantique-outil-n1.jpg,2025-01-27 - Thot-seo-optimisation-semantique-outil-n1.jpg,image/jpeg,143456,2026-02-11T09:58:45.769Z,2025-01-27T12:35:20.497Z,0,,False,image,michaelkihlpro@gmail.com
1L3QNRq51ilMYj-iqg5Lct6VvKZ2bcflg,2024-12-18 - Fluentcommunity-plugin-communaute-wordpress.jpg,2024-12-18 - Fluentcommunity-plugin-communaute-wordpress.jpg,image/jpeg,166852,2026-02-11T09:58:45.224Z,2024-12-18T17:15:08.488Z,0,,False,image,michaelkihlpro@gmail.com
1L67KhUJAmSMSRdMfC-LC1ulg23KTW6UB,2024-12-18 - Creez-communaute-wordpress-fluentcommunity.jpg,2024-12-18 - Creez-communaute-wordpress-fluentcommunity.jpg,image/jpeg,151295,2026-02-11T09:58:44.731Z,2024-12-18T17:15:08.324Z,0,,False,image,michaelkihlpro@gmail.com
1J00uSo3hlD5LqwjrsPA6z3tPCxpd364E,2024-12-11 - Wp-marmite-pay-simplifie-paiements-wordpress.jpg,2024-12-11 - Wp-marmite-pay-simplifie-paiements-wordpress.jpg,image/jpeg,146139,2026-02-11T09:58:44.123Z,2024-12-11T10:40:48.163Z,0,,False,image,michaelkihlpro@gmail.com
1IzETtPVNegjcRynbk4WSmHuwuiSfnirv,2024-12-11 - Facilitez-paiements-wordpress-wp-marmite-pay.jpg,2024-12-11 - Facilitez-paiements-wordpress-wp-marmite-pay.jpg,image/jpeg,142187,2026-02-11T09:58:43.500Z,2024-12-11T10:40:48.232Z,0,,False,image,michaelkihlpro@gmail.com
1F6bBSVciRRzEqWS8rWOObPkmX-NgvCti,2024-12-05 - Avantages-creation-site-wordpress-sur-mesure.jpg,2024-12-05 - Avantages-creation-site-wordpress-sur-mesure.jpg,image/jpeg,161526,2026-02-11T09:58:43.009Z,2024-12-05T15:51:55.828Z,0,,False,image,michaelkihlpro@gmail.com
1F-5SHwrMuuAjRzMif_ryX7AVBmFOb5FZ,2024-12-05 - Creation-site-wordpress-sur-mesure-schoolswp.jpg,2024-12-05 - Creation-site-wordpress-sur-mesure-schoolswp.jpg,image/jpeg,145452,2026-02-11T09:58:42.531Z,2024-12-05T15:51:55.915Z,0,,False,image,michaelkihlpro@gmail.com
1Anp8dGNq3MyU0klAjA3rJqoKlFdk4sOS,2024-11-25 - Wordpress-playground-test-en-ligne.jpg,2024-11-25 - Wordpress-playground-test-en-ligne.jpg,image/jpeg,142912,2026-02-11T09:58:41.972Z,2024-11-25T19:18:08.384Z,0,,False,image,michaelkihlpro@gmail.com
1Aq8d1TpGJQ7zBv0XNnYEP9ZngyKYbTaD,2024-11-25 - Wordpress-playground-utilisation-guide.jpg,2024-11-25 - Wordpress-playground-utilisation-guide.jpg,image/jpeg,135311,2026-02-11T09:58:41.482Z,2024-11-25T19:18:08.302Z,0,,False,image,michaelkihlpro@gmail.com
1A0L6pmzgc1aRGLETjhQftHBSWV1uKB9r,2024-11-25 - Link-finder-backlinks-qualite-petit-prix.jpg,2024-11-25 - Link-finder-backlinks-qualite-petit-prix.jpg,image/jpeg,129261,2026-02-11T09:58:40.942Z,2024-11-25T10:43:42.244Z,0,,False,image,michaelkihlpro@gmail.com
19zO4J7v7Mr8g1St7CXSLg1uyAVY9qv0p,2024-11-25 - Link-finder-strategie-netlinking-economique.jpg,2024-11-25 - Link-finder-strategie-netlinking-economique.jpg,image/jpeg,136886,2026-02-11T09:58:40.353Z,2024-11-25T10:43:42.278Z,0,,False,image,michaelkihlpro@gmail.com
18sdcVVPn2WM9S7xQzIQ8HZpFtaUbFSX4,2024-11-20 - Optimisez-slugs-wordpress-seo.jpg,2024-11-20 - Optimisez-slugs-wordpress-seo.jpg,image/jpeg,135619,2026-02-11T09:58:39.756Z,2024-11-20T17:38:53.828Z,0,,False,image,michaelkihlpro@gmail.com
14oxOtS32LQvStHX_EJyvo53upnWGw4Xp,2024-11-08 - Tastewp-decouvrez-creer-facilement-site-wordpress.jpg,2024-11-08 - Tastewp-decouvrez-creer-facilement-site-wordpress.jpg,image/jpeg,137106,2026-02-11T09:58:39.183Z,2024-11-08T10:34:58.892Z,0,,False,image,michaelkihlpro@gmail.com
14qHTJ78KcW_s9Cnanvttt_XW17t3M9hx,2024-11-08 - Creer-site-wordpress-sans-installation-tastewp.jpg,2024-11-08 - Creer-site-wordpress-sans-installation-tastewp.jpg,image/jpeg,134177,2026-02-11T09:58:38.654Z,2024-11-08T10:34:58.822Z,0,,False,image,michaelkihlpro@gmail.com
1-EpqWArUD_XW1-5K81I8wBn207f1Vht1,2024-10-11 - Zipwp-vs-instawp-lancement-rapide-site-wordpress.jpg,2024-10-11 - Zipwp-vs-instawp-lancement-rapide-site-wordpress.jpg,image/jpeg,149883,2026-02-11T09:58:38.175Z,2024-10-11T07:51:01.497Z,0,,False,image,michaelkihlpro@gmail.com
1-GFDJ4db3kDF0GmvD29WAl5TQs6GKB7m,2024-10-11 - Zipwp-vs-instawp-comparaison-outils-wordpress.jpg,2024-10-11 - Zipwp-vs-instawp-comparaison-outils-wordpress.jpg,image/jpeg,134737,2026-02-11T09:58:37.613Z,2024-10-11T07:51:01.448Z,0,,False,image,michaelkihlpro@gmail.com
1w-wI2gRDj3eLSzZ6N9usoTRBK9EbqMFr,2024-09-30 - SureMembers vs Restrict Content Pro Quel plugin WordPress choisir.jpg,2024-09-30 - SureMembers vs Restrict Content Pro Quel plugin WordPress choisir.jpg,image/jpeg,146886,2026-02-11T09:58:37.116Z,2024-09-30T07:13:47.531Z,0,,False,image,michaelkihlpro@gmail.com
1pX9VO2zZB_i0M9oJvG6mfP8zwV5o-M5N,2024-08-29 - Seokey-plugin-seo-indispensable-wordpress.jpg,2024-08-29 - Seokey-plugin-seo-indispensable-wordpress.jpg,image/jpeg,130856,2026-02-11T09:58:36.622Z,2024-08-29T08:52:44.463Z,0,,False,image,michaelkihlpro@gmail.com
1pfJFRkxJD0jieRTaTuCJ_AEEuEgwX5AE,2024-08-29 - Seokey-plugin-seo-essentiel-wordpress.jpg,2024-08-29 - Seokey-plugin-seo-essentiel-wordpress.jpg,image/jpeg,126725,2026-02-11T09:58:36.080Z,2024-08-29T08:52:44.422Z,0,,False,image,michaelkihlpro@gmail.com
1oGmEaITNTgyekrTgc-vIFBmUpQW0p1Z_,2024-08-21 - Top-10-plugins-traduction-wordpress-multilingue.jpg,2024-08-21 - Top-10-plugins-traduction-wordpress-multilingue.jpg,image/jpeg,159522,2026-02-11T09:58:35.435Z,2024-08-21T15:42:07.665Z,0,,False,image,michaelkihlpro@gmail.com
1oEUW6EbOuUH_5LkV7fXW7qj5YAtnA2S_,2024-08-21 - Top-10-plugins-wordpress-traduction-multilingue.jpg,2024-08-21 - Top-10-plugins-wordpress-traduction-multilingue.jpg,image/jpeg,149582,2026-02-11T09:58:34.828Z,2024-08-21T15:42:07.595Z,0,,False,image,michaelkihlpro@gmail.com
1nGSEtbjJulqcB7ktCEIPJEU9cEoyOicx,2024-08-13 - Wpboutik-boost-ecommerce-wordpress.jpg,2024-08-13 - Wpboutik-boost-ecommerce-wordpress.jpg,image/jpeg,150768,2026-02-11T09:58:34.288Z,2024-08-13T18:30:50.754Z,0,,False,image,michaelkihlpro@gmail.com
1lWzPTLFMNl5_4s7DJ_CVDGNU-lfNPiNp,2024-08-03 - Linkuma-backlinks-qualite-netlinking-simplifie.jpg,2024-08-03 - Linkuma-backlinks-qualite-netlinking-simplifie.jpg,image/jpeg,143583,2026-02-11T09:58:33.750Z,2024-08-03T18:38:07.809Z,0,,False,image,michaelkihlpro@gmail.com
1lUmjQjaCzlhUILWnGMQsXd5PE1nGZtZV,2024-08-03 - Avis-linkuma-reference-netlinking.jpg,2024-08-03 - Avis-linkuma-reference-netlinking.jpg,image/jpeg,142911,2026-02-11T09:58:33.255Z,2024-08-03T18:38:07.885Z,0,,False,image,michaelkihlpro@gmail.com
1k0HptMh3q4xi3TIxbKHHXq7A3-CpwXhE,2024-08-03 - Guide-complet-theme-wordpress-utilisation.jpg,2024-08-03 - Guide-complet-theme-wordpress-utilisation.jpg,image/jpeg,157960,2026-02-11T09:58:32.682Z,2024-08-03T10:03:15.862Z,0,,False,image,michaelkihlpro@gmail.com
1gb3CHR-RbNegjm2fgqRRsetjk9jbkabJ,2024-07-26 - Suremembers-vs-wishlist-members-meilleur-choix.jpg,2024-07-26 - Suremembers-vs-wishlist-members-meilleur-choix.jpg,image/jpeg,202420,2026-02-11T09:58:32.103Z,2024-07-26T18:48:07.960Z,0,,False,image,michaelkihlpro@gmail.com
1gXH-15nLzmCaaomE1q836dXNoPKJe2WG,2024-07-26 - Suremembers-vs-wishlist-members-comparaison-extension.jpg,2024-07-26 - Suremembers-vs-wishlist-members-comparaison-extension.jpg,image/jpeg,214857,2026-02-11T09:58:31.550Z,2024-07-26T18:48:08.009Z,0,,False,image,michaelkihlpro@gmail.com
1i77Pm0c49ZycmXifph7pyIP4NfhcedYn,2024-07-31 - Meilleur-plugin-adhesion-wordpress-suremembers.jpg,2024-07-31 - Meilleur-plugin-adhesion-wordpress-suremembers.jpg,image/jpeg,160721,2026-02-11T09:58:30.983Z,2024-07-31T15:43:40.739Z,0,,False,image,michaelkihlpro@gmail.com
1i3efbXIItNx91F4dXl_0DPtghxeENRTV,2024-07-31 - Plugin-adhesion-wordpress-suremembers.jpg,2024-07-31 - Plugin-adhesion-wordpress-suremembers.jpg,image/jpeg,149460,2026-02-11T09:58:30.445Z,2024-07-31T15:43:40.661Z,0,,False,image,michaelkihlpro@gmail.com
1aSbkdJ1OpVW32NeOSwLjd-IyiabeVICv,2024-07-11 - Structurer-article-wordpress-ameliorer-lisibi.jpg,2024-07-11 - Structurer-article-wordpress-ameliorer-lisibi.jpg,image/jpeg,170934,2026-02-11T09:58:29.951Z,2024-07-11T08:37:00.626Z,0,,False,image,michaelkihlpro@gmail.com
1aLUXaAc7HiKJpqYu6pGeJ7gM3VJDJMsy,2024-07-11 - Structurer vos articles WordPress efficacement Boostez votre SEO.jpg,2024-07-11 - Structurer vos articles WordPress efficacement Boostez votre SEO.jpg,image/jpeg,171610,2026-02-11T09:58:29.320Z,2024-07-11T08:32:30.743Z,0,,False,image,michaelkihlpro@gmail.com
1ZItjr-ZQZpDM-7bY7qPNJ7DAT8EU9gU-,2024-07-05 - Decouvrez-copilhost-puissance-securite-wordpress.jpg,2024-07-05 - Decouvrez-copilhost-puissance-securite-wordpress.jpg,image/jpeg,142545,2026-02-11T09:58:28.831Z,2024-07-05T15:12:07.395Z,0,,False,image,michaelkihlpro@gmail.com
1Z9FIxA2_XACOv26YxNBykTA_olCxU8h-,2024-07-05 - Hebergement-rapide-securise-wordpress-copilhost.jpg,2024-07-05 - Hebergement-rapide-securise-wordpress-copilhost.jpg,image/jpeg,147144,2026-02-11T09:58:28.305Z,2024-07-05T15:12:07.448Z,0,,False,image,michaelkihlpro@gmail.com
1_FoerJIFXe0rjErtAMhb_OpwZBrEk7zx,2025-12-06 - Wordpress-6-9-new-features - Cover article.jpg,2025-12-06 - Wordpress-6-9-new-features - Cover article.jpg,image/jpeg,279600,2026-02-11T09:58:27.708Z,2025-12-06T16:52:09.095Z,0,,False,image,michaelkihlpro@gmail.com
1KzWz_sW5J3YOlUUX7Ys24_fzLIFIMf_C,2024-12-16 - Wordpress-playground-what-is-it-how-to-use - Cover article.jpg,2024-12-16 - Wordpress-playground-what-is-it-how-to-use - Cover article.jpg,image/jpeg,232749,2026-02-11T09:58:27.107Z,2024-12-16T14:11:13.727Z,0,,False,image,michaelkihlpro@gmail.com
1-k4d6mGO2V3MW7hVSdGMmCfjxiMesVIx,2025-05-07 - Suremembers-vs-restrict-content-pro-plugin-comparison - Cover article.jpg,2025-05-07 - Suremembers-vs-restrict-content-pro-plugin-comparison - Cover article.jpg,image/jpeg,291968,2026-02-11T09:58:26.537Z,2025-05-07T17:24:48.912Z,0,,False,image,michaelkihlpro@gmail.com
16wvkddE0cFPmY7His5jhMrscoW638YoQ,2026-01-28 - Elementor-plugin-wordpress-page-builder - Cover article.jpg,2026-01-28 - Elementor-plugin-wordpress-page-builder - Cover article.jpg,image/jpeg,267051,2026-02-11T09:58:26.018Z,2026-01-28T13:33:41.054Z,0,,False,image,michaelkihlpro@gmail.com
18Ny53GScdNyw3PeKOlS5T-3NlLaCg2KO,2026-01-22 - Pageradar-seo-monitoring-tool-anticipate-issues - Cover article.jpg,2026-01-22 - Pageradar-seo-monitoring-tool-anticipate-issues - Cover article.jpg,image/jpeg,246196,2026-02-11T09:58:25.431Z,2026-01-22T16:27:52.822Z,0,,False,image,michaelkihlpro@gmail.com
1rgh6XWxTUInu8beAmr9Q34RyCeY95Ksr,2026-01-17 - Learn-wordpress-wordpress-beginners-guide - Cover article.jpg,2026-01-17 - Learn-wordpress-wordpress-beginners-guide - Cover article.jpg,image/jpeg,249420,2026-02-11T09:58:24.952Z,2026-01-17T16:05:45.077Z,0,,False,image,michaelkihlpro@gmail.com
16jePvAUfTZgkr84GJ__gY1zEcMVMlsoR,2026-01-17 - Mailerpress-wordpress-plugin-redesigned-interface-custom-fields - Cover article.jpg,2026-01-17 - Mailerpress-wordpress-plugin-redesigned-interface-custom-fields - Cover article.jpg,image/jpeg,257278,2026-02-11T09:58:24.425Z,2026-01-17T10:51:02.328Z,0,,False,image,michaelkihlpro@gmail.com
1x7K9EY5-LMRMZEtQm85HeaJ-FNXQcKy2,2026-01-08 - Alidropship-plugin-wordpress-aliexpress-dropshipping - Cover article.jpg,2026-01-08 - Alidropship-plugin-wordpress-aliexpress-dropshipping - Cover article.jpg,image/jpeg,276714,2026-02-11T09:58:23.928Z,2026-01-08T16:39:35.679Z,0,,False,image,michaelkihlpro@gmail.com
1m6FqnN2o_OV7tZ1_xGPW96yeuxVXmJNk,2026-01-06 - Easyhoster-wordpress-hosting-security-backups-performance-seo - Cover article.jpg,2026-01-06 - Easyhoster-wordpress-hosting-security-backups-performance-seo - Cover article.jpg,image/jpeg,279309,2026-02-11T09:58:23.175Z,2026-01-06T16:38:22.219Z,0,,False,image,michaelkihlpro@gmail.com
1iBnvsatVnYTIDeBTZBUtxvGE8dIKNqrh,2026-01-03 - Ninja-tables-plugin-wordpress-tables - Cover article.jpg,2026-01-03 - Ninja-tables-plugin-wordpress-tables - Cover article.jpg,image/jpeg,283225,2026-02-11T09:58:22.605Z,2026-01-03T10:27:26.364Z,0,,False,image,michaelkihlpro@gmail.com
122xVsG_O8zpuGaqNiPoizZ3Xq9XyMMzc,2026-01-03 - Wordpress-theme-wordpress-guide-use - Cover article.jpg,2026-01-03 - Wordpress-theme-wordpress-guide-use - Cover article.jpg,image/jpeg,275997,2026-02-11T09:58:22.059Z,2026-01-03T09:20:51.357Z,0,,False,image,michaelkihlpro@gmail.com
10V3i5kfBgboHYGgLGhd0p1bKMC4jFoI0,2025-12-28 - Instawp-wordpress-one-click-site - Cover article.jpg,2025-12-28 - Instawp-wordpress-one-click-site - Cover article.jpg,image/jpeg,256707,2026-02-11T09:58:21.251Z,2025-12-28T17:35:38.083Z,0,,False,image,michaelkihlpro@gmail.com
1d-hG3ZDcA0yYtLYOVuYv05rLICNTd3xT,2025-12-27 - Ninja-tables-integrates-fluentcart-interactive-tables - Cover article.jpg,2025-12-27 - Ninja-tables-integrates-fluentcart-interactive-tables - Cover article.jpg,image/jpeg,274143,2026-02-11T09:58:20.625Z,2025-12-27T15:06:21.665Z,0,,False,image,michaelkihlpro@gmail.com
1TBXUra_RQDi3GzOILbteFEr_fwNzNc2T,2025-12-27 - Metricool-social-media-tool-review - Cover article.jpg,2025-12-27 - Metricool-social-media-tool-review - Cover article.jpg,image/jpeg,209305,2026-02-11T09:58:20.117Z,2025-12-27T14:37:36.808Z,0,,False,image,michaelkihlpro@gmail.com
1yInnm6XNp9YAut8bgw7Mf3qZExp9LNEt,2025-12-13 - Wpmissioncontrol-wordpress-monitoring-plugin - Cover article.jpg,2025-12-13 - Wpmissioncontrol-wordpress-monitoring-plugin - Cover article.jpg,image/jpeg,276759,2026-02-11T09:58:19.591Z,2025-12-13T10:24:00.731Z,0,,False,image,michaelkihlpro@gmail.com
1BZlXI2ttlfAM0aSnhtrGYoW9SoMLhPjE,2025-11-22 - Boost-wordpress-blog-tips - Cover article.jpg,2025-11-22 - Boost-wordpress-blog-tips - Cover article.jpg,image/jpeg,275547,2026-02-11T09:58:18.946Z,2025-11-22T18:10:50.707Z,0,,False,image,michaelkihlpro@gmail.com
1TIM3yQjHwAwJ7aFQ2IKFY7BQug3lhO0A,2025-11-22 - Amelia-wp-wordpress-booking-plugin - Cover article.jpg,2025-11-22 - Amelia-wp-wordpress-booking-plugin - Cover article.jpg,image/jpeg,248044,2026-02-11T09:58:17.084Z,2025-11-22T08:12:19.258Z,0,,False,image,michaelkihlpro@gmail.com
12lFomeQnA8Tos5ZieQdUJcE4Z5JQsQV1,2025-11-21 - Create-online-training-platform-wordpress-lms - Cover article.jpg,2025-11-21 - Create-online-training-platform-wordpress-lms - Cover article.jpg,image/jpeg,269544,2026-02-11T09:58:16.588Z,2025-11-21T16:58:25.356Z,0,,False,image,michaelkihlpro@gmail.com
1ckrkMmlzwsNkC5ybNZNfr6rKCvhQJ85W,2025-08-21 - Flyingpress-vs-wp-rocket-wordpress-caching - Cover article.jpg,2025-08-21 - Flyingpress-vs-wp-rocket-wordpress-caching - Cover article.jpg,image/jpeg,296241,2026-02-11T09:58:16.038Z,2025-08-21T08:37:44.019Z,0,,False,image,michaelkihlpro@gmail.com
1cjNQtpTjynqZjLk5Zr7gPVhqWALel1JG,2025-08-10 - Thruuu-serp-scraping-analysis-tool - Cover article.jpg,2025-08-10 - Thruuu-serp-scraping-analysis-tool - Cover article.jpg,image/jpeg,228290,2026-02-11T09:58:14.657Z,2025-08-10T17:01:39.872Z,0,,False,image,michaelkihlpro@gmail.com
1Fil7SrkqQbyupN-iJC7N2YJigcA3pueU,2025-08-10 - Google-amp-explained - Cover article.jpg,2025-08-10 - Google-amp-explained - Cover article.jpg,image/jpeg,193540,2026-02-11T09:58:14.089Z,2025-08-10T15:45:03.025Z,0,,False,image,michaelkihlpro@gmail.com
1_rZLrozHYp4mc1Zw6PVBrxqW8rtkxsTi,2025-08-09 - Perfmatters-wordpress-optimization-site-speed - Cover article.jpg,2025-08-09 - Perfmatters-wordpress-optimization-site-speed - Cover article.jpg,image/jpeg,268419,2026-02-11T09:58:13.553Z,2025-08-09T18:08:52.160Z,0,,False,image,michaelkihlpro@gmail.com
1zrzdvhRStROvaO9ex9xoKi8AVUh7MlSx,2025-08-09 - Solid-affiliate-top-plugin-wordpress - Cover article.jpg,2025-08-09 - Solid-affiliate-top-plugin-wordpress - Cover article.jpg,image/jpeg,248402,2026-02-11T09:58:13.055Z,2025-08-09T17:32:21.688Z,0,,False,image,michaelkihlpro@gmail.com
1n5gGrJToQjyIvCTBX71jLRMqOls92k8c,2025-08-09 - Microthemer-visual-css-editor-wordpress - Cover article.jpg,2025-08-09 - Microthemer-visual-css-editor-wordpress - Cover article.jpg,image/jpeg,281046,2026-02-11T09:58:12.509Z,2025-08-09T17:00:06.304Z,0,,False,image,michaelkihlpro@gmail.com
12EpIICB1z5ndtVx28UCkM2uQFStNMR61,2025-08-09 - Wp-social-ninja-wordpress-plugin-reviews-feeds-chat - Cover article.jpg,2025-08-09 - Wp-social-ninja-wordpress-plugin-reviews-feeds-chat - Cover article.jpg,image/jpeg,262716,2026-02-11T09:58:11.304Z,2025-08-09T16:45:26.621Z,0,,False,image,michaelkihlpro@gmail.com
18fDm_VHNlxTur2-IlD9J4OI4PyqlgPUX,2025-08-09 - Clickwhale-wordpress-link-shortener-click-tracker - Cover article.jpg,2025-08-09 - Clickwhale-wordpress-link-shortener-click-tracker - Cover article.jpg,image/jpeg,256992,2026-02-11T09:58:10.664Z,2025-08-09T15:54:19.116Z,0,,False,image,michaelkihlpro@gmail.com
1x2pxy6RODnWT1sOdpu9fgUvSC3W_Wqcg,2025-08-07 - Wp-rocket-wordpress-caching-plugin-speed - Cover article.jpg,2025-08-07 - Wp-rocket-wordpress-caching-plugin-speed - Cover article.jpg,image/jpeg,264745,2026-02-11T09:58:10.081Z,2025-08-07T19:31:16.302Z,0,,False,image,michaelkihlpro@gmail.com
1imPSjRZBT7SwM5D3Iphcx5RUEsRVzcjT,2025-08-01 - Droip-wordpress-alternative-webflow-plugin-free - Cover article.jpg,2025-08-01 - Droip-wordpress-alternative-webflow-plugin-free - Cover article.jpg,image/jpeg,240904,2026-02-11T09:58:09.494Z,2025-08-01T13:29:40.263Z,0,,False,image,michaelkihlpro@gmail.com
1s6uU2tqA9QzbkfSUhQ-z0HxYLpyr-iXs,2025-07-06 - Fluentcart-review-wordpress-store-cover - Cover article.jpg,2025-07-06 - Fluentcart-review-wordpress-store-cover - Cover article.jpg,image/jpeg,266095,2026-02-11T09:58:08.872Z,2025-07-06T09:43:35.406Z,0,,False,image,michaelkihlpro@gmail.com
1Akriic4WLq4olQJU4SBB9ZD1pGunww32,2025-07-05 - Learn-wordpress-own-complete-guide - Cover article.jpg,2025-07-05 - Learn-wordpress-own-complete-guide - Cover article.jpg,image/jpeg,291261,2026-02-11T09:58:08.303Z,2025-07-05T15:15:37.712Z,0,,False,image,michaelkihlpro@gmail.com
1lJIy2bXvkThFOzmpXDFRiIlNwywfHN1J,2025-07-04 - Fast-secure-wordpress-hosting-copilhost - Cover article.jpg,2025-07-04 - Fast-secure-wordpress-hosting-copilhost - Cover article.jpg,image/jpeg,240986,2026-02-11T09:58:07.689Z,2025-07-04T15:53:58.574Z,0,,False,image,michaelkihlpro@gmail.com
1JTvRTd8vXiJ9av6250dOqhyM6znpQXOh,2025-06-13 - Rapyd-cloud-promo-code-wordpress-hosting - Cover article.jpg,2025-06-13 - Rapyd-cloud-promo-code-wordpress-hosting - Cover article.jpg,image/jpeg,299460,2026-02-11T09:58:07.202Z,2025-06-13T08:07:14.068Z,0,,False,image,michaelkihlpro@gmail.com
1NpQm9ynfyAapG1PUnaBInotB0cmkD6oR,2025-06-05 - Fluentcrm-promo-code-20-discount-schoolswp - Cover article.jpg,2025-06-05 - Fluentcrm-promo-code-20-discount-schoolswp - Cover article.jpg,image/jpeg,272554,2026-02-11T09:58:06.568Z,2025-06-05T14:09:28.600Z,0,,False,image,michaelkihlpro@gmail.com
1Ed_hgTto0uy3G4_i-8E4u2DYTr-k2QO6,2025-06-05 - O2switch-review-french-web-host-worth-it - Cover article.jpg,2025-06-05 - O2switch-review-french-web-host-worth-it - Cover article.jpg,image/jpeg,241902,2026-02-11T09:58:05.905Z,2025-06-05T11:52:40.197Z,0,,False,image,michaelkihlpro@gmail.com
11BA6PVb9rPjhicgIIiD4pQXLbfOVgI_R,2025-05-08 - Wordpress-multisite-guide-centralized-management - Cover article.jpg,2025-05-08 - Wordpress-multisite-guide-centralized-management - Cover article.jpg,image/jpeg,283202,2026-02-11T09:58:05.360Z,2025-05-08T12:24:03.603Z,0,,False,image,michaelkihlpro@gmail.com
1VJIvH0kshEFSvrX7bZBRAgyOueTETjVA,2025-01-10 - Clean-wordpress-database-complete-guide-plugins - Cover article.jpg,2025-01-10 - Clean-wordpress-database-complete-guide-plugins - Cover article.jpg,image/jpeg,251108,2026-02-11T09:58:04.854Z,2025-01-10T12:40:15.811Z,0,,False,image,michaelkihlpro@gmail.com
1SOoxOFGrbHZhmspOUF6FdI-Wnxu9i6Ro,2025-01-07 - Fluentcommunity-wordpress-plugin-build-community-fast - Cover article.jpg,2025-01-07 - Fluentcommunity-wordpress-plugin-build-community-fast - Cover article.jpg,image/jpeg,245861,2026-02-11T09:58:04.256Z,2025-01-07T14:27:51.410Z,0,,False,image,michaelkihlpro@gmail.com
1QICxwLhJi5wflWIuEm9NRZkkjAZmDM6x,2025-01-07 - What-is-gutenberg-in-wordpress - Cover article.jpg,2025-01-07 - What-is-gutenberg-in-wordpress - Cover article.jpg,image/jpeg,212260,2026-02-11T09:58:03.639Z,2025-01-07T08:19:38.909Z,0,,False,image,michaelkihlpro@gmail.com
1OGcwBiusOqdQSXETUJr1RwPzQXqSpYfR,2024-12-23 - Wp-marmite-pay-simplifies-payments-wordpress - Cover article.jpg,2024-12-23 - Wp-marmite-pay-simplifies-payments-wordpress - Cover article.jpg,image/jpeg,233450,2026-02-11T09:58:03.114Z,2024-12-23T12:59:14.978Z,0,,False,image,michaelkihlpro@gmail.com
1NZRX5N0C0SOCDEIwaIkby3-XuUx9NzVd,2024-12-20 - Zipwp-revolutionize-wordpress-site-creation-ai - Cover article.jpg,2024-12-20 - Zipwp-revolutionize-wordpress-site-creation-ai - Cover article.jpg,image/jpeg,222117,2026-02-11T09:58:02.591Z,2024-12-20T16:16:28.850Z,0,,False,image,michaelkihlpro@gmail.com
112zm840BTbUEtSyZhhBFZT5EflCDWUGY,2024-10-22 - Suremembers-vs-wishlist-member-wordpress-comparison - Cover article.jpg,2024-10-22 - Suremembers-vs-wishlist-member-wordpress-comparison - Cover article.jpg,image/jpeg,281041,2026-02-11T09:58:01.959Z,2024-10-22T14:11:56.428Z,0,,False,image,michaelkihlpro@gmail.com
1HJ7s8J7o2AZqZpBIr34ZQ2jrT8K5ZAot,2024-12-10 - Wordpress-plugin-guide-effective-use - Cover article.jpg,2024-12-10 - Wordpress-plugin-guide-effective-use - Cover article.jpg,image/jpeg,246313,2026-02-11T09:58:01.260Z,2024-12-10T12:41:41.354Z,0,,False,image,michaelkihlpro@gmail.com
1GbvVnze_S2VScYBg43104dbca3DB6eGi,2024-12-10 - Custom-wordpress-website-design-benefits - Cover article.jpg,2024-12-10 - Custom-wordpress-website-design-benefits - Cover article.jpg,image/jpeg,270184,2026-02-11T09:58:00.492Z,2024-12-10T09:50:02.730Z,0,,False,image,michaelkihlpro@gmail.com
1DI2OhyDW-LHWKCEIM-84zGm6dcLEvpNa,2024-12-03 - Suremembers Discover the Best Membership Plugin for WordPress (2) - Cover article.jpg,2024-12-03 - Suremembers Discover the Best Membership Plugin for WordPress (2) - Cover article.jpg,image/jpeg,247418,2026-02-11T09:57:59.937Z,2024-12-03T17:52:15.591Z,0,,False,image,michaelkihlpro@gmail.com
1C2YCbgPHVuXr8oH-fKC6439eL-vy--Kz,2024-11-26 - Optimize-wordpress-slugs-seo - Cover article.jpg,2024-11-26 - Optimize-wordpress-slugs-seo - Cover article.jpg,image/jpeg,246259,2026-02-11T09:57:59.352Z,2024-11-26T16:23:50.866Z,0,,False,image,michaelkihlpro@gmail.com
16RLjc3XYK-DZnlbM8aUKcZn2R8ZKiFi_,2024-11-12 - Opinions-on-linkuma-benchmark-for-netlinking - Cover article.jpg,2024-11-12 - Opinions-on-linkuma-benchmark-for-netlinking - Cover article.jpg,image/jpeg,231533,2026-02-11T09:57:58.833Z,2024-11-12T14:14:41.535Z,0,,False,image,michaelkihlpro@gmail.com
153F5oOmwP-Wbz3Udw6PdWRWHOehLVfRY,2024-11-09 - Seokey-seo-plugin-wordpress-visibility - Cover article.jpg,2024-11-09 - Seokey-seo-plugin-wordpress-visibility - Cover article.jpg,image/jpeg,116856,2026-02-11T09:57:58.329Z,2024-11-09T14:02:52.161Z,0,,False,image,michaelkihlpro@gmail.com
14ztuy6jd7FERGikrNlxvI_snMyup7BYc,2024-11-09 - Seokey-essential-seo-plugin-wordpress - Cover article.jpg,2024-11-09 - Seokey-essential-seo-plugin-wordpress - Cover article.jpg,image/jpeg,104349,2026-02-11T09:57:57.791Z,2024-11-09T13:58:42.631Z,0,,False,image,michaelkihlpro@gmail.com
14yAwdUwUbr23_uwrHieIKzVOhbiYfe8K,2024-11-09 - Seokey-essential-seo-plugin-for-wordpress - Cover article.jpg,2024-11-09 - Seokey-essential-seo-plugin-for-wordpress - Cover article.jpg,image/jpeg,224120,2026-02-11T09:57:57.208Z,2024-11-09T13:44:12.003Z,0,,False,image,michaelkihlpro@gmail.com
123rqugmH6Z70QzwnxC95JBpaMze1-lEM,2024-11-07 - Tastewp-easily-create-wordpress-website - Cover article.jpg,2024-11-07 - Tastewp-easily-create-wordpress-website - Cover article.jpg,image/jpeg,257943,2026-02-11T09:57:56.666Z,2024-11-07T08:34:18.590Z,0,,False,image,michaelkihlpro@gmail.com
1-kKA6ydKMdXpCYI6hKQZ4UrSBlJYBnsf,2025-05-07 - Suremembers-restrict-content-pro-vergleich-wordpress - Cover article.jpg,2025-05-07 - Suremembers-restrict-content-pro-vergleich-wordpress - Cover article.jpg,image/jpeg,301224,2026-02-11T09:57:56.119Z,2025-05-07T18:01:56.615Z,0,,False,image,michaelkihlpro@gmail.com
1EB47vPvYgLPI0Th_LLCaqVJ4UD0LKP_g,2026-01-02 - Amelia-wp-plugin-wordpress-termine-events - Cover article.jpg,2026-01-02 - Amelia-wp-plugin-wordpress-termine-events - Cover article.jpg,image/jpeg,281296,2026-02-11T09:57:55.528Z,2026-01-02T10:10:14.723Z,0,,False,image,michaelkihlpro@gmail.com
1Q740ePWOtrNhdH6lU-ht68leotOM7DhV,2026-01-17 - Affiliatepress-plugin-wordpress-partnerprogramm-auto-payout - Cover article.jpg,2026-01-17 - Affiliatepress-plugin-wordpress-partnerprogramm-auto-payout - Cover article.jpg,image/jpeg,263446,2026-02-11T09:57:54.834Z,2026-01-17T16:42:59.050Z,0,,False,image,michaelkihlpro@gmail.com
11NLqjn2mObhmt1zj9aCWFmBeDzEi1Jvs,2026-01-22 - Elements-kit-elementor-addons-widgets - Cover article.jpg,2026-01-22 - Elements-kit-elementor-addons-widgets - Cover article.jpg,image/jpeg,275630,2026-02-11T09:57:54.338Z,2026-01-22T07:59:54.870Z,0,,False,image,michaelkihlpro@gmail.com
1XYuiWCgj4GcEv47dAAYv8b1jHqnCNh86,2026-01-15 - Fluentcart-plugin-wordpress-woocommerce-alternative - Cover article.jpg,2026-01-15 - Fluentcart-plugin-wordpress-woocommerce-alternative - Cover article.jpg,image/jpeg,376942,2026-02-11T09:57:53.632Z,2026-01-15T17:27:34.871Z,0,,False,image,michaelkihlpro@gmail.com
14iZiQsq-McmBFQbqd38lgGuasDgONVu9,2026-01-12 - Ninja-tables-fluentcart-wordpress-plugin-interaktive-tabellen - Cover article.jpg,2026-01-12 - Ninja-tables-fluentcart-wordpress-plugin-interaktive-tabellen - Cover article.jpg,image/jpeg,271270,2026-02-11T09:57:53.072Z,2026-01-12T16:52:39.122Z,0,,False,image,michaelkihlpro@gmail.com
10n0823u_IH6OiJ1yl7nr3yWmHIkGFWcJ,2026-01-10 - Mailerpress-1-1-plugin-wordpress-e-mail-marketing - Cover article.jpg,2026-01-10 - Mailerpress-1-1-plugin-wordpress-e-mail-marketing - Cover article.jpg,image/jpeg,275281,2026-02-11T09:57:52.427Z,2026-01-10T13:33:42.065Z,0,,False,image,michaelkihlpro@gmail.com
1_8IU0C59omhxiM4wJTX2sfLwDvs2NnyJ,2025-12-24 - Wpmissioncontrol-wordpress-plugin-monitoring - Cover article.jpg,2025-12-24 - Wpmissioncontrol-wordpress-plugin-monitoring - Cover article.jpg,image/jpeg,270477,2026-02-11T09:57:51.863Z,2025-12-24T13:55:05.293Z,0,,False,image,michaelkihlpro@gmail.com
1tDeFS31R63c0w4glruzrr49eXo0Jf-Hu,2025-10-17 - Virfice-plugin-wordpress-woocommerce-emails - Cover article.jpg,2025-10-17 - Virfice-plugin-wordpress-woocommerce-emails - Cover article.jpg,image/jpeg,246884,2026-02-11T09:57:51.206Z,2025-10-17T17:17:25.602Z,0,,False,image,michaelkihlpro@gmail.com
11Na9eHJTaJBlqLAKtRu1HOKTjAUyHXeZ,2025-10-03 - Fluentboards-plugin-wordpress-projektmanagement - Cover article.jpg,2025-10-03 - Fluentboards-plugin-wordpress-projektmanagement - Cover article.jpg,image/jpeg,279681,2026-02-11T09:57:50.662Z,2025-10-03T08:07:04.398Z,0,,False,image,michaelkihlpro@gmail.com
1ARagJKLVFChHLBmW4HJ7xLsgTejQ13G-,2025-10-02 - Full-site-editing-fse-wordpress-webdesign - Cover article.jpg,2025-10-02 - Full-site-editing-fse-wordpress-webdesign - Cover article.jpg,image/jpeg,278528,2026-02-11T09:57:50.170Z,2025-10-02T18:41:19.206Z,0,,False,image,michaelkihlpro@gmail.com
1VGfuAd22HaVFY6MQ9wKkW5cx1CgfOv0C,2025-10-02 - Suremembers-vs-wishlist-member-wordpress-plugin - Cover article.jpg,2025-10-02 - Suremembers-vs-wishlist-member-wordpress-plugin - Cover article.jpg,image/jpeg,304108,2026-02-11T09:57:49.545Z,2025-10-02T18:10:18.083Z,0,,False,image,michaelkihlpro@gmail.com
1Kvig9E9LeuatLiR5ygyY20RE7RNnBOhX,2025-10-02 - Fluent-forms-wordpress-plugin-formulare - Cover article.jpg,2025-10-02 - Fluent-forms-wordpress-plugin-formulare - Cover article.jpg,image/jpeg,260981,2026-02-11T09:57:48.926Z,2025-10-02T17:01:55.019Z,0,,False,image,michaelkihlpro@gmail.com
1A7gJ95rkvNkkpYzcYRNhscp3k6bqyuaS,2025-09-21 - Wordpress-com-vs-wordpress-org-vergleich - Cover article.jpg,2025-09-21 - Wordpress-com-vs-wordpress-org-vergleich - Cover article.jpg,image/jpeg,307165,2026-02-11T09:57:48.392Z,2025-09-21T16:16:21.224Z,0,,False,image,michaelkihlpro@gmail.com
1W8KGtaUFVxg4EmT9mvvQPKt6ZnVAeY3u,2025-09-06 - Linksgarden-plugin-wordpress-netlinking - Cover article.jpg,2025-09-06 - Linksgarden-plugin-wordpress-netlinking - Cover article.jpg,image/jpeg,268369,2026-02-11T09:57:47.882Z,2025-09-06T07:33:45.894Z,0,,False,image,michaelkihlpro@gmail.com
1kpTsizsctV7fLomK8DN-E_QSqkRVGPrO,2025-08-22 - Droip-wordpress-alternative-webflow-test - Cover article.jpg,2025-08-22 - Droip-wordpress-alternative-webflow-test - Cover article.jpg,image/jpeg,237335,2026-02-11T09:57:47.309Z,2025-08-22T13:06:53.358Z,0,,False,image,michaelkihlpro@gmail.com
1XfOqZlDvr8eipKmPINFoZnhoxcx5J6vm,2025-01-11 - Wp-umbrella-warum-wordpress-agenturen - Cover article.jpg,2025-01-11 - Wp-umbrella-warum-wordpress-agenturen - Cover article.jpg,image/jpeg,234110,2026-02-11T09:57:46.791Z,2025-01-11T11:55:44.140Z,0,,False,image,michaelkihlpro@gmail.com
1UQrhtek4KGFGlD6vPoETCBvfHrdPkvim,2025-01-10 - Thot-seo-tool-semantische-optimierung - Cover article.jpg,2025-01-10 - Thot-seo-tool-semantische-optimierung - Cover article.jpg,image/jpeg,240477,2026-02-11T09:57:46.300Z,2025-01-10T09:34:18.456Z,0,,False,image,michaelkihlpro@gmail.com
1RmbzGp--7wfFvjocdsXFADwZPg8JuZRx,2025-01-07 - Fluentcommunity-plugin-schnell-wordpress-community-aufbauen - Cover article.jpg,2025-01-07 - Fluentcommunity-plugin-schnell-wordpress-community-aufbauen - Cover article.jpg,image/jpeg,266911,2026-02-11T09:57:45.743Z,2025-01-07T13:42:03.571Z,0,,False,image,michaelkihlpro@gmail.com
1QsF_XiCAOmi57zMET4f-SOE7apfHRSrh,2025-01-07 - Was-ist-gutenberg-in-wordpress - Cover article.jpg,2025-01-07 - Was-ist-gutenberg-in-wordpress - Cover article.jpg,image/jpeg,222657,2026-02-11T09:57:45.238Z,2025-01-07T10:44:14.353Z,0,,False,image,michaelkihlpro@gmail.com
1OZ7UFFy79Tg8hHyou2VIwDVeEaCSjQQD,2024-12-23 - Wp-marmite-pay-einfache-zahlungen-wordpress - Cover article.jpg,2024-12-23 - Wp-marmite-pay-einfache-zahlungen-wordpress - Cover article.jpg,image/jpeg,238217,2026-02-11T09:57:44.390Z,2024-12-23T13:33:16.344Z,0,,False,image,michaelkihlpro@gmail.com
1NrTP6Yf8wt1xJ_ESqoGWaQHJW0pxoaOs,2024-12-21 - Zipwp-wordpress-erstellung-ki-revolution - Cover article.jpg,2024-12-21 - Zipwp-wordpress-erstellung-ki-revolution - Cover article.jpg,image/jpeg,245582,2026-02-11T09:57:43.502Z,2024-12-21T10:55:32.502Z,0,,False,image,michaelkihlpro@gmail.com
1LJmuVaAnuzv-5PqRTrxf6QrCgCYrXv_z,2024-12-20 - Wpboutik-commerce-en-ligne-wordpress - Cover article.jpg,2024-12-20 - Wpboutik-commerce-en-ligne-wordpress - Cover article.jpg,image/jpeg,218604,2026-02-11T09:57:42.607Z,2024-12-20T11:12:21.058Z,0,,False,image,michaelkihlpro@gmail.com
1KG4aUUbL5tMiAk9T4X2749rl8t11Uzm5,2024-12-16 - Wordpress-playground-was-ist-das-anleitung - Cover article.jpg,2024-12-16 - Wordpress-playground-was-ist-das-anleitung - Cover article.jpg,image/jpeg,248815,2026-02-11T09:57:42.086Z,2024-12-16T11:13:21.068Z,0,,False,image,michaelkihlpro@gmail.com
1IA5ndjAxYNtB81mEkUSGS89a7X6zqZRi,2024-12-10 - Was-ist-ein-wordpress-plugin-effektiv-nutzen - Cover article.jpg,2024-12-10 - Was-ist-ein-wordpress-plugin-effektiv-nutzen - Cover article.jpg,image/jpeg,253236,2026-02-11T09:57:41.549Z,2024-12-10T15:33:24.338Z,0,,False,image,michaelkihlpro@gmail.com
1Fun7VlYmYutI7ja4F2FlZ44ZVTdr357s,2024-12-09 - Was-ist-massgeschneiderte-wordpress-website-vorteile - Cover article.jpg,2024-12-09 - Was-ist-massgeschneiderte-wordpress-website-vorteile - Cover article.jpg,image/jpeg,343779,2026-02-11T09:57:40.986Z,2024-12-09T10:39:18.983Z,0,,False,image,michaelkihlpro@gmail.com
1FDJnvxTndb8pkXKmc1I_YnZRQ9AzhSEg,2024-12-06 - Sureforms-plugin-wordpress-ki-formular - Cover article.jpg,2024-12-06 - Sureforms-plugin-wordpress-ki-formular - Cover article.jpg,image/jpeg,252526,2026-02-11T09:57:40.407Z,2024-12-06T14:23:15.080Z,0,,False,image,michaelkihlpro@gmail.com
1CtskNj5YCHT5sxlVK8u6B2dD9_VQ1BCW,2024-11-30 - Slug-wordpress-optimieren-guide - Cover article.jpg,2024-11-30 - Slug-wordpress-optimieren-guide - Cover article.jpg,image/jpeg,268748,2026-02-11T09:57:39.785Z,2024-11-30T19:46:31.433Z,0,,False,image,michaelkihlpro@gmail.com
16IYbfI6C7u-S2pvNWT42K4HMCwMIlXys,2024-11-12 - Linkuma-test-netlinking-referenz - Cover article.jpg,2024-11-12 - Linkuma-test-netlinking-referenz - Cover article.jpg,image/jpeg,238197,2026-02-11T09:57:39.194Z,2024-11-12T13:33:34.193Z,0,,False,image,michaelkihlpro@gmail.com
1-cUZFU-0NJNB6Ck6LbTxHbMhw5Daxj7q,2024-10-25 - Zipwp-vs-instawp-vergleich-wordpress-website - Cover article.jpg,2024-10-25 - Zipwp-vs-instawp-vergleich-wordpress-website - Cover article.jpg,image/jpeg,123464,2026-02-11T09:57:38.689Z,2024-10-25T13:13:51.826Z,0,,False,image,michaelkihlpro@gmail.com
1Wz2aeFRf7aqCkQW9lwBkTf0-ODSa8DvE,2024-06-17 - Diagram be7e2e84ce2c4f87a162b904d74e691a - Cover article.png,2024-06-17 - Diagram be7e2e84ce2c4f87a162b904d74e691a - Cover article.png,image/png,90644,2026-02-11T09:57:38.126Z,2024-06-17T16:21:30.727Z,0,,False,image,michaelkihlpro@gmail.com
1WyoqHAMdh2hJSHSlNnYGD_dnV3_xiDlS,2024-06-17 - Diagram b3f50e183cf14244935f4b2b5444adf9 - Cover article.png,2024-06-17 - Diagram b3f50e183cf14244935f4b2b5444adf9 - Cover article.png,image/png,87372,2026-02-11T09:57:37.611Z,2024-06-17T16:18:34.435Z,0,,False,image,michaelkihlpro@gmail.com
1WszQvBFhE01iClD61L-nBic27oSniFMK,2024-06-17 - Diagram 74af588da95e4a8783a962746dbbdbf9 - Cover article.png,2024-06-17 - Diagram 74af588da95e4a8783a962746dbbdbf9 - Cover article.png,image/png,89644,2026-02-11T09:57:37.065Z,2024-06-17T16:15:48.916Z,0,,False,image,michaelkihlpro@gmail.com
1WpG3asYVY7lGhW5aMUgfq_ruQcJSTj1_,2024-06-17 - Page-accueil-wordpress-com-francais - Cover article.jpg,2024-06-17 - Page-accueil-wordpress-com-francais - Cover article.jpg,image/jpeg,266723,2026-02-11T09:57:36.360Z,2024-06-17T16:02:06.172Z,0,,False,image,michaelkihlpro@gmail.com
1WhQ9jkKI48RY-MhhioOPltFgmGlsktHN,2024-06-17 - Page-accueil-wordpress-org-francais - Cover article.jpg,2024-06-17 - Page-accueil-wordpress-org-francais - Cover article.jpg,image/jpeg,141038,2026-02-11T09:57:35.806Z,2024-06-17T15:50:13.209Z,0,,False,image,michaelkihlpro@gmail.com
1WPSND04epW7MHXWYy2HK3BVXBvots1Cz,2024-06-15 - Wordpress-org-vs-wordpress-com-comparatif - Cover article.jpg,2024-06-15 - Wordpress-org-vs-wordpress-com-comparatif - Cover article.jpg,image/jpeg,127780,2026-02-11T09:57:35.312Z,2024-06-15T13:40:56.896Z,0,,False,image,michaelkihlpro@gmail.com
1WcImxeKiFrHOGrdLxXJFcTGUm4C_SsXd,2024-06-15 - Wordpress-com-vs-wordpress-org-comparatif - Cover article.jpg,2024-06-15 - Wordpress-com-vs-wordpress-org-comparatif - Cover article.jpg,image/jpeg,293409,2026-02-11T09:57:34.411Z,2024-06-15T13:42:45.800Z,0,,False,image,michaelkihlpro@gmail.com
1WP1PcmI3HlveOqPUOZMMeYADq_tN_1zP,2024-06-15 - Wordpress-com-vs-wordpress-org-comparaison - Cover article.jpg,2024-06-15 - Wordpress-com-vs-wordpress-org-comparaison - Cover article.jpg,image/jpeg,125501,2026-02-11T09:57:32.764Z,2024-06-15T13:39:47.746Z,0,,False,image,michaelkihlpro@gmail.com
1W7EDnk95lHPzds888Q5OabC4n7tVUzLX,2024-06-15 - WordPresscom vs WordPressorg comparatif pour faire le bon choix - Cover article.jpg,2024-06-15 - WordPresscom vs WordPressorg comparatif pour faire le bon choix - Cover article.jpg,image/jpeg,161035,2026-02-11T09:57:32.249Z,2024-06-15T13:36:51.470Z,0,,False,image,michaelkihlpro@gmail.com
1bjqZ0mlKuRRodpIAzzz7S1mDo7ETQDcv,2024-07-14 - Elementor-pro-contre-divi-builder-comparatif-tarifs - Cover article.jpg,2024-07-14 - Elementor-pro-contre-divi-builder-comparatif-tarifs - Cover article.jpg,image/jpeg,504633,2026-02-11T09:57:31.678Z,2024-07-14T09:03:26.145Z,0,,False,image,michaelkihlpro@gmail.com
1bdpaAd9bC5rjDagtoQ1-RedCeDHqZDMx,2024-07-14 - Divi-builder-contre-elementor-pro-comparatif-tarifs - Cover article.jpg,2024-07-14 - Divi-builder-contre-elementor-pro-comparatif-tarifs - Cover article.jpg,image/jpeg,459900,2026-02-11T09:57:31.079Z,2024-07-14T08:57:49.832Z,0,,False,image,michaelkihlpro@gmail.com
1b_HHrHC9S81RIhnPy2_GUY_Cugs_c81M,2024-07-14 - Divi-builder-vs-elementor-pro-comparatif-tarifs - Cover article.jpg,2024-07-14 - Divi-builder-vs-elementor-pro-comparatif-tarifs - Cover article.jpg,image/jpeg,378782,2026-02-11T09:57:30.443Z,2024-07-14T08:47:56.495Z,0,,False,image,michaelkihlpro@gmail.com
1bVvYsPwCB5c2_3CY0LtRfWdyfxpiG8xq,2024-07-13 - Michael-kihl-conception-expert-divi-elementor - Cover article.jpg,2024-07-13 - Michael-kihl-conception-expert-divi-elementor - Cover article.jpg,image/jpeg,225770,2026-02-11T09:57:29.852Z,2024-07-13T19:59:20.244Z,0,,False,image,michaelkihlpro@gmail.com
1bO3fsX4J97OqwUsnVFUVXMOT2qMzHEoa,2024-07-13 - Michael-kihl-creation-sites-web - Cover article.jpg,2024-07-13 - Michael-kihl-creation-sites-web - Cover article.jpg,image/jpeg,257878,2026-02-11T09:57:28.805Z,2024-07-13T19:47:40.061Z,0,,False,image,michaelkihlpro@gmail.com
1bMfmcRK8Ek22rc2Zo7n25UNb1G6GEvaK,2024-07-13 - Comparatif-divi-builder-contre-elementor-pro - Cover article.jpg,2024-07-13 - Comparatif-divi-builder-contre-elementor-pro - Cover article.jpg,image/jpeg,154602,2026-02-11T09:57:28.270Z,2024-07-13T19:23:11.526Z,0,,False,image,michaelkihlpro@gmail.com
1atMHLHE2gfmH6OyCxTYJ-564REFibKxe,2024-07-13 - Comparatif-divi-builder-vs-elementor-pro - Cover article.jpg,2024-07-13 - Comparatif-divi-builder-vs-elementor-pro - Cover article.jpg,image/jpeg,271954,2026-02-11T09:57:27.500Z,2024-07-13T18:07:21.172Z,0,,False,image,michaelkihlpro@gmail.com
1oxy5BuMxrgahltIYWgjzmjhZDPQIy3IX,2024-08-27 - Gestion-widgets-elementskit-wordpress - Cover article.jpg,2024-08-27 - Gestion-widgets-elementskit-wordpress - Cover article.jpg,image/jpeg,500051,2026-02-11T09:57:26.793Z,2024-08-27T21:16:48.718Z,0,,False,image,michaelkihlpro@gmail.com
1owgEv7RWfOF2gfMbQeLmoaxo5lgJHXwS,2024-08-27 - Exemple-mega-menu-electronics-dark-elementskit - Cover article.jpg,2024-08-27 - Exemple-mega-menu-electronics-dark-elementskit - Cover article.jpg,image/jpeg,180285,2026-02-11T09:57:26.183Z,2024-08-27T21:08:32.775Z,0,,False,image,michaelkihlpro@gmail.com
1oqxhgE90vVLxm0eUCWsI1M9024dOu8uw,2024-08-27 - Mega-menu-builder-elementskit-elementor - Cover article.jpg,2024-08-27 - Mega-menu-builder-elementskit-elementor - Cover article.jpg,image/jpeg,145394,2026-02-11T09:57:25.646Z,2024-08-27T21:01:43.480Z,0,,False,image,michaelkihlpro@gmail.com
1on6I2ZHUKKYDSPcNOL2tBZtO67SreekC,2024-08-27 - Widgets-de-base-elementskit-wordpress - Cover article.jpg,2024-08-27 - Widgets-de-base-elementskit-wordpress - Cover article.jpg,image/jpeg,98076,2026-02-11T09:57:25.037Z,2024-08-27T20:38:59.556Z,0,,False,image,michaelkihlpro@gmail.com
1omRr254Un8R5vUf-eDe1JJPeTeuXCwDc,2024-08-27 - Widgets-header-footer-elementskit-wordpress - Cover article.jpg,2024-08-27 - Widgets-header-footer-elementskit-wordpress - Cover article.jpg,image/jpeg,76772,2026-02-11T09:57:23.764Z,2024-08-27T20:32:47.254Z,0,,False,image,michaelkihlpro@gmail.com
1olfvtIgmWpNTtSv_laJFo7ULf0EIra5T,2024-08-27 - Bibliotheque-modeles-elementskit-wordpress - Cover article.jpg,2024-08-27 - Bibliotheque-modeles-elementskit-wordpress - Cover article.jpg,image/jpeg,453116,2026-02-11T09:57:22.145Z,2024-08-27T20:19:25.960Z,0,,False,image,michaelkihlpro@gmail.com
1ok9x284dp9pa6JendXzEMA4xUSrmm3kw,2024-08-27 - Configuration-template-elementskit-wordpress - Cover article.jpg,2024-08-27 - Configuration-template-elementskit-wordpress - Cover article.jpg,image/jpeg,141768,2026-02-11T09:57:21.569Z,2024-08-27T11:14:01.049Z,0,,False,image,michaelkihlpro@gmail.com
1oV19Nu0UPykVAH-ObxcvbaCjaVkB8R0B,2024-08-27 - Elementskit-interface-gestion-modules-wordpress - Cover article.jpg,2024-08-27 - Elementskit-interface-gestion-modules-wordpress - Cover article.jpg,image/jpeg,209700,2026-02-11T09:57:20.995Z,2024-08-27T10:18:35.410Z,0,,False,image,michaelkihlpro@gmail.com
1objZOO68Gb4_X1aNB4xLNZLumGRpsGxp,2024-08-27 - Elementskit-gestion-templates-wordpress-pied-de-page-en-tete - Cover article.jpg,2024-08-27 - Elementskit-gestion-templates-wordpress-pied-de-page-en-tete - Cover article.jpg,image/jpeg,114876,2026-02-11T09:57:20.414Z,2024-08-27T10:52:23.796Z,0,,False,image,michaelkihlpro@gmail.com
1oR6gdZxaw-RwEYXEJff2frg0hRDgMBMh,2024-08-24 - Elementskit-addons-elementor - Cover article.jpg,2024-08-24 - Elementskit-addons-elementor - Cover article.jpg,image/jpeg,155544,2026-02-11T09:57:19.879Z,2024-08-24T15:49:17.198Z,0,,False,image,michaelkihlpro@gmail.com
1oTFZUZ3d6m7PkZ1FnfmWZs8yrZjiIjDt,2024-08-24 - Elementskit-logo - Cover article.svg,2024-08-24 - Elementskit-logo - Cover article.svg,image/svg+xml,8255,2026-02-11T09:57:19.203Z,2024-08-24T15:53:10.760Z,0,,False,image,michaelkihlpro@gmail.com
1oIKiIi1JL3Wc9MwAtRxrtTLa43MoNcb4,2024-08-24 - Elementskit-elementor-addons-widgets-site-professionnel - Cover article.jpg,2024-08-24 - Elementskit-elementor-addons-widgets-site-professionnel - Cover article.jpg,image/jpeg,276507,2026-02-11T09:57:18.706Z,2024-08-24T08:40:55.767Z,0,,False,image,michaelkihlpro@gmail.com
1tMwx24JXzwJZoRW5l7sWqbk1VVlS4XZe,2024-09-22 - Zapier-applications-populaires-google-sheets-gmail-slack - Cover article.jpg,2024-09-22 - Zapier-applications-populaires-google-sheets-gmail-slack - Cover article.jpg,image/jpeg,266912,2026-02-11T09:57:18.209Z,2024-09-22T09:58:24.858Z,0,,False,image,michaelkihlpro@gmail.com
1t82bcc-quUdVUNqJ3TyNEkjwpBAgYMWk,2024-09-22 - Suretriggers-810-applications-automatisation-workflow - Cover article.jpg,2024-09-22 - Suretriggers-810-applications-automatisation-workflow - Cover article.jpg,image/jpeg,162759,2026-02-11T09:57:17.735Z,2024-09-22T08:22:15.728Z,0,,False,image,michaelkihlpro@gmail.com
1svcYkhxX7B0WyzWw6jfe_1V2BalrMMfH,2024-09-21 - Suretriggers-automation-workflow-wordpress - Cover article.jpg,2024-09-21 - Suretriggers-automation-workflow-wordpress - Cover article.jpg,image/jpeg,142483,2026-02-11T09:57:17.226Z,2024-09-21T10:04:44.604Z,0,,False,image,michaelkihlpro@gmail.com
1sggQApIt041EOQ9W_n4nskgobUqJ93oi,2024-09-21 - Inscription-zapier-automatisation-taches - Cover article.jpg,2024-09-21 - Inscription-zapier-automatisation-taches - Cover article.jpg,image/jpeg,148206,2026-02-11T09:57:16.604Z,2024-09-21T09:45:47.821Z,0,,False,image,michaelkihlpro@gmail.com
1sdwcf8iOmkb9itT7yopaTmxAK0xtuhF0,2024-09-21 - Suretriggers-vs-zapier-solution-automation - Cover article.jpg,2024-09-21 - Suretriggers-vs-zapier-solution-automation - Cover article.jpg,image/jpeg,141257,2026-02-11T09:57:16.080Z,2024-09-21T08:58:20.230Z,0,,False,image,michaelkihlpro@gmail.com
1sYGYOEGFTVIVFiNc1usiIqq0c8zUl1Ij,2024-09-21 - Suretriggers-vs-zapier-choisir-outil-automatisation - Cover article.jpg,2024-09-21 - Suretriggers-vs-zapier-choisir-outil-automatisation - Cover article.jpg,image/jpeg,137576,2026-02-11T09:57:15.481Z,2024-09-21T08:58:20.274Z,0,,False,image,michaelkihlpro@gmail.com
1rjCnMIG3LObgSlqLcoK_fmaqIv1tWSVL,2024-09-21 - Suretriggers-vs-zapier-comparaison-automation - Cover article.jpg,2024-09-21 - Suretriggers-vs-zapier-comparaison-automation - Cover article.jpg,image/jpeg,272575,2026-02-11T09:57:14.873Z,2024-09-21T08:14:21.150Z,0,,False,image,michaelkihlpro@gmail.com
111Foj_jRDEfiX_FR3Vw3ywFIfHWpT7OD,2024-10-26 - Local-outil-developpement-wordpress-wp-engine - Cover article.jpg,2024-10-26 - Local-outil-developpement-wordpress-wp-engine - Cover article.jpg,image/jpeg,64371,2026-02-11T09:57:14.308Z,2024-10-26T16:03:30.471Z,0,,False,image,michaelkihlpro@gmail.com
1-IEkcIcIiXpnUXyV8fMPrkzyGQG_z7s2,2024-10-21 - Comparatif-local-flywheel-xampp-wordpress - Cover article.jpg,2024-10-21 - Comparatif-local-flywheel-xampp-wordpress - Cover article.jpg,image/jpeg,256473,2026-02-11T09:57:13.723Z,2024-10-21T12:53:27.984Z,0,,False,image,michaelkihlpro@gmail.com
1VysmFidrcI7onFnHfWSJIuJ_q_0r4sZy,2024-06-08 - Cartflows-sales-funnel-builder-wordpress - Cover article.jpg,2024-06-08 - Cartflows-sales-funnel-builder-wordpress - Cover article.jpg,image/jpeg,142608,2026-02-11T09:57:13.192Z,2024-06-08T09:31:58.096Z,0,,False,image,michaelkihlpro@gmail.com
1VuqQ-DYuWDJ78V0a9gY7RX8uLjElYn3w,2024-06-08 - Launchflows-woocommerce-sales-funnels - Cover article.jpg,2024-06-08 - Launchflows-woocommerce-sales-funnels - Cover article.jpg,image/jpeg,161915,2026-02-11T09:57:12.520Z,2024-06-08T09:13:58.070Z,0,,False,image,michaelkihlpro@gmail.com
1Vml98haLoXgfNSOvHm2TRnajkWj1HJSU,2024-06-08 - Comparatif-launchflows-vs-cartflows-boostez-vos-ventes - Cover article.jpg,2024-06-08 - Comparatif-launchflows-vs-cartflows-boostez-vos-ventes - Cover article.jpg,image/jpeg,150956,2026-02-11T09:57:11.919Z,2024-06-08T07:56:54.393Z,0,,False,image,michaelkihlpro@gmail.com
1VjSI1VH7i29l_-u2oDDxfTKuZZd6sgwR,2024-06-08 - LaunchFlows vs CartFlows lequel choisir pour votre funnel WordPress - Cover article.jpg,2024-06-08 - LaunchFlows vs CartFlows lequel choisir pour votre funnel WordPress - Cover article.jpg,image/jpeg,128421,2026-02-11T09:57:11.030Z,2024-06-08T07:53:49.376Z,0,,False,image,michaelkihlpro@gmail.com
1VYQ1zzGz0O_G6DhbMyO30BFgGYt9dzaU,2024-06-07 - Comparaison-launchflows-vs-cartflows-funnel-wordpress - Cover article.jpg,2024-06-07 - Comparaison-launchflows-vs-cartflows-funnel-wordpress - Cover article.jpg,image/jpeg,287429,2026-02-11T09:57:10.477Z,2024-06-07T16:16:38.973Z,0,,False,image,michaelkihlpro@gmail.com
17m1Ab4nP0tf58i-XdhgLXS8-KaHsqfbi,2024-11-13 - Tableau-de-bord-sureforms-gestion-formulaires - Cover article.jpg,2024-11-13 - Tableau-de-bord-sureforms-gestion-formulaires - Cover article.jpg,image/jpeg,162953,2026-02-11T09:57:09.819Z,2024-11-13T16:24:57.380Z,0,,False,image,michaelkihlpro@gmail.com
17gHrOj1hYsD-uF4mul1sDfmx0cL4-Awy,2024-11-13 - Types-champs-sureforms-formulaire-wordpress - Cover article.jpg,2024-11-13 - Types-champs-sureforms-formulaire-wordpress - Cover article.jpg,image/jpeg,355470,2026-02-11T09:57:09.304Z,2024-11-13T15:58:36.802Z,0,,False,image,michaelkihlpro@gmail.com
17Quo1-FaSr167u5_z6knj_Wv_O6fW4kG,2024-11-13 - Protection-spam-sureforms-recaptcha-wordpress - Cover article.jpg,2024-11-13 - Protection-spam-sureforms-recaptcha-wordpress - Cover article.jpg,image/jpeg,130091,2026-02-11T09:57:08.697Z,2024-11-13T13:36:41.478Z,0,,False,image,michaelkihlpro@gmail.com
15yAxVv7GpfRPqJFTH4i_x4fjBQnPz9o2,2024-11-11 - Sureforms-logo-full-color - Cover article.svg,2024-11-11 - Sureforms-logo-full-color - Cover article.svg,image/svg+xml,5708,2026-02-11T09:57:08.177Z,2024-11-11T19:05:08.951Z,0,,False,image,michaelkihlpro@gmail.com
16wfKczicGgfS67JXbB12iJgGibvojRPq,2024-10-29 - Sureforms-formulaire-demande-devis-site-web-complet - Cover article.jpg,2024-10-29 - Sureforms-formulaire-demande-devis-site-web-complet - Cover article.jpg,image/jpeg,201226,2026-02-11T09:57:07.649Z,2024-10-29T21:05:08.909Z,0,,False,image,michaelkihlpro@gmail.com
17-X-f4tA4brk-UeeoSknt-T6EqvubPqQ,2024-10-29 - Sureforms-description-formulaire-demande-devis - Cover article.jpg,2024-10-29 - Sureforms-description-formulaire-demande-devis - Cover article.jpg,image/jpeg,145027,2026-02-11T09:57:07.117Z,2024-10-29T20:57:40.907Z,0,,False,image,michaelkihlpro@gmail.com
17A-XHdK-FU4AAi0fla4VubjKjhjgmbRQ,2024-10-29 - Sureforms-formulaire-demande-devis-site-web - Cover article.jpg,2024-10-29 - Sureforms-formulaire-demande-devis-site-web - Cover article.jpg,image/jpeg,138269,2026-02-11T09:57:06.645Z,2024-10-29T20:49:27.543Z,0,,False,image,michaelkihlpro@gmail.com
17KOkrdA68zVRvHDBa5TPaPaDs2Pxp5ol,2024-10-29 - Sureforms-creation-formulaire-IA-personnalise - Cover article.jpg,2024-10-29 - Sureforms-creation-formulaire-IA-personnalise - Cover article.jpg,image/jpeg,104678,2026-02-11T09:57:06.135Z,2024-10-29T20:33:28.692Z,0,,False,image,michaelkihlpro@gmail.com
17PYmbzScDoH9PIfDEUzJlqaQXRdG-L0K,2024-10-29 - Sureforms-formulaires-esthetiques-fonctionnels - Cover article.jpg,2024-10-29 - Sureforms-formulaires-esthetiques-fonctionnels - Cover article.jpg,image/jpeg,778641,2026-02-11T09:57:05.587Z,2024-10-29T19:27:16.314Z,0,,False,image,michaelkihlpro@gmail.com
1foO_PeuQ2cyXQgvvtZeFBrUWwV196EPN,2025-02-15 - Latepoint-plugin-wordpress-reservation-en-ligne - Cover article.jpg,2025-02-15 - Latepoint-plugin-wordpress-reservation-en-ligne - Cover article.jpg,image/jpeg,154804,2026-02-11T09:57:04.882Z,2025-02-15T10:20:46.311Z,0,,False,image,michaelkihlpro@gmail.com
1frPLnsrGjHtQPg3z-MDCftiftmPPlCO7,2025-02-15 - Late-point-plugin-reservation-wordpress-intuitif-rapide - Cover article.jpg,2025-02-15 - Late-point-plugin-reservation-wordpress-intuitif-rapide - Cover article.jpg,image/jpeg,155656,2026-02-11T09:57:04.354Z,2025-02-15T10:20:46.149Z,0,,False,image,michaelkihlpro@gmail.com
1_ityT69uDMWjnjIOr7bJjnEClJQcj7mw,2025-01-17 - Latepoint-configuration-agents-wordpress - Cover article.jpg,2025-01-17 - Latepoint-configuration-agents-wordpress - Cover article.jpg,image/jpeg,407444,2026-02-11T09:57:03.833Z,2025-01-17T14:14:58.141Z,0,,False,image,michaelkihlpro@gmail.com
1_iDH-a4n9KrbKT2R-RCsGa_lx8XoHMJs,2025-01-17 - Latepoint-automatisations-workflow-notifications - Cover article.jpg,2025-01-17 - Latepoint-automatisations-workflow-notifications - Cover article.jpg,image/jpeg,184279,2026-02-11T09:57:03.247Z,2025-01-17T14:04:09.085Z,0,,False,image,michaelkihlpro@gmail.com
1_eonxEnJt_bBS4PMlNZhFmo0jGMU5vX_,2025-01-17 - Latepoint-configuration-avancee-service-wordpress - Cover article.jpg,2025-01-17 - Latepoint-configuration-avancee-service-wordpress - Cover article.jpg,image/jpeg,564017,2026-02-11T09:57:02.676Z,2025-01-17T13:56:56.789Z,0,,False,image,michaelkihlpro@gmail.com
1__-zWifhxMMiDCHpttSV3-Iac_IwI9Xc,2025-01-17 - Latepoint-gestion-services-wordpress - Cover article.jpg,2025-01-17 - Latepoint-gestion-services-wordpress - Cover article.jpg,image/jpeg,119817,2026-02-11T09:57:02.165Z,2025-01-17T13:45:46.360Z,0,,False,image,michaelkihlpro@gmail.com
1_U1OyhfOrTCtBQrLQQXyTHLBp64hUS8c,2025-01-17 - Latepoint-tableau-de-bord-gestion-reservations - Cover article.jpg,2025-01-17 - Latepoint-tableau-de-bord-gestion-reservations - Cover article.jpg,image/jpeg,140952,2026-02-11T09:57:01.511Z,2025-01-17T13:34:00.859Z,0,,False,image,michaelkihlpro@gmail.com
1_RV0S_bC9UTTW04jtCM_osV3_5e63xg9,2025-01-17 - Latepoint-setup-complete-wordpress - Cover article.jpg,2025-01-17 - Latepoint-setup-complete-wordpress - Cover article.jpg,image/jpeg,84533,2026-02-11T09:57:00.881Z,2025-01-17T13:27:55.678Z,0,,False,image,michaelkihlpro@gmail.com
1_OQxmTsECqlsl2YVnXYGDG8O2eJny8Zc,2025-01-17 - Latepoint-configuration-horaires-travail-wordpress - Cover article.jpg,2025-01-17 - Latepoint-configuration-horaires-travail-wordpress - Cover article.jpg,image/jpeg,152140,2026-02-11T09:57:00.183Z,2025-01-17T13:18:44.860Z,0,,False,image,michaelkihlpro@gmail.com
1_K_rl-9jvEivLI2TpDEgXbuPVvZ2xKS0,2025-01-17 - Latepoint-ajout-services-wordpress - Cover article.jpg,2025-01-17 - Latepoint-ajout-services-wordpress - Cover article.jpg,image/jpeg,83702,2026-02-11T09:56:59.631Z,2025-01-17T13:12:52.516Z,0,,False,image,michaelkihlpro@gmail.com
1_EA61q9WCFMuBFTypSGgNu0Pwjyk27aC,2025-01-17 - Configuration-notifications-latepoint-wordpress - Cover article.jpg,2025-01-17 - Configuration-notifications-latepoint-wordpress - Cover article.jpg,image/jpeg,63077,2026-02-11T09:56:59.048Z,2025-01-17T13:07:25.171Z,0,,False,image,michaelkihlpro@gmail.com
1_ColeCytisW-sH1KDfCJRdejeWepk-_F,2025-01-17 - Latepoint-setup-wizard-plugin-reservation-wordpress - Cover article.jpg,2025-01-17 - Latepoint-setup-wizard-plugin-reservation-wordpress - Cover article.jpg,image/jpeg,73184,2026-02-11T09:56:58.523Z,2025-01-17T12:58:38.572Z,0,,False,image,michaelkihlpro@gmail.com
1_8s4VM1YLshEK8sQZbMdscjDQf_Efgck,2025-01-17 - Puissant-plugin-planification-wordpress - Cover article.jpg,2025-01-17 - Puissant-plugin-planification-wordpress - Cover article.jpg,image/jpeg,149664,2026-02-11T09:56:57.828Z,2025-01-17T07:06:47.655Z,0,,False,image,michaelkihlpro@gmail.com
1DIRPAq-spvGCQBVaFfDfH9CQ7Mm_fK-Q,2025-11-19 - Logo dark - Cover article.png,2025-11-19 - Logo dark - Cover article.png,image/png,3028,2026-02-11T09:56:57.142Z,2025-11-19T18:00:22.102Z,0,,False,image,michaelkihlpro@gmail.com
1xIW854qdW2RShNa6Xrbuqyy93F8w1hxp,2025-11-18 - Wpmissioncontrol-security-badge-plugin-wordpress-monitoring - Cover article.jpg,2025-11-18 - Wpmissioncontrol-security-badge-plugin-wordpress-monitoring - Cover article.jpg,image/jpeg,174245,2026-02-11T09:56:55.166Z,2025-11-18T21:44:17.528Z,0,,False,image,michaelkihlpro@gmail.com
1SEByi0BQCzOyQ8auP9DUahprOAzKU1X8,2025-11-18 - Wpmissioncontrol-plugin-wordpress-monitoring-domaine - Cover article.jpg,2025-11-18 - Wpmissioncontrol-plugin-wordpress-monitoring-domaine - Cover article.jpg,image/jpeg,273025,2026-02-11T09:56:54.660Z,2025-11-18T20:31:06.677Z,0,,False,image,michaelkihlpro@gmail.com
1eTRkpsOfmBuQ6kVMiZGovPWifMfTbn9o,2025-11-18 - Wpmissioncontrol-core-issues-monitoring-wordpress - Cover article.jpg,2025-11-18 - Wpmissioncontrol-core-issues-monitoring-wordpress - Cover article.jpg,image/jpeg,52864,2026-02-11T09:56:54.097Z,2025-11-18T20:09:37.767Z,0,,False,image,michaelkihlpro@gmail.com
14koY1Pe7x_PsAxc3awI6nFQ5coq-wrML,2025-11-15 - Full-site-scan-plugin-wordpress-monitoring - Cover article.jpg,2025-11-15 - Full-site-scan-plugin-wordpress-monitoring - Cover article.jpg,image/jpeg,323230,2026-02-11T09:56:53.569Z,2025-11-15T16:24:51.670Z,0,,False,image,michaelkihlpro@gmail.com
1Gg_nwEePh_-IhivzMTi2gwD5WOiDviwF,2025-11-15 - Malware-scanner-plugin-wordpress-securite - Cover article.jpg,2025-11-15 - Malware-scanner-plugin-wordpress-securite - Cover article.jpg,image/jpeg,164172,2026-02-11T09:56:53.100Z,2025-11-15T15:51:52.185Z,0,,False,image,michaelkihlpro@gmail.com
1mlJQErv5a6cSFySGJOL7c6FEI6CL9SX1,2025-11-15 - Logo-wpmissioncontrol - Cover article.webp,2025-11-15 - Logo-wpmissioncontrol - Cover article.webp,image/webp,6680,2026-02-11T09:56:52.576Z,2025-11-15T11:23:24.567Z,0,,False,image,michaelkihlpro@gmail.com
1fLiAVDntcnC57tTTO62Xcj9Rvxuqb4YN,2025-11-15 - Ssl-plugin-wordpress-securite-https - Cover article.jpg,2025-11-15 - Ssl-plugin-wordpress-securite-https - Cover article.jpg,image/jpeg,243793,2026-02-11T09:56:51.938Z,2025-11-15T11:15:18.275Z,0,,False,image,michaelkihlpro@gmail.com
1UyHPkjGnd-LmAzCk47wob5hQXuTyB5yd,2025-11-15 - Monitoring-plugin-wordpress-performance-uptime - Cover article.jpg,2025-11-15 - Monitoring-plugin-wordpress-performance-uptime - Cover article.jpg,image/jpeg,288527,2026-02-11T09:56:51.415Z,2025-11-15T10:30:58.871Z,0,,False,image,michaelkihlpro@gmail.com
1n_hp6UA2Na6mxtI8tGksqF9n-itNggCk,2025-11-15 - Wpmc-plugin-wordpress-monitoring-securite - Cover article.jpg,2025-11-15 - Wpmc-plugin-wordpress-monitoring-securite - Cover article.jpg,image/jpeg,164051,2026-02-11T09:56:50.846Z,2025-11-15T09:18:24.549Z,0,,False,image,michaelkihlpro@gmail.com
1kDCxqKbn4mf_0VL5zcbJ_IkcLuSQm4My,2025-11-13 - Wpmissioncontrol-plugin-wordpress-monitoring - Cover article.jpg,2025-11-13 - Wpmissioncontrol-plugin-wordpress-monitoring - Cover article.jpg,image/jpeg,296478,2026-02-11T09:56:50.335Z,2025-11-13T16:28:28.824Z,0,,False,image,michaelkihlpro@gmail.com
1iYlNCLttY5XAKpFHnT1fbK4TBWM1V0zc,2026-01-06 - Mailerpress-plugin-wordpress-emailing-newsletter - Cover article.jpg,2026-01-06 - Mailerpress-plugin-wordpress-emailing-newsletter - Cover article.jpg,image/jpeg,268071,2026-02-11T09:56:49.909Z,2026-01-06T18:15:23.150Z,0,,False,image,michaelkihlpro@gmail.com
1dbYUsvLIAcm2dSl6Iiqo8Reft-tfolYg,2026-01-29 - Chatseo-plan-action-immediat-seo-30-minutes - Cover article.jpg,2026-01-29 - Chatseo-plan-action-immediat-seo-30-minutes - Cover article.jpg,image/jpeg,68665,2026-02-11T09:56:49.363Z,2026-01-29T17:34:58.280Z,0,,False,image,michaelkihlpro@gmail.com
1YasNuCAifS6mykWCCD4yaIlz_hVClX1f,2026-01-29 - Chatseo-quick-wins-actions-seo-prioritaires-roi - Cover article.jpg,2026-01-29 - Chatseo-quick-wins-actions-seo-prioritaires-roi - Cover article.jpg,image/jpeg,67086,2026-02-11T09:56:48.811Z,2026-01-29T17:23:43.097Z,0,,False,image,michaelkihlpro@gmail.com
1NTh-xz1dPzxwvdwqlOFAbYQ7mPPQIUDb,2026-01-29 - Chatseo-categories-mots-cles-prioritaires-strategie-seo - Cover article.jpg,2026-01-29 - Chatseo-categories-mots-cles-prioritaires-strategie-seo - Cover article.jpg,image/jpeg,55846,2026-02-11T09:56:48.245Z,2026-01-29T17:13:07.137Z,0,,False,image,michaelkihlpro@gmail.com
1D_SCicTPFGnlghaKsdvvAayW2WYa3ZNQ,2026-01-29 - Chatseo-dashboard-etat-seo-google-search-console - Cover article.jpg,2026-01-29 - Chatseo-dashboard-etat-seo-google-search-console - Cover article.jpg,image/jpeg,55064,2026-02-11T09:56:47.640Z,2026-01-29T17:04:37.397Z,0,,False,image,michaelkihlpro@gmail.com
1gHwdEQr3sKZ56oZ6giBnaUT3hg8tVpvu,2026-01-29 - Logo-chatseo-avis-saas-seo-analyse-search-console - Cover article.png,2026-01-29 - Logo-chatseo-avis-saas-seo-analyse-search-console - Cover article.png,image/png,68272,2026-02-11T09:56:47.118Z,2026-01-29T16:42:12.173Z,0,,False,image,michaelkihlpro@gmail.com
1iSiJ6JcFJPnkIaEq4DjVsCj16dc9pIli,2026-01-29 - Chatseo-concurrents-plugin-wordpress-seo - Cover article.jpg,2026-01-29 - Chatseo-concurrents-plugin-wordpress-seo - Cover article.jpg,image/jpeg,48978,2026-02-11T09:56:46.541Z,2026-01-29T15:25:05.632Z,0,,False,image,michaelkihlpro@gmail.com
18naMToMJS_VRdkB6gC7cGSbX85yuGjQr,2026-01-29 - Chatseo-page-accueil-agent-seo-ia - Cover article.jpg,2026-01-29 - Chatseo-page-accueil-agent-seo-ia - Cover article.jpg,image/jpeg,54623,2026-02-11T09:56:45.995Z,2026-01-29T14:20:05.574Z,0,,False,image,michaelkihlpro@gmail.com
14A73__GCjd9QJ7vspZ0woWc0mvhhW86K,2026-01-29 - Logo - Cover article.png,2026-01-29 - Logo - Cover article.png,image/png,80288,2026-02-11T09:56:45.395Z,2026-01-29T15:43:24.994Z,0,,False,image,michaelkihlpro@gmail.com
1I09eauVpdG6dOvbwg4hWLGasSbR8B2NU,2026-01-29 - Avis-chatseo-assistant-seo-ia - Cover article.jpg,2026-01-29 - Avis-chatseo-assistant-seo-ia - Cover article.jpg,image/jpeg,239642,2026-02-11T09:56:44.793Z,2026-01-29T09:59:11.628Z,0,,False,image,michaelkihlpro@gmail.com
16XdQIJHh_3gtGPyt6mnK-U2DXr6ummly,2026-01-26 - Cartflows-alternatives-plugin-wordpress-tunnel-woocommerce - Cover article.jpg,2026-01-26 - Cartflows-alternatives-plugin-wordpress-tunnel-woocommerce - Cover article.jpg,image/jpeg,239841,2026-02-11T09:56:44.126Z,2026-01-26T10:38:16.312Z,0,,False,image,michaelkihlpro@gmail.com
1IHNp3gCog4XsQnwahjb2A1a6Ll23cOEu,2026-01-23 - Fluent-forms-gutenberg-personnaliser-formulaire-sans-code - Cover article.jpg,2026-01-23 - Fluent-forms-gutenberg-personnaliser-formulaire-sans-code - Cover article.jpg,image/jpeg,295419,2026-02-11T09:56:43.390Z,2026-01-23T17:07:17.932Z,0,,False,image,michaelkihlpro@gmail.com
12dc5RTP6oEcrXw2wYODSB1hnCTe7MKBq,2026-01-23 - Fluent-forms-gutenberg-style-champs-requis - Cover article.jpg,2026-01-23 - Fluent-forms-gutenberg-style-champs-requis - Cover article.jpg,image/jpeg,64769,2026-02-11T09:56:42.808Z,2026-01-23T16:11:16.781Z,0,,False,image,michaelkihlpro@gmail.com
1B9jv9uZPb5mXhsmmlmq9KA8MUPH1Ciay,2026-01-23 - Fluent-forms-gutenberg-messages-succes-erreur - Cover article.jpg,2026-01-23 - Fluent-forms-gutenberg-messages-succes-erreur - Cover article.jpg,image/jpeg,90762,2026-02-11T09:56:42.258Z,2026-01-23T16:05:35.410Z,0,,False,image,michaelkihlpro@gmail.com
1TLD0lN1iF--Lat5PXdBJp8RO8ANBEXAX,2026-01-23 - Fluent-forms-gutenberg-styles-bouton-cta - Cover article.jpg,2026-01-23 - Fluent-forms-gutenberg-styles-bouton-cta - Cover article.jpg,image/jpeg,144814,2026-02-11T09:56:41.690Z,2026-01-23T16:00:10.208Z,0,,False,image,michaelkihlpro@gmail.com
1QL1OxiAbKHAxtNO-zR7exXKqBGSv0HbW,2026-01-23 - Fluent-forms-gutenberg-styles-avances - Cover article.jpg,2026-01-23 - Fluent-forms-gutenberg-styles-avances - Cover article.jpg,image/jpeg,61310,2026-02-11T09:56:41.054Z,2026-01-23T15:53:27.998Z,0,,False,image,michaelkihlpro@gmail.com
1RPDk05ZDhghsXRTvFi6c-HqdBvWlMoD0,2026-01-23 - Fluent-forms-gutenberg-styles-formulaire - Cover article.jpg,2026-01-23 - Fluent-forms-gutenberg-styles-formulaire - Cover article.jpg,image/jpeg,69684,2026-02-11T09:56:40.540Z,2026-01-23T15:26:47.243Z,0,,False,image,michaelkihlpro@gmail.com
1Ha4fiR9mainIlRAx61DpY6EZB8Zjv7Wq,2026-01-23 - Fluent-forms-gutenberg-reglages-bloc-style - Cover article.jpg,2026-01-23 - Fluent-forms-gutenberg-reglages-bloc-style - Cover article.jpg,image/jpeg,79142,2026-02-11T09:56:39.987Z,2026-01-23T15:26:34.366Z,0,,False,image,michaelkihlpro@gmail.com
1T6ZeVC8ibDzjzIfjfy7Zl2CvXP1hZnNt,2026-01-23 - Fluent-forms-gutenberg-selection-formulaire - Cover article.jpg,2026-01-23 - Fluent-forms-gutenberg-selection-formulaire - Cover article.jpg,image/jpeg,26837,2026-02-11T09:56:39.433Z,2026-01-23T15:18:59.046Z,0,,False,image,michaelkihlpro@gmail.com
1W_7B5gESth63KuCN8zYa51lfiluF-Mqa,2026-01-23 - Fluent-forms-gutenberg-ajouter-formulaire - Cover article.jpg,2026-01-23 - Fluent-forms-gutenberg-ajouter-formulaire - Cover article.jpg,image/jpeg,118083,2026-02-11T09:56:38.893Z,2026-01-23T14:47:28.036Z,0,,False,image,michaelkihlpro@gmail.com
1uGyTfMrvwtUtPHOQd1yZgnrbq9YIU-77,2026-01-17 - Sureforms-plugin-wordpress-stockage-local - Cover article.jpg,2026-01-17 - Sureforms-plugin-wordpress-stockage-local - Cover article.jpg,image/jpeg,277712,2026-02-11T09:56:38.283Z,2026-01-17T17:51:51.548Z,0,,False,image,michaelkihlpro@gmail.com
1azu94AwhXZypyRP6hme1O3hPTrWsX_Y8,2026-01-16 - Wplingua-reglages-seo-traduction-multilingue - Cover article.jpg,2026-01-16 - Wplingua-reglages-seo-traduction-multilingue - Cover article.jpg,image/jpeg,146373,2026-02-11T09:56:37.768Z,2026-01-16T15:37:41.061Z,0,,False,image,michaelkihlpro@gmail.com
1vFieLcOMTbMzzktIb_O1LsAbp6A1zW6Q,2026-01-16 - Wplingua-plugin-traduction-wordpress-multilingue - Cover article.jpg,2026-01-16 - Wplingua-plugin-traduction-wordpress-multilingue - Cover article.jpg,image/jpeg,245401,2026-02-11T09:56:37.124Z,2026-01-16T14:49:37.771Z,0,,False,image,michaelkihlpro@gmail.com
14seEJ80tQ0PhMJl2XquumE9J00pIB05c,2026-01-16 - Wplingua-plugin-wordpress-traduction-multilingue - Cover article.png,2026-01-16 - Wplingua-plugin-wordpress-traduction-multilingue - Cover article.png,image/png,30631,2026-02-11T09:56:36.632Z,2026-01-16T14:33:07.317Z,0,,False,image,michaelkihlpro@gmail.com
1k9oCjo63NuAvapR1T0IsfKD_WcnaDyXy,2026-01-16 - Wplingua-logo-small - Cover article.png,2026-01-16 - Wplingua-logo-small - Cover article.png,image/png,28685,2026-02-11T09:56:35.963Z,2026-01-16T11:04:48.409Z,0,,False,image,michaelkihlpro@gmail.com
1kxvz88yWaDxQ4sjgncWPHRw9V-HNPDAF,2026-01-08 - Apprendre-wordpress-en-1-journee-formation-debutant - Cover article.jpg,2026-01-08 - Apprendre-wordpress-en-1-journee-formation-debutant - Cover article.jpg,image/jpeg,265598,2026-02-11T09:56:35.416Z,2026-01-08T18:31:35.198Z,0,,False,image,michaelkihlpro@gmail.com
1WWns3KnFAhv5_Ug43Fczaavl6WBU98P9,2026-01-03 - Masteriyo-lms-plugin-wordpress-formation-en-ligne - Cover article.jpg,2026-01-03 - Masteriyo-lms-plugin-wordpress-formation-en-ligne - Cover article.jpg,image/jpeg,248534,2026-02-11T09:56:34.915Z,2026-01-03T21:34:11.217Z,0,,False,image,michaelkihlpro@gmail.com
1uq-ySJ7ygzuuJP0Bs8zO-VQk5hix81Ab,2026-01-03 - Masteriyo-lms-plugin-wordpress-reglages-permaliens-advanced-seo - Cover article.jpg,2026-01-03 - Masteriyo-lms-plugin-wordpress-reglages-permaliens-advanced-seo - Cover article.jpg,image/jpeg,139842,2026-02-11T09:56:34.444Z,2026-01-03T21:13:17.997Z,0,,False,image,michaelkihlpro@gmail.com
1FFnKHmsWXXjdcUJ8j-BP_rRn-zIuTexS,2026-01-03 - Cours-wordpress-debutant-page-masteriyo-lms - Cover article.jpg,2026-01-03 - Cours-wordpress-debutant-page-masteriyo-lms - Cover article.jpg,image/jpeg,212363,2026-02-11T09:56:33.993Z,2026-01-03T19:07:04.928Z,0,,False,image,michaelkihlpro@gmail.com
1jbN09Ym_IqCeOM3zW-5SD41hap6CI__J,2026-01-03 - Masteriyo-lms-plugin-wordpress-content-drip-acces-progressif - Cover article.jpg,2026-01-03 - Masteriyo-lms-plugin-wordpress-content-drip-acces-progressif - Cover article.jpg,image/jpeg,48059,2026-02-11T09:56:33.416Z,2026-01-03T20:48:43.038Z,0,,False,image,michaelkihlpro@gmail.com
1qKPhGUEMyVyZC-ST-R9_KQjI-C8Pkn_3,2026-01-03 - Masteriyo-lms-plugin-wordpress-methodes-paiement-checkout - Cover article.jpg,2026-01-03 - Masteriyo-lms-plugin-wordpress-methodes-paiement-checkout - Cover article.jpg,image/jpeg,89766,2026-02-11T09:56:32.296Z,2026-01-03T20:31:49.313Z,0,,False,image,michaelkihlpro@gmail.com
1H-TJeDdLJbIHalfAY5I8pIis6IaZby46,2026-01-03 - Quiz-wordpress-debutant-masteriyo-lms-interface-apprenant - Cover article.jpg,2026-01-03 - Quiz-wordpress-debutant-masteriyo-lms-interface-apprenant - Cover article.jpg,image/jpeg,177088,2026-02-11T09:56:31.723Z,2026-01-03T19:02:54.548Z,0,,False,image,michaelkihlpro@gmail.com
1Isi5xoqJZZ9SeUKar1_IpWgx2LNrCyTN,2026-01-03 - Masteriyo-lms-plugin-wordpress-editeur-questions-quiz-qcm - Cover article.jpg,2026-01-03 - Masteriyo-lms-plugin-wordpress-editeur-questions-quiz-qcm - Cover article.jpg,image/jpeg,156981,2026-02-11T09:56:31.177Z,2026-01-03T18:57:46.695Z,0,,False,image,michaelkihlpro@gmail.com
1GNedUvG94XtMxZzBmeUTQC5BpVh4HGVJ,2026-01-03 - Masteriyo-lms-plugin-wordpress-types-questions-quiz - Cover article.jpg,2026-01-03 - Masteriyo-lms-plugin-wordpress-types-questions-quiz - Cover article.jpg,image/jpeg,80796,2026-02-11T09:56:30.673Z,2026-01-03T18:34:42.914Z,0,,False,image,michaelkihlpro@gmail.com
1MsLgOiWI3gbakcNd0LKNekGZHjIf82LH,2026-01-03 - Quiz-wordpress-debutant-masteriyo-lms-plugin-wordpress - Cover article.jpg,2026-01-03 - Quiz-wordpress-debutant-masteriyo-lms-plugin-wordpress - Cover article.jpg,image/jpeg,83993,2026-02-11T09:56:30.077Z,2026-01-03T18:32:59.785Z,0,,False,image,michaelkihlpro@gmail.com
17O6Bjn47LRugF3clmkWZFdiI8rqr86Ol,2026-01-03 - Masteriyo-lms-plugin-wordpress-builder-modules-cours - Cover article.jpg,2026-01-03 - Masteriyo-lms-plugin-wordpress-builder-modules-cours - Cover article.jpg,image/jpeg,286969,2026-02-11T09:56:29.598Z,2026-01-03T18:30:23.957Z,0,,False,image,michaelkihlpro@gmail.com
1T7e_vtgvFZSTqGnmCsK3pNcvAae8biB6,2026-01-03 - Masteriyo-lms-plugin-wordpress-choisir-type-lecon - Cover article.jpg,2026-01-03 - Masteriyo-lms-plugin-wordpress-choisir-type-lecon - Cover article.jpg,image/jpeg,54323,2026-02-11T09:56:29.037Z,2026-01-03T18:29:14.262Z,0,,False,image,michaelkihlpro@gmail.com
1PEe1xPQpmBP9X9MldicUwVsFQvHvg_07,2026-01-03 - Masteriyo-lms-plugin-wordpress-creation-cours-debutants - Cover article.jpg,2026-01-03 - Masteriyo-lms-plugin-wordpress-creation-cours-debutants - Cover article.jpg,image/jpeg,225800,2026-02-11T09:56:28.373Z,2026-01-03T18:20:37.987Z,0,,False,image,michaelkihlpro@gmail.com
1thP3uKxThXhC5GdqNLOnEh7VpF0kQgsI,2026-01-03 - Masteriyo-lms-avis-site-officiel-cours-en-ligne - Cover article.jpg,2026-01-03 - Masteriyo-lms-avis-site-officiel-cours-en-ligne - Cover article.jpg,image/jpeg,77043,2026-02-11T09:56:27.830Z,2026-01-03T14:11:25.875Z,0,,False,image,michaelkihlpro@gmail.com
1WJWS4PaC35eQ_mQA9TzX8a_E5arCq4kA,2026-01-03 - Masteriyo-retina-logo - Cover article.png,2026-01-03 - Masteriyo-retina-logo - Cover article.png,image/png,5410,2026-02-11T09:56:27.263Z,2026-01-03T14:05:23.325Z,0,,False,image,michaelkihlpro@gmail.com
1d08RfSSEI1mvCLYCQKANTxl_JGKYSwKf,2025-12-29 - Linksclub-choix-thematiques-campagne-backlinks-seo - Cover article.jpg,2025-12-29 - Linksclub-choix-thematiques-campagne-backlinks-seo - Cover article.jpg,image/jpeg,798120,2026-02-11T09:56:26.703Z,2025-12-29T18:43:36.249Z,0,,False,image,michaelkihlpro@gmail.com
1iK_u7DZsSWD7SrFbWJo35iJkun0Bz5hB,2025-12-29 - Linksclub-page-accueil-backlinks-thematiques-seo - Cover article.jpg,2025-12-29 - Linksclub-page-accueil-backlinks-thematiques-seo - Cover article.jpg,image/jpeg,247908,2026-02-11T09:56:26.163Z,2025-12-29T18:20:07.097Z,0,,False,image,michaelkihlpro@gmail.com
1dZqYIghj2baGOFn-eVjKW4zNY1T0nxYm,2025-12-29 - Linksclub-packs-dilution-amorcage-booster-tarifs - Cover article.jpg,2025-12-29 - Linksclub-packs-dilution-amorcage-booster-tarifs - Cover article.jpg,image/jpeg,226404,2026-02-11T09:56:25.647Z,2025-12-29T18:19:32.577Z,0,,False,image,michaelkihlpro@gmail.com
1o4EN80AqHENMDWGX9m3d-pqCfKljzrXf,2025-12-29 - Logo-linksclub-by-linksgarden-netlinking - Cover article.jpg,2025-12-29 - Logo-linksclub-by-linksgarden-netlinking - Cover article.jpg,image/jpeg,90608,2026-02-11T09:56:25.098Z,2025-12-29T18:07:11.170Z,0,,False,image,michaelkihlpro@gmail.com
1i1jP6SS62h_wfc5GGY9rhZnP7-S0dc1a,2025-12-29 - Linksclub-plateforme-netlinking-backlinks - Cover article.jpg,2025-12-29 - Linksclub-plateforme-netlinking-backlinks - Cover article.jpg,image/jpeg,299819,2026-02-11T09:56:24.511Z,2025-12-29T17:27:07.337Z,0,,False,image,michaelkihlpro@gmail.com
1hmEm_3PXxHIXruL26A0huqDCikzaZ-Dv,2025-12-17 - Ninja-tables-plugin-wordpress-tables-interactives-fluentcart - Cover article.jpg,2025-12-17 - Ninja-tables-plugin-wordpress-tables-interactives-fluentcart - Cover article.jpg,image/jpeg,279143,2026-02-11T09:56:24.041Z,2025-12-17T19:44:42.550Z,0,,False,image,michaelkihlpro@gmail.com
1zZxbfiBlCuwbyNSZbzvWuprfBii2rqa-,2025-12-16 - Mailerpress-email-marketing-dashboard-wordpress - Cover article.jpg,2025-12-16 - Mailerpress-email-marketing-dashboard-wordpress - Cover article.jpg,image/jpeg,205365,2026-02-11T09:56:23.412Z,2025-12-16T16:21:10.289Z,0,,False,image,michaelkihlpro@gmail.com
13ugMRA2oKrWCNpgbUV5sT3CVXus7C4Ll,2025-12-16 - Mailerpress-1-1-plugin-wordpress-email-marketing - Cover article.jpg,2025-12-16 - Mailerpress-1-1-plugin-wordpress-email-marketing - Cover article.jpg,image/jpeg,275857,2026-02-11T09:56:22.732Z,2025-12-16T12:54:44.880Z,0,,False,image,michaelkihlpro@gmail.com
19e5G3O5WUHT-BEUkd41tbNF9-ikYUX0i,2025-12-09 - Metricool-test-complet-avis - Cover article.jpg,2025-12-09 - Metricool-test-complet-avis - Cover article.jpg,image/jpeg,205916,2026-02-11T09:56:22.152Z,2025-12-09T17:32:57.906Z,0,,False,image,michaelkihlpro@gmail.com
14j7YqsomWQo4j3c_TFdJ45wzwiES3yTL,2025-11-29 - Metricool-avis-outil-gestion-reseaux-sociaux - Cover article.jpg,2025-11-29 - Metricool-avis-outil-gestion-reseaux-sociaux - Cover article.jpg,image/jpeg,197701,2026-02-11T09:56:21.611Z,2025-11-29T16:21:06.726Z,0,,False,image,michaelkihlpro@gmail.com
1xnvsIF180FPBR_-eXKB8eV9p7F3kHHGs,2025-11-27 - Fluentcart-plugin-wordpress-ecommerce - Cover article.jpg,2025-11-27 - Fluentcart-plugin-wordpress-ecommerce - Cover article.jpg,image/jpeg,248538,2026-02-11T09:56:21.106Z,2025-11-27T15:59:35.736Z,0,,False,image,michaelkihlpro@gmail.com
1pydiRM16cdAvCmsXP93bU5JwI5gnqFCH,2025-11-27 - Wordpress-6-9-nouveautes-ia-collaboration - Cover article.jpg,2025-11-27 - Wordpress-6-9-nouveautes-ia-collaboration - Cover article.jpg,image/jpeg,277387,2026-02-11T09:56:20.505Z,2025-11-27T15:46:27.348Z,0,,False,image,michaelkihlpro@gmail.com
1TNTBPFdVcxlHeZk2Mm0OsDrUZsyp7a5F,2025-11-21 - Apprendre-wordpress-difficulte - Cover article.jpg,2025-11-21 - Apprendre-wordpress-difficulte - Cover article.jpg,image/jpeg,255537,2026-02-11T09:56:20.022Z,2025-11-21T10:15:18.524Z,0,,False,image,michaelkihlpro@gmail.com
1C_LsVxNZ4DnD3jujAQeqTliMPpABXq0h,2025-10-24 - Easycommerce-emails-automatiques-plugin-wordpress - Cover article.jpg,2025-10-24 - Easycommerce-emails-automatiques-plugin-wordpress - Cover article.jpg,image/jpeg,379388,2026-02-11T09:56:19.482Z,2025-10-24T11:29:25.025Z,0,,False,image,michaelkihlpro@gmail.com
1mBw5ckGz9hAhwRpZ2TJcEET6gJvThf0M,2025-10-24 - Easycommerce-tableau-de-bord-produits-wordpress - Cover article.jpg,2025-10-24 - Easycommerce-tableau-de-bord-produits-wordpress - Cover article.jpg,image/jpeg,146923,2026-02-11T09:56:18.961Z,2025-10-24T10:26:39.509Z,0,,False,image,michaelkihlpro@gmail.com
1SkdxnmJNZtJQbQGmiboOdSPW6ZLyyhhR,2025-10-24 - Easycommerce-plugin-wordpress-test - Cover article.jpg,2025-10-24 - Easycommerce-plugin-wordpress-test - Cover article.jpg,image/jpeg,160772,2026-02-11T09:56:18.382Z,2025-10-24T09:38:44.289Z,0,,False,image,michaelkihlpro@gmail.com
1_pEhVhH95ey7VwTsKDD6NztBQpFAqckz,2025-10-21 - Easycommerce-plugin-wordpress-avis - Cover article.jpg,2025-10-21 - Easycommerce-plugin-wordpress-avis - Cover article.jpg,image/jpeg,275257,2026-02-11T09:56:17.786Z,2025-10-21T18:10:17.766Z,0,,False,image,michaelkihlpro@gmail.com
1u9XPVFMhhmIBjJmYn02-fQ377PQMlTiN,2025-10-17 - Bit-flows-plugin-wordpress-licence-lifetime - Cover article.jpg,2025-10-17 - Bit-flows-plugin-wordpress-licence-lifetime - Cover article.jpg,image/jpeg,361919,2026-02-11T09:56:17.218Z,2025-10-17T12:33:08.698Z,0,,False,image,michaelkihlpro@gmail.com
1c80KUB7T0inZLUgW3B2UZtXm1OAZ6NM4,2025-10-17 - Bit-flows-plugin-wordpress-tarifs-licences - Cover article.jpg,2025-10-17 - Bit-flows-plugin-wordpress-tarifs-licences - Cover article.jpg,image/jpeg,328169,2026-02-11T09:56:16.671Z,2025-10-17T12:28:37.241Z,0,,False,image,michaelkihlpro@gmail.com
1FK4bw-t-6To4HSk9eohJG5NhatAlJllY,2025-10-17 - Bit-flows-plugin-wordpress-interface-workflow - Cover article.jpg,2025-10-17 - Bit-flows-plugin-wordpress-interface-workflow - Cover article.jpg,image/jpeg,266489,2026-02-11T09:56:16.192Z,2025-10-17T11:56:28.748Z,0,,False,image,michaelkihlpro@gmail.com
1jkdWasnZD9pZNAvpBNk_xAPD8VjvFZL9,2025-10-17 - Plugin-sceenshot-7 - Cover article.jpg,2025-10-17 - Plugin-sceenshot-7 - Cover article.jpg,image/jpeg,0,2026-02-11T09:56:15.688Z,2025-10-17T11:56:07.054Z,0,,False,image,michaelkihlpro@gmail.com
1m2ym1dNgJph99cABIQoYTOvwd9rb8hjB,2025-10-17 - Bit-flows-plugin-wordpress-creation-workflow - Cover article.jpg,2025-10-17 - Bit-flows-plugin-wordpress-creation-workflow - Cover article.jpg,image/jpeg,143562,2026-02-11T09:56:15.170Z,2025-10-17T09:34:00.559Z,0,,False,image,michaelkihlpro@gmail.com
1HoTY5F9ujXUWZs243tS32Onn5p3Xok5b,2025-10-17 - Bit-flows-plugin-wordpress-workflow-webhook - Cover article.jpg,2025-10-17 - Bit-flows-plugin-wordpress-workflow-webhook - Cover article.jpg,image/jpeg,149979,2026-02-11T09:56:14.674Z,2025-10-17T09:20:15.499Z,0,,False,image,michaelkihlpro@gmail.com
1pbZB8HOPoJoeiMzdxMnTxr07UrAS4Na8,2025-10-17 - Bit-flows-plugin-wordpress-zapier-alternative - Cover article.jpg,2025-10-17 - Bit-flows-plugin-wordpress-zapier-alternative - Cover article.jpg,image/jpeg,182612,2026-02-11T09:56:14.165Z,2025-10-17T09:10:47.104Z,0,,False,image,michaelkihlpro@gmail.com
1v5XGrITtB-DKRrLpBxqCKhG_8pCWDUui,2025-10-17 - Bit-flows-ai-plugin-wordpress-automation - Cover article.jpg,2025-10-17 - Bit-flows-ai-plugin-wordpress-automation - Cover article.jpg,image/jpeg,257160,2026-02-11T09:56:13.660Z,2025-10-17T08:49:26.999Z,0,,False,image,michaelkihlpro@gmail.com
1jIB17qU8ayJcft_z8GYO2Z0UuFPu7Qpp,2025-10-10 - Bit-flows-plugin-wordpress-automation-avis - Cover article.jpg,2025-10-10 - Bit-flows-plugin-wordpress-automation-avis - Cover article.jpg,image/jpeg,244556,2026-02-11T09:56:13.085Z,2025-10-10T14:52:13.834Z,0,,False,image,michaelkihlpro@gmail.com
1zGLN4u7wpxDhPfQEPl7ioYUbIO1xcvca,2025-09-25 - Pageradar-robots-txt-monitoring - Cover article.jpg,2025-09-25 - Pageradar-robots-txt-monitoring - Cover article.jpg,image/jpeg,189251,2026-02-11T09:56:12.538Z,2025-09-25T15:06:27.774Z,0,,False,image,michaelkihlpro@gmail.com
1MBR-MyWQaGjlngQ-HtdoZCoRYEAnP7RN,2025-09-25 - Pageradar-liens-affilies - Cover article.jpg,2025-09-25 - Pageradar-liens-affilies - Cover article.jpg,image/jpeg,239287,2026-02-11T09:56:11.911Z,2025-09-25T14:55:53.302Z,0,,False,image,michaelkihlpro@gmail.com
1G8exmI1cN8PQj2lPNleB9tNnEruEVcCy,2025-09-25 - Pageradar-html-monitor-details - Cover article.jpg,2025-09-25 - Pageradar-html-monitor-details - Cover article.jpg,image/jpeg,464945,2026-02-11T09:56:11.357Z,2025-09-25T14:39:02.162Z,0,,False,image,michaelkihlpro@gmail.com
1PnOzn2j8sBdF3LGvcGVbzeIZszf76_CO,2025-09-25 - Pageradar-monitoring-html-seo - Cover article.jpg,2025-09-25 - Pageradar-monitoring-html-seo - Cover article.jpg,image/jpeg,283894,2026-02-11T09:56:10.868Z,2025-09-25T14:31:21.688Z,0,,False,image,michaelkihlpro@gmail.com
14mVIge1NEN2YG1GftFlVRyQ3Y0G5dPf_,2025-09-25 - Pageradar-core-web-vitals - Cover article.jpg,2025-09-25 - Pageradar-core-web-vitals - Cover article.jpg,image/jpeg,435184,2026-02-11T09:56:10.129Z,2025-09-25T14:19:30.426Z,0,,False,image,michaelkihlpro@gmail.com
1d371HSjlqd4QvkrzflWdpUDbNeAGZ4r5,2025-09-25 - Pageradar-dashboard-seo - Cover article.jpg,2025-09-25 - Pageradar-dashboard-seo - Cover article.jpg,image/jpeg,293988,2026-02-11T09:56:09.608Z,2025-09-25T09:31:30.949Z,0,,False,image,michaelkihlpro@gmail.com
1VJjnUb2CYu9nHWoX-xv7gICanEbab0MH,2025-09-25 - Pageradar-seo-alert-tracker - Cover article.jpg,2025-09-25 - Pageradar-seo-alert-tracker - Cover article.jpg,image/jpeg,214950,2026-02-11T09:56:09.031Z,2025-09-25T09:06:00.550Z,0,,False,image,michaelkihlpro@gmail.com
1NhBbjCP6MiE_Xq-PYjPbhH9gvldAhfm8,2025-09-25 - Pageradar-avis-outil-seo - Cover article.jpg,2025-09-25 - Pageradar-avis-outil-seo - Cover article.jpg,image/jpeg,248748,2026-02-11T09:56:08.486Z,2025-09-25T07:51:01.104Z,0,,False,image,michaelkihlpro@gmail.com
1GhW9y9HHYJ8BfxXEZyZ3Tv1Fqs_Pxrd9,2025-09-22 - Virfice-plugin-wordpress-woocommerce-notifications - Cover article.jpg,2025-09-22 - Virfice-plugin-wordpress-woocommerce-notifications - Cover article.jpg,image/jpeg,190566,2026-02-11T09:56:07.962Z,2025-09-22T17:40:33.147Z,0,,False,image,michaelkihlpro@gmail.com
1EnGSV5qhTkG1yGBhhZWApXGqSgysrlzC,2025-09-22 - Virfice-woocommerce-email-personnalisation - Cover article.jpg,2025-09-22 - Virfice-woocommerce-email-personnalisation - Cover article.jpg,image/jpeg,551831,2026-02-11T09:56:07.397Z,2025-09-22T16:54:45.206Z,0,,False,image,michaelkihlpro@gmail.com
1Db2eItHtllNlyPxRxgC0_mLDTwn2MKdL,2025-09-22 - Virfice-plugin-wordpress-brand-reseaux-sociaux - Cover article.jpg,2025-09-22 - Virfice-plugin-wordpress-brand-reseaux-sociaux - Cover article.jpg,image/jpeg,155113,2026-02-11T09:56:06.879Z,2025-09-22T16:33:55.249Z,0,,False,image,michaelkihlpro@gmail.com
1EQ3SnuMLaMSBrRdkcYIG1m_3VMU94Tnh,2025-09-22 - Virfice-configuration-email-woocommerce - Cover article.jpg,2025-09-22 - Virfice-configuration-email-woocommerce - Cover article.jpg,image/jpeg,187940,2026-02-11T09:56:06.193Z,2025-09-22T16:25:17.383Z,0,,False,image,michaelkihlpro@gmail.com
1D2pDpy0McxiEF48ybLKlfpBgGXDdOHsc,2025-09-22 - Virfice-plugin-wordpress-emails-woocommerce - Cover article.jpg,2025-09-22 - Virfice-plugin-wordpress-emails-woocommerce - Cover article.jpg,image/jpeg,226241,2026-02-11T09:56:05.635Z,2025-09-22T15:47:47.464Z,0,,False,image,michaelkihlpro@gmail.com
1i1ZVwRNZiH5e2TTVa1d4xYCTyxKuuEeU,2025-09-22 - Virfice-avis-plugin-wordpress-woocommerce-emails - Cover article.jpg,2025-09-22 - Virfice-avis-plugin-wordpress-woocommerce-emails - Cover article.jpg,image/jpeg,266148,2026-02-11T09:56:05.107Z,2025-09-22T15:30:53.873Z,0,,False,image,michaelkihlpro@gmail.com
1FJMcZlm7uY-k1XqlcCpCa7PLWk7G3MHo,2025-09-22 - Virfice-woocommerce-email-builder - Cover article.jpg,2025-09-22 - Virfice-woocommerce-email-builder - Cover article.jpg,image/jpeg,157978,2026-02-11T09:56:04.645Z,2025-09-22T14:18:40.982Z,0,,False,image,michaelkihlpro@gmail.com
1ED7Ztpo9Lt5rl_47UjwsN379wC7C8g_5,2025-09-13 - Fluentsmtp-email-test-plugin-smtp-wordpress - Cover article.jpg,2025-09-13 - Fluentsmtp-email-test-plugin-smtp-wordpress - Cover article.jpg,image/jpeg,105949,2026-02-11T09:56:04.029Z,2025-09-13T12:17:01.572Z,0,,False,image,michaelkihlpro@gmail.com
1BAOqmadlRTtuQmzhYIGqwioJxlz3CkeP,2025-09-13 - Fluentsmtp-alertes-notifications-plugin-wordpress - Cover article.jpg,2025-09-13 - Fluentsmtp-alertes-notifications-plugin-wordpress - Cover article.jpg,image/jpeg,80689,2026-02-11T09:56:03.450Z,2025-09-13T09:15:01.308Z,0,,False,image,michaelkihlpro@gmail.com
1yWgsxsCxwyGhiqGzVtN-4jpknJdhuAah,2025-09-13 - Fluentsmtp-logs-journaux-emails-plugin-wordpress - Cover article.jpg,2025-09-13 - Fluentsmtp-logs-journaux-emails-plugin-wordpress - Cover article.jpg,image/jpeg,85902,2026-02-11T09:56:02.836Z,2025-09-13T08:58:24.504Z,0,,False,image,michaelkihlpro@gmail.com
1Ognxh85AbUZz6lz64g9ESyFfiX5a4ysp,2025-09-13 - Fluentsmtp-configuration-plugin-wordpress-smtp - Cover article.jpg,2025-09-13 - Fluentsmtp-configuration-plugin-wordpress-smtp - Cover article.jpg,image/jpeg,119598,2026-02-11T09:56:02.259Z,2025-09-13T08:34:40.337Z,0,,False,image,michaelkihlpro@gmail.com
1W1UhDgOHU62RGtuX7tw88PGfMN0dA739,2025-09-06 - Fluentsmtp-plugin-wordpress-smtp-free - Cover article.jpg,2025-09-06 - Fluentsmtp-plugin-wordpress-smtp-free - Cover article.jpg,image/jpeg,215459,2026-02-11T09:56:01.673Z,2025-09-06T08:27:33.679Z,0,,False,image,michaelkihlpro@gmail.com
1bX983xHlAud0urQz071nRCElucoTqY4p,2025-09-11 - Fluentsmtp-plugin-wordpress-smtp-gratuit - Cover article.jpg,2025-09-11 - Fluentsmtp-plugin-wordpress-smtp-gratuit - Cover article.jpg,image/jpeg,254979,2026-02-11T09:56:01.149Z,2025-09-11T08:49:40.789Z,0,,False,image,michaelkihlpro@gmail.com
1XArAUf0aPuhAVhWV5_g15iGZcRmPRXjb,2025-08-30 - Pulse-avis-banniere-article-fiches-produits-ecommerce - Cover article.jpg,2025-08-30 - Pulse-avis-banniere-article-fiches-produits-ecommerce - Cover article.jpg,image/jpeg,275515,2026-02-11T09:56:00.592Z,2025-08-30T09:05:13.034Z,0,,False,image,michaelkihlpro@gmail.com
1bhPpyfmPrj-JRAIHTuefMMFo7eSwKC41,2025-01-31 - Logo skoatch - Cover article.jpg_large,2025-01-31 - Logo skoatch - Cover article.jpg_large,image/jpeg,51578,2026-02-11T09:55:59.978Z,2025-01-31T08:21:07.735Z,0,,False,image,michaelkihlpro@gmail.com
1bLfaUV5q_G2sHjlHghvaD1qx9qag5Pzz,2025-01-30 - Concours-schoolswp-skoatch-gagnez-cadeau - Cover article.jpg,2025-01-30 - Concours-schoolswp-skoatch-gagnez-cadeau - Cover article.jpg,image/jpeg,414222,2026-02-11T09:55:59.346Z,2025-01-30T10:39:51.674Z,0,,False,image,michaelkihlpro@gmail.com
1aePDYzAAYnqjW0ufl_BT2GqqZRkBrnkc,2025-01-24 - Skoatch-performance-redaction-ia - Cover article.jpg,2025-01-24 - Skoatch-performance-redaction-ia - Cover article.jpg,image/jpeg,240759,2026-02-11T09:55:58.666Z,2025-01-24T10:04:33.783Z,0,,False,image,michaelkihlpro@gmail.com
1ad2BmlwTaSf4VXdbNrx18NX_mJzdiwuf,2025-01-24 - Plans-skoatch-prix-creation-contenu - Cover article.jpg,2025-01-24 - Plans-skoatch-prix-creation-contenu - Cover article.jpg,image/jpeg,787793,2026-02-11T09:55:58.157Z,2025-01-24T09:02:22.819Z,0,,False,image,michaelkihlpro@gmail.com
1aaADbQGE8WcvltyphI0kKoUT_dIuS3s-,2025-01-24 - Tableau-de-bord-skoatch-schoolswp-seo - Cover article.jpg,2025-01-24 - Tableau-de-bord-skoatch-schoolswp-seo - Cover article.jpg,image/jpeg,305402,2026-02-11T09:55:57.575Z,2025-01-24T08:44:17.767Z,0,,False,image,michaelkihlpro@gmail.com
1aRBtsWMyrIdP-ET5mr23cw0eFtjxQOG_,2025-01-24 - Interface-skoatch-creation-de-personas - Cover article.jpg,2025-01-24 - Interface-skoatch-creation-de-personas - Cover article.jpg,image/jpeg,140428,2026-02-11T09:55:56.999Z,2025-01-24T08:34:09.452Z,0,,False,image,michaelkihlpro@gmail.com
1aQcVXGK6ZR6rqsve32SYPnNErxJMCSBP,2025-01-24 - Skoatch-interface-gestion-wordpress - Cover article.jpg,2025-01-24 - Skoatch-interface-gestion-wordpress - Cover article.jpg,image/jpeg,124205,2026-02-11T09:55:56.488Z,2025-01-24T08:28:10.006Z,0,,False,image,michaelkihlpro@gmail.com
1aOICIQk4YkuN-vSIm3pksKQ984BEXADa,2025-01-24 - Skoatch-inscription-creation-compte-automatisation - Cover article.jpg,2025-01-24 - Skoatch-inscription-creation-compte-automatisation - Cover article.jpg,image/jpeg,143724,2026-02-11T09:55:55.889Z,2025-01-24T08:18:01.510Z,0,,False,image,michaelkihlpro@gmail.com
1aKlsOaBYczGWZaIkXLHHAj4Gvrz9_ilV,2025-01-23 - Skoatch-generateur-articles-1-clic - Cover article.jpg,2025-01-23 - Skoatch-generateur-articles-1-clic - Cover article.jpg,image/jpeg,190497,2026-02-11T09:55:55.349Z,2025-01-23T14:26:11.220Z,0,,False,image,michaelkihlpro@gmail.com
1YP__x4Azz3T4iEWmHMS0ecRc50gE-MDw,2025-01-13 - Forfaits-seo-options-loutre - Cover article.jpg,2025-01-13 - Forfaits-seo-options-loutre - Cover article.jpg,image/jpeg,507787,2026-02-11T09:55:54.701Z,2025-01-13T14:31:44.819Z,0,,False,image,michaelkihlpro@gmail.com
1YN87ChktomA8Mbj_tv1UJYN6WqLSnciV,2025-01-13 - Comparatif-forfaits-seo-traduction-international - Cover article.jpg,2025-01-13 - Comparatif-forfaits-seo-traduction-international - Cover article.jpg,image/jpeg,509689,2026-02-11T09:55:54.103Z,2025-01-13T14:31:23.223Z,0,,False,image,michaelkihlpro@gmail.com
1YMvFy7qa7ALz2cmXD93GpGmyHZsM2AaB,2025-01-13 - Plugin-traduction-wordpress-seo - Cover article.jpg,2025-01-13 - Plugin-traduction-wordpress-seo - Cover article.jpg,image/jpeg,214567,2026-02-11T09:55:53.588Z,2025-01-13T12:19:29.461Z,0,,False,image,michaelkihlpro@gmail.com
1YIXm6QfTyko0IRkARYJmXrxtkGoggp-Y,2025-01-11 - Traduire-sans-migraine-plugin-wordpress - Cover article.jpg,2025-01-11 - Traduire-sans-migraine-plugin-wordpress - Cover article.jpg,image/jpeg,239460,2026-02-11T09:55:53.028Z,2025-01-11T15:43:26.005Z,0,,False,image,michaelkihlpro@gmail.com
1Wbsti0sTYFFBI7f0cxGKNm_8j9-CXpqB,2025-01-10 - Wp-umbrella-rapport-mensuel-maintenance - Cover article.jpg,2025-01-10 - Wp-umbrella-rapport-mensuel-maintenance - Cover article.jpg,image/jpeg,143137,2026-02-11T09:55:52.449Z,2025-01-10T16:51:49.891Z,0,,False,image,michaelkihlpro@gmail.com
1WTrs4V9zt_tgzmGE-veWms1ZUfyfQfor,2025-01-10 - Rapports-maintenance-mensuels-gestion-schoolswp - Cover article.jpg,2025-01-10 - Rapports-maintenance-mensuels-gestion-schoolswp - Cover article.jpg,image/jpeg,285674,2026-02-11T09:55:51.980Z,2025-01-10T16:40:56.587Z,0,,False,image,michaelkihlpro@gmail.com
1WMxExxT9sPRHsy0rd1OFq_59SFtN5FkV,2025-01-10 - Gestion-alertes-temps-reel-sites-web - Cover article.jpg,2025-01-10 - Gestion-alertes-temps-reel-sites-web - Cover article.jpg,image/jpeg,89187,2026-02-11T09:55:51.509Z,2025-01-10T16:13:08.320Z,0,,False,image,michaelkihlpro@gmail.com
1W7iPVvlhDRJZRISexe2X0V_hL3BH08Q2,2025-01-10 - Rapport-securite-wordpress - Cover article.jpg,2025-01-10 - Rapport-securite-wordpress - Cover article.jpg,image/jpeg,179897,2026-02-11T09:55:50.922Z,2025-01-10T15:57:14.560Z,0,,False,image,michaelkihlpro@gmail.com
1W6kLdYaHNsTqCw1_jzpB-VtJgSKbktIN,2025-01-10 - Gestion-plugins-wordpress-mon-mini-electro - Cover article.jpg,2025-01-10 - Gestion-plugins-wordpress-mon-mini-electro - Cover article.jpg,image/jpeg,346602,2026-02-11T09:55:50.434Z,2025-01-10T15:48:51.431Z,0,,False,image,michaelkihlpro@gmail.com
1W5C8XJDV3VllH3Q_MU9Y2VSci-uyvDBE,2025-01-10 - Monitoring-uptime-domaine-schoolswp - Cover article.jpg,2025-01-10 - Monitoring-uptime-domaine-schoolswp - Cover article.jpg,image/jpeg,156710,2026-02-11T09:55:49.923Z,2025-01-10T15:36:15.965Z,0,,False,image,michaelkihlpro@gmail.com
1W3lJXehxovBAiwFVVD9E9twvbhmblokJ,2025-01-10 - Tableau-de-bord-gestion-sites-wordpress - Cover article.jpg,2025-01-10 - Tableau-de-bord-gestion-sites-wordpress - Cover article.jpg,image/jpeg,132388,2026-02-11T09:55:49.469Z,2025-01-10T15:24:12.985Z,0,,False,image,michaelkihlpro@gmail.com
1W1pI1oeAECWgHC-uxZx5b7I8bpfTWwOA,2025-01-10 - Outil-gestion-wordpress-wp-umbrella - Cover article.jpg,2025-01-10 - Outil-gestion-wordpress-wp-umbrella - Cover article.jpg,image/jpeg,173788,2026-02-11T09:55:48.968Z,2025-01-10T14:21:56.823Z,0,,False,image,michaelkihlpro@gmail.com
1VWTSLpaYzWqm-3tcYA-rfZx9nzXtGpIi,2025-01-10 - Wp-umbrella-pourquoi-agences-wordpress-adorent - Cover article.jpg,2025-01-10 - Wp-umbrella-pourquoi-agences-wordpress-adorent - Cover article.jpg,image/jpeg,218953,2026-02-11T09:55:48.476Z,2025-01-10T13:42:16.137Z,0,,False,image,michaelkihlpro@gmail.com
1Q3AfEQsLOBbp3DgHurgheEsAxNULskLF,2025-01-02 - Gutenberg-editeur-wordpress - Cover article.jpg,2025-01-02 - Gutenberg-editeur-wordpress - Cover article.jpg,image/jpeg,117515,2026-02-11T09:55:47.966Z,2025-01-02T09:39:55.524Z,0,,False,image,michaelkihlpro@gmail.com
1PC7C8_z_1wL30esXLxXxCksY60WexTeq,2025-01-01 - Gutenberg-wordpress-introduction-editeur-blocs - Cover article.jpg,2025-01-01 - Gutenberg-wordpress-introduction-editeur-blocs - Cover article.jpg,image/jpeg,217465,2026-02-11T09:55:47.448Z,2025-01-01T13:41:40.987Z,0,,False,image,michaelkihlpro@gmail.com
1TdpdtLc6ADVwHC6AXZgBWNuUTP4siY5L,2025-01-09 - Analyse-comparative-seo-concurrents - Cover article.jpg,2025-01-09 - Analyse-comparative-seo-concurrents - Cover article.jpg,image/jpeg,995307,2026-02-11T09:55:46.935Z,2025-01-09T07:56:53.203Z,0,,False,image,michaelkihlpro@gmail.com
1TcWlLzoRCeP_Ml67ijNmRoL0TXVuRZF-,2025-01-09 - Analyse-seo-score-indicateurs-optimisation - Cover article.jpg,2025-01-09 - Analyse-seo-score-indicateurs-optimisation - Cover article.jpg,image/jpeg,43058,2026-02-11T09:55:46.356Z,2025-01-09T07:45:57.723Z,0,,False,image,michaelkihlpro@gmail.com
1TSWAzZRloaT7w7ETHglmFUkkkgCQRp7S,2025-01-08 - Optimisation-seo-thot-strategie-maillage-interne - Cover article.jpg,2025-01-08 - Optimisation-seo-thot-strategie-maillage-interne - Cover article.jpg,image/jpeg,1003613,2026-02-11T09:55:45.837Z,2025-01-08T17:07:57.804Z,0,,False,image,michaelkihlpro@gmail.com
1TZotBXJbf7BpAw2UxcuxMC1HUst89sKs,2025-01-08 - Analyse-mots-cles-optimisation-seo - Cover article.jpg,2025-01-08 - Analyse-mots-cles-optimisation-seo - Cover article.jpg,image/jpeg,1299712,2026-02-11T09:55:45.302Z,2025-01-08T17:28:22.704Z,0,,False,image,michaelkihlpro@gmail.com
1TRtGtGsSOqoN6dZaZF5NZSxTB78E3SFr,2025-01-08 - Interface-outil-thot-seo-analyse-mots-cles - Cover article.jpg,2025-01-08 - Interface-outil-thot-seo-analyse-mots-cles - Cover article.jpg,image/jpeg,88380,2026-02-11T09:55:44.694Z,2025-01-08T16:55:28.774Z,0,,False,image,michaelkihlpro@gmail.com
1T7yEkNC_6RU7GFd2VzNFMx3DcxJ6HxBQ,2025-01-08 - Thot-seo-optimisation-contenu-referencement - Cover article.jpg,2025-01-08 - Thot-seo-optimisation-contenu-referencement - Cover article.jpg,image/jpeg,505549,2026-02-11T09:55:44.090Z,2025-01-08T16:43:05.419Z,0,,False,image,michaelkihlpro@gmail.com
1T6y_0Z8wUF4bTO536yND4MMH_YuqGimp,2025-01-08 - Interface-thot-seo-analyse-optimisation - Cover article.jpg,2025-01-08 - Interface-thot-seo-analyse-optimisation - Cover article.jpg,image/jpeg,263233,2026-02-11T09:55:43.515Z,2025-01-08T16:18:51.687Z,0,,False,image,michaelkihlpro@gmail.com
1T-biPxnMtgvwl2cCA0EKbQ48rJt5lw76,2025-01-08 - Logo-thot-seo-expertise-referencement-naturel - Cover article.jpg,2025-01-08 - Logo-thot-seo-expertise-referencement-naturel - Cover article.jpg,image/jpeg,33519,2026-02-11T09:55:42.963Z,2025-01-08T16:00:49.677Z,0,,False,image,michaelkihlpro@gmail.com
1SvaFVFEozm8_7AHn1v3IDpB7iL24eDa4,2025-01-08 - Thotseo-optimisation-contenu-seo - Cover article.jpg,2025-01-08 - Thotseo-optimisation-contenu-seo - Cover article.jpg,image/jpeg,180896,2026-02-11T09:55:42.474Z,2025-01-08T15:39:02.184Z,0,,False,image,michaelkihlpro@gmail.com
1OjxKtLCmsEZ5LLVNj9A3lEBLgMBoDeRV,2024-12-27 - Pourquoi-thot-seo-outil-optimisation-semantique-numero-1 - Cover article.jpg,2024-12-27 - Pourquoi-thot-seo-outil-optimisation-semantique-numero-1 - Cover article.jpg,image/jpeg,233620,2026-02-11T09:55:41.860Z,2024-12-27T15:32:40.110Z,0,,False,image,michaelkihlpro@gmail.com
1LGhZcqZOX3MoD1imq067TPiUM1QvLX7m,2024-12-19 - Fluentcommunity-gestion-communautes-en-ligne-interface - Cover article.jpg,2024-12-19 - Fluentcommunity-gestion-communautes-en-ligne-interface - Cover article.jpg,image/jpeg,222035,2026-02-11T09:55:41.298Z,2024-12-19T08:08:13.673Z,0,,False,image,michaelkihlpro@gmail.com
1LEY7Mp4DI9Kl4QCqeCKUU-wx579ECbj3,2024-12-19 - Group-1321316680 - Cover article.webp,2024-12-19 - Group-1321316680 - Cover article.webp,image/webp,2750,2026-02-11T09:55:40.749Z,2024-12-19T07:58:41.917Z,0,,False,image,michaelkihlpro@gmail.com
1LB0dKUWS3C6vI4ayyZMGaDyIr4Z1MHc4,2024-12-19 - Fluentcommunity-plugin-wordpress-rapide-organisations - Cover article.jpg,2024-12-19 - Fluentcommunity-plugin-wordpress-rapide-organisations - Cover article.jpg,image/jpeg,252918,2026-02-11T09:55:39.902Z,2024-12-19T07:51:04.524Z,0,,False,image,michaelkihlpro@gmail.com
1JVHRnwJg8qn8_jhEmxcj9GwD6BTEoLXs,2024-12-12 - Fluentcommunity-plugin-creer-communaute-wordpress - Cover article.jpg,2024-12-12 - Fluentcommunity-plugin-creer-communaute-wordpress - Cover article.jpg,image/jpeg,273520,2026-02-11T09:55:39.372Z,2024-12-12T10:38:18.807Z,0,,False,image,michaelkihlpro@gmail.com
1JQGPKx0jyli3UWDC43cKxUMsQdYI61HY,2024-12-12 - Stripe-wordpress-mode-live-test-configuration - Cover article.jpg,2024-12-12 - Stripe-wordpress-mode-live-test-configuration - Cover article.jpg,image/jpeg,36791,2026-02-11T09:55:38.529Z,2024-12-12T09:17:48.861Z,0,,False,image,michaelkihlpro@gmail.com
1JQ8mICwi6DzgymlsOSRRJEzjJFWNozaX,2024-12-12 - Parametres-stripe-wp-marmite-pay - Cover article.jpg,2024-12-12 - Parametres-stripe-wp-marmite-pay - Cover article.jpg,image/jpeg,112809,2026-02-11T09:55:37.939Z,2024-12-12T08:53:04.660Z,0,,False,image,michaelkihlpro@gmail.com
1JI5uzt4d4007_TkBuZ8A5Gy0ow4ivYAc,2024-12-12 - Configuration-emails-wordpress-wp-marmite-pay - Cover article.jpg,2024-12-12 - Configuration-emails-wordpress-wp-marmite-pay - Cover article.jpg,image/jpeg,218712,2026-02-11T09:55:37.173Z,2024-12-12T08:38:21.302Z,0,,False,image,michaelkihlpro@gmail.com
1JHXBPwTYT6N2y6FFBqg7Nsi_y3dk5KMp,2024-12-12 - Reglages-wpmarmite-pay-stripe-api-webhook - Cover article.jpg,2024-12-12 - Reglages-wpmarmite-pay-stripe-api-webhook - Cover article.jpg,image/jpeg,119903,2026-02-11T09:55:36.691Z,2024-12-12T08:33:15.173Z,0,,False,image,michaelkihlpro@gmail.com
1J3Ys9T0ZJrRb3qFr9bSidV9VuJV4UKn1,2024-12-11 - Vendre-rapidement-wordpress-wpmarmite-pay - Cover article.jpg,2024-12-11 - Vendre-rapidement-wordpress-wpmarmite-pay - Cover article.jpg,image/jpeg,133831,2026-02-11T09:55:36.134Z,2024-12-11T11:23:11.717Z,0,,False,image,michaelkihlpro@gmail.com
1EdKCrsfpcZCl9avDj1PnO3i-E84siV-P,2024-12-05 - Creation-site-wordpress-sur-mesure-avantages - Cover article.jpg,2024-12-05 - Creation-site-wordpress-sur-mesure-avantages - Cover article.jpg,image/jpeg,288062,2026-02-11T09:55:35.485Z,2024-12-05T15:32:16.262Z,0,,False,image,michaelkihlpro@gmail.com
1C-v7tNaI6H4-wPxzVdv-C0ASR2GqkcIQ,2024-11-26 - Gestion-themes-wordpress - Cover article.jpg,2024-11-26 - Gestion-themes-wordpress - Cover article.jpg,image/jpeg,139401,2026-02-11T09:55:34.965Z,2024-11-26T10:29:14.206Z,0,,False,image,michaelkihlpro@gmail.com
1BzOLm0qpIU6B3ed7FLHSW0ZoAuqld3y9,2024-11-26 - Theme-frost-wordpress-page-accueil - Cover article.jpg,2024-11-26 - Theme-frost-wordpress-page-accueil - Cover article.jpg,image/jpeg,107556,2026-02-11T09:55:34.307Z,2024-11-26T10:29:00.975Z,0,,False,image,michaelkihlpro@gmail.com
1ByVtowHLq-aAzb_CY8YmUyyYJjJ6enH-,2024-11-26 - Gestion-plugins-wordpress - Cover article.jpg,2024-11-26 - Gestion-plugins-wordpress - Cover article.jpg,image/jpeg,209947,2026-02-11T09:55:33.606Z,2024-11-26T10:28:49.698Z,0,,False,image,michaelkihlpro@gmail.com
1BnUfQ7EdFwL5Vh--p4Y_lnmtc9-Tmrj2,2024-11-26 - Page-accueil-wordpress-playground - Cover article.jpg,2024-11-26 - Page-accueil-wordpress-playground - Cover article.jpg,image/jpeg,152936,2026-02-11T09:55:33.050Z,2024-11-26T10:01:24.146Z,0,,False,image,michaelkihlpro@gmail.com
1AQrswbA5c_Tfc8rATdf6BQWGxNEF17TO,2024-11-25 - Tableau-de-bord-wordpress-plugin-surecart - Cover article.jpg,2024-11-25 - Tableau-de-bord-wordpress-plugin-surecart - Cover article.jpg,image/jpeg,233543,2026-02-11T09:55:32.457Z,2024-11-25T18:35:42.723Z,0,,False,image,michaelkihlpro@gmail.com
1BaeaiZC6k3yEFwygaB6LzHmZYJ9WU4QS,2024-11-26 - Preparation-initialisation-wordpress - Cover article.jpg,2024-11-26 - Preparation-initialisation-wordpress - Cover article.jpg,image/jpeg,36088,2026-02-11T09:55:31.883Z,2024-11-26T09:17:30.809Z,0,,False,image,michaelkihlpro@gmail.com
1Bi47_AT2MErus-wLrDgMYsd5HYfyj13e,2024-11-26 - Activation-plugin-surecart-wordpress - Cover article.jpg,2024-11-26 - Activation-plugin-surecart-wordpress - Cover article.jpg,image/jpeg,35366,2026-02-11T09:55:31.367Z,2024-11-26T09:18:52.940Z,0,,False,image,michaelkihlpro@gmail.com
1Biquepi2d8CXXy_1M7M_gU9Sxp2Avt--,2024-11-26 - Installation-plugin-surecart-wordpress - Cover article.jpg,2024-11-26 - Installation-plugin-surecart-wordpress - Cover article.jpg,image/jpeg,37081,2026-02-11T09:55:30.822Z,2024-11-26T09:19:41.444Z,0,,False,image,michaelkihlpro@gmail.com
1AMbM6e5AB0YtrUWvoMBIeBhGl4LxvFNY,2024-11-25 - Configuration-wordpress-6-7-php-8-langue-francaise - Cover article.jpg,2024-11-25 - Configuration-wordpress-6-7-php-8-langue-francaise - Cover article.jpg,image/jpeg,102992,2026-02-11T09:55:30.293Z,2024-11-25T17:33:05.556Z,0,,False,image,michaelkihlpro@gmail.com
1ALX4X5NVSrtCDUcVP3emvW80uluW6irv,2024-11-25 - Page-accueil-wordpress-hello-world - Cover article.jpg,2024-11-25 - Page-accueil-wordpress-hello-world - Cover article.jpg,image/jpeg,78677,2026-02-11T09:55:29.762Z,2024-11-25T17:25:41.452Z,0,,False,image,michaelkihlpro@gmail.com
1A85sWHT6bV6R3g_e5K_VhqrVKsLcCXrW,2024-11-25 - Wordpress-playground-cest-quoi - Cover article.jpg,2024-11-25 - Wordpress-playground-cest-quoi - Cover article.jpg,image/jpeg,252053,2026-02-11T09:55:29.265Z,2024-11-25T16:08:33.331Z,0,,False,image,michaelkihlpro@gmail.com
19aVaW279czFN8xgIbrOU11YdltX4i3hj,2024-11-24 - Link-finder-comparateur-plateformes-netlinking - Cover article.jpg,2024-11-24 - Link-finder-comparateur-plateformes-netlinking - Cover article.jpg,image/jpeg,242333,2026-02-11T09:55:28.493Z,2024-11-24T17:14:32.727Z,0,,False,image,michaelkihlpro@gmail.com
19L3G9NCPtsm6I_9xWPP4YJJgcpXOCzSY,2024-11-21 - Link-finder-optimisation-netlinking-moindre-cout - Cover article.jpg,2024-11-21 - Link-finder-optimisation-netlinking-moindre-cout - Cover article.jpg,image/jpeg,250858,2026-02-11T09:55:27.800Z,2024-11-21T14:18:19.465Z,0,,False,image,michaelkihlpro@gmail.com
19CAdHXnHPsMGSu4oHye9YVMqbjAKmD2c,2024-11-21 - Slug-wordpress-importance-seo - Cover article.jpg,2024-11-21 - Slug-wordpress-importance-seo - Cover article.jpg,image/jpeg,27468,2026-02-11T09:55:27.029Z,2024-11-21T10:19:44.887Z,0,,False,image,michaelkihlpro@gmail.com
198a-tcdDblV2Ci10BiedhqNsRGBdGy10,2024-11-21 - Slug-wordpress-amelioration-seo - Cover article.jpg,2024-11-21 - Slug-wordpress-amelioration-seo - Cover article.jpg,image/jpeg,128168,2026-02-11T09:55:26.525Z,2024-11-21T10:04:19.922Z,0,,False,image,michaelkihlpro@gmail.com
18YOr4ZrrVUEo8Chp0b3jlN1dT9SE-vG-,2024-11-20 - Slug-wordpress-optimisation-seo - Cover article.jpg,2024-11-20 - Slug-wordpress-optimisation-seo - Cover article.jpg,image/jpeg,206164,2026-02-11T09:55:25.907Z,2024-11-20T17:18:33.066Z,0,,False,image,michaelkihlpro@gmail.com
11PmHXgge2eIE30XzFdme9Od7AYrI8ZCc,2024-11-06 - Configuration-avancee-site-wordpress-tastewp - Cover article.jpg,2024-11-06 - Configuration-avancee-site-wordpress-tastewp - Cover article.jpg,image/jpeg,290331,2026-02-11T09:55:25.352Z,2024-11-06T15:41:41.813Z,0,,False,image,michaelkihlpro@gmail.com
11P6MjT-CtTYytAbtGgpE5_QQuFg1Vob0,2024-11-06 - Confirmation-creation-site-wordpress-expiration-tastewp - Cover article.jpg,2024-11-06 - Confirmation-creation-site-wordpress-expiration-tastewp - Cover article.jpg,image/jpeg,242135,2026-02-11T09:55:24.834Z,2024-11-06T15:14:40.233Z,0,,False,image,michaelkihlpro@gmail.com
11FaVcUmCmhzKlxDFopYKOqX_qeYupfgg,2024-11-06 - Confirmation-creation-site-wordpress-tastewp - Cover article.jpg,2024-11-06 - Confirmation-creation-site-wordpress-tastewp - Cover article.jpg,image/jpeg,216924,2026-02-11T09:55:24.226Z,2024-11-06T15:07:01.337Z,0,,False,image,michaelkihlpro@gmail.com
11DldGx4fb07sVbWv6GgsqyPT-RXmcHqD,2024-11-06 - Creation-site-wordpress-en-ligne-tastewp - Cover article.jpg,2024-11-06 - Creation-site-wordpress-en-ligne-tastewp - Cover article.jpg,image/jpeg,223335,2026-02-11T09:55:23.636Z,2024-11-06T12:15:31.506Z,0,,False,image,michaelkihlpro@gmail.com
11MVO7Ekzdz1Geilvnkv-p7ZWH9UP8ABP,2024-11-06 - Tastewp-creation-facile-site-wordpress-en-ligne - Cover article.jpg,2024-11-06 - Tastewp-creation-facile-site-wordpress-en-ligne - Cover article.jpg,image/jpeg,260894,2026-02-11T09:55:22.991Z,2024-11-06T15:12:21.364Z,0,,False,image,michaelkihlpro@gmail.com
1npdBUFRq0Y7t4YVaCH0GeYD_Erihb2do,2024-08-17 - Creez-site-wordpress-instawp-schoolswp - Cover article.jpg,2024-08-17 - Creez-site-wordpress-instawp-schoolswp - Cover article.jpg,image/jpeg,104851,2026-02-11T09:55:22.327Z,2024-08-17T11:29:11.066Z,0,,False,image,michaelkihlpro@gmail.com
1XaEg2kTB0NbanRk0LJrEqWxDOdETlBkZ,2024-06-24 - Instawp-construction-site-wordpress-rapide - Cover article.jpg,2024-06-24 - Instawp-construction-site-wordpress-rapide - Cover article.jpg,image/jpeg,144917,2026-02-11T09:55:21.835Z,2024-06-24T11:46:23.054Z,0,,False,image,michaelkihlpro@gmail.com
1XUNG8hynch0bEN4HsA-WvEW2Rc0Edaeb,2024-06-24 - Instawp-creation-site-wordpress-rapide - Cover article.jpg,2024-06-24 - Instawp-creation-site-wordpress-rapide - Cover article.jpg,image/jpeg,137147,2026-02-11T09:55:21.164Z,2024-06-24T11:34:09.837Z,0,,False,image,michaelkihlpro@gmail.com
1XnOl2fv3GqWSwWP_vaorrrfAUVvtS7EK,2024-06-25 - Guide-structure-article-wordpress-seo - Cover article.jpg,2024-06-25 - Guide-structure-article-wordpress-seo - Cover article.jpg,image/jpeg,534227,2026-02-11T09:55:20.551Z,2024-06-25T12:35:06.870Z,0,,False,image,michaelkihlpro@gmail.com
1Xgn6V8neRIKPKldu1tu5LJ29Zfz9L065,2024-06-25 - Diagram 65b1ea4b8ed647b28be61a0e11c3c241 - Cover article.png,2024-06-25 - Diagram 65b1ea4b8ed647b28be61a0e11c3c241 - Cover article.png,image/png,86513,2026-02-11T09:55:20.048Z,2024-06-25T11:52:44.580Z,0,,False,image,michaelkihlpro@gmail.com
1wBZtJdqMraZ2H8rR0B9Y78QRZUCp7Orx,2024-09-30 - Comparatif-zipwp-vs-instawp-lancer-wordpress-rapidement - Cover article.jpg,2024-09-30 - Comparatif-zipwp-vs-instawp-lancer-wordpress-rapidement - Cover article.jpg,image/jpeg,276028,2026-02-11T09:55:19.511Z,2024-09-30T07:24:52.007Z,0,,False,image,michaelkihlpro@gmail.com
1wDvNjLy1JH8kOxCSd9VzOepZsO17SUCr,2024-10-02 - Restrict-content-pro-plugin-wordpress-gestion-contenu - Cover article.jpg,2024-10-02 - Restrict-content-pro-plugin-wordpress-gestion-contenu - Cover article.jpg,image/jpeg,169008,2026-02-11T09:55:19.017Z,2024-10-02T07:59:14.763Z,0,,False,image,michaelkihlpro@gmail.com
1vJQDvg6LuHqPwmbAR8xr74LN5jjX-7mD,2024-09-25 - Suremembers-vs-restrict-content-pro-comparatif-plugins-adhesion - Cover article.jpg,2024-09-25 - Suremembers-vs-restrict-content-pro-comparatif-plugins-adhesion - Cover article.jpg,image/jpeg,302386,2026-02-11T09:55:18.423Z,2024-09-25T15:47:19.083Z,0,,False,image,michaelkihlpro@gmail.com
1v14CdNhibLMV6wZ8IQbNw-4l07Tb9kRY,2024-09-22 - Wordpress-editeur-styles-personnalisation-typographie - Cover article.jpg,2024-09-22 - Wordpress-editeur-styles-personnalisation-typographie - Cover article.jpg,image/jpeg,138355,2026-02-11T09:55:17.853Z,2024-09-22T18:18:14.694Z,0,,False,image,michaelkihlpro@gmail.com
1v10rodUzBafwALlkeIN2iMhyGbtRuOMY,2024-09-22 - Wordpress-personnalisation-styles-schoolswp - Cover article.jpg,2024-09-22 - Wordpress-personnalisation-styles-schoolswp - Cover article.jpg,image/jpeg,126010,2026-02-11T09:55:17.269Z,2024-09-22T18:13:41.039Z,0,,False,image,michaelkihlpro@gmail.com
1uwSR1M8Cr5lqFAH-9E4nlpVlDvOSnSrD,2024-09-22 - Wordpress-modeles-mise-en-page-banniere-tarification-galerie - Cover article.jpg,2024-09-22 - Wordpress-modeles-mise-en-page-banniere-tarification-galerie - Cover article.jpg,image/jpeg,412275,2026-02-11T09:55:16.769Z,2024-09-22T18:06:48.534Z,0,,False,image,michaelkihlpro@gmail.com
1ull4u7Fdc39ckOayGaletS1Q9IMSqp4A,2024-09-22 - Wordpress-twenty-twenty-four-modeles-pages - Cover article.jpg,2024-09-22 - Wordpress-twenty-twenty-four-modeles-pages - Cover article.jpg,image/jpeg,285138,2026-02-11T09:55:16.253Z,2024-09-22T17:58:28.207Z,0,,False,image,michaelkihlpro@gmail.com
1uc7B9Zy7wDXpWccIoXXw6dEP6CmabChD,2024-09-22 - Wordpress-section-apparence-personnalisation - Cover article.jpg,2024-09-22 - Wordpress-section-apparence-personnalisation - Cover article.jpg,image/jpeg,92392,2026-02-11T09:55:15.620Z,2024-09-22T17:48:55.596Z,0,,False,image,michaelkihlpro@gmail.com
1rK2Mapq3u8emp2LVIxVFw3JEdfHylWMM,2024-09-16 - Full-site-editing-fse-maitrise-web-wordpress - Cover article.jpg,2024-09-16 - Full-site-editing-fse-maitrise-web-wordpress - Cover article.jpg,image/jpeg,284077,2026-02-11T09:55:15.102Z,2024-09-16T15:11:34.218Z,0,,False,image,michaelkihlpro@gmail.com
1q4u3gOMD9Ww5Vhbhrg2JDtO_JIcXwNo5,2024-08-31 - Tableau-de-bord-seokey-score-outils-seo - Cover article.jpg,2024-08-31 - Tableau-de-bord-seokey-score-outils-seo - Cover article.jpg,image/jpeg,174270,2026-02-11T09:55:14.456Z,2024-08-31T17:54:38.410Z,0,,False,image,michaelkihlpro@gmail.com
1q4FyhlgVmVUpQdwTmbdTPDZq8qg31tNi,2024-08-31 - Audit-seo-hello-world-seokey-wordpress - Cover article.jpg,2024-08-31 - Audit-seo-hello-world-seokey-wordpress - Cover article.jpg,image/jpeg,248179,2026-02-11T09:55:13.901Z,2024-08-31T17:45:51.117Z,0,,False,image,michaelkihlpro@gmail.com
1q2h-4twtXS5QmC0Yi_xgbdiT1b1lvvdf,2024-08-31 - Gestion-redirections-seokey-wordpress - Cover article.jpg,2024-08-31 - Gestion-redirections-seokey-wordpress - Cover article.jpg,image/jpeg,365730,2026-02-11T09:55:13.397Z,2024-08-31T17:31:18.874Z,0,,False,image,michaelkihlpro@gmail.com
1pxgbcPMsqgX_u1v9zINoUsDSKk0wR1kl,2024-08-31 - Gestion-textes-alternatifs-seokey-mediatheque-wordpress - Cover article.jpg,2024-08-31 - Gestion-textes-alternatifs-seokey-mediatheque-wordpress - Cover article.jpg,image/jpeg,365615,2026-02-11T09:55:12.568Z,2024-08-31T17:22:54.017Z,0,,False,image,michaelkihlpro@gmail.com
1pxEWeULy7AGa0HvdErNpDnFCQTW5nbBI,2024-08-31 - Rapport-audit-seo-seokey-problemes-identifies - Cover article.jpg,2024-08-31 - Rapport-audit-seo-seokey-problemes-identifies - Cover article.jpg,image/jpeg,300395,2026-02-11T09:55:12.063Z,2024-08-31T17:07:45.247Z,0,,False,image,michaelkihlpro@gmail.com
1pvn-DCFS3lmKUpEcq7CTbpCQp8KovXa5,2024-08-31 - Optimisations-seo-automatiques-seokey-wordpress - Cover article.jpg,2024-08-31 - Optimisations-seo-automatiques-seokey-wordpress - Cover article.jpg,image/jpeg,520561,2026-02-11T09:55:11.514Z,2024-08-31T11:51:09.654Z,0,,False,image,michaelkihlpro@gmail.com
1pqka_xDQzutCucbj-9XOvcf-lcp0iBIn,2024-08-29 - Boost-seo-seokey-wordpress-plugin - Cover article.jpg,2024-08-29 - Boost-seo-seokey-wordpress-plugin - Cover article.jpg,image/jpeg,202759,2026-02-11T09:55:10.873Z,2024-08-29T10:00:42.916Z,0,,False,image,michaelkihlpro@gmail.com
1mGwKwBY1sbdHFBckAW6_Afrg-v578F0V,2024-08-13 - Wpboutik-plugin-ecommerce-wordpress-simple - Cover article.jpg,2024-08-13 - Wpboutik-plugin-ecommerce-wordpress-simple - Cover article.jpg,image/jpeg,181437,2026-02-11T09:55:10.229Z,2024-08-13T13:32:24.212Z,0,,False,image,michaelkihlpro@gmail.com
1m4QZxT_8-XmmNdc9zQiaKC58lNHpb4Xz,2024-08-08 - Creation-post-custom-post-types-fluent-forms - Cover article.jpg,2024-08-08 - Creation-post-custom-post-types-fluent-forms - Cover article.jpg,image/jpeg,153811,2026-02-11T09:55:09.673Z,2024-08-08T19:18:30.690Z,0,,False,image,michaelkihlpro@gmail.com
1m228UEPsXa5sUnQh_9P1Q_OSLJpQmU9o,2024-08-08 - Integration-google-sheets-fluent-forms - Cover article.jpg,2024-08-08 - Integration-google-sheets-fluent-forms - Cover article.jpg,image/jpeg,138083,2026-02-11T09:55:08.965Z,2024-08-08T19:08:25.381Z,0,,False,image,michaelkihlpro@gmail.com
1m1rEpG67brDVcj5PUUGGR715gAKg3naq,2024-08-08 - Notifications-temps-reel-slack-nouvelles-soumissions - Cover article.jpg,2024-08-08 - Notifications-temps-reel-slack-nouvelles-soumissions - Cover article.jpg,image/jpeg,115864,2026-02-11T09:55:08.513Z,2024-08-08T18:59:56.289Z,0,,False,image,michaelkihlpro@gmail.com
1m0Wm_5nplNjF0DURkDqymWL5m7WBgIOW,2024-08-08 - Connexion-fluentcrm-wp-fluent-forms - Cover article.jpg,2024-08-08 - Connexion-fluentcrm-wp-fluent-forms - Cover article.jpg,image/jpeg,137908,2026-02-11T09:55:07.868Z,2024-08-08T18:46:11.363Z,0,,False,image,michaelkihlpro@gmail.com
1lxSpK9nH2jaAdYyB15wyA9U17Mrv8zd9,2024-08-07 - Gestion-modules-fluent-forms - Cover article.jpg,2024-08-07 - Gestion-modules-fluent-forms - Cover article.jpg,image/jpeg,1294844,2026-02-11T09:55:07.381Z,2024-08-07T20:01:12.526Z,0,,False,image,michaelkihlpro@gmail.com
1lu7BPSotixUfUt2OnXbbbGOVWcSEx5Ut,2024-08-07 - Suivi-entrees-fluent-forms - Cover article.jpg,2024-08-07 - Suivi-entrees-fluent-forms - Cover article.jpg,image/jpeg,99478,2026-02-11T09:55:06.513Z,2024-08-07T19:51:46.200Z,0,,False,image,michaelkihlpro@gmail.com
1lqwG5WX44m9RQlEsqHkTJgXFcZHnsR5K,2024-08-07 - Reglages-google-recaptcha-fluent-forms - Cover article.jpg,2024-08-07 - Reglages-google-recaptcha-fluent-forms - Cover article.jpg,image/jpeg,169581,2026-02-11T09:55:06.008Z,2024-08-07T19:37:36.559Z,0,,False,image,michaelkihlpro@gmail.com
1lqZKo7u3HkTQd8T3pYkC92GRLi-nraHW,2024-08-07 - Fluent-forms-editeur-champs-formulaires - Cover article.jpg,2024-08-07 - Fluent-forms-editeur-champs-formulaires - Cover article.jpg,image/jpeg,383383,2026-02-11T09:55:05.469Z,2024-08-07T19:25:57.550Z,0,,False,image,michaelkihlpro@gmail.com
1lqI4f73-uqR55zBIHcF5-EVEt72Wh0mn,2024-08-07 - Fluent-forms-plugin-wordpress-formulaires - Cover article.jpg,2024-08-07 - Fluent-forms-plugin-wordpress-formulaires - Cover article.jpg,image/jpeg,269377,2026-02-11T09:55:04.971Z,2024-08-07T19:16:01.714Z,0,,False,image,michaelkihlpro@gmail.com
1li4_qfoi2GZev_Oyebj--KBuKST-CIuz,2024-08-07 - Interface-edition-formulaires-fluent-forms - Cover article.jpg,2024-08-07 - Interface-edition-formulaires-fluent-forms - Cover article.jpg,image/jpeg,161562,2026-02-11T09:55:04.419Z,2024-08-07T18:23:48.118Z,0,,False,image,michaelkihlpro@gmail.com
1lh0aUdWUBsCRUaiw-EZNX6MltnswayXR,2024-08-07 - Interface-selection-modeles-formulaires-fluent-forms - Cover article.jpg,2024-08-07 - Interface-selection-modeles-formulaires-fluent-forms - Cover article.jpg,image/jpeg,106769,2026-02-11T09:55:03.821Z,2024-08-07T18:14:09.616Z,0,,False,image,michaelkihlpro@gmail.com
1laWjX6xe88Mj-crtb9n4eE2QPPx12cYI,2024-08-07 - Interface-creation-formulaires-fluent-forms - Cover article.jpg,2024-08-07 - Interface-creation-formulaires-fluent-forms - Cover article.jpg,image/jpeg,94157,2026-02-11T09:55:03.185Z,2024-08-07T17:58:44.834Z,0,,False,image,michaelkihlpro@gmail.com
1lERc51FgzuFIYfYQ_jCMCWhxSHzwK-KI,2024-08-03 - Interface-delegation-commandes-linkuma - Cover article.jpg,2024-08-03 - Interface-delegation-commandes-linkuma - Cover article.jpg,image/jpeg,268038,2026-02-11T09:55:02.628Z,2024-08-03T17:04:17.598Z,0,,False,image,michaelkihlpro@gmail.com
1l8gU8aiIxTO0YPWJOAzTcAjNRDcx6NqX,2024-08-03 - Interface-utilisateur-commande-redaction-seo-linkuma - Cover article.jpg,2024-08-03 - Interface-utilisateur-commande-redaction-seo-linkuma - Cover article.jpg,image/jpeg,485751,2026-02-11T09:55:02.036Z,2024-08-03T15:48:15.686Z,0,,False,image,michaelkihlpro@gmail.com
1l4F0t4EjTW0YwVgUOZpvmvDew4D8gL7C,2024-08-03 - Interface-utilisateur-offres-seo-linkuma - Cover article.jpg,2024-08-03 - Interface-utilisateur-offres-seo-linkuma - Cover article.jpg,image/jpeg,320510,2026-02-11T09:55:01.274Z,2024-08-03T15:37:44.694Z,0,,False,image,michaelkihlpro@gmail.com
1k_V7DV1MQSjp62bAhmU_4MkLPU22Qc2h,2024-08-03 - Linkuma-plateforme-netlinking-accompagnement-personnalise - Cover article.jpg,2024-08-03 - Linkuma-plateforme-netlinking-accompagnement-personnalise - Cover article.jpg,image/jpeg,175578,2026-02-11T09:55:00.705Z,2024-08-03T14:22:33.298Z,0,,False,image,michaelkihlpro@gmail.com
1k65IokTaemclNikUSKgdc_PeNxA9pwI-,2024-08-03 - Selection-themes-wordpress-populaires - Cover article.jpg,2024-08-03 - Selection-themes-wordpress-populaires - Cover article.jpg,image/jpeg,294219,2026-02-11T09:55:00.170Z,2024-08-03T13:21:28.823Z,0,,False,image,michaelkihlpro@gmail.com
1k5TFimH6l0Fe4ppdApF0V8BTALqBoM1a,2024-08-03 - Personnalisation-wordpress-schoolswp-michael-kihl-buddyboss-child - Cover article.jpg,2024-08-03 - Personnalisation-wordpress-schoolswp-michael-kihl-buddyboss-child - Cover article.jpg,image/jpeg,107319,2026-02-11T09:54:59.532Z,2024-08-03T13:03:20.094Z,0,,False,image,michaelkihlpro@gmail.com
1k444mXYt7njbLlNHhff6pjCvPRBiuTka,2024-08-03 - Personnalisation-identite-site-wordpress-schoolswp-michael-kihl - Cover article.jpg,2024-08-03 - Personnalisation-identite-site-wordpress-schoolswp-michael-kihl - Cover article.jpg,image/jpeg,115047,2026-02-11T09:54:58.865Z,2024-08-03T13:02:09.234Z,0,,False,image,michaelkihlpro@gmail.com
1k315_HPLFL8YKnURh_f5d4tJYT1uRqus,2024-08-03 - Capture-tableau-de-bord-wordpress-buddyboss-child-theme - Cover article.jpg,2024-08-03 - Capture-tableau-de-bord-wordpress-buddyboss-child-theme - Cover article.jpg,image/jpeg,194830,2026-02-11T09:54:58.255Z,2024-08-03T12:35:43.335Z,0,,False,image,michaelkihlpro@gmail.com
1g5vcO2UPKQ69PbUJysNveeOEsiFc7ucU,2024-07-25 - Plans-tarification-wishlist-member - Cover article.jpg,2024-07-25 - Plans-tarification-wishlist-member - Cover article.jpg,image/jpeg,430361,2026-02-11T09:54:57.694Z,2024-07-25T19:39:42.137Z,0,,False,image,michaelkihlpro@gmail.com
1g1q7NixuGAldziZHNS4UhrsXMI3kP45t,2024-07-25 - Plans-tarification-suremembres - Cover article.jpg,2024-07-25 - Plans-tarification-suremembres - Cover article.jpg,image/jpeg,182326,2026-02-11T09:54:57.186Z,2024-07-25T19:30:16.883Z,0,,False,image,michaelkihlpro@gmail.com
1g0kCAPT5L7xctltWnQW2EvIB3MA8i1A2,2024-07-21 - Plugin-wordpress-suremembes-site-adhesion - Cover article.jpg,2024-07-21 - Plugin-wordpress-suremembes-site-adhesion - Cover article.jpg,image/jpeg,165386,2026-02-11T09:54:56.679Z,2024-07-21T13:21:13.595Z,0,,False,image,michaelkihlpro@gmail.com
1fyy2OLYIOuvRoSnC6_nrzw4R1spPlr9z,2024-07-21 - Suremembers-vs-wishlist-member - Cover article.jpg,2024-07-21 - Suremembers-vs-wishlist-member - Cover article.jpg,image/jpeg,191358,2026-02-11T09:54:56.178Z,2024-07-21T13:07:31.996Z,0,,False,image,michaelkihlpro@gmail.com
1cgumXhzFOA1yr-wdyxwXx2Zy3S111Kc_,2024-07-21 - Suremembers-vs-wishlist-members-comparaison - Cover article.jpg,2024-07-21 - Suremembers-vs-wishlist-members-comparaison - Cover article.jpg,image/jpeg,282156,2026-02-11T09:54:55.542Z,2024-07-21T11:26:37.000Z,0,,False,image,michaelkihlpro@gmail.com
1aeAc57fObf1OjLFA7lTonXUa8Xvm3nLn,2024-07-12 - Avis-funnelkit-meilleur-plugin-tunnels-vente-wordpress - Cover article.jpg,2024-07-12 - Avis-funnelkit-meilleur-plugin-tunnels-vente-wordpress - Cover article.jpg,image/jpeg,155146,2026-02-11T09:54:55.014Z,2024-07-12T13:51:49.201Z,0,,False,image,michaelkihlpro@gmail.com
1abJmIFDCpmKknfBJc3PjRpMuvLCjm0U4,2024-07-12 - Funnelkit-meilleur-plugin-tunnels-de-vente - Cover article.jpg,2024-07-12 - Funnelkit-meilleur-plugin-tunnels-de-vente - Cover article.jpg,image/jpeg,144105,2026-02-11T09:54:54.408Z,2024-07-12T13:51:49.170Z,0,,False,image,michaelkihlpro@gmail.com
1aTm-R4crMF6ch8gXjJtiFq9Pf_T01OvE,2024-07-11 - Comparaison-plans-tarifaires-funnelkit - Cover article.jpg,2024-07-11 - Comparaison-plans-tarifaires-funnelkit - Cover article.jpg,image/jpeg,886271,2026-02-11T09:54:53.915Z,2024-07-11T10:43:17.067Z,0,,False,image,michaelkihlpro@gmail.com
1aErJ7cXLLxnQL8ZS3v7O5ILjCL6pa6oV,2024-07-09 - Funnelkit-constructeur-tunnels-vente-wordpress - Cover article.jpg,2024-07-09 - Funnelkit-constructeur-tunnels-vente-wordpress - Cover article.jpg,image/jpeg,230164,2026-02-11T09:54:53.287Z,2024-07-09T17:42:59.905Z,0,,False,image,michaelkihlpro@gmail.com
1_sV4UmzTjhgK6_qZNbn0a8hhNg0luBC7,2024-07-09 - Funnelkit-avis-plugin-tunnels-de-vente-wordpress - Cover article.jpg,2024-07-09 - Funnelkit-avis-plugin-tunnels-de-vente-wordpress - Cover article.jpg,image/jpeg,257822,2026-02-11T09:54:52.686Z,2024-07-09T15:46:08.900Z,0,,False,image,michaelkihlpro@gmail.com
182xMDU7GNH7TMDryt3Tv1rYijJsOo5x9,2024-11-14 - SureMembers - Cover article.jpg,2024-11-14 - SureMembers - Cover article.jpg,image/jpeg,42790,2026-02-11T09:54:52.151Z,2024-11-14T08:59:57.981Z,0,,False,image,michaelkihlpro@gmail.com
1hesNJ-9-LDJvF2TWVur5jQnANIHagT13,2024-07-26 - Groupe-acces-suremembers-wordpress-debutants - Cover article.jpg,2024-07-26 - Groupe-acces-suremembers-wordpress-debutants - Cover article.jpg,image/jpeg,235609,2026-02-11T09:54:51.646Z,2024-07-26T21:44:15.990Z,0,,False,image,michaelkihlpro@gmail.com
1hRZ7_kRvpC1KgU6gURnJhRYyh-iDDPba,2024-07-26 - Interface-administration-suremembres-configuration-roles-acces - Cover article.jpg,2024-07-26 - Interface-administration-suremembres-configuration-roles-acces - Cover article.jpg,image/jpeg,117155,2026-02-11T09:54:51.070Z,2024-07-26T21:25:39.756Z,0,,False,image,michaelkihlpro@gmail.com
1hRN97EXSYzrbTp0C4ZDEN2gMRzHThvV0,2024-07-26 - Installation-extension-suremembers-1-10-3 - Cover article.jpg,2024-07-26 - Installation-extension-suremembers-1-10-3 - Cover article.jpg,image/jpeg,148040,2026-02-11T09:54:50.531Z,2024-07-26T21:14:19.516Z,0,,False,image,michaelkihlpro@gmail.com
1hMtqELUZFSISmfhz310yu0VPqYgfjBIp,2024-07-26 - Installation-extension-surememberson-wordpress - Cover article.jpg,2024-07-26 - Installation-extension-surememberson-wordpress - Cover article.jpg,image/jpeg,43507,2026-02-11T09:54:49.931Z,2024-07-26T21:03:50.818Z,0,,False,image,michaelkihlpro@gmail.com
1hIeQsrUdaCagS3cr7dL11a8k7N9pqOEs,2024-07-26 - Suremembers-section-telechargements - Cover article.jpg,2024-07-26 - Suremembers-section-telechargements - Cover article.jpg,image/jpeg,101650,2026-02-11T09:54:49.461Z,2024-07-26T20:55:48.282Z,0,,False,image,michaelkihlpro@gmail.com
1h0R4e9-VmuWghVgU30ONZqwctrA_bQEi,2024-07-26 - Suremembers-plugin-adhesion-wordpress - Cover article.jpg,2024-07-26 - Suremembers-plugin-adhesion-wordpress - Cover article.jpg,image/jpeg,271385,2026-02-11T09:54:48.964Z,2024-07-26T20:18:16.217Z,0,,False,image,michaelkihlpro@gmail.com
1_ZhSREOzqpnQEVhcUPE5e8njp7TfX7mI,2024-07-08 - Structurer-article-wordpress-lisibilite - Cover article.jpg,2024-07-08 - Structurer-article-wordpress-lisibilite - Cover article.jpg,image/jpeg,292594,2026-02-11T09:54:48.481Z,2024-07-08T16:46:47.055Z,0,,False,image,michaelkihlpro@gmail.com
1qbzbaUzwIeP6XEcNSIG8c5paaLzPVnXO,2024-06-15 - FluentBooking Tableau de bord - Cover article.jpg,2024-06-15 - FluentBooking Tableau de bord - Cover article.jpg,image/jpeg,142776,2026-02-11T09:54:47.951Z,2024-06-15T09:10:07.770Z,0,,False,image,michaelkihlpro@gmail.com
1YZquLdecdPpJPAeUBxD-TBrL2g7YflaT,2024-07-04 - Logo-copilhost - Cover article.png,2024-07-04 - Logo-copilhost - Cover article.png,image/png,42695,2026-02-11T09:54:47.437Z,2024-07-04T20:22:47.274Z,0,,False,image,michaelkihlpro@gmail.com
1YWlObUYtKXeJHVfy2lpjjjDYNZKprct1,2024-07-04 - Copilhost-centre-aide-support-gestion-sites-wordpress - Cover article.jpg,2024-07-04 - Copilhost-centre-aide-support-gestion-sites-wordpress - Cover article.jpg,image/jpeg,261302,2026-02-11T09:54:46.843Z,2024-07-04T17:07:54.424Z,0,,False,image,michaelkihlpro@gmail.com
1YMMS_Q7IFs0wvH-vJ2G86g1HN1ps-q93,2024-07-04 - Options-abonnement-services-cloud-copilhost - Cover article.jpg,2024-07-04 - Options-abonnement-services-cloud-copilhost - Cover article.jpg,image/jpeg,135556,2026-02-11T09:54:46.283Z,2024-07-04T16:57:47.863Z,0,,False,image,michaelkihlpro@gmail.com
1YLTbdMwP_8lqG2KiysNZL4uOWiNRsVg-,2024-07-04 - Interface-utilisateur-ajout-cloud-copilhost - Cover article.jpg,2024-07-04 - Interface-utilisateur-ajout-cloud-copilhost - Cover article.jpg,image/jpeg,107966,2026-02-11T09:54:45.590Z,2024-07-04T16:51:30.795Z,0,,False,image,michaelkihlpro@gmail.com
1YHrpBXHM9KBT0e_ZTjfG35qW6QbVLlsh,2024-07-04 - Interface-utilisateur-service-cloud-copilhost - Cover article.jpg,2024-07-04 - Interface-utilisateur-service-cloud-copilhost - Cover article.jpg,image/jpeg,99986,2026-02-11T09:54:45.073Z,2024-07-04T16:44:46.215Z,0,,False,image,michaelkihlpro@gmail.com
1YA5FvQpQcWPOiHc3SPs4Ie58XrAfeUYL,2024-07-04 - Formulaire-inscription-copilhost - Cover article.jpg,2024-07-04 - Formulaire-inscription-copilhost - Cover article.jpg,image/jpeg,99841,2026-02-11T09:54:44.432Z,2024-07-04T16:36:57.992Z,0,,False,image,michaelkihlpro@gmail.com
1Y92P0_f0M90vOovyBgQHVHsBFbcJPRCM,2024-07-04 - Offres-copilhost-hebergement-wordpress-plans-tarifaires-2024 - Cover article.jpg,2024-07-04 - Offres-copilhost-hebergement-wordpress-plans-tarifaires-2024 - Cover article.jpg,image/jpeg,369489,2026-02-11T09:54:43.876Z,2024-07-04T16:24:29.651Z,0,,False,image,michaelkihlpro@gmail.com
1Y67xsa_GDnJu72lbGOMZF9Ok6LASz7jg,2024-07-04 - Equipe-copilhost-experts-wordpress - Cover article.jpg,2024-07-04 - Equipe-copilhost-experts-wordpress - Cover article.jpg,image/jpeg,280587,2026-02-11T09:54:43.104Z,2024-07-04T16:00:56.897Z,0,,False,image,michaelkihlpro@gmail.com
1Y-zSzRCm8h2vRiyl4GB2ARYkRqhV3CBW,2024-07-04 - Hebergement-wordpress-rapide-securise-copilhost - Cover article.jpg,2024-07-04 - Hebergement-wordpress-rapide-securise-copilhost - Cover article.jpg,image/jpeg,113640,2026-02-11T09:54:42.629Z,2024-07-04T15:15:55.184Z,0,,False,image,michaelkihlpro@gmail.com
1XsvLnJhk1yTcOiLyewB0R0vriohXXFPX,2024-07-01 - Hebergement-wordpress-premium-copilhost - Cover article.jpg,2024-07-01 - Hebergement-wordpress-premium-copilhost - Cover article.jpg,image/jpeg,220992,2026-02-11T09:54:42.058Z,2024-07-01T08:55:21.139Z,0,,False,image,michaelkihlpro@gmail.com
1XpGa0F-_aglZZYibCRGVIBxjl94eUPZT,2024-07-01 - Copilhost-hebergement-wordpress-rapide-securise - Cover article.jpg,2024-07-01 - Copilhost-hebergement-wordpress-rapide-securise - Cover article.jpg,image/jpeg,245603,2026-02-11T09:54:41.506Z,2024-07-01T07:42:41.321Z,0,,False,image,michaelkihlpro@gmail.com
1YnkLZeF1HLKqAwmVDVcJxMhREmcPu-52,2024-07-05 - Nettoyer-base-donnees-wordpress-guide-complet-plugins - Cover article.jpg,2024-07-05 - Nettoyer-base-donnees-wordpress-guide-complet-plugins - Cover article.jpg,image/jpeg,164355,2026-02-11T09:54:40.799Z,2024-07-05T07:37:28.930Z,0,,False,image,michaelkihlpro@gmail.com
1Xp6LwTwRjYMZjeehqiwr3mXtt3-RRGfe,2024-06-28 - Nettoyer-base-de-donnees-wordpress-guide-plugins - Cover article.jpg,2024-06-28 - Nettoyer-base-de-donnees-wordpress-guide-plugins - Cover article.jpg,image/jpeg,279905,2026-02-11T09:54:40.326Z,2024-06-28T14:07:02.401Z,0,,False,image,michaelkihlpro@gmail.com
1XztP4SqgnQPaFnJCGiZ-GT42SZTB5NcR,2024-07-03 - Decouvrez-fluentboards-gestion-projet-wordpress - Cover article.jpg,2024-07-03 - Decouvrez-fluentboards-gestion-projet-wordpress - Cover article.jpg,image/jpeg,110439,2026-02-11T09:54:39.751Z,2024-07-03T11:55:05.712Z,0,,False,image,michaelkihlpro@gmail.com
1Xw1A9_X0iCBadgaC3xJTcikxPGbiI0aB,2024-07-03 - Fluentboards-plugin-gestion-de-projet-wordpress - Cover article.jpg,2024-07-03 - Fluentboards-plugin-gestion-de-projet-wordpress - Cover article.jpg,image/jpeg,125695,2026-02-11T09:54:39.290Z,2024-07-03T11:52:05.618Z,0,,False,image,michaelkihlpro@gmail.com
1XtL_8Bgpit8V-sY5Jsbv32MNyUH0NpxD,2024-07-03 - Gestion-projet-wordpress-fluentboards - Cover article.jpg,2024-07-03 - Gestion-projet-wordpress-fluentboards - Cover article.jpg,image/jpeg,144580,2026-02-11T09:54:38.709Z,2024-07-03T10:02:55.569Z,0,,False,image,michaelkihlpro@gmail.com
1Xt0XopIKnAtKzW_ErLWMeWTnNTsMCnXP,2024-07-03 - Fluentboards-plugin-gestion-projet-wp - Cover article.jpg,2024-07-03 - Fluentboards-plugin-gestion-projet-wp - Cover article.jpg,image/jpeg,161809,2026-02-11T09:54:38.126Z,2024-07-03T10:00:55.516Z,0,,False,image,michaelkihlpro@gmail.com
1XJctpGboIdKlDg1CEtdFix4jryr3Ntyo,2024-06-23 - Fluentboards-plugin-gestion-projet-wordpress - Cover article.jpg,2024-06-23 - Fluentboards-plugin-gestion-projet-wordpress - Cover article.jpg,image/jpeg,279523,2026-02-11T09:54:37.539Z,2024-06-23T12:25:43.525Z,0,,False,image,michaelkihlpro@gmail.com
1XAeQL6EF_WTAfgVQJgoxHIVsbI8NCmog,2024-06-23 - Fluentboards-gestion-projet-wordpress - Cover article.jpg,2024-06-23 - Fluentboards-gestion-projet-wordpress - Cover article.jpg,image/jpeg,188710,2026-02-11T09:54:36.717Z,2024-06-23T12:13:33.562Z,0,,False,image,michaelkihlpro@gmail.com
1X8MUrRgUbHgWwU9sYZEDBmsQmpq6uyaf,2024-06-18 - Fluentboards-outil-gestion-projet-collaboration-equipe - Cover article.jpg,2024-06-18 - Fluentboards-outil-gestion-projet-collaboration-equipe - Cover article.jpg,image/jpeg,178162,2026-02-11T09:54:36.041Z,2024-06-18T17:08:43.071Z,0,,False,image,michaelkihlpro@gmail.com
1uUAo9cg5YXpk6_tKGh6s4rcykUH1203l,2024-09-22 - Suretriggers-creer-premier-workflow-gmail - Cover article.jpg,2024-09-22 - Suretriggers-creer-premier-workflow-gmail - Cover article.jpg,image/jpeg,216947,2026-02-11T09:54:35.551Z,2024-09-22T16:18:16.000Z,0,,False,image,michaelkihlpro@gmail.com
1uRvNu6TDfTiQvUtNjRVh6dYquqiijOFJ,2024-09-22 - Suretriggers-connexion-gmail-workflows - Cover article.jpg,2024-09-22 - Suretriggers-connexion-gmail-workflows - Cover article.jpg,image/jpeg,145406,2026-02-11T09:54:34.969Z,2024-09-22T16:10:36.773Z,0,,False,image,michaelkihlpro@gmail.com
1uJ0w5a-SfEocy4F6OSLlL0HMCZk-jQRt,2024-09-22 - Suretriggers-nouvelle-connexion-applications - Cover article.jpg,2024-09-22 - Suretriggers-nouvelle-connexion-applications - Cover article.jpg,image/jpeg,183437,2026-02-11T09:54:34.427Z,2024-09-22T15:47:39.000Z,0,,False,image,michaelkihlpro@gmail.com
1uF2fw2d0ooFIiIjKXLxkHi-s_jXV3iar,2024-09-22 - Suretriggers-connexions-integrations-applications - Cover article.jpg,2024-09-22 - Suretriggers-connexions-integrations-applications - Cover article.jpg,image/jpeg,242336,2026-02-11T09:54:33.939Z,2024-09-22T15:45:15.608Z,0,,False,image,michaelkihlpro@gmail.com
1tqGYULgMyg4py672C9zWL6aHC6PIE_PW,2024-09-22 - Suretriggers-assistant-configuration-automatisation - Cover article.jpg,2024-09-22 - Suretriggers-assistant-configuration-automatisation - Cover article.jpg,image/jpeg,335919,2026-02-11T09:54:33.439Z,2024-09-22T15:08:05.932Z,0,,False,image,michaelkihlpro@gmail.com
1tuyE9c3QY3j23kAvGlNZ9HL_yjMKaRbM,2024-09-22 - Ajouter-extensions-wordpress-suretriggers-surecart - Cover article.jpg,2024-09-22 - Ajouter-extensions-wordpress-suretriggers-surecart - Cover article.jpg,image/jpeg,279216,2026-02-11T09:54:32.885Z,2024-09-22T15:08:38.585Z,0,,False,image,michaelkihlpro@gmail.com
14jfT-eCe635P-0Hdskz5QO-RJmZIxQxQ,2025-07-08 - Fluent-support-plugin-wordpress-support-client - Cover article.jpg,2025-07-08 - Fluent-support-plugin-wordpress-support-client - Cover article.jpg,image/jpeg,272342,2026-02-11T09:54:32.412Z,2025-07-08T07:54:02.378Z,0,,False,image,michaelkihlpro@gmail.com
185OBCv7aq7S2r3Jr1Pmfo04rzGfJVxYF,2024-11-14 - Surecart-plugin-ecommerce-wordpress - Cover article.jpg,2024-11-14 - Surecart-plugin-ecommerce-wordpress - Cover article.jpg,image/jpeg,183837,2026-02-11T09:54:31.673Z,2024-11-14T16:40:06.806Z,0,,False,image,michaelkihlpro@gmail.com
1cBmiEaYv3yQ_CUrI05-m3nfxJgogloe6,2024-07-21 - Wishlist-member-plugin-wordpress-gestion-membres - Cover article.jpg,2024-07-21 - Wishlist-member-plugin-wordpress-gestion-membres - Cover article.jpg,image/jpeg,242862,2026-02-11T09:54:31.124Z,2024-07-21T07:30:10.452Z,0,,False,image,michaelkihlpro@gmail.com
16T-K2Ps3vCJNWsWUrSiUHnG8w0JNcwYJ,2026-01-23 - Comparatif-addons-elementor-plugin-wordpress-extensions - Cover article.jpg,2026-01-23 - Comparatif-addons-elementor-plugin-wordpress-extensions - Cover article.jpg,image/jpeg,296051,2026-02-11T09:54:30.535Z,2026-01-23T10:33:33.846Z,0,,False,image,michaelkihlpro@gmail.com
1HsUahOXhyyHOftW4RTB--HEZGWRYGG_b,2025-07-20 - Spotlightwp-avis-test-plugin-instagram-wordpress - Cover article.jpg,2025-07-20 - Spotlightwp-avis-test-plugin-instagram-wordpress - Cover article.jpg,image/jpeg,257832,2026-02-11T09:54:29.910Z,2025-07-20T14:49:39.810Z,0,,False,image,michaelkihlpro@gmail.com
1OsKONIpAI-H8RFX3HMEYdApihriHEkXu,2025-07-19 - Spotlightwp-testimonial-instagram-plugin-review - Cover article.jpg,2025-07-19 - Spotlightwp-testimonial-instagram-plugin-review - Cover article.jpg,image/jpeg,85685,2026-02-11T09:54:29.395Z,2025-07-19T08:53:40.598Z,0,,False,image,michaelkihlpro@gmail.com
1XNsgD4d3KhNhlqAgbUwbmlAS6P9LW5zf,2025-07-19 - Spotlightwp-elementor-widgets-instagram-wordpress - Cover article.jpg,2025-07-19 - Spotlightwp-elementor-widgets-instagram-wordpress - Cover article.jpg,image/jpeg,22575,2026-02-11T09:54:28.801Z,2025-07-19T08:16:27.326Z,0,,False,image,michaelkihlpro@gmail.com
1pZEF9Nm8cQ0-3i5_YI46dbgQ4lZkXW8j,2025-07-19 - Plugin-spotlightwp-page-accueil-instagram-wordpress - Cover article.jpg,2025-07-19 - Plugin-spotlightwp-page-accueil-instagram-wordpress - Cover article.jpg,image/jpeg,121329,2026-02-11T09:54:28.168Z,2025-07-19T07:52:06.683Z,0,,False,image,michaelkihlpro@gmail.com
1iBcClfjDPpqmBH0yiywo-z3laThlXyjU,2025-02-18 - Tutor-lms-avis-wordpress - Cover article.jpg,2025-02-18 - Tutor-lms-avis-wordpress - Cover article.jpg,image/jpeg,111385,2026-02-11T09:54:27.651Z,2025-02-18T20:47:23.154Z,0,,False,image,michaelkihlpro@gmail.com
1hgu31VR4TdJa6FJj9HWBQUwqpp3tf7JX,2025-02-17 - Tutor-lms-addons-extensions-elearning - Cover article.jpg,2025-02-17 - Tutor-lms-addons-extensions-elearning - Cover article.jpg,image/jpeg,560372,2026-02-11T09:54:27.109Z,2025-02-17T17:58:02.416Z,0,,False,image,michaelkihlpro@gmail.com
1hfuzrjpfQDb5RitT1CGfCWj_rrxjgUz-,2025-02-17 - Tutor-lms-tableau-bord-nouvelles-fonctionnalites - Cover article.jpg,2025-02-17 - Tutor-lms-tableau-bord-nouvelles-fonctionnalites - Cover article.jpg,image/jpeg,599619,2026-02-11T09:54:26.433Z,2025-02-17T17:40:20.744Z,0,,False,image,michaelkihlpro@gmail.com
1hJo_PWnMg45IlrTUua27Vwfv0ESvF7fM,2025-02-17 - Tutor-lms-solution-elearning-wordpress - Cover article.jpg,2025-02-17 - Tutor-lms-solution-elearning-wordpress - Cover article.jpg,image/jpeg,125577,2026-02-11T09:54:25.916Z,2025-02-17T14:09:22.193Z,0,,False,image,michaelkihlpro@gmail.com
1guPxrVKZsH8AaH1c-DqeSMQX-ZFzqL04,2025-02-17 - Tutor-lms-logo-plateforme-e-learning-wordpress - Cover article.jpg,2025-02-17 - Tutor-lms-logo-plateforme-e-learning-wordpress - Cover article.jpg,image/jpeg,57495,2026-02-11T09:54:25.286Z,2025-02-17T13:49:26.950Z,0,,False,image,michaelkihlpro@gmail.com
1ha7CjRrYYS7uH07YosQUuua_U4qm_vra,2025-02-17 - Tutor-lms-configuration-devise-affichage-prix - Cover article.jpg,2025-02-17 - Tutor-lms-configuration-devise-affichage-prix - Cover article.jpg,image/jpeg,77067,2026-02-11T09:54:24.689Z,2025-02-17T17:38:15.353Z,0,,False,image,michaelkihlpro@gmail.com
1hUY581NWnBq1bcuOK4ZWt7dcPMc2m3h7,2025-02-17 - Tutor-lms-parametres-revenus-paiements - Cover article.jpg,2025-02-17 - Tutor-lms-parametres-revenus-paiements - Cover article.jpg,image/jpeg,104916,2026-02-11T09:54:24.101Z,2025-02-17T17:37:00.233Z,0,,False,image,michaelkihlpro@gmail.com
1hO8FqClWWZUrUKCA99Uje2Iqlw_RQCb2,2025-02-17 - Tutor-lms-parametres-cours-affichage - Cover article.jpg,2025-02-17 - Tutor-lms-parametres-cours-affichage - Cover article.jpg,image/jpeg,90388,2026-02-11T09:54:23.524Z,2025-02-17T17:34:37.513Z,0,,False,image,michaelkihlpro@gmail.com
1hO4eGLYE7f3ALNgjxF4sjxxTR_klDzEb,2025-02-17 - Tutor-lms-choix-configuration-elearning - Cover article.jpg,2025-02-17 - Tutor-lms-choix-configuration-elearning - Cover article.jpg,image/jpeg,101138,2026-02-11T09:54:23.015Z,2025-02-17T17:33:08.403Z,0,,False,image,michaelkihlpro@gmail.com
1hLgaSv0SYppt9Tw-eYBLDUcQxbH68RdU,2025-02-17 - Tutor-lms-ecran-bienvenue-configuration - Cover article.jpg,2025-02-17 - Tutor-lms-ecran-bienvenue-configuration - Cover article.jpg,image/jpeg,89705,2026-02-11T09:54:22.486Z,2025-02-17T17:31:57.583Z,0,,False,image,michaelkihlpro@gmail.com
1vfwvAGoDiFRqyljJwLoVTtIzyyqfEAJj,2025-04-04 - Theme-wordpress-kava-style-epure-crocoblock - Cover article.jpg,2025-04-04 - Theme-wordpress-kava-style-epure-crocoblock - Cover article.jpg,image/jpeg,142362,2026-02-11T09:54:21.960Z,2025-04-04T08:09:09.978Z,0,,False,image,michaelkihlpro@gmail.com
1vfalJC174hNFx0DWu2hH_uKkIN9cm2l6,2025-04-04 - Plugin-rendez-vous-wordpress-jetappointment-calendrier - Cover article.jpg,2025-04-04 - Plugin-rendez-vous-wordpress-jetappointment-calendrier - Cover article.jpg,image/jpeg,175618,2026-02-11T09:54:21.420Z,2025-04-04T07:57:46.140Z,0,,False,image,michaelkihlpro@gmail.com
1vdlsQehqdZHI_KLZ_vpe382SMxV0tZ7m,2025-04-04 - Plugin-reservation-wordpress-jetbooking-calendrier - Cover article.jpg,2025-04-04 - Plugin-reservation-wordpress-jetbooking-calendrier - Cover article.jpg,image/jpeg,200078,2026-02-11T09:54:20.932Z,2025-04-04T07:51:33.610Z,0,,False,image,michaelkihlpro@gmail.com
1vdQYERRO32EcNunkgp6FQTGkXV22MHBI,2025-04-04 - Plugin-wordpress-jetsmartfilters-interface-filtrage - Cover article.jpg,2025-04-04 - Plugin-wordpress-jetsmartfilters-interface-filtrage - Cover article.jpg,image/jpeg,199997,2026-02-11T09:54:20.280Z,2025-04-04T07:29:43.923Z,0,,False,image,michaelkihlpro@gmail.com
1vZuhQQ21nCYT9uPZbMmPLmkatgs0E8CS,2025-04-03 - Plugin-jetwoobuilder-woocommerce-pages-produits - Cover article.jpg,2025-04-03 - Plugin-jetwoobuilder-woocommerce-pages-produits - Cover article.jpg,image/jpeg,198551,2026-02-11T09:54:19.755Z,2025-04-03T18:00:00.822Z,0,,False,image,michaelkihlpro@gmail.com
1vKsaOxVQuJtzybxnws2KnAEwhoeH8Hdf,2025-04-03 - Plugin-jetengine-wordpress-contenu-dynamique - Cover article.jpg,2025-04-03 - Plugin-jetengine-wordpress-contenu-dynamique - Cover article.jpg,image/jpeg,183167,2026-02-11T09:54:19.264Z,2025-04-03T16:51:10.062Z,0,,False,image,michaelkihlpro@gmail.com
1rVEpux2mSW4n2sYwDNclC9DUrcU0lEoB,2025-03-17 - Crocoblock-jetplugins-wordpress-elementor - Cover article.jpg,2025-03-17 - Crocoblock-jetplugins-wordpress-elementor - Cover article.jpg,image/jpeg,179362,2026-02-11T09:54:18.641Z,2025-03-17T16:11:25.033Z,0,,False,image,michaelkihlpro@gmail.com
1r50sHNqa1dinNbUxNniH0Qv3zw8uolyV,2025-03-17 - Crocoblock-boost-wordpress-elementor - Cover article.jpg,2025-03-17 - Crocoblock-boost-wordpress-elementor - Cover article.jpg,image/jpeg,280018,2026-02-11T09:54:18.050Z,2025-03-17T15:45:11.241Z,0,,False,image,michaelkihlpro@gmail.com
1oGy68RHgPUMA84XwnskuTctkbOSoNBh8,2025-03-09 - Tarifs-lifetime-plugin-reservation-amelia - Cover article.jpg,2025-03-09 - Tarifs-lifetime-plugin-reservation-amelia - Cover article.jpg,image/jpeg,420320,2026-02-11T09:54:17.519Z,2025-03-09T16:37:52.601Z,0,,False,image,michaelkihlpro@gmail.com
1oE7rHm_ykQAAEfMuln351zweO4p-9T5n,2025-03-09 - Tarifs-plugin-reservation-wordpress-amelia - Cover article.jpg,2025-03-09 - Tarifs-plugin-reservation-wordpress-amelia - Cover article.jpg,image/jpeg,421953,2026-02-11T09:54:16.604Z,2025-03-09T16:36:04.842Z,0,,False,image,michaelkihlpro@gmail.com
1o57DqvkdrF-wxNMnwTk1cMy7rP48fKs0,2025-03-09 - Plugin-reservation-wordpress-amelia - Cover article.jpg,2025-03-09 - Plugin-reservation-wordpress-amelia - Cover article.jpg,image/jpeg,167419,2026-02-11T09:54:15.973Z,2025-03-09T16:20:42.252Z,0,,False,image,michaelkihlpro@gmail.com
1ZRfUpWxtVzvaHRy1X9I8iMWWo5pi07Y7,2026-01-22 - Rank-math-pro-plugin-wordpress-seo - Cover article.jpg,2026-01-22 - Rank-math-pro-plugin-wordpress-seo - Cover article.jpg,image/jpeg,220047,2026-02-11T09:54:15.402Z,2026-01-22T14:28:44.474Z,0,,False,image,michaelkihlpro@gmail.com
121RvLXz44OEdWxyulrtBrSAv80u4zX_X,2025-05-10 - Wp-rocket-dark - Cover article.svg,2025-05-10 - Wp-rocket-dark - Cover article.svg,image/svg+xml,11205,2026-02-11T09:54:14.729Z,2025-05-10T07:35:47.124Z,0,,False,image,michaelkihlpro@gmail.com
11hVChqPq8OKlsIRHCXjMoNO3CdmHbrt3,2025-05-10 - Wp-rocket-plugin-cache-wordpress-performance - Cover article.jpg,2025-05-10 - Wp-rocket-plugin-cache-wordpress-performance - Cover article.jpg,image/jpeg,266979,2026-02-11T09:54:14.172Z,2025-05-10T06:57:22.915Z,0,,False,image,michaelkihlpro@gmail.com
11ZIXBz33i1JrFAS6VXf6mXQJRiW5AtK9,2025-05-09 - Kadencewp-options-gratuit-a-la-carte-lifetime - Cover article.jpg,2025-05-09 - Kadencewp-options-gratuit-a-la-carte-lifetime - Cover article.jpg,image/jpeg,148717,2026-02-11T09:54:13.472Z,2025-05-09T12:55:59.501Z,0,,False,image,michaelkihlpro@gmail.com
11YV9ybOV9sFPM8psocTkjTXUktnrb03g,2025-05-09 - Kadencewp-bundles-comparatif-express-plus-ultimate - Cover article.jpg,2025-05-09 - Kadencewp-bundles-comparatif-express-plus-ultimate - Cover article.jpg,image/jpeg,748046,2026-02-11T09:54:12.893Z,2025-05-09T11:54:11.408Z,0,,False,image,michaelkihlpro@gmail.com
1lYaudc9L5Qts7hc94sSc5ZElw0i3yem-,2025-03-04 - Kadence-wp-avis-test - Cover article.jpg,2025-03-04 - Kadence-wp-avis-test - Cover article.jpg,image/jpeg,203388,2026-02-11T09:54:12.214Z,2025-03-04T17:21:50.769Z,0,,False,image,michaelkihlpro@gmail.com
1iEjCinJ6T1K4WtJKA0jJIPKFNijj0L0M,2024-07-31 - Interface-segmentation-dynamique-fluentcrm - Cover article.jpg,2024-07-31 - Interface-segmentation-dynamique-fluentcrm - Cover article.jpg,image/jpeg,136769,2026-02-11T09:54:11.676Z,2024-07-31T18:19:24.598Z,0,,False,image,michaelkihlpro@gmail.com
1iC_ZS5s9vKi4jntJ_wRUBU_p-u_8WQWH,2024-07-31 - Fluentcrm-interface-creation-automatisation - Cover article.jpg,2024-07-31 - Fluentcrm-interface-creation-automatisation - Cover article.jpg,image/jpeg,196759,2026-02-11T09:54:11.008Z,2024-07-31T18:11:03.555Z,0,,False,image,michaelkihlpro@gmail.com
1iCHpP8Cowml1d34IoSyOBC0Kn_zKXIU1,2024-07-31 - Remarques-activites-contact-fluentcrm - Cover article.jpg,2024-07-31 - Remarques-activites-contact-fluentcrm - Cover article.jpg,image/jpeg,45399,2026-02-11T09:54:10.431Z,2024-07-31T17:51:54.076Z,0,,False,image,michaelkihlpro@gmail.com
1i7Aj2tda3qtAQLHaQTdxbRoRQZw75hkx,2024-07-31 - Tableau-bord-fluentcrm-gestion-emails-automatisations - Cover article.jpg,2024-07-31 - Tableau-bord-fluentcrm-gestion-emails-automatisations - Cover article.jpg,image/jpeg,787437,2026-02-11T09:54:09.449Z,2024-07-31T17:39:30.659Z,0,,False,image,michaelkihlpro@gmail.com
1_YS0lw0h1H7YPDP8ln-1cqEN9h6benoR,2024-07-08 - Tunnel-automatisation-fluentcrm-affiliatewp - Cover article.jpg,2024-07-08 - Tunnel-automatisation-fluentcrm-affiliatewp - Cover article.jpg,image/jpeg,504811,2026-02-11T09:54:08.827Z,2024-07-08T13:39:47.855Z,0,,False,image,michaelkihlpro@gmail.com
1_QlyUEYa6pKycVHXRlTQjO4rp3lpBww3,2024-07-08 - Tunnel-automatisation-fluentcrm-gestion-contacts-automatisation-marketing - Cover article.jpg,2024-07-08 - Tunnel-automatisation-fluentcrm-gestion-contacts-automatisation-marketing - Cover article.jpg,image/jpeg,527460,2026-02-11T09:54:08.333Z,2024-07-08T13:33:35.043Z,0,,False,image,michaelkihlpro@gmail.com
1_Q-3TH5CbanzKeBZIeKkxgrq1BfggEKS,2024-07-08 - Interface-gestion-automatisations-fluentcrm - Cover article.jpg,2024-07-08 - Interface-gestion-automatisations-fluentcrm - Cover article.jpg,image/jpeg,241636,2026-02-11T09:54:07.766Z,2024-07-08T13:27:44.189Z,0,,False,image,michaelkihlpro@gmail.com
1_OZpSqcIFWMe5KWAEQjbxKWDkcv589js,2024-07-08 - Formulaire-sondage-constructeurs-pages-wordpress - Cover article.jpg,2024-07-08 - Formulaire-sondage-constructeurs-pages-wordpress - Cover article.jpg,image/jpeg,154819,2026-02-11T09:54:07.255Z,2024-07-08T13:15:44.519Z,0,,False,image,michaelkihlpro@gmail.com
1_EQveKWZYaJmDxnfEb4cnhzopOHa49Qz,2024-07-08 - Tableau-de-bord-gestion-formulaires-fluentcrm - Cover article.jpg,2024-07-08 - Tableau-de-bord-gestion-formulaires-fluentcrm - Cover article.jpg,image/jpeg,282972,2026-02-11T09:54:06.688Z,2024-07-08T12:59:17.403Z,0,,False,image,michaelkihlpro@gmail.com
1_B_imFCvc-GLi5f0mdOZXbLv1BykPXm4,2024-07-08 - Creer-site-web-facilement-fluentcrm-michael-kihl - Cover article.jpg,2024-07-08 - Creer-site-web-facilement-fluentcrm-michael-kihl - Cover article.jpg,image/jpeg,260297,2026-02-11T09:54:06.123Z,2024-07-08T12:51:45.719Z,0,,False,image,michaelkihlpro@gmail.com
1_-bP2C7uuilMzPq7q_aNY6Ggo07PxX9h,2024-07-08 - Fluentcrm-sequence-emails-statistiques - Cover article.jpg,2024-07-08 - Fluentcrm-sequence-emails-statistiques - Cover article.jpg,image/jpeg,314107,2026-02-11T09:54:05.557Z,2024-07-08T08:11:09.200Z,0,,False,image,michaelkihlpro@gmail.com
1ZvSXFUIYcsa7mEitaFuJiWsjApfdN63s,2024-07-08 - Interface-fluentcrm-listes-sequences-emails - Cover article.jpg,2024-07-08 - Interface-fluentcrm-listes-sequences-emails - Cover article.jpg,image/jpeg,269259,2026-02-11T09:54:04.966Z,2024-07-08T08:03:01.957Z,0,,False,image,michaelkihlpro@gmail.com
1ZtTJCZi0WazhmHle6oNLKTQu7AqHQsri,2024-07-08 - Fluentcrm-tableau-de-bord-campagnes-email - Cover article.jpg,2024-07-08 - Fluentcrm-tableau-de-bord-campagnes-email - Cover article.jpg,image/jpeg,270247,2026-02-11T09:54:04.460Z,2024-07-08T07:54:11.756Z,0,,False,image,michaelkihlpro@gmail.com
1ZpZE6cR0ZSg1fr6FdeHNTOKnILht7Gw4,2024-07-08 - Interface-gestion-segments-dynamiques-fluentcrm - Cover article.jpg,2024-07-08 - Interface-gestion-segments-dynamiques-fluentcrm - Cover article.jpg,image/jpeg,141405,2026-02-11T09:54:03.889Z,2024-07-08T07:46:30.803Z,0,,False,image,michaelkihlpro@gmail.com
1ZpZ77E7nY3Fw-qbucq9OsItkhbNV2CNj,2024-07-08 - Fluentcrm-wordpress-liste-etiquettes - Cover article.jpg,2024-07-08 - Fluentcrm-wordpress-liste-etiquettes - Cover article.jpg,image/jpeg,355590,2026-02-11T09:54:03.243Z,2024-07-08T07:39:33.961Z,0,,False,image,michaelkihlpro@gmail.com
1ZnpuzChmq2HdxpgnClP7c_Hd7H2rng7b,2024-07-08 - Gestion-listes-contacts-fluentcrm - Cover article.jpg,2024-07-08 - Gestion-listes-contacts-fluentcrm - Cover article.jpg,image/jpeg,294525,2026-02-11T09:54:02.723Z,2024-07-08T07:18:00.304Z,0,,False,image,michaelkihlpro@gmail.com
1ZPCu2B7jbJ4LAuYA6pNLQ1zj2kPyBtr6,2024-07-07 - Interface-gestion-contacts-fluentcrm - Cover article.jpg,2024-07-07 - Interface-gestion-contacts-fluentcrm - Cover article.jpg,image/jpeg,180786,2026-02-11T09:54:02.116Z,2024-07-07T14:07:58.693Z,0,,False,image,michaelkihlpro@gmail.com
1Zhup7KaFXSI9Hrf4j8Ff-8W1o7xAdofN,2024-07-07 - Fluentcrm-meilleur-crm-wordpress-automatisation-marketing - Cover article.jpg,2024-07-07 - Fluentcrm-meilleur-crm-wordpress-automatisation-marketing - Cover article.jpg,image/jpeg,268752,2026-02-11T09:54:01.577Z,2024-07-07T17:18:21.001Z,0,,False,image,michaelkihlpro@gmail.com
1ZNL5XKvNlUy-fE6hbpVk9Jya8BVJuLdp,2024-07-07 - Tableau-de-bord-fluentcrm-gestion-campagnes-emails - Cover article.jpg,2024-07-07 - Tableau-de-bord-fluentcrm-gestion-campagnes-emails - Cover article.jpg,image/jpeg,164861,2026-02-11T09:54:00.894Z,2024-07-07T13:49:02.771Z,0,,False,image,michaelkihlpro@gmail.com
191vdXdFjAXvatfJXRlPrS6t7TFPVQApk,2025-12-28 - Screenshot 20250714 173324 LinkedIn.jpg,2025-12-28 - Screenshot 20250714 173324 LinkedIn.jpg,image/jpeg,428828,2026-02-11T09:54:00.343Z,2025-12-28T13:07:04.851Z,0,,False,image,michaelkihlpro@gmail.com
1KYYopDKp_etikMaV6gYBlOuARgcdXyc8,2025-12-28 - Screenshot 20250722 192658 LinkedIn.jpg,2025-12-28 - Screenshot 20250722 192658 LinkedIn.jpg,image/jpeg,690408,2026-02-11T09:53:59.797Z,2025-12-28T13:07:02.710Z,0,,False,image,michaelkihlpro@gmail.com
1Q-egEfyDjH0KVEBVZVLJcQS_8xo_mm-S,2025-12-28 - Screenshot 20250722 192722 LinkedIn.jpg,2025-12-28 - Screenshot 20250722 192722 LinkedIn.jpg,image/jpeg,687818,2026-02-11T09:53:59.002Z,2025-12-28T13:07:02.600Z,0,,False,image,michaelkihlpro@gmail.com
12jcgggYyHA-ZwqBJm_Z7WaLZ6AdxkLrB,2025-12-28 - Screenshot 20250725 123128 LinkedIn.jpg,2025-12-28 - Screenshot 20250725 123128 LinkedIn.jpg,image/jpeg,886698,2026-02-11T09:53:58.360Z,2025-12-28T13:07:02.054Z,0,,False,image,michaelkihlpro@gmail.com
1PfdIEVL-2qq3_-gG6hFFWeGWrsockMKk,2025-12-28 - Screenshot 20250822 101521 LinkedIn.jpg,2025-12-28 - Screenshot 20250822 101521 LinkedIn.jpg,image/jpeg,503975,2026-02-11T09:53:57.753Z,2025-12-28T13:06:59.369Z,0,,False,image,michaelkihlpro@gmail.com
1Y9RLlewtCYAAopMEcz8E1fffoZPh9RaV,2025-12-28 - Screenshot 20251003 160221 LinkedIn.jpg,2025-12-28 - Screenshot 20251003 160221 LinkedIn.jpg,image/jpeg,893699,2026-02-11T09:53:57.204Z,2025-12-28T13:06:48.391Z,0,,False,image,michaelkihlpro@gmail.com
1v21v43fk05mUoaCn0BOlbDLamNX_pxAR,2025-12-28 - Screenshot 20251211 111918 YouTube.jpg,2025-12-28 - Screenshot 20251211 111918 YouTube.jpg,image/jpeg,631941,2026-02-11T09:53:56.692Z,2025-12-28T13:06:09.832Z,0,,False,image,michaelkihlpro@gmail.com
1TSNApcZxzAybc7o6LyE5bPq8t5NRIuzF,2025-12-28 - Screenshot 20251211 112006 YouTube.jpg,2025-12-28 - Screenshot 20251211 112006 YouTube.jpg,image/jpeg,573261,2026-02-11T09:53:56.156Z,2025-12-28T13:06:09.621Z,0,,False,image,michaelkihlpro@gmail.com
1pD2cOS0yvWgPg51rYl3ye-4uBYAocQUW,2025-12-28 - Screenshot 20251217 192511 YouTube.jpg,2025-12-28 - Screenshot 20251217 192511 YouTube.jpg,image/jpeg,468989,2026-02-11T09:53:55.666Z,2025-12-28T13:05:56.257Z,0,,False,image,michaelkihlpro@gmail.com
1Wz8FhCBY23IFI-Ns3Nmr_acfiffYmMFA,2025-12-28 - Screenshot 20251217 192540 YouTube.jpg,2025-12-28 - Screenshot 20251217 192540 YouTube.jpg,image/jpeg,369952,2026-02-11T09:53:55.141Z,2025-12-28T13:05:55.429Z,0,,False,image,michaelkihlpro@gmail.com
17SfR5fOAIZz7k6Fk15UCyc56Igqw6zJd,2025-11-08 - schoolsWP.com Couverture Article Blog (1200 × 675 px).zip,2025-11-08 - schoolsWP.com Couverture Article Blog (1200 × 675 px).zip,application/zip,769407,2026-02-11T09:53:54.309Z,2025-11-08T17:10:06.630Z,0,,False,archive,michaelkihlpro@gmail.com
1RKeCLHLC7FeH2cKCfSJz96OQecPxvEEM,2025-08-01 - PINTEREST.zip,2025-08-01 - PINTEREST.zip,application/zip,214627,2026-02-11T09:53:53.706Z,2025-08-01T13:28:06.468Z,0,,False,archive,michaelkihlpro@gmail.com
1D0mWFi8JzXs7ocro9ULbC8qwZOwIX0QS,2025-08-08 - AffiliatePress.txt,2025-08-08 - AffiliatePress.txt,text/plain,14903,2026-02-11T09:53:53.193Z,2025-08-08T16:23:36.127Z,0,,False,code,michaelkihlpro@gmail.com
1gg5a79FDbkVK0HPGQC-GvQbveIKcXu2v,2025-02-16 - Txt.txt,2025-02-16 - Txt.txt,text/plain,1526,2026-02-11T09:53:52.688Z,2025-02-16T17:37:29.257Z,0,,False,code,michaelkihlpro@gmail.com
1gax2H3AF8Jd0cgquESO5dIP_dyUvI9aX,2025-02-16 - Txt.txt,2025-02-16 - Txt.txt,text/rtf,2253,2026-02-11T09:53:52.100Z,2025-02-16T17:36:31.433Z,0,,False,other,michaelkihlpro@gmail.com
1gFjgPh9lgt7ILA6lWwmy3AVAQFp8I7Xw,2025-02-15 - Txt.txt,2025-02-15 - Txt.txt,text/plain,1042,2026-02-11T09:53:51.570Z,2025-02-15T16:23:59.490Z,0,,False,code,michaelkihlpro@gmail.com
1g7sB2W7FA4n3uFpGKwhcttgswKw2x2nD,2025-02-15 - Txt.txt,2025-02-15 - Txt.txt,text/plain,1281,2026-02-11T09:53:50.808Z,2025-02-15T14:42:10.481Z,0,,False,code,michaelkihlpro@gmail.com
1fd4FBkQ9A_oYlJZWrnMbD9r9JSFcGpns,2025-02-13 - Txt.txt,2025-02-13 - Txt.txt,text/plain,1729,2026-02-11T09:53:50.257Z,2025-02-13T09:25:51.462Z,0,,False,code,michaelkihlpro@gmail.com
1fCcye5XQNJ3LaoswGvEqo2wfk2MkUJhJ,2025-02-12 - Txt.txt,2025-02-12 - Txt.txt,text/plain,1806,2026-02-11T09:53:49.668Z,2025-02-12T15:35:33.374Z,0,,False,code,michaelkihlpro@gmail.com
1eUghdUDycIOxANJgpoOU33jnagU93E1q,2025-02-12 - Txt.txt,2025-02-12 - Txt.txt,text/plain,1541,2026-02-11T09:53:49.016Z,2025-02-12T12:46:32.343Z,0,,False,code,michaelkihlpro@gmail.com
1eTEjGuyyY-U--TYyixCdZ0IiwBQmside,2025-02-12 - Txt.txt,2025-02-12 - Txt.txt,text/plain,1236,2026-02-11T09:53:48.419Z,2025-02-12T12:44:01.363Z,0,,False,code,michaelkihlpro@gmail.com
1ePGA6d4KBs7UCRDqgivqKBXzoiH62ZzY,2025-02-12 - Txt.txt,2025-02-12 - Txt.txt,text/plain,1331,2026-02-11T09:53:47.569Z,2025-02-12T09:11:20.838Z,0,,False,code,michaelkihlpro@gmail.com
1e4c0wmL03aIzFLlmmRw_AUSrw6DE9YNx,2025-02-11 - Txt.txt,2025-02-11 - Txt.txt,text/plain,1066,2026-02-11T09:53:47.043Z,2025-02-11T15:27:02.849Z,0,,False,code,michaelkihlpro@gmail.com
1dwlmBDvl3vTe_NzVKst9wF66mN4QMAfb,2025-02-10 - Txt.txt,2025-02-10 - Txt.txt,text/plain,620,2026-02-11T09:53:46.512Z,2025-02-10T14:24:00.184Z,0,,False,code,michaelkihlpro@gmail.com
1df8DGaTCCW8bDFrCpEFwyv7L4CpPDs-6,2025-02-10 - Txt.txt,2025-02-10 - Txt.txt,text/plain,1133,2026-02-11T09:53:45.994Z,2025-02-10T14:18:51.764Z,0,,False,code,michaelkihlpro@gmail.com
1i494_V69JxQ2tr7EvNbexSvSIVS559jV,2025-02-18 - Instagram.zip,2025-02-18 - Instagram.zip,application/zip,292697,2026-02-11T09:53:45.474Z,2025-02-18T13:06:56.908Z,0,,False,archive,michaelkihlpro@gmail.com
1n8ZsXD8_yzjIHooTSWzRPhgQePuFZgb0,2024-08-13 - Instagram Publication Portrait Couverture Article Blog (1080 × 1350 px).zip,2024-08-13 - Instagram Publication Portrait Couverture Article Blog (1080 × 1350 px).zip,application/zip,286713,2026-02-11T09:53:44.923Z,2024-08-13T18:29:24.205Z,0,,False,archive,michaelkihlpro@gmail.com
1qsViTkJUxPL8XcpQTf-z93uEb6C6Jvv-,2024-06-15 - Suggestions ubersuggest critique fluentbooking fluentbooking test fluentbooki....csv,2024-06-15 - Suggestions ubersuggest critique fluentbooking fluentbooking test fluentbooki....csv,text/csv,169,2026-02-11T09:53:44.381Z,2024-06-15T09:10:08.890Z,0,,False,other,michaelkihlpro@gmail.com
1qmhmFWUv5llYMbogYlFkuVav9BjBimfX,2024-06-15 - Suggestions ubersuggest wordpress fluentbooking plugin wordpress fluentbookin....csv,2024-06-15 - Suggestions ubersuggest wordpress fluentbooking plugin wordpress fluentbookin....csv,text/csv,238,2026-02-11T09:53:43.891Z,2024-06-15T09:10:09.370Z,0,,False,other,michaelkihlpro@gmail.com
1qsDKzbNU78tPa0gFMuzF33J32T8KnCEf,2024-06-15 - Suggestions ubersuggest fluentbooking fluent booking plugin fluentbooking.csv,2024-06-15 - Suggestions ubersuggest fluentbooking fluent booking plugin fluentbooking.csv,text/csv,211,2026-02-11T09:53:43.352Z,2024-06-15T09:10:09.270Z,0,,False,other,michaelkihlpro@gmail.com
1qg8vokfJowKTU1vrK2RnPvFmjtJtuUTi,2024-06-15 - FAQ.txt,2024-06-15 - FAQ.txt,text/plain,1544,2026-02-11T09:53:42.869Z,2024-06-15T09:10:07.110Z,0,,False,code,michaelkihlpro@gmail.com
1tQQ9SJw1OHpREoS588V1uqLy-qFsfu64,2024-09-22 - Thruuu export avis suretriggers 2024-9-22.xlsx,2024-09-22 - Thruuu export avis suretriggers 2024-9-22.xlsx,application/vnd.openxmlformats-officedocument.spreadsheetml.sheet,135767,2026-02-11T09:53:42.114Z,2024-09-22T10:53:50.793Z,0,,False,spreadsheet,michaelkihlpro@gmail.com
183NjhsKnmFj6Anlxlcj3EGgYXKwfkYqq,2024-11-14 - Surecart-logo.svg,2024-11-14 - Surecart-logo.svg,text/xml,5008,2026-02-11T09:53:41.653Z,2024-11-14T16:03:00.776Z,0,,False,other,michaelkihlpro@gmail.com
1Rag474DYqoAc1RrV9MSOAQGAdrNJkiYj,2025-12-19 - schoolsWP.pdf,2025-12-19 - schoolsWP.pdf,application/pdf,155834,2026-02-11T09:53:41.096Z,2025-12-19T14:44:20.804Z,0,,False,pdf,michaelkihlpro@gmail.com
115Xkkdv2xMSehmJ6DqB3MRQPaVmZ22pB,2024-11-01 - Analyse data(ThotSEO).csv,2024-11-01 - Analyse data(ThotSEO).csv,text/csv,23294,2026-02-11T09:53:40.522Z,2024-11-01T11:04:12.035Z,0,,False,other,michaelkihlpro@gmail.com
1-wPKSXsR_hU6jaxHua6rG_A5eUgpl_bi,2026-01-20 - Prompts ChatSEO - Guide,2026-01-20 - Prompts ChatSEO - Guide,application/vnd.openxmlformats-officedocument.wordprocessingml.document,67075,2026-02-11T09:53:39.118Z,2026-01-14T11:51:12.086Z,0,,False,document,michaelkihlpro@gmail.com
1QJiyuzP2wvcIlfYVutJDZrYumX1nngJuu20uRR7MdRs,README - Organisation des contenus (06_CONTENUS),README - Organisation des contenus (06_CONTENUS),application/vnd.google-apps.document,4779,2026-02-11T09:53:38.650Z,2025-12-27T20:37:29.455Z,0,,False,document,michaelkihlpro@gmail.com
1ZIKQ3rLYJq4abe8Rm-HiN2p7OL3hPzMm,2026-02-09 - Log-Creation-Structure - Checklist - ADMIN.md,2026-02-09 - Log-Creation-Structure - Checklist - ADMIN.md,text/plain,1379,2026-02-11T09:53:37.461Z,2026-02-09T08:38:56.587Z,0,,False,code,michaelkihlpro@gmail.com
1Hiic1ghoDlKvXD-Qe8SxPBWTOKADy5j_7F2iGLGZkzw,2026-02-09 - Log-Creation-Structure - Checklist - ADMIN.md,2026-02-09 - Log-Creation-Structure - Checklist - ADMIN.md,application/vnd.google-apps.document,1024,2026-02-11T09:53:36.950Z,2026-02-09T08:41:49.885Z,0,,False,document,michaelkihlpro@gmail.com
1r4X0EAomgosG2KhGgjbIv7QzHLFlda3jvySVGwXqbBw,2026-01-17 - Nomenclature Regles de Nommage - Checklist - ADMIN - FR,2026-01-17 - Nomenclature Regles de Nommage - Checklist - ADMIN - FR,application/vnd.google-apps.document,8523,2026-02-11T09:53:36.377Z,2026-01-17T22:51:41.624Z,0,,False,document,michaelkihlpro@gmail.com
1IKZ1PtkvoPlMtFwEJYjgGEkVFp2ogex2,2026-02-09 - Index - Checklist - ADMIN - Global.md,2026-02-09 - Index - Checklist - ADMIN - Global.md,text/plain,1317,2026-02-11T09:53:35.849Z,2026-02-09T09:48:10.184Z,0,,False,code,michaelkihlpro@gmail.com
1CTSL68B3hgxbThOQ_W9ejPx-5UVTccb2,2026-02-10 - Index - ADMIN - Global.md,2026-02-10 - Index - ADMIN - Global.md,text/plain,9648,2026-02-11T09:53:35.259Z,2026-02-10T16:48:43.938Z,0,,False,code,michaelkihlpro@gmail.com
1ysXkWYESEmO3L5lsj5Os3S0Rg0Xmxx_3HlumD9nhi28,2026-02-04 - Modele de Prompt Structure - Template - Article - FR,2026-02-04 - Modele de Prompt Structure - Template - Article - FR,application/vnd.google-apps.document,3359,2026-02-11T09:53:34.682Z,2026-02-04T16:43:15.117Z,0,,False,document,michaelkihlpro@gmail.com
1M0agDoysWVXLdBz2I_aJFqadR0xuProUT-ESaLpNK7w,2026-01-26 - Analyse Intention de Recherche - Template - SEO - SERP,2026-01-26 - Analyse Intention de Recherche - Template - SEO - SERP,application/vnd.google-apps.document,7475,2026-02-11T09:53:34.048Z,2026-01-26T14:21:27.651Z,0,,False,document,michaelkihlpro@gmail.com
11qprfh0f1C--dVcVyvVGps2odgOEqzSMgiqOWgCn1AE,2022-04-25 - Custom et Dynamic Content Tech Stack (template) - Template,2022-04-25 - Custom et Dynamic Content Tech Stack (template) - Template,application/vnd.google-apps.spreadsheet,1686,2026-02-11T09:53:33.537Z,2022-04-25T06:53:58.034Z,0,,False,spreadsheet,michaelkihlpro@gmail.com
1LZVHaCYEkMZd5TJ__pkLKjd0cDXYLlJuySbfTHn-R1c,2022-06-05 - SMMA Buyer Persona Ads Cheat Sheet Attack Angle - Template,2022-06-05 - SMMA Buyer Persona Ads Cheat Sheet Attack Angle - Template,application/vnd.google-apps.spreadsheet,1024,2026-02-11T09:53:32.951Z,2022-06-05T12:36:20.515Z,0,,False,spreadsheet,michaelkihlpro@gmail.com
1woQ78RzzSlKqaKNQ_a7f1UlPugNBMidlMSMwLroh_IA,2024-09-17 - ORIGINAL MODELEFACTURE - Template,2024-09-17 - ORIGINAL MODELEFACTURE - Template,application/vnd.google-apps.document,3815,2026-02-11T09:53:32.429Z,2024-09-17T19:18:13.655Z,0,,False,document,michaelkihlpro@gmail.com
1h15ghA41C4Jb_wWOeEnyhnMXg4YVjEXTitxdNa7xEYU,2022-06-05 - SMMA LeadSourcing Template - Template,2022-06-05 - SMMA LeadSourcing Template - Template,application/vnd.google-apps.spreadsheet,1024,2026-02-11T09:53:31.743Z,2022-06-05T12:02:16.990Z,0,,False,spreadsheet,michaelkihlpro@gmail.com
1gVmnTaWaiK4eIaOvU3RbzqZu6n6DXsX6eS3YqIqyMKg,2025-05-09 - Etape 3 Templates Collections - Template,2025-05-09 - Etape 3 Templates Collections - Template,application/vnd.google-apps.spreadsheet,8260,2026-02-11T09:53:31.228Z,2025-05-09T13:34:04.740Z,0,,False,spreadsheet,michaelkihlpro@gmail.com
13SgsTXOkXrr0x3r1oLMJ9YR_5AxrvxEf,2025-05-24 - Fluentcrm-automatisation-marketing-wordpress - Template Email.jpg,2025-05-24 - Fluentcrm-automatisation-marketing-wordpress - Template Email.jpg,image/jpeg,242409,2026-02-11T09:53:30.706Z,2025-05-24T11:13:35.816Z,0,,False,image,michaelkihlpro@gmail.com
13n7RmEiiqWuEVK_9TMjUuIpsVyqZdJ8R,2025-05-24 - Fluentcrm-rapports-avances-tableau-bord-crm - Template Email.jpg,2025-05-24 - Fluentcrm-rapports-avances-tableau-bord-crm - Template Email.jpg,image/jpeg,223890,2026-02-11T09:53:29.839Z,2025-05-24T11:43:06.385Z,0,,False,image,michaelkihlpro@gmail.com
13rA0otG329kC1xrFjOPis7w9nX9cYVY3,2025-05-24 - Fluentcrm-gestion-contacts-email-wordpress - Template Email.jpg,2025-05-24 - Fluentcrm-gestion-contacts-email-wordpress - Template Email.jpg,image/jpeg,206812,2026-02-11T09:53:29.339Z,2025-05-24T12:29:18.096Z,0,,False,image,michaelkihlpro@gmail.com
1cse8ShxzcWbkQQdVzolsXZgAPicMAJty,2025-06-05 - Fluentcrm-rabattcode-20-wordpress - Template Email.jpg,2025-06-05 - Fluentcrm-rabattcode-20-wordpress - Template Email.jpg,image/jpeg,272970,2026-02-11T09:53:28.795Z,2025-06-05T15:43:14.516Z,0,,False,image,michaelkihlpro@gmail.com
1JnWC6PjcHozyddtIyVOeLCwSoTjo5Ph1,2025-11-08 - Newsletter-wordpress-gratuite - Template Email.jpg,2025-11-08 - Newsletter-wordpress-gratuite - Template Email.jpg,image/jpeg,267951,2026-02-11T09:53:28.311Z,2025-11-08T17:16:56.749Z,0,,False,image,michaelkihlpro@gmail.com
1ZH9ZCHyCVOvfv6m7XsjdQZJbLEtikZ93,2025-10-28 - Fluentsmtp-plugin-wordpress-email-deliverability - Template Email.jpg,2025-10-28 - Fluentsmtp-plugin-wordpress-email-deliverability - Template Email.jpg,image/jpeg,267290,2026-02-11T09:53:27.472Z,2025-10-28T14:57:24.241Z,0,,False,image,michaelkihlpro@gmail.com
1dsNwfCw_qrk-VQ9AM-rGmOkA0fcXW6f8,2025-10-28 - Fluentcrm-plugin-wordpress-email-marketing - Template Email.jpg,2025-10-28 - Fluentcrm-plugin-wordpress-email-marketing - Template Email.jpg,image/jpeg,61421,2026-02-11T09:53:26.808Z,2025-10-28T17:40:36.025Z,0,,False,image,michaelkihlpro@gmail.com
1Ze4HYroDBJgQr8Cek1DR7ZEutwRo6mnNeHnN_CYDeuM,2022-11-17 - SONDAGE - Template Email,2022-11-17 - SONDAGE - Template Email,application/vnd.google-apps.spreadsheet,1024,2026-02-11T09:53:26.040Z,2022-11-17T19:22:54.324Z,0,,False,spreadsheet,michaelkihlpro@gmail.com
1W1zZNo8OzMxQhNfuIj-09NfF0yCAB-dFYkn_GExZrUw,2021-03-08 - NEWSLETTER - Template Email,2021-03-08 - NEWSLETTER - Template Email,application/vnd.google-apps.spreadsheet,1024,2026-02-11T09:53:25.517Z,2021-03-08T14:29:30.412Z,0,,False,spreadsheet,michaelkihlpro@gmail.com
1eumZ9UI_ExtpNRsipqksx_tFQYjj0PKuYYq6jVT9F-c,2022-09-03 - FORMULAIRE - Template Email,2022-09-03 - FORMULAIRE - Template Email,application/vnd.google-apps.spreadsheet,1024,2026-02-11T09:53:25.004Z,2022-09-03T09:45:32.434Z,0,,False,spreadsheet,michaelkihlpro@gmail.com
1G6lksqAwR9db_-uhdmw6RC9d5C0cMFfkg3ufpYz7zLQ,2026-02-04 - Master Brief Marketing et Vente - Template - Landing - FR,2026-02-04 - Master Brief Marketing et Vente - Template - Landing - FR,application/vnd.google-apps.document,5903,2026-02-11T09:53:24.403Z,2026-02-04T14:02:43.310Z,0,,False,document,michaelkihlpro@gmail.com
13S8x4_odsBygRi2awNkeMYUvleKrOe65,2025-12-29 - Customs Instructions GPT A.C.P - Prompt.txt,2025-12-29 - Customs Instructions GPT A.C.P - Prompt.txt,text/plain,4745,2026-02-11T09:53:23.432Z,2025-12-29T17:44:24.171Z,0,,False,code,michaelkihlpro@gmail.com
1ZS1x5107OLQyLJIcUvPs77Dd8lAoypVf,2025-12-29 - Comparatif prompts google sheets - Prompt.csv,2025-12-29 - Comparatif prompts google sheets - Prompt.csv,text/comma-separated-values,4012,2026-02-11T09:53:22.944Z,2025-12-29T17:44:24.133Z,0,,False,other,michaelkihlpro@gmail.com
1i_HyQOGR5fSvw7kDFCDi8QApdkLTDuuB,2025-12-29 - Blow DOK GPT CREATE - Prompt.html,2025-12-29 - Blow DOK GPT CREATE - Prompt.html,text/html,25424,2026-02-11T09:53:22.399Z,2025-12-29T17:44:23.803Z,0,,False,code,michaelkihlpro@gmail.com
1yWr7RZ6GgxR7LtwL3A7yZyzU29h12PlS,2025-12-28 - Screenshot 20251005 152118 ChatGPT - Prompt.jpg,2025-12-28 - Screenshot 20251005 152118 ChatGPT - Prompt.jpg,image/jpeg,1337137,2026-02-11T09:53:21.716Z,2025-12-28T13:06:47.311Z,0,,False,image,michaelkihlpro@gmail.com
1IIEXYpc9I9hTFh1wv9Vw4_xQcBT8m7CLj7Io1Ou59pM,2026-02-02 - Audit Contenu Mismatch SERP - Prompt - SEO - FR.md,2026-02-02 - Audit Contenu Mismatch SERP - Prompt - SEO - FR.md,application/vnd.google-apps.document,8056,2026-02-11T09:53:21.121Z,2026-02-02T08:34:13.846Z,0,,False,document,michaelkihlpro@gmail.com
1MMcYrXTZuJYm76eYI8-Q8YR025bCni3FbGzAXzka-6o,2026-01-20 - BuddyBoss - Affiliation - Fiches,2026-01-20 - BuddyBoss - Affiliation - Fiches,application/vnd.google-apps.document,6285,2026-02-11T09:53:20.495Z,2026-01-20T16:06:10.728Z,0,,False,document,michaelkihlpro@gmail.com
17fJtSaY2Q9uk_JWRnn6lXhkP6_hh1YCC6P5ob97SniE,2025-09-04 - Checklist Performance (Google Page Speed Insights) - Checklist,2025-09-04 - Checklist Performance (Google Page Speed Insights) - Checklist,application/vnd.google-apps.spreadsheet,11169,2026-02-11T09:53:17.129Z,2025-09-04T09:27:17.237Z,0,,False,spreadsheet,michaelkihlpro@gmail.com
1w3_3oqZucoBoCbvkHvhYxH0wUt4wdhhrl83b1i2wRYM,2025-02-14 - Checklist WebPerf - Checklist,2025-02-14 - Checklist WebPerf - Checklist,application/vnd.google-apps.spreadsheet,3493,2026-02-11T09:53:16.626Z,2025-02-14T09:42:02.711Z,0,,False,spreadsheet,michaelkihlpro@gmail.com
16uziOi4IrWgPGfDxzwvIMLxt2zRLyxJzPwdfrPJetO8,2025-08-14 - Checklist Affiliation Formations Gratuites Pages de Capture - Checklist,2025-08-14 - Checklist Affiliation Formations Gratuites Pages de Capture - Checklist,application/vnd.google-apps.spreadsheet,1024,2026-02-11T09:53:16.014Z,2025-08-14T17:57:13.959Z,0,,False,spreadsheet,michaelkihlpro@gmail.com
1fwoWMUFw_EzbDmOVyOiIDNX6ZK2KqqKZt8gwiwrjZ5c,2025-08-14 - Checklist Affiliation Formations Gratuites Email Marketing - Checklist,2025-08-14 - Checklist Affiliation Formations Gratuites Email Marketing - Checklist,application/vnd.google-apps.spreadsheet,1784,2026-02-11T09:53:15.452Z,2025-08-14T17:57:02.444Z,0,,False,spreadsheet,michaelkihlpro@gmail.com
184Lmb4Yzx47lJgsA0zzDo_o7XTDyyY30,2025-12-29 - Elementor-6772-2025-03-10.json,2025-12-29 - Elementor-6772-2025-03-10.json,application/json,20238,2026-02-11T09:53:09.903Z,2025-12-29T17:44:26.559Z,0,,False,code,michaelkihlpro@gmail.com
1cGM6h4bpmvooRYgtdV3pjthKdT0tlUz6,2025-02-03 - Latepoint-wordpress-booking-plugin.jpg,2025-02-03 - Latepoint-wordpress-booking-plugin.jpg,image/jpeg,243226,2026-02-11T09:53:09.262Z,2025-02-03T09:51:34.566Z,0,,False,image,michaelkihlpro@gmail.com
1crs6ghHbkEBYLh36dyIIt_1CW-GVClbl,2025-02-10 - Academy-lms-plugin-wordpress-lms.jpg,2025-02-10 - Academy-lms-plugin-wordpress-lms.jpg,image/jpeg,255054,2026-02-11T09:53:08.800Z,2025-02-10T09:05:05.884Z,0,,False,image,michaelkihlpro@gmail.com
1dWkxTzQSOkyoMhHINn_W1Wz7RvfBwtiI,2025-02-10 - Academy-lms-plugin-wordpress-cours-en-ligne.jpg,2025-02-10 - Academy-lms-plugin-wordpress-cours-en-ligne.jpg,image/jpeg,180279,2026-02-11T09:53:08.278Z,2025-02-10T12:49:11.571Z,0,,False,image,michaelkihlpro@gmail.com
1ek7v0VkZn43jHG6I8k_gqeUJTs2m1WMt,2025-02-12 - Parametres-etudiants-academy-lms-wordpress.jpg,2025-02-12 - Parametres-etudiants-academy-lms-wordpress.jpg,image/jpeg,64733,2026-02-11T09:53:07.641Z,2025-02-12T14:14:54.452Z,0,,False,image,michaelkihlpro@gmail.com
1ekOaDQUbMM8KWM1h9Vn6UhR24XFLjd40,2025-02-12 - Parametres-instructeur-academy-lms-wordpress.jpg,2025-02-12 - Parametres-instructeur-academy-lms-wordpress.jpg,image/jpeg,73932,2026-02-11T09:53:07.173Z,2025-02-12T14:15:32.147Z,0,,False,image,michaelkihlpro@gmail.com
1evd3UZmQDvzIVYI-YWalRXG-FK2nK9v5,2025-02-12 - Parametres-generaux-academy-lms-wordpress.jpg,2025-02-12 - Parametres-generaux-academy-lms-wordpress.jpg,image/jpeg,78572,2026-02-11T09:53:06.442Z,2025-02-12T14:16:14.786Z,0,,False,image,michaelkihlpro@gmail.com
1fDACR2IGEdeJJwhdAcqRe2bBG8-Fze3e,2025-02-13 - Academy-lms-gestion-addons-wordpress.jpg,2025-02-13 - Academy-lms-gestion-addons-wordpress.jpg,image/jpeg,323687,2026-02-11T09:53:05.716Z,2025-02-13T08:31:55.100Z,0,,False,image,michaelkihlpro@gmail.com
1fG95C8DYw3WCw-1oxtgrkx_Lnb7WHG09,2025-02-13 - Plugins-lms-gestion-add-ons-elearning.jpg,2025-02-13 - Plugins-lms-gestion-add-ons-elearning.jpg,image/jpeg,363493,2026-02-11T09:53:05.083Z,2025-02-13T09:05:13.929Z,0,,False,image,michaelkihlpro@gmail.com
1g6osdkIEhKaUGkiu6-IprTKuPACGZ6L-,2025-02-15 - Academy-lms-creer-vendre-cours-en-ligne-wordpress.jpg,2025-02-15 - Academy-lms-creer-vendre-cours-en-ligne-wordpress.jpg,image/jpeg,82708,2026-02-11T09:53:04.440Z,2025-02-15T14:19:49.757Z,0,,False,image,michaelkihlpro@gmail.com
1inUbq0kl7bDIMVlLWOP6X-3goXq-cwqP,2025-02-21 - Hebergement-wordpress-rapide-rapyd-cloud.jpg,2025-02-21 - Hebergement-wordpress-rapide-rapyd-cloud.jpg,image/jpeg,258059,2026-02-11T09:53:03.773Z,2025-02-21T11:31:31.695Z,0,,False,image,michaelkihlpro@gmail.com
1j5RJ3X2Nzj_aE_46VuSpcpdOls-9vIuR,2025-02-21 - Academy-lms-review-wordpress-plugin-online-courses.jpg,2025-02-21 - Academy-lms-review-wordpress-plugin-online-courses.jpg,image/jpeg,289569,2026-02-11T09:53:03.218Z,2025-02-21T16:10:45.667Z,0,,False,image,michaelkihlpro@gmail.com
1j8-9sz24Wph6u1sKI3Axh2J-QxII4ua6,2025-02-21 - Academy-lms-wordpress-plugin-tutorial.jpg,2025-02-21 - Academy-lms-wordpress-plugin-tutorial.jpg,image/jpeg,251450,2026-02-11T09:53:02.604Z,2025-02-21T15:54:43.163Z,0,,False,image,michaelkihlpro@gmail.com
1lYe_7HzUhJNByxuEdS11bGrTeGBvQ89k,2025-03-03 - Rapyd-cloud-hebergement-wordpress-interface.jpg,2025-03-03 - Rapyd-cloud-hebergement-wordpress-interface.jpg,image/jpeg,132755,2026-02-11T09:53:01.692Z,2025-03-03T17:24:13.364Z,0,,False,image,michaelkihlpro@gmail.com
1lvLWtIQNu3UhzAQmM56EfMWg9U-Uui4-,2025-03-03 - Gestion-themes-wordpress-rapyd-cloud.jpg,2025-03-03 - Gestion-themes-wordpress-rapyd-cloud.jpg,image/jpeg,122718,2026-02-11T09:53:01.125Z,2025-03-03T18:02:57.245Z,0,,False,image,michaelkihlpro@gmail.com
1mNaHiIKoIl8iQIust9S8pJ6ymEEZhWGO,2025-03-03 - Hebergement-wordpress-rapide-securise-rapyd-cloud.jpg,2025-03-03 - Hebergement-wordpress-rapide-securise-rapyd-cloud.jpg,image/jpeg,99200,2026-02-11T09:53:00.578Z,2025-03-03T17:30:07.952Z,0,,False,image,michaelkihlpro@gmail.com
1mZVztk9E9153HNz-lZzJit1EEinAUAKY,2025-03-03 - Rapyd-cloud-dashboard-gestion-wordpress.jpg,2025-03-03 - Rapyd-cloud-dashboard-gestion-wordpress.jpg,image/jpeg,243419,2026-02-11T09:53:00.035Z,2025-03-03T17:26:28.709Z,0,,False,image,michaelkihlpro@gmail.com
1mlesb3WdE8NiAIE3Cy2oc1vIp7dc5xCy,2025-03-03 - Rapyd-cloud-cache-wordpress-optimisation-performance.jpg,2025-03-03 - Rapyd-cloud-cache-wordpress-optimisation-performance.jpg,image/jpeg,283960,2026-02-11T09:52:59.557Z,2025-03-03T18:30:10.090Z,0,,False,image,michaelkihlpro@gmail.com
1mp2iCg0cFd30QaJPBvb5-73UTuk-z-H7,2025-03-03 - Rapyd-cloud-securite-wordpress-protection-malware.jpg,2025-03-03 - Rapyd-cloud-securite-wordpress-protection-malware.jpg,image/jpeg,173971,2026-02-11T09:52:58.970Z,2025-03-03T18:22:52.015Z,0,,False,image,michaelkihlpro@gmail.com
1n2glRAQA6dszWgy9-5_2hkByLhCry9p6,2025-03-03 - Rapyd-cloud-logs-acces-securite-wordpress.jpg,2025-03-03 - Rapyd-cloud-logs-acces-securite-wordpress.jpg,image/jpeg,199650,2026-02-11T09:52:58.496Z,2025-03-03T18:13:14.263Z,0,,False,image,michaelkihlpro@gmail.com
1p3jgJ7a4IHLDGWxUYsby6_eItr9nWDka,2025-03-11 - Fluentbooking-amelia-booking-wordpress-comparison.jpg,2025-03-11 - Fluentbooking-amelia-booking-wordpress-comparison.jpg,image/jpeg,306923,2026-02-11T09:52:57.938Z,2025-03-11T17:05:05.035Z,0,,False,image,michaelkihlpro@gmail.com
1pcjgY5jWy8pNlLqhUTlj0NLLbtDLZaUF,2025-03-12 - Latepoint-intuitives-schnelles-wordpress-buchungs-plugin.jpg,2025-03-12 - Latepoint-intuitives-schnelles-wordpress-buchungs-plugin.jpg,image/jpeg,257379,2026-02-11T09:52:57.145Z,2025-03-12T17:18:03.640Z,0,,False,image,michaelkihlpro@gmail.com
1qScPsK3ZmhfNITA0St37s88525fLrKwr,2025-03-14 - Link-whisper-plugin-wordpress-maillage-interne.jpg,2025-03-14 - Link-whisper-plugin-wordpress-maillage-interne.jpg,image/jpeg,272770,2026-02-11T09:52:56.554Z,2025-03-14T10:05:25.134Z,0,,False,image,michaelkihlpro@gmail.com
1svP_AmzMQ0Cc11ZbdOMve_jIzzBOs9f8,2025-03-27 - Rapyd-cloud-wordpress-hosting-schnell.jpg,2025-03-27 - Rapyd-cloud-wordpress-hosting-schnell.jpg,image/jpeg,266828,2026-02-11T09:52:55.853Z,2025-03-27T15:23:54.120Z,0,,False,image,michaelkihlpro@gmail.com
1tejGedAsixSkJwcLGo_LDTD5nwHGuLbi,2025-03-27 - Rapyd-cloud-wordpress-hosting-tested-reviewed.jpg,2025-03-27 - Rapyd-cloud-wordpress-hosting-tested-reviewed.jpg,image/jpeg,247057,2026-02-11T09:52:55.116Z,2025-03-27T15:57:35.979Z,0,,False,image,michaelkihlpro@gmail.com
1tog8_eGQOdmYBA997FRM7Xv2y5Xq2TRS,2025-03-31 - Link-whisper-wordpress-plugin-interne-vernetzung.jpg,2025-03-31 - Link-whisper-wordpress-plugin-interne-vernetzung.jpg,image/jpeg,273680,2026-02-11T09:52:54.514Z,2025-03-31T12:32:11.917Z,0,,False,image,michaelkihlpro@gmail.com
1uBDau8hbR9yQ6v5kz_C_1f9j7Yk07orB,2025-04-03 - Link-whisper-wordpress-internal-linking-plugin.jpg,2025-04-03 - Link-whisper-wordpress-internal-linking-plugin.jpg,image/jpeg,256680,2026-02-11T09:52:54.011Z,2025-04-03T06:59:11.815Z,0,,False,image,michaelkihlpro@gmail.com
1xcA2E7mgan-rOAet_V__FVQoFDhiuKgB,2025-04-17 - Plugin-learndash-lms-page-accueil-wordpress.jpg,2025-04-17 - Plugin-learndash-lms-page-accueil-wordpress.jpg,image/jpeg,160678,2026-02-11T09:52:53.516Z,2025-04-17T15:49:13.657Z,0,,False,image,michaelkihlpro@gmail.com
1luR8IX7h5xbJCLZdXOYd8HBoq1ao0z6Z,2025-03-03 - Gestion-plugins-wordpress-rapyd-cloud.jpg,2025-03-03 - Gestion-plugins-wordpress-rapyd-cloud.jpg,image/jpeg,153300,2026-02-11T09:52:52.101Z,2025-03-03T18:03:57.399Z,0,,False,image,michaelkihlpro@gmail.com
1n3gP6ytKkOU96ECV4fOkOhWU6TuOyajD,2025-03-03 - Gestion-serveur-rapyd-cloud-wordpress.jpg,2025-03-03 - Gestion-serveur-rapyd-cloud-wordpress.jpg,image/jpeg,251216,2026-02-11T09:52:51.484Z,2025-03-03T18:12:10.419Z,0,,False,image,michaelkihlpro@gmail.com
1vjPD_5YL8bhYJNmMPGQrqxQudwMhAExW,2025-04-05 - Local-wp-vergleich-flywheel-xampp-wordpress.jpg,2025-04-05 - Local-wp-vergleich-flywheel-xampp-wordpress.jpg,image/jpeg,270124,2026-02-11T09:52:50.953Z,2025-04-05T12:28:54.062Z,0,,False,image,michaelkihlpro@gmail.com
1wkJy0HLTdwq478PAh-PYDuoz45uGW_Hd,2025-04-10 - Fluentbooking-amelia-vergleich-wordpress-plugin.jpg,2025-04-10 - Fluentbooking-amelia-vergleich-wordpress-plugin.jpg,image/jpeg,277989,2026-02-11T09:52:50.428Z,2025-04-10T17:32:36.907Z,0,,False,image,michaelkihlpro@gmail.com
1xazblJMDq5Cu2mS32pKWEUePI9j7XWMT,2025-04-17 - Learndash-plugin-wordpress-formation-en-ligne.jpg,2025-04-17 - Learndash-plugin-wordpress-formation-en-ligne.jpg,image/jpeg,261777,2026-02-11T09:52:49.865Z,2025-04-17T15:17:36.485Z,0,,False,image,michaelkihlpro@gmail.com
1---AzZS_ozFKCzn24ipdw_gIv5M3tJpK,2025-05-07 - Learndash-wordpress-plugin-online-schulungen.jpg,2025-05-07 - Learndash-wordpress-plugin-online-schulungen.jpg,image/jpeg,259560,2026-02-11T09:52:49.345Z,2025-05-07T15:03:56.048Z,0,,False,image,michaelkihlpro@gmail.com
1-SFA1X9yoomc5iG8fFMSaGwmFklvyEDw,2025-05-07 - Learndash-wordpress-plugin-online-courses.jpg,2025-05-07 - Learndash-wordpress-plugin-online-courses.jpg,image/jpeg,267754,2026-02-11T09:52:48.767Z,2025-05-07T16:03:48.751Z,0,,False,image,michaelkihlpro@gmail.com
10kYk0Chndaz33xaPPQIp1yq7A29a26uv,2025-05-08 - Multisite-wordpress-guide-centralisation-sites.jpg,2025-05-08 - Multisite-wordpress-guide-centralisation-sites.jpg,image/jpeg,291884,2026-02-11T09:52:48.218Z,2025-05-08T09:22:13.448Z,0,,False,image,michaelkihlpro@gmail.com
10yvmlRuH1lIj_GhtImWR1ncvYSbWv44x,2025-06-16 - Rapyd-cloud-promo-code-wordpress-hosting-rabatt.jpg,2025-06-16 - Rapyd-cloud-promo-code-wordpress-hosting-rabatt.jpg,image/jpeg,287081,2026-02-11T09:52:47.300Z,2025-06-16T15:38:13.771Z,0,,False,image,michaelkihlpro@gmail.com
12gBE6Hg2PyUVXqgq56VGuu3g7nWcK9T6,2025-05-19 - Outils-o2switch-optimisation-wordpress-ssl-cache.jpg,2025-05-19 - Outils-o2switch-optimisation-wordpress-ssl-cache.jpg,image/jpeg,131551,2026-02-11T09:52:46.635Z,2025-05-19T09:15:44.737Z,0,,False,image,michaelkihlpro@gmail.com
15y3A8BnW75w5fk9Cb-_DcKLN6IUOjiJ_,2025-06-30 - Fluentcart-interface-ajout-produit-wordpress.jpg,2025-06-30 - Fluentcart-interface-ajout-produit-wordpress.jpg,image/jpeg,85365,2026-02-11T09:52:46.028Z,2025-06-30T13:30:03.863Z,0,,False,image,michaelkihlpro@gmail.com
1LPBV7SeNLqY2FEJOWrzpVbGm3m03ErJP,2025-06-27 - Fluentcart-avis-alternative-woocommerce.jpg,2025-06-27 - Fluentcart-avis-alternative-woocommerce.jpg,image/jpeg,135070,2026-02-11T09:52:45.240Z,2025-06-27T15:35:49.426Z,0,,False,image,michaelkihlpro@gmail.com
1LSSPwO22mnG69Y8s5QDxoGfPmWzqawQO,2025-06-30 - Fluentcart-dashboard-interface-vierge-wordpress.jpg,2025-06-30 - Fluentcart-dashboard-interface-vierge-wordpress.jpg,image/jpeg,235614,2026-02-11T09:52:44.677Z,2025-06-30T12:55:54.096Z,0,,False,image,michaelkihlpro@gmail.com
1NlaWLcqJaySQASDbzM7QuDqTQvZn7uCz,2025-07-01 - Fluentcart-tableau-gestion-licence-plugin.jpg,2025-07-01 - Fluentcart-tableau-gestion-licence-plugin.jpg,image/jpeg,188098,2026-02-11T09:52:44.084Z,2025-07-01T13:58:29.776Z,0,,False,image,michaelkihlpro@gmail.com
1Qm9wt79hBbsYsSV2Y3H99DbrxHZM_UY_,2025-06-27 - Fluentcart-avis-plugin-ecommerce-wordpress.jpg,2025-06-27 - Fluentcart-avis-plugin-ecommerce-wordpress.jpg,image/jpeg,256036,2026-02-11T09:52:43.577Z,2025-06-27T15:24:42.322Z,0,,False,image,michaelkihlpro@gmail.com
1T1bRZqVJDoczIZFGZzw_tNnqfLDW0B_B,2025-06-27 - Fluentcart-plugin-ecommerce-wordpress.jpg,2025-06-27 - Fluentcart-plugin-ecommerce-wordpress.jpg,image/jpeg,134321,2026-02-11T09:52:43.055Z,2025-06-27T09:19:47.526Z,0,,False,image,michaelkihlpro@gmail.com
1UBs2e9EJ5rarUK8_-ZWZiU8Zd8g6XDQt,2025-06-30 - Fluentcart-automation-declencheur-wordpress.jpg,2025-06-30 - Fluentcart-automation-declencheur-wordpress.jpg,image/jpeg,142626,2026-02-11T09:52:42.507Z,2025-06-30T14:34:18.900Z,0,,False,image,michaelkihlpro@gmail.com
1oFykJzAAwE9VTM-cFNTujgrKEZgoGdqm,2025-06-30 - Fluentcart-ecran-installation-wordpress.jpg,2025-06-30 - Fluentcart-ecran-installation-wordpress.jpg,image/jpeg,92473,2026-02-11T09:52:42.010Z,2025-06-30T12:43:08.679Z,0,,False,image,michaelkihlpro@gmail.com
1vMdC4oPGohI9NjDsAyeaduDBbTgmwzkK,2025-06-30 - Fluentcart-tableau-bord-ecommerce-wordpress.jpg,2025-06-30 - Fluentcart-tableau-bord-ecommerce-wordpress.jpg,image/jpeg,497992,2026-02-11T09:52:41.534Z,2025-06-30T14:56:07.824Z,0,,False,image,michaelkihlpro@gmail.com
1wMMdWG59UnajNJlR-pteLbf2QkTz7k_r,2025-06-27 - Fluentcart-avis-adopter-boutique-wordpress.jpg,2025-06-27 - Fluentcart-avis-adopter-boutique-wordpress.jpg,image/jpeg,129239,2026-02-11T09:52:40.856Z,2025-06-27T15:35:49.366Z,0,,False,image,michaelkihlpro@gmail.com
1xgxsIeWADA7Dv4ff30oALjTl12yfsFue,2025-04-17 - Learndash-plugin-lms-prix-1-site-wordpress.jpg,2025-04-17 - Learndash-plugin-lms-prix-1-site-wordpress.jpg,image/jpeg,158137,2026-02-11T09:52:40.176Z,2025-04-17T16:25:05.301Z,0,,False,image,michaelkihlpro@gmail.com
1xhGVwA9UuunnycxCiALvKPMzjrOzPiYE,2025-04-17 - Learndash-plugin-lms-prix-10-sites-wordpress.jpg,2025-04-17 - Learndash-plugin-lms-prix-10-sites-wordpress.jpg,image/jpeg,158404,2026-02-11T09:52:39.627Z,2025-04-17T16:25:35.197Z,0,,False,image,michaelkihlpro@gmail.com
1xrUn8dD6Dgi_Fg0UJrLkojDiYZB80ZPg,2025-04-17 - Learndash-plugin-lms-prix-unlimited-wordpress.jpg,2025-04-17 - Learndash-plugin-lms-prix-unlimited-wordpress.jpg,image/jpeg,158576,2026-02-11T09:52:39.110Z,2025-04-17T16:25:53.872Z,0,,False,image,michaelkihlpro@gmail.com
1yalr7SIlVXhETNK5aU7ym8_MwlzF_IBN,2025-06-30 - Interface-fluentcart-fiche-produit-wordpress.jpg,2025-06-30 - Interface-fluentcart-fiche-produit-wordpress.jpg,image/jpeg,401335,2026-02-11T09:52:38.550Z,2025-06-30T15:15:18.540Z,0,,False,image,michaelkihlpro@gmail.com
1zQ3xo0ZPPpAQP5r3dpLuCKSXC1nvuazD,2025-06-30 - Fluentcart-methodes-paiement-plugin-ecommerce.jpg,2025-06-30 - Fluentcart-methodes-paiement-plugin-ecommerce.jpg,image/jpeg,297918,2026-02-11T09:52:38.052Z,2025-06-30T14:10:12.878Z,0,,False,image,michaelkihlpro@gmail.com
1zp_zVUJFuReXDdyeF34N_8vZ-EQgXl0B,2025-05-02 - Apprendre-wordpress-guide-debutant-autonome.jpg,2025-05-02 - Apprendre-wordpress-guide-debutant-autonome.jpg,image/jpeg,301820,2026-02-11T09:52:37.461Z,2025-05-02T05:39:16.059Z,0,,False,image,michaelkihlpro@gmail.com
18ig73IVuQZLvobIIuV8TEG2SHSu7gDrk,2025-08-09 - Fluent-support-plugin-kundensupport-wordpress.jpg,2025-08-09 - Fluent-support-plugin-kundensupport-wordpress.jpg,image/jpeg,268070,2026-02-11T09:52:36.991Z,2025-08-09T12:37:52.606Z,0,,False,image,michaelkihlpro@gmail.com
1I5VqMCSXIz8Mf2FBuni-BMpiB4Erl6IJ,2025-07-01 - Fluentcart-tableau-bord-gestion-commandes-wordpress.jpg,2025-07-01 - Fluentcart-tableau-bord-gestion-commandes-wordpress.jpg,image/jpeg,250646,2026-02-11T09:52:36.355Z,2025-07-01T14:56:46.839Z,0,,False,image,michaelkihlpro@gmail.com
1XrYNGMkFf_wRmequqXz-oyQO34Vqsw_J,2025-07-01 - Fluentcart-blocs-ecommerce-gutenberg.jpg,2025-07-01 - Fluentcart-blocs-ecommerce-gutenberg.jpg,image/jpeg,107978,2026-02-11T09:52:35.849Z,2025-07-01T15:05:46.341Z,0,,False,image,michaelkihlpro@gmail.com
1YBfdY0K5jiQpZNR-Jk7xOy5n4Ri8MA9-,2025-07-01 - Fluentcart-parametres-licence-plugin-wordpress.jpg,2025-07-01 - Fluentcart-parametres-licence-plugin-wordpress.jpg,image/jpeg,237145,2026-02-11T09:52:35.140Z,2025-07-01T14:12:24.001Z,0,,False,image,michaelkihlpro@gmail.com
1ea03MPR5jTLFesP3ujIw_kB9Y7WCWjhv,2025-08-09 - Fluentbooking-wordpress-loesung-buchungen.jpg,2025-08-09 - Fluentbooking-wordpress-loesung-buchungen.jpg,image/jpeg,260188,2026-02-11T09:52:34.630Z,2025-08-09T13:21:46.734Z,0,,False,image,michaelkihlpro@gmail.com
1f2gMTlfI6xE7VC-jS21dJpDU78uw94x2,2025-07-06 - Fluentcart-test-wordpress-shop-erfahrungen.jpg,2025-07-06 - Fluentcart-test-wordpress-shop-erfahrungen.jpg,image/jpeg,276473,2026-02-11T09:52:33.941Z,2025-07-06T08:58:13.590Z,0,,False,image,michaelkihlpro@gmail.com
10BxUrmxgFeAFFlS1D2loZEXCEKwiX1ik,2025-10-25 - How-to-structure-article-wordpress-readability.jpg,2025-10-25 - How-to-structure-article-wordpress-readability.jpg,image/jpeg,289611,2026-02-11T09:52:33.394Z,2025-10-25T13:31:33.381Z,0,,False,image,michaelkihlpro@gmail.com
10IInWWAFVrBI9KQCFhK7xhJhrpAIXm9Q,2025-10-28 - Fluentbooking-plugin-wordpress-reservation.jpg,2025-10-28 - Fluentbooking-plugin-wordpress-reservation.jpg,image/jpeg,70171,2026-02-11T09:52:32.831Z,2025-10-28T19:10:04.323Z,0,,False,image,michaelkihlpro@gmail.com
10TirvHh9l5Xz0fdCpFSVKZiccnQDKJAw,2025-10-28 - Fluentcommunity-plugin-wordpress-communaute.jpg,2025-10-28 - Fluentcommunity-plugin-wordpress-communaute.jpg,image/jpeg,64909,2026-02-11T09:52:32.190Z,2025-10-28T17:07:24.305Z,0,,False,image,michaelkihlpro@gmail.com
13V27YyylQTsYcqlawG5k0xznfeZgAIKK,2025-10-25 - Meilleures-offres-wordpress-black-friday.jpg,2025-10-25 - Meilleures-offres-wordpress-black-friday.jpg,image/jpeg,263428,2026-02-11T09:52:31.610Z,2025-10-25T09:00:39.839Z,0,,False,image,michaelkihlpro@gmail.com
1P4__FXQh5VPo3HQ-M5-1uRvxw8ryE1Yb,2025-10-28 - Academy-lms-plugin-wordpress-elearning.jpg,2025-10-28 - Academy-lms-plugin-wordpress-elearning.jpg,image/jpeg,80972,2026-02-11T09:52:31.021Z,2025-10-28T20:12:32.600Z,0,,False,image,michaelkihlpro@gmail.com
1QKADs7ACDTmCQHQouxTjgH27n3VZEGuf,2025-09-18 - Pulse-wordpress-plugin-product-listing.jpg,2025-09-18 - Pulse-wordpress-plugin-product-listing.jpg,image/jpeg,267465,2026-02-11T09:52:30.265Z,2025-09-18T08:56:19.938Z,0,,False,image,michaelkihlpro@gmail.com
1kfrGhm6UlU8TG78ZulDbSKc9j3-PzccK,2025-10-28 - Fluentforms-plugin-wordpress-formulaires.jpg,2025-10-28 - Fluentforms-plugin-wordpress-formulaires.jpg,image/jpeg,67242,2026-02-11T09:52:29.760Z,2025-10-28T18:12:09.425Z,0,,False,image,michaelkihlpro@gmail.com
1nOoXynzr2Fey82Egyk4OspDALf1aA48Z,2025-08-21 - Flyingpress-vs-wp-rocket-wordpress-cache-plugin.jpg,2025-08-21 - Flyingpress-vs-wp-rocket-wordpress-cache-plugin.jpg,image/jpeg,303886,2026-02-11T09:52:29.184Z,2025-08-21T10:07:42.029Z,0,,False,image,michaelkihlpro@gmail.com
1zN86PrUV-lMGgal-XxwHz871p3FV3ZdP,2025-10-25 - Fluentcart-black-friday-plugin-wordpress-ecommerce.jpg,2025-10-25 - Fluentcart-black-friday-plugin-wordpress-ecommerce.jpg,image/jpeg,64393,2026-02-11T09:52:28.663Z,2025-10-25T12:41:31.070Z,0,,False,image,michaelkihlpro@gmail.com
1SC0F_G6Z5Ncdiyt8071-G2_nRUgpHmju,2024-03-05 - Kwfinder freelance site web wordpress export.csv,2024-03-05 - Kwfinder freelance site web wordpress export.csv,text/csv,3223,2026-02-11T09:52:28.094Z,2024-03-05T09:47:14.003Z,0,,False,other,michaelkihlpro@gmail.com
1GFXf387PZ9HujH8r4upVp__ZdnMw1Dcf,2024-03-05 - Kwfinder prestataire site web wordpress export.csv,2024-03-05 - Kwfinder prestataire site web wordpress export.csv,text/csv,4060,2026-02-11T09:52:27.371Z,2024-03-05T09:45:36.823Z,0,,False,other,michaelkihlpro@gmail.com
15x-CcWNXvJ2TKwO6OMme5oGRNVHA1wwm,2024-03-05 - Kwfinder createur de site web wordpress export.csv,2024-03-05 - Kwfinder createur de site web wordpress export.csv,text/csv,9096,2026-02-11T09:52:26.773Z,2024-03-05T09:24:02.308Z,0,,False,other,michaelkihlpro@gmail.com
1j-Ss-JaNJCTovgMTacqC7VshPFId5sJx,2025-12-29 - Ticket Caisse VG-479754.pdf,2025-12-29 - Ticket Caisse VG-479754.pdf,application/pdf,70461,2026-02-11T09:52:26.169Z,2025-12-29T17:44:30.028Z,0,,False,pdf,michaelkihlpro@gmail.com
1HCjCM7DLU5lJahEGYdWZVURMSNXWQHL3,2025-12-29 - Pi.pdf,2025-12-29 - Pi.pdf,application/pdf,119033,2026-02-11T09:52:25.600Z,2025-12-29T17:44:28.419Z,0,,False,pdf,michaelkihlpro@gmail.com
1QBQcuKlKbzGsZeIG-qLD-A4JbQE2m-qn,2025-12-29 - Diplome doliplume.pdf,2025-12-29 - Diplome doliplume.pdf,application/pdf,692691,2026-02-11T09:52:24.961Z,2025-12-29T17:44:25.616Z,0,,False,pdf,michaelkihlpro@gmail.com
1J-9R07DD6aIJSxCXzUAbJ4gBXnE7cieB,2025-12-29 - AvisCfe 881547962 93a36200b8f211f0539c0ef6d117e07b.pdf,2025-12-29 - AvisCfe 881547962 93a36200b8f211f0539c0ef6d117e07b.pdf,application/pdf,229478,2026-02-11T09:52:24.328Z,2025-12-29T17:44:24.964Z,0,,False,pdf,michaelkihlpro@gmail.com
1kdgT32L2ykFy9f0PbvDO2qmu6xd2aB8e,2025-12-28 - KIHL baloo2025121215966363.PDF,2025-12-28 - KIHL baloo2025121215966363.PDF,application/pdf,395386,2026-02-11T09:52:23.729Z,2025-12-28T10:50:46.649Z,0,,False,pdf,michaelkihlpro@gmail.com
1hSl4Zrzgc6yQgjUQM3rvdtrH7pM-yx-m,2025-12-28 - KIHL MICHAEL VM REPRISE le 09122025 A 15H30.pdf,2025-12-28 - KIHL MICHAEL VM REPRISE le 09122025 A 15H30.pdf,application/pdf,85837,2026-02-11T09:52:23.207Z,2025-12-28T10:50:46.034Z,0,,False,pdf,michaelkihlpro@gmail.com
1fqEDxeONJcPq4oSC9Dfe1s8h9qv-jsJz,2025-11-06 - Katoen Natie Flyers 08 10 25.pdf,2025-11-06 - Katoen Natie Flyers 08 10 25.pdf,application/pdf,936494,2026-02-11T09:52:22.522Z,2025-11-06T17:30:03.659Z,0,,False,pdf,michaelkihlpro@gmail.com
1eVXp1Zo993tIAlo-0lq2c9Psb3DVKq1K,2025-11-01 - Catch-Booking YPTB0021194845.pdf,2025-11-01 - Catch-Booking YPTB0021194845.pdf,application/pdf,167311,2026-02-11T09:52:21.923Z,2025-11-01T15:12:58.490Z,0,,False,pdf,michaelkihlpro@gmail.com
1v3149QppXVIaf-z-0KwwDsBqrx0WpBpS,2025-06-16 - Label-OL1206178000.pdf,2025-06-16 - Label-OL1206178000.pdf,application/pdf,143238,2026-02-11T09:52:21.229Z,2025-06-16T12:50:04.608Z,0,,False,pdf,michaelkihlpro@gmail.com
119R_X060wnIQ43LjySGD7Y7RJ_X5tiJp,2025-07-16 - 2025-03-07-EMG.pdf,2025-07-16 - 2025-03-07-EMG.pdf,application/pdf,455519,2026-02-11T09:52:20.707Z,2025-07-16T20:38:47.931Z,0,,False,pdf,michaelkihlpro@gmail.com
1fptV2iSPjCC1DFKuC-QWuDHlKiGabgjz,2025-07-16 - KIHL.pdf,2025-07-16 - KIHL.pdf,application/pdf,444853,2026-02-11T09:52:19.918Z,2025-07-16T20:38:48.317Z,0,,False,pdf,michaelkihlpro@gmail.com
1osw2SBMearv-Hc7yA2ttsu4SkqzZNl2Z,2025-07-16 - KIHL.MICHAEL 2025-05-09.PDF,2025-07-16 - KIHL.MICHAEL 2025-05-09.PDF,application/pdf,33337,2026-02-11T09:52:19.300Z,2025-07-16T20:38:48.236Z,0,,False,pdf,michaelkihlpro@gmail.com
1rTKpARiCKZCUfWgk642HBcGSxjFuZxEM,2025-07-16 - CR CS du 10 04 2024.pdf,2025-07-16 - CR CS du 10 04 2024.pdf,application/pdf,152817,2026-02-11T09:52:18.651Z,2025-07-16T20:38:47.255Z,0,,False,pdf,michaelkihlpro@gmail.com
1awNlCC2V5C7E3L0h4VChYA6KnGqZwaYa,2025-07-16 - CR CS du 10 09 24.pdf,2025-07-16 - CR CS du 10 09 24.pdf,application/pdf,123474,2026-02-11T09:52:18.055Z,2025-07-16T20:38:47.362Z,0,,False,pdf,michaelkihlpro@gmail.com
1RZPtXLiTqrwTq8nxLXyeyye1bTV2GqPb,2025-07-16 - HOLTER ECG.PDF,2025-07-16 - HOLTER ECG.PDF,application/pdf,86622,2026-02-11T09:52:17.492Z,2025-07-16T20:38:47.518Z,0,,False,pdf,michaelkihlpro@gmail.com
1EfqY8j9cxlx6edUZrKpXptIG6TCQ-ylM,2025-07-16 - CONSULT CARDIO KIHL MICHAEL 17 04 2024.PDF,2025-07-16 - CONSULT CARDIO KIHL MICHAEL 17 04 2024.PDF,application/pdf,65862,2026-02-11T09:52:16.799Z,2025-07-16T20:38:47.598Z,0,,False,pdf,michaelkihlpro@gmail.com
1y-ZkbxGbCQCP-i8EV9rpHsP-_LrifhLX,2025-07-16 - 1997-10-20-D-Eyer.pdf,2025-07-16 - 1997-10-20-D-Eyer.pdf,application/pdf,260222,2026-02-11T09:52:16.309Z,2025-07-16T20:38:46.982Z,0,,False,pdf,michaelkihlpro@gmail.com
1XcGHSWAH9XwZerOCXQoTgbAIGdmq6VXr,2025-07-16 - 2001-10-30-A-Randrianjohany.pdf,2025-07-16 - 2001-10-30-A-Randrianjohany.pdf,application/pdf,90300,2026-02-11T09:52:15.780Z,2025-07-16T20:38:46.789Z,0,,False,pdf,michaelkihlpro@gmail.com
1swy5lvH72RZU7gyhCn1pz_gCbbxf8tep,2025-07-16 - 2002-02-13-A-Randrianjohany.pdf,2025-07-16 - 2002-02-13-A-Randrianjohany.pdf,application/pdf,179152,2026-02-11T09:52:15.125Z,2025-07-16T20:38:46.500Z,0,,False,pdf,michaelkihlpro@gmail.com
11FFN18Zpjw9ssehTP7VErDBaG1yia7pV,2025-07-16 - 2002-03-07-A-Randrianjohany.pdf,2025-07-16 - 2002-03-07-A-Randrianjohany.pdf,application/pdf,84073,2026-02-11T09:52:14.493Z,2025-07-16T20:38:46.439Z,0,,False,pdf,michaelkihlpro@gmail.com
1Gk1nousoKDcx9YJnRVZpdeKSpRO0Ispq,2025-07-16 - 2002-04-25-A-Randrianjohany.pdf,2025-07-16 - 2002-04-25-A-Randrianjohany.pdf,application/pdf,84241,2026-02-11T09:52:13.928Z,2025-07-16T20:38:46.378Z,0,,False,pdf,michaelkihlpro@gmail.com
1COKIZKbkhV7KdJ1gqc6bmCLj2uPY-15W,2025-07-16 - 2002-07-02-A-Randrianjohany.pdf,2025-07-16 - 2002-07-02-A-Randrianjohany.pdf,application/pdf,81968,2026-02-11T09:52:12.879Z,2025-07-16T20:38:46.255Z,0,,False,pdf,michaelkihlpro@gmail.com
1n_8iVMSNPfASTd4f-h8__oVSuxMW8fw7,2025-07-16 - 2003-01-10-A-Laugros.pdf,2025-07-16 - 2003-01-10-A-Laugros.pdf,application/pdf,83921,2026-02-11T09:52:12.370Z,2025-07-16T20:38:46.173Z,0,,False,pdf,michaelkihlpro@gmail.com
19wWoWBZLZfX8ghzvD2N51vTBuFNroIeZ,2025-07-16 - 26-06-03-Randrianjohany.pdf,2025-07-16 - 26-06-03-Randrianjohany.pdf,application/pdf,91773,2026-02-11T09:52:11.768Z,2025-07-16T20:38:46.113Z,0,,False,pdf,michaelkihlpro@gmail.com
1cwxq1q9W-Hv4qNUGASVDI9a59T3tDUSO,2025-07-16 - 2008-10-21-F-Labaki.pdf,2025-07-16 - 2008-10-21-F-Labaki.pdf,application/pdf,111281,2026-02-11T09:52:11.049Z,2025-07-16T20:38:46.024Z,0,,False,pdf,michaelkihlpro@gmail.com
1O4Qw8hjhzfLH0X5_WjQhBCq0669Kb03i,2025-07-16 - 2008-11-06-A-Laugros.pdf,2025-07-16 - 2008-11-06-A-Laugros.pdf,application/pdf,120657,2026-02-11T09:52:10.523Z,2025-07-16T20:38:45.961Z,0,,False,pdf,michaelkihlpro@gmail.com
1FYQ-_pQHNpzv_1nTHr5v9xSKDg9StsA8,2025-07-16 - A-Laugros.pdf,2025-07-16 - A-Laugros.pdf,application/pdf,50294,2026-02-11T09:52:09.827Z,2025-07-16T20:38:45.808Z,0,,False,pdf,michaelkihlpro@gmail.com
1x1cCruWnQaREBRpZeAR00uY5An4oiGscFB3c5cbe6tI,2026-01-01 - Strategie schoolsWP - Etude Marche,2026-01-01 - Strategie schoolsWP - Etude Marche,application/vnd.google-apps.document,19025,2026-02-11T09:43:01.966Z,2026-01-01T13:40:07.460Z,0,,False,document,michaelkihlpro@gmail.com
1f7fEnLZKAabr4IklxoHdGwuPU4KnRfZpXw7oIi4jqh0,2023-11-24 - Bertha AI Le meilleur assistant d’ecriture IA pour WordPress - Article - FR,2023-11-24 - Bertha AI Le meilleur assistant d’ecriture IA pour WordPress - Article - FR,application/vnd.google-apps.document,5994,2026-02-11T09:43:00.771Z,2023-11-24T13:02:39.402Z,0,,False,document,michaelkihlpro@gmail.com
1patIGLI4xHOTHJltlJRqNOrA5WZINzXfXTe_A4LCQn8,2025-01-23 - Skoatch Performance et Efficacite de la Redaction IA - Article - FR,2025-01-23 - Skoatch Performance et Efficacite de la Redaction IA - Article - FR,application/vnd.google-apps.document,8903,2026-02-11T09:42:59.968Z,2025-01-23T08:46:41.220Z,0,,False,document,michaelkihlpro@gmail.com
1Hi_WA_NwNOMDUQYBIzg2J4RGKWaULImjWiAvacKYro0,2024-12-12 - FluentCommunity Construisez rapidement une communaute WordPress avec ce plugin - Article - FR,2024-12-12 - FluentCommunity Construisez rapidement une communaute WordPress avec ce plugin - Article - FR,application/vnd.google-apps.document,2124,2026-02-11T09:42:59.463Z,2024-12-12T10:14:16.153Z,0,,False,document,michaelkihlpro@gmail.com
1WgTMi_ugMW9qvoCrmeaZUa8t2rQCG1rR9Lw0j1pARh8,2024-11-21 - Link Finder optimisez votre strategie de netlinking a moindre cout - Article - FR,2024-11-21 - Link Finder optimisez votre strategie de netlinking a moindre cout - Article - FR,application/vnd.google-apps.document,6047,2026-02-11T09:42:58.940Z,2024-11-21T14:39:50.008Z,0,,False,document,michaelkihlpro@gmail.com
1cOevXGlUUI2-zoRXGhJfg-xOdCOR2moCdH1gaqJ8MS0,2024-10-26 - TasteWP Decouvrez Comment Creer Facilement Votre Site WordPress - Article - FR,2024-10-26 - TasteWP Decouvrez Comment Creer Facilement Votre Site WordPress - Article - FR,application/vnd.google-apps.document,8343,2026-02-11T09:42:58.284Z,2024-10-26T12:58:03.284Z,0,,False,document,michaelkihlpro@gmail.com
1vBJEjxa2osZrOWOSsXBGISX5n6YVaZuySR3CBBsRxwM,2024-09-16 - Full Site Editing (FSE) WordPress Maitrise Le Futur Du Web WordPress - Article - FR,2024-09-16 - Full Site Editing (FSE) WordPress Maitrise Le Futur Du Web WordPress - Article - FR,application/vnd.google-apps.document,2013,2026-02-11T09:42:57.703Z,2024-09-16T15:52:35.082Z,0,,False,document,michaelkihlpro@gmail.com
1QK_MkROtNXGqJtgXbuDx3GgnE5ci_93vDzqdzPGs9qo,2024-08-13 - WPBoutik reinvente le commerce en ligne sur WordPress - Article - FR,2024-08-13 - WPBoutik reinvente le commerce en ligne sur WordPress - Article - FR,application/vnd.google-apps.document,6727,2026-02-11T09:42:57.157Z,2024-08-13T12:09:40.262Z,0,,False,document,michaelkihlpro@gmail.com
1hOAImEBfAFSFuSvw47R0tX6Af1IBd-jfo-tMoa6Rba8,2024-08-03 - Avis sur Linkuma est-elle la reference du netlinking - Article - FR,2024-08-03 - Avis sur Linkuma est-elle la reference du netlinking - Article - FR,application/vnd.google-apps.document,5217,2026-02-11T09:42:56.603Z,2024-08-03T14:12:53.559Z,0,,False,document,michaelkihlpro@gmail.com
1oYGxsoTra_TG5cdRutPSFt7nH9ZBST5eZ48lUjk9lZE,2024-07-26 - Suremembers decouvrez le meilleur plugin d’adhesion pour WordPress - Article - FR,2024-07-26 - Suremembers decouvrez le meilleur plugin d’adhesion pour WordPress - Article - FR,application/vnd.google-apps.document,2093,2026-02-11T09:42:56.015Z,2024-07-26T19:59:24.736Z,0,,False,document,michaelkihlpro@gmail.com
1kLK3BQYn38SDrG4gJyGCEcpWlZ0_WBzRkeVPDnSEt30,2024-06-29 - Copilhost Hebergement Rapide et Securise pour WordPress v2 - Article - FR,2024-06-29 - Copilhost Hebergement Rapide et Securise pour WordPress v2 - Article - FR,application/vnd.google-apps.document,3176,2026-02-11T09:42:55.387Z,2024-06-29T16:50:55.325Z,0,,False,document,michaelkihlpro@gmail.com
18G8GRboe_E5K8PEBBPN45gZ_vnMKJyqWy3ZZexbs-_c,2024-10-21 - Nettoyer base de donnees WordPress guide complet et plugins - Article - FR,2024-10-21 - Nettoyer base de donnees WordPress guide complet et plugins - Article - FR,application/vnd.google-apps.document,1936,2026-02-11T09:42:54.835Z,2024-10-21T18:01:09.103Z,0,,False,document,michaelkihlpro@gmail.com
1DQN5qmopOe3HKb1okPlp6zUSmGiVUO2UHamYPeCSqF4,2024-06-18 - FluentBoards Decouvrez tout sur ce plugin de gestion de projet pour WordPress - Article - FR,2024-06-18 - FluentBoards Decouvrez tout sur ce plugin de gestion de projet pour WordPress - Article - FR,application/vnd.google-apps.document,3034,2026-02-11T09:42:54.275Z,2024-06-18T17:14:45.281Z,0,,False,document,michaelkihlpro@gmail.com
1hWMzIFzZip3EoiontYKsm70-h9HCpAZ_9KLrHZyznWg,2024-05-03 - Creer une plateforme de formation en ligne avec WordPress - Article - FR,2024-05-03 - Creer une plateforme de formation en ligne avec WordPress - Article - FR,application/vnd.google-apps.document,5569,2026-02-11T09:42:53.641Z,2024-05-03T15:23:04.429Z,0,,True,document,michaelkihlpro@gmail.com
1w_TZiqxBVfqksWwcHddpljP8TkLPHhvs1qAO2SX4mRc,2024-10-20 - ZipWP Revolutionnez la creation de sites WordPress en IA - Article - FR,2024-10-20 - ZipWP Revolutionnez la creation de sites WordPress en IA - Article - FR,application/vnd.google-apps.document,1024,2026-02-11T09:42:53.005Z,2024-10-20T19:45:29.635Z,0,,False,document,michaelkihlpro@gmail.com
1_37iiYa6a7iPhHFuMfYsyLxVA8AULYWjVKKaDjuQGeo,2024-09-22 - SureTriggers La Revolution de l’Automatisation et de l’Integration sur WordPress - Article - FR,2024-09-22 - SureTriggers La Revolution de l’Automatisation et de l’Integration sur WordPress - Article - FR,application/vnd.google-apps.document,23031,2026-02-11T09:42:52.449Z,2024-09-22T10:20:54.359Z,0,,False,document,michaelkihlpro@gmail.com
1va47TnhoPjLxEtb5czOdBTq9xMQPxMj6-FtvgqaXgYw,2023-11-10 - Le plug in AliDropship en details - Article - FR,2023-11-10 - Le plug in AliDropship en details - Article - FR,application/vnd.google-apps.document,5944,2026-02-11T09:42:51.895Z,2023-11-10T13:40:03.104Z,0,,False,document,michaelkihlpro@gmail.com
1eJDX-cvsVO83yCCMzQjWdPR1Ze51RxGDJ9RgwWRo1Ps,2023-11-10 - ClickFunnels peut-il etre utile a votre business - Article - FR,2023-11-10 - ClickFunnels peut-il etre utile a votre business - Article - FR,application/vnd.google-apps.document,4504,2026-02-11T09:42:51.273Z,2023-11-10T13:25:45.572Z,0,,False,document,michaelkihlpro@gmail.com
1vGoGrfUeKrjG0U2H5lHKGq0Ic899GorZ9cS0PBmTju8,2023-11-10 - 6 Facons de Booster votre Blog WordPress - Article - FR,2023-11-10 - 6 Facons de Booster votre Blog WordPress - Article - FR,application/vnd.google-apps.document,4826,2026-02-11T09:42:50.757Z,2023-11-10T13:15:16.831Z,0,,False,document,michaelkihlpro@gmail.com
1tB9iseMrQCbZ4drD7w292U9_DDMBVvcDO07CTeGn9Mc,2023-11-24 - Microthemer Editeur CSS visuel pour WordPress - Personnalisez facilement votr... - Article - FR,2023-11-24 - Microthemer Editeur CSS visuel pour WordPress - Personnalisez facilement votr... - Article - FR,application/vnd.google-apps.document,8918,2026-02-11T09:42:50.110Z,2023-11-24T19:52:15.626Z,0,,False,document,michaelkihlpro@gmail.com
1EnzRqd542K_-y4JcYSxXA2qqiTQKwziIlTEem4HFHSg,2023-11-24 - Ninja Tables Avis Decouvrez le meilleur plugin de tableau pour WordPress - Article - FR,2023-11-24 - Ninja Tables Avis Decouvrez le meilleur plugin de tableau pour WordPress - Article - FR,application/vnd.google-apps.document,4804,2026-02-11T09:42:49.377Z,2023-11-24T19:07:42.232Z,0,,False,document,michaelkihlpro@gmail.com
1wwDwIUuf88nBy9eRMYB-7qWEMtyZdQ4uNl4tzHW7VFQ,2023-11-24 - StoreBuilder - La meilleure alternative a Shopify - Article - FR,2023-11-24 - StoreBuilder - La meilleure alternative a Shopify - Article - FR,application/vnd.google-apps.document,5946,2026-02-11T09:42:48.822Z,2023-11-24T06:05:48.801Z,0,,False,document,michaelkihlpro@gmail.com
1ldcfKh3ORmULvQc8k0C8tjbBFMRIm5qd1TiJbqXxJF0,2023-11-22 - CodeaProd Le site pour avoir un blog d’affiliation cle en main - Article - FR,2023-11-22 - CodeaProd Le site pour avoir un blog d’affiliation cle en main - Article - FR,application/vnd.google-apps.document,6327,2026-02-11T09:42:48.114Z,2023-11-22T16:45:21.626Z,0,,False,document,michaelkihlpro@gmail.com
1jskkfpU3ft_jM5HFVMManISuek6yBgnKAJnLARu7dRM,2023-11-24 - WP Funnels est une alternative parfaite a Clickfunnels - Article - FR,2023-11-24 - WP Funnels est une alternative parfaite a Clickfunnels - Article - FR,application/vnd.google-apps.document,7489,2026-02-11T09:42:47.384Z,2023-11-24T07:13:01.703Z,0,,False,document,michaelkihlpro@gmail.com
10ndGO1Jr0RlRnFF1VyJ9fd9K9-9CYWUWxm67iA7qxEU,2023-11-21 - Creer sa plateforme de formation en ligne avec Tutor LMS - Article - FR,2023-11-21 - Creer sa plateforme de formation en ligne avec Tutor LMS - Article - FR,application/vnd.google-apps.document,6307,2026-02-11T09:42:46.742Z,2023-11-21T18:40:18.039Z,0,,False,document,michaelkihlpro@gmail.com
1TTTgV0cLSOuE2dnlr1KmT40ZDKVAZ6qFiJfh8Z7E4do,2023-11-21 - Crocoblock Decouvrez la boite a outils indispensable pour ameliorer votre sit... - Article - FR,2023-11-21 - Crocoblock Decouvrez la boite a outils indispensable pour ameliorer votre sit... - Article - FR,application/vnd.google-apps.document,6292,2026-02-11T09:42:46.215Z,2023-11-21T15:50:52.806Z,0,,False,document,michaelkihlpro@gmail.com
1Xv-eztNm1OAME0DVOGYgg6r9iai2unRGOWiaJnNVIh0,2023-11-17 - Systeme de reservations et rendez-vous avec AmeliaWP - Article - FR,2023-11-17 - Systeme de reservations et rendez-vous avec AmeliaWP - Article - FR,application/vnd.google-apps.document,6520,2026-02-11T09:42:45.634Z,2023-11-17T20:31:12.115Z,0,,False,document,michaelkihlpro@gmail.com
1DqxJQ9BjLE5YmVWOHMyqQLMq2KD0Sxlk9iPFqn1fxg0,2023-11-17 - Decouvrez GetResponse Campagnes Email et Automatisation - Article - FR,2023-11-17 - Decouvrez GetResponse Campagnes Email et Automatisation - Article - FR,application/vnd.google-apps.document,12780,2026-02-11T09:42:44.976Z,2023-11-17T19:41:22.492Z,0,,False,document,michaelkihlpro@gmail.com
1m17OcH32H_2HXeVtFJ5b0RFZwmLKvBtG2kJMkZKxPzI,2023-11-10 - CartFlows Creez des Tunnels de Vente WordPress Puissants avec WooCommerce - Article - FR,2023-11-10 - CartFlows Creez des Tunnels de Vente WordPress Puissants avec WooCommerce - Article - FR,application/vnd.google-apps.document,5024,2026-02-11T09:42:44.457Z,2023-11-10T14:09:31.760Z,0,,False,document,michaelkihlpro@gmail.com
1jjVbDhGtkMLH1d-nhraLo7U4jADaYCKVmJEek6mHNsI,2023-11-12 - Ce qu’il faut savoir sur le referencement Google - Article - FR,2023-11-12 - Ce qu’il faut savoir sur le referencement Google - Article - FR,application/vnd.google-apps.document,6056,2026-02-11T09:42:43.691Z,2023-11-12T17:56:08.192Z,0,,False,document,michaelkihlpro@gmail.com
1vuf5MW1C9_EvpYQXxDkDQEUigldhkDdf0q6DElRMlqU,2024-12-03 - Suremembers Entdecken Sie das beste Mitgliedschafts-Plugin fur WordPress - Article - EN,2024-12-03 - Suremembers Entdecken Sie das beste Mitgliedschafts-Plugin fur WordPress - Article - EN,application/vnd.google-apps.document,880154,2026-02-11T09:42:43.123Z,2024-12-03T19:55:03.736Z,0,,False,document,michaelkihlpro@gmail.com
1Z-uJsqqYC-_rX3TorcaZgwOSmPQ0JeTzUuiYo5XFXRw,2024-10-22 - FluentBoards Erfahren Sie alles uber dieses Projektmanagement-Plugin fur Word... - Article - DE,2024-10-22 - FluentBoards Erfahren Sie alles uber dieses Projektmanagement-Plugin fur Word... - Article - DE,application/vnd.google-apps.document,1458,2026-02-11T09:42:42.587Z,2024-10-22T18:42:41.130Z,0,,False,document,michaelkihlpro@gmail.com
1vIS87z734Xca_UZd8waJDTjO6g01ABWFa4VwsRXVB2Y,"2024-11-09 - SEOKEY, das essentielle SEO-Plugin fur WordPress - Article - DE","2024-11-09 - SEOKEY, das essentielle SEO-Plugin fur WordPress - Article - DE",application/vnd.google-apps.document,1024,2026-02-11T09:42:41.820Z,2024-11-09T13:21:13.691Z,0,,False,document,michaelkihlpro@gmail.com
1qdHSenU0Vi1IafvEe_O0N8D6h2e69JYbA-grdQtHZX8,2025-09-11 - TBL WEEK-END Monetisation et Techniques SEO - SEO,2025-09-11 - TBL WEEK-END Monetisation et Techniques SEO - SEO,application/vnd.google-apps.presentation,8588026,2026-02-11T09:42:41.160Z,2025-09-11T11:41:22.193Z,0,,False,presentation,michaelkihlpro@gmail.com
1cK2jdnqEY0EoWYJudIINQrfs0gFEcCM84OB8vAPWiqk,2025-05-26 - Strategie SEO base sur les Clusters - SEO,2025-05-26 - Strategie SEO base sur les Clusters - SEO,application/vnd.google-apps.document,1940304,2026-02-11T09:42:40.523Z,2025-05-26T11:40:43.538Z,0,,False,document,michaelkihlpro@gmail.com
16K1D37FGpAdHdkyFv7xA1M88EIBB8y935_P1D8B0Zuw,2023-10-04 - IG Summit 2023 Attendee Guide,2023-10-04 - IG Summit 2023 Attendee Guide,application/vnd.google-apps.presentation,5562,2026-02-11T09:42:39.824Z,2023-10-04T08:09:03.604Z,0,,False,presentation,michaelkihlpro@gmail.com
1lj2yvRUXENawRmXgSFwrucnsjL9Hk3YaY0QQlPZPYoc,2020-04-11 - ManyChat Audience,2020-04-11 - ManyChat Audience,application/vnd.google-apps.spreadsheet,5919,2026-02-11T09:42:39.280Z,2020-04-11T17:50:04.272Z,0,,False,spreadsheet,michaelkihlpro@gmail.com
1JVTpk2gEOxDqVjKbgQu6IJ_gMzthhwlEdGraltz94CU,2022-09-12 - Amazon Operation Loterie avec Instant Gagnant,2022-09-12 - Amazon Operation Loterie avec Instant Gagnant,application/vnd.google-apps.spreadsheet,1024,2026-02-11T09:42:38.759Z,2022-09-12T06:47:32.348Z,0,,False,spreadsheet,michaelkihlpro@gmail.com
1vTuQqrlz7jS51aeApht5_lF2r0zsKrYDVf-4GHllVNk,2021-11-26 - Nomenclature Amazon,2021-11-26 - Nomenclature Amazon,application/vnd.google-apps.spreadsheet,1024,2026-02-11T09:42:38.145Z,2021-11-26T21:55:03.427Z,0,,False,spreadsheet,michaelkihlpro@gmail.com
1LhH_AncnL6Ss4Hg-pDVgb5IqgQZBZwnlRC6DK_dj1JU,2021-09-27 - Code Coupon Manychat,2021-09-27 - Code Coupon Manychat,application/vnd.google-apps.spreadsheet,1024,2026-02-11T09:42:37.586Z,2021-09-27T09:45:50.241Z,0,,False,spreadsheet,michaelkihlpro@gmail.com
1L4IehGz7bvYE_qkYvsYKd0po2vnIXR4WcogYt_YtFkg,2024-12-27 - Apify Make Instagram Comptes (Task),2024-12-27 - Apify Make Instagram Comptes (Task),application/vnd.google-apps.spreadsheet,1024,2026-02-11T09:42:36.845Z,2024-12-27T15:52:15.551Z,0,,False,spreadsheet,michaelkihlpro@gmail.com
1dSpI_dVWjbpHtYJEkursc-mG_Lz3bkipf19u4wDa2lI,README - Monetisation schoolsWP,README - Monetisation schoolsWP,application/vnd.google-apps.document,3649,2026-02-11T09:42:36.141Z,2025-12-27T19:15:12.795Z,0,,False,document,michaelkihlpro@gmail.com
17QgRiOxya150v8pT5ov9VgIH446ImBhCfL-5wQTNFlE,Checklist - Publication → Monetisation (schoolsWP),Checklist - Publication → Monetisation (schoolsWP),application/vnd.google-apps.document,3598,2026-02-11T09:42:35.634Z,2025-12-27T20:04:14.560Z,0,,False,document,michaelkihlpro@gmail.com
1DWOxnW6dG5N-T_5WiAgnaMYGoFyaX-yg,2025-07-31 - Interface-animation-pixel-art-communaute-creative.jpg,2025-07-31 - Interface-animation-pixel-art-communaute-creative.jpg,image/jpeg,546501,2026-02-11T09:42:27.633Z,2025-07-31T10:04:00.360Z,0,,False,image,michaelkihlpro@gmail.com
1rdCJK8WQG3DsbwopjCUBE9Q6-016qwuc,2024-09-16 - Full Site Editing (FSE) WordPress Maitrise Le Futur Du Web WordPress- le pl....jpg,2024-09-16 - Full Site Editing (FSE) WordPress Maitrise Le Futur Du Web WordPress- le pl....jpg,image/jpeg,143101,2026-02-11T09:42:27.055Z,2024-09-16T17:31:05.628Z,0,,False,image,michaelkihlpro@gmail.com
1DmVkXJHJem5bwlfm6giSKAF_M0Gl0smp,2025-10-28 - EasyCommerce Meinung 2025 Das WordPress KI-E-Commerce-Plugin der nachsten Gen... - Cover article.jpg,2025-10-28 - EasyCommerce Meinung 2025 Das WordPress KI-E-Commerce-Plugin der nachsten Gen... - Cover article.jpg,image/jpeg,284339,2026-02-11T09:42:26.487Z,2025-10-28T10:28:34.952Z,0,,False,image,michaelkihlpro@gmail.com
11NvThTTV1emYMdUREffOffD1u-oghgDM,2024-11-06 - Creer un site WordPress sans installation avec TasteWP - Cover article.jpg,2024-11-06 - Creer un site WordPress sans installation avec TasteWP - Cover article.jpg,image/jpeg,243420,2026-02-11T09:42:25.960Z,2024-11-06T15:12:21.291Z,0,,False,image,michaelkihlpro@gmail.com
1XNmE6lRrvwSquN_tJGUv7Twf3s8GMx_S,2024-06-24 - Comment-creer-article-blog-wordpress - Cover article.jpg,2024-06-24 - Comment-creer-article-blog-wordpress - Cover article.jpg,image/jpeg,149123,2026-02-11T09:42:25.380Z,2024-06-24T07:45:49.969Z,0,,False,image,michaelkihlpro@gmail.com
1qm3xmJwLABA4uyMJeF2M1l8_llzTctzR,2024-06-15 - Comparaison FluentBooking vs Amelia Booking Choix de Plugin de Reservation po... - Cover article.jpg,2024-06-15 - Comparaison FluentBooking vs Amelia Booking Choix de Plugin de Reservation po... - Cover article.jpg,image/jpeg,310546,2026-02-11T09:42:24.849Z,2024-06-15T09:10:07.110Z,0,,False,image,michaelkihlpro@gmail.com
1qKC2Ha3hHqwbUBIrYcV2Vgcgac2syITY,2024-06-15 - FluentBooking WordPress Plugin Maximisez vos reservations en ligne - Cover article.jpg,2024-06-15 - FluentBooking WordPress Plugin Maximisez vos reservations en ligne - Cover article.jpg,image/jpeg,151347,2026-02-11T09:42:24.307Z,2024-06-15T09:10:07.910Z,0,,False,image,michaelkihlpro@gmail.com
1qLSGqdM59wmDhis4S56DwXoGhPK-Lgsv,2024-06-15 - FluentBooking pour WordPress Simplifiez vos reservations en ligne - Cover article.jpg,2024-06-15 - FluentBooking pour WordPress Simplifiez vos reservations en ligne - Cover article.jpg,image/jpeg,139167,2026-02-11T09:42:23.743Z,2024-06-15T09:10:08.150Z,0,,False,image,michaelkihlpro@gmail.com
1qEiK2RxWtB4gAkaccTSNPHTo8kWk6_JW,2024-06-15 - FluentBooking-ajout-disponibilite-horaires - Cover article.jpg,2024-06-15 - FluentBooking-ajout-disponibilite-horaires - Cover article.jpg,image/jpeg,266459,2026-02-11T09:42:23.161Z,2024-06-15T09:10:08.800Z,0,,False,image,michaelkihlpro@gmail.com
1qvchZrIF-U-t8g_GMNtcFoAg3tpzq6Cs,2024-06-15 - FluentBooking-Tableau-de-bord-Ajout-Disponibilite - Cover article.jpg,2024-06-15 - FluentBooking-Tableau-de-bord-Ajout-Disponibilite - Cover article.jpg,image/jpeg,50359,2026-02-11T09:42:22.564Z,2024-06-15T09:10:08.610Z,0,,False,image,michaelkihlpro@gmail.com
1qsl1vVErvf7Hgw2kVwID5v-xHBSAj7A3,2024-06-15 - FluentBooking-Tableau-de-bord-Disponibilite - Cover article.jpg,2024-06-15 - FluentBooking-Tableau-de-bord-Disponibilite - Cover article.jpg,image/jpeg,94345,2026-02-11T09:42:22.018Z,2024-06-15T09:10:08.460Z,0,,False,image,michaelkihlpro@gmail.com
1qXa4to44kwJ5OKswV3XDkYQHIsVagGne,2024-06-15 - FluentBooking- La Solution Ultime pour Optimiser la Planification et les Rese... - Cover article.jpg,2024-06-15 - FluentBooking- La Solution Ultime pour Optimiser la Planification et les Rese... - Cover article.jpg,image/jpeg,319138,2026-02-11T09:42:21.202Z,2024-06-15T09:10:08.210Z,0,,False,image,michaelkihlpro@gmail.com
1nX4DRzzRnTm3jue34ghtTDWXk6EHzuO3hltObxLgRms,2025-03-31 - Pinterest Epingle,2025-03-31 - Pinterest Epingle,application/vnd.google-apps.spreadsheet,1024,2026-02-11T09:42:20.697Z,2025-03-31T14:42:05.107Z,0,,False,spreadsheet,michaelkihlpro@gmail.com
14H1BbBqzz709Qgc2kxcMBpK3gRgc7N-1JMNwYNslLEA,2024-08-24 - DataTwitter,2024-08-24 - DataTwitter,application/vnd.google-apps.spreadsheet,12757,2026-02-11T09:42:20.098Z,2024-08-24T11:24:01.237Z,0,,False,spreadsheet,michaelkihlpro@gmail.com
1JlcEXwLN6FiAhYa7HFtNN_AxGyIQ3DenzOi0CsAOhow,2024-07-14 - Alexis Fichou DataLinkedIn,2024-07-14 - Alexis Fichou DataLinkedIn,application/vnd.google-apps.spreadsheet,47013,2026-02-11T09:42:19.263Z,2024-07-14T07:54:05.691Z,0,,False,spreadsheet,michaelkihlpro@gmail.com
1d_ljRuOEcOS-AMBZ3Q85HIudzFLMOYuGaptAdxScLrA,2024-07-14 - DataLinkedIn Alex Borto,2024-07-14 - DataLinkedIn Alex Borto,application/vnd.google-apps.spreadsheet,76355,2026-02-11T09:42:18.264Z,2024-07-14T07:53:52.031Z,0,,False,spreadsheet,michaelkihlpro@gmail.com
1ObOjtc7NuEimzojJuWegZw_KroXXp3K7Vwedh2Wamw0,2023-03-03 - Tableaux,2023-03-03 - Tableaux,application/vnd.google-apps.spreadsheet,2579,2026-02-11T09:42:17.607Z,2023-03-03T16:24:35.126Z,0,,False,spreadsheet,michaelkihlpro@gmail.com
1qL9xNE8xi17yHkn14S-Cr-022nEfKGi_6TDyUpwlQ4w,2025-10-10 - Bit Flows Avis 2025 - L’automatisation WordPress sans limites,2025-10-10 - Bit Flows Avis 2025 - L’automatisation WordPress sans limites,application/vnd.google-apps.document,66573,2026-02-11T09:42:16.897Z,2025-10-10T07:43:03.028Z,0,,True,document,michaelkihlpro@gmail.com
1Ad_5ys5XrHvj3wQ_R8Bdwe-jfx1du5DuXz1NgDQyGNw,2025-08-30 - Pulse avis - Faut-il adopter cet outil pour vos fiches produits e-commerce en...,2025-08-30 - Pulse avis - Faut-il adopter cet outil pour vos fiches produits e-commerce en...,application/vnd.google-apps.document,52380,2026-02-11T09:42:16.341Z,2025-08-30T09:28:12.800Z,0,,True,document,michaelkihlpro@gmail.com
1OqSbxNhsZ0RU2nu55SYBYWLGtz0goYP9_t9wOVK9svA,2025-08-21 - Linksgarden avis 2025 test complet de la plateforme de netlinking,2025-08-21 - Linksgarden avis 2025 test complet de la plateforme de netlinking,application/vnd.google-apps.document,210587,2026-02-11T09:42:15.666Z,2025-08-21T12:51:33.596Z,0,,True,document,michaelkihlpro@gmail.com
1EkGjUq8GDja7RwzV7-xp_NoQ2fDNMWZR754smhxR1K0,2025-08-10 - AffiliatePress avis mon test complet du plugin d’affiliation WordPress,2025-08-10 - AffiliatePress avis mon test complet du plugin d’affiliation WordPress,application/vnd.google-apps.document,9496,2026-02-11T09:42:15.026Z,2025-08-10T15:21:29.971Z,0,,False,document,michaelkihlpro@gmail.com
1-bDmQAsOa07cutAaHbIgxpfJK9gO2iMZedSn7Oc5Xlg,2025-07-28 - Why Droip Is the WordPress Builder We All Have Been Waiting For,2025-07-28 - Why Droip Is the WordPress Builder We All Have Been Waiting For,application/vnd.google-apps.document,9034319,2026-02-11T09:42:14.510Z,2025-07-28T20:27:25.393Z,0,,False,document,michaelkihlpro@gmail.com
1kWJCCLrBe0jOx2say_h2TOy5fF300FxZdmTmqBksJVU,2024-03-11 - FluentBooking La Solution Ultime pour Optimiser la Planification et les Reser...,2024-03-11 - FluentBooking La Solution Ultime pour Optimiser la Planification et les Reser...,application/vnd.google-apps.document,16307,2026-02-11T09:42:13.808Z,2024-03-11T17:06:33.434Z,0,,False,document,michaelkihlpro@gmail.com
18OwhJOZlAAaFzOQKqD4wqJj4oyGZdMm7RpLWjviQF2g,2024-04-09 - Maintenance WordPress Guide Complet pour un Site Toujours Operationnel,2024-04-09 - Maintenance WordPress Guide Complet pour un Site Toujours Operationnel,application/vnd.google-apps.document,1570,2026-02-11T09:42:13.086Z,2024-04-09T18:39:02.724Z,0,,False,document,michaelkihlpro@gmail.com
1e81ULwQ6J6zcAktLg0FF6SrfbTSmhDTynzeoFbxIM9M,2025-07-18 - Instagram scripts,2025-07-18 - Instagram scripts,application/vnd.google-apps.spreadsheet,1610,2026-02-11T09:42:12.450Z,2025-07-18T16:19:10.829Z,0,,False,spreadsheet,michaelkihlpro@gmail.com
1-TUjM7Wg8pkHVFXQPrSP66Knewh9gcjWSvB03fTiCgc,2025-07-18 - Videos Youtube Automatisees,2025-07-18 - Videos Youtube Automatisees,application/vnd.google-apps.spreadsheet,2497,2026-02-11T09:42:11.770Z,2025-07-18T14:51:11.242Z,0,,False,spreadsheet,michaelkihlpro@gmail.com
1ezcIaDk1avyMji8IFNXnxO6g6qHY0fqa_jyO9taPpOI,2025-07-18 - YouTube Thumbnails,2025-07-18 - YouTube Thumbnails,application/vnd.google-apps.spreadsheet,1024,2026-02-11T09:42:11.303Z,2025-07-18T14:39:26.908Z,0,,False,spreadsheet,michaelkihlpro@gmail.com
1hcXf6guf90rNole0X2QCS3x1V41mknZo5Fo7M2_OPK8,2024-10-14 - schoolsWP,2024-10-14 - schoolsWP,application/vnd.google-apps.spreadsheet,40287,2026-02-11T09:42:10.617Z,2024-10-14T07:32:41.101Z,0,,False,spreadsheet,michaelkihlpro@gmail.com
1vxGqr7_Kqr3pFr-7oE31XoNprCjRGRNsocv-s9-R3kI,2026-01-26 - Framework schoolsWP Keyword → Intention → Page → Conversion,2026-01-26 - Framework schoolsWP Keyword → Intention → Page → Conversion,application/vnd.google-apps.spreadsheet,1024,2026-02-11T09:42:10.068Z,2026-01-26T14:14:21.351Z,0,,False,spreadsheet,michaelkihlpro@gmail.com
1onesXa0JMa1p_Dec3qyVNyTfj512O8eZXmYKW6EVr6M,2024-05-04 - URL SCHOOLSWP,2024-05-04 - URL SCHOOLSWP,application/vnd.google-apps.spreadsheet,18347,2026-02-11T09:42:09.399Z,2024-05-04T15:21:09.311Z,0,,False,spreadsheet,michaelkihlpro@gmail.com
1_oFuh8079yOktRGyrO9GCDn562sxIkY9-_-ieDI96Ro,2026-02-03 - Recherche Mots-cles - Template - SEO - schoolsWP.md,2026-02-03 - Recherche Mots-cles - Template - SEO - schoolsWP.md,application/vnd.google-apps.document,5908,2026-02-11T09:42:08.277Z,2025-12-27T09:02:23.988Z,0,,False,document,michaelkihlpro@gmail.com
1nFEmkr5qGKapRN8_2modY3k_dlJzS2G0_qt3z12602c,2026-02-03 - Prompts Generation Visuels - Template - Asset - GPT-5.md,2026-02-03 - Prompts Generation Visuels - Template - Asset - GPT-5.md,application/vnd.google-apps.document,8756,2026-02-11T09:42:07.640Z,2025-12-26T22:03:25.184Z,0,,False,document,michaelkihlpro@gmail.com
1KVNK-JclD9-ym2hXD8nT_kELCr1HM9CQct5KQqfcKFI,2026-02-03 - Systeme Contenu LinkedIn - Template - Social - schoolsWP.md,2026-02-03 - Systeme Contenu LinkedIn - Template - Social - schoolsWP.md,application/vnd.google-apps.document,8066,2026-02-11T09:42:06.692Z,2025-12-26T21:53:29.307Z,0,,False,document,michaelkihlpro@gmail.com
1queWioMuag8Qx1rcnshKIiD0saYQQG-Jrjxxz-rFvmY,2024-12-16 - EAYCREA Sequence email de vente - Template Email,2024-12-16 - EAYCREA Sequence email de vente - Template Email,application/vnd.google-apps.document,7877,2026-02-11T09:42:05.141Z,2024-12-16T10:54:21.593Z,0,,False,document,michaelkihlpro@gmail.com
1G7ZO2pArCN2t_Vcc4Ia9bpDLT4COElouR48XAdGrsNM,2022-08-31 - SIO Realise tes premieres ventes - Template Email,2022-08-31 - SIO Realise tes premieres ventes - Template Email,application/vnd.google-apps.spreadsheet,1024,2026-02-11T09:42:04.581Z,2022-08-31T10:26:38.320Z,0,,False,spreadsheet,michaelkihlpro@gmail.com
1pjQKLR2cGS00rEQOd4Y3BNo36P0k4h7_fwuGIeFRPA8,2025-05-22 - Email Marketing Brunelia Francais - Template Email,2025-05-22 - Email Marketing Brunelia Francais - Template Email,application/vnd.google-apps.spreadsheet,38531,2026-02-11T09:42:03.785Z,2025-05-22T07:34:41.403Z,0,,False,spreadsheet,michaelkihlpro@gmail.com
1YFthh_rlRCI2y9w7BOl_od_eIv2CuvmL3uH3KA4eU7o,2024-09-09 - Prompt ChatGPT pour generer un article de blog qui RANKE sur Google en quelqu... - Prompt,2024-09-09 - Prompt ChatGPT pour generer un article de blog qui RANKE sur Google en quelqu... - Prompt,application/vnd.google-apps.document,3717,2026-02-11T09:42:00.364Z,2024-09-09T13:45:11.582Z,0,,False,document,michaelkihlpro@gmail.com
1MfBFfe_dCpBOqTZd3KUsGbJLSp4iVxH2,2025-12-29 - Securite Renforcee de NOM DE TON GPT - Prompt.json,2025-12-29 - Securite Renforcee de NOM DE TON GPT - Prompt.json,application/json,6338,2026-02-11T09:41:59.838Z,2025-12-29T17:44:29.830Z,0,,False,code,michaelkihlpro@gmail.com
1FuntSov6sPJgrOtRbfpjikmURUGzJmRiZH4aAABfUIs,2023-09-18 - GPT Creation de contenu 10 langues - Prompt,2023-09-18 - GPT Creation de contenu 10 langues - Prompt,application/vnd.google-apps.spreadsheet,17517,2026-02-11T09:41:59.251Z,2023-09-18T08:08:10.912Z,0,,False,spreadsheet,michaelkihlpro@gmail.com
1rAqN08J9qeEkWxep4vFWSMVpTxMgeJz3oIFR_3fgCTw,"2023-01-03 - Comment utiliser ChatGPT pour automatiser la creation de tes contenus, et red... - Prompt","2023-01-03 - Comment utiliser ChatGPT pour automatiser la creation de tes contenus, et red... - Prompt",application/vnd.google-apps.document,332505,2026-02-11T09:41:58.637Z,2023-01-03T16:28:29.630Z,0,,False,document,michaelkihlpro@gmail.com
1IBvqa4a886jtqUWL_lGUosAsnUG_jnao830eK7N8BQM,2025-05-02 - Etude Chat GPT Fournisseurs de dropshipping (Maison et Decoration) - Prompt,2025-05-02 - Etude Chat GPT Fournisseurs de dropshipping (Maison et Decoration) - Prompt,application/vnd.google-apps.document,26845,2026-02-11T09:41:57.991Z,2025-05-02T08:53:39.031Z,0,,False,document,michaelkihlpro@gmail.com
1tXuEO5PkMx5IHRbBodUtpvvArWVQ1I7KSljSzT4PyFU,Modele de Prompt Structure Ultime (pour IA),Modele de Prompt Structure Ultime (pour IA),application/vnd.google-apps.document,3359,2026-02-11T09:41:54.464Z,2026-02-09T09:33:18.452Z,0,,False,document,michaelkihlpro@gmail.com
1cX1hDnU0DwIiXqXJRpJNeywNk5Iu6q0M5PT3rPanKiw,Nomenclature et regles de nommage - Prompts schoolsWP (Michael KIHL),Nomenclature et regles de nommage - Prompts schoolsWP (Michael KIHL),application/vnd.google-apps.document,8003,2026-02-11T09:41:53.921Z,2026-02-09T09:33:23.109Z,0,,False,document,michaelkihlpro@gmail.com
1CfvrK1HWemt_eDmtDD8hT__Q8K6vZFCgSp3Awm9Q4Ws,Modele de Prompt Structure Ultime (pour IA),Modele de Prompt Structure Ultime (pour IA),application/vnd.google-apps.document,3359,2026-02-11T09:41:53.391Z,2026-02-09T09:36:22.222Z,0,,False,document,michaelkihlpro@gmail.com
1wW6efkEVN1Ah49B0tBg9RdnmkRd5-kBYKa-H8RX-MZA,Nomenclature et regles de nommage - Prompts schoolsWP (Michael KIHL),Nomenclature et regles de nommage - Prompts schoolsWP (Michael KIHL),application/vnd.google-apps.document,8003,2026-02-11T09:41:52.742Z,2026-02-09T09:36:44.107Z,0,,False,document,michaelkihlpro@gmail.com
1-7QoxRQIAoUfb26zO-wOhMAMZPk_dl8-uGQ48NYCoko,Suivi Affilies Plugins (RSS-Promos),Suivi Affilies Plugins (RSS-Promos),application/vnd.google-apps.spreadsheet,9249,2026-02-11T09:41:52.153Z,2026-01-31T16:29:18.093Z,0,,False,spreadsheet,michaelkihlpro@gmail.com
1JSbWHeZZ5BnNY_1Ii0NhVBVIXbltRAglBZU3IHsdsqY,2023-10-12 - Check-list complete WordPress - Checklist,2023-10-12 - Check-list complete WordPress - Checklist,application/vnd.google-apps.document,4375,2026-02-11T09:41:51.677Z,2023-10-12T08:32:16.542Z,0,,False,document,michaelkihlpro@gmail.com
1dwdf6wUAMqMx_RxjDINfyzTwnCAc-KVScFDwJVzKezo,Nomenclature et regles de nommage du Drive,Nomenclature et regles de nommage du Drive,application/vnd.google-apps.document,9730,2026-02-11T09:41:50.538Z,2025-12-27T17:48:36.804Z,0,,False,document,michaelkihlpro@gmail.com
1UDiY20HValA26wQ5wou0ekGXIiXRbTJXo5Bj6n0B-7w,2025-09-11 - Ressources formation Cold Mailing,2025-09-11 - Ressources formation Cold Mailing,application/vnd.google-apps.document,2651,2026-02-11T09:41:48.994Z,2025-09-11T08:28:08.791Z,0,,False,document,michaelkihlpro@gmail.com
1nYDd9tZoY5V3jGc65tCYyS5Bpk30WclxhrfG3_Q2p4k,2025-06-09 - WORKBOOK Diogale Formation offerte 5 jours,2025-06-09 - WORKBOOK Diogale Formation offerte 5 jours,application/vnd.google-apps.document,340286,2026-02-11T09:41:48.413Z,2025-06-09T13:09:45.317Z,0,,False,document,michaelkihlpro@gmail.com
1rZTJjIHnbw6TZP8WM0L7KWX5LoJrfBGwqfj5_c1-n9g,2025-06-12 - YouTube To Facebook Post,2025-06-12 - YouTube To Facebook Post,application/vnd.google-apps.spreadsheet,2405,2026-02-11T09:41:47.836Z,2025-06-12T14:59:36.996Z,0,,False,spreadsheet,michaelkihlpro@gmail.com
1p-LB1XR_rTAKPcvfFqiLB6uLdUKuZ-brGq18TlQYUMA,2023-08-17 - Microthemer Editeur CSS visuel pour WordPress Personnalisez facilement votre ...,2023-08-17 - Microthemer Editeur CSS visuel pour WordPress Personnalisez facilement votre ...,application/vnd.google-apps.document,1264,2026-02-11T09:41:47.246Z,2023-08-17T16:02:56.696Z,0,,False,document,michaelkihlpro@gmail.com
1cygZwJxpJq20ARJZgzR_d39CCqclmDLh0F4vPC4GH9A,2024-09-03 - Formation WordPress en ligne Maitrisez WordPress en 2024,2024-09-03 - Formation WordPress en ligne Maitrisez WordPress en 2024,application/vnd.google-apps.document,18036,2026-02-11T09:41:46.508Z,2024-09-03T18:33:26.028Z,0,,False,document,michaelkihlpro@gmail.com
11K_L_VWyJzm01oJntuWppmuMlYEZuFs9jZQDwKUS0Js,2025-09-26 - schoolsWP Plan de Taggage,2025-09-26 - schoolsWP Plan de Taggage,application/vnd.google-apps.spreadsheet,1024,2026-02-11T09:41:46.001Z,2025-09-26T15:19:35.056Z,0,,False,spreadsheet,michaelkihlpro@gmail.com
1XT_ol_lzz8h3eGt51UzS2BUH9jR8nGQY9Qg7PoZ0eDw,2025-09-26 - schoolsWP Plan de Mesure,2025-09-26 - schoolsWP Plan de Mesure,application/vnd.google-apps.spreadsheet,5691,2026-02-11T09:41:45.438Z,2025-09-26T12:15:05.767Z,0,,False,spreadsheet,michaelkihlpro@gmail.com
1JjTi0KHc-LOPgi03TTPn4grwHeUBpgbnhsol-OBZZ40,2025-09-02 - Lecon 8 Module 2 Identifier les contenus a consolider,2025-09-02 - Lecon 8 Module 2 Identifier les contenus a consolider,application/vnd.google-apps.document,9781,2026-02-11T09:41:44.870Z,2025-09-02T16:18:12.152Z,0,,False,document,michaelkihlpro@gmail.com
1_gfuRa4eOiyacL1b8B3Hb5-2MRmssnzaD8OHYhc6sAE,2025-09-02 - Lecon 6 Module 2 Identifier les contenus a garder et a ameliorer,2025-09-02 - Lecon 6 Module 2 Identifier les contenus a garder et a ameliorer,application/vnd.google-apps.document,10327,2026-02-11T09:41:44.278Z,2025-09-02T16:13:13.929Z,0,,False,document,michaelkihlpro@gmail.com
1_R-rBjva6DcUwFtfEMnWYgsJPFNKwRQSrTIdpLGkgFU,2025-09-02 - Lecon 3 Module 2 Extraire les URL indexables et collecter les donnees via Sc...,2025-09-02 - Lecon 3 Module 2 Extraire les URL indexables et collecter les donnees via Sc...,application/vnd.google-apps.document,8880,2026-02-11T09:41:43.749Z,2025-09-02T15:39:52.979Z,0,,False,document,michaelkihlpro@gmail.com
1YpLIsOsMrwBqb60B2v7Y0UiuTs0HgOJ1PB81lPtgh_8,2025-09-02 - Lecon 9 Module 2 Identifier les contenus a desindexer et a supprimer,2025-09-02 - Lecon 9 Module 2 Identifier les contenus a desindexer et a supprimer,application/vnd.google-apps.document,11123,2026-02-11T09:41:43.250Z,2025-09-02T16:20:50.020Z,0,,False,document,michaelkihlpro@gmail.com
1o9x-2KMKr6wptkkhnywOlRuTHsRzte88g1uFRbn59CE,2023-11-17 - Configuration WP Auto,2023-11-17 - Configuration WP Auto,application/vnd.google-apps.document,5726,2026-02-11T09:41:42.698Z,2023-11-17T21:21:46.921Z,0,,False,document,michaelkihlpro@gmail.com
14pGRyjTOndXEuaR8c4UzXNBAcTiF6eieaSLFqHtwMp4,2025-07-06 - Cluster Formation WordPress,2025-07-06 - Cluster Formation WordPress,application/vnd.google-apps.spreadsheet,1024,2026-02-11T09:41:42.057Z,2025-07-06T13:47:02.032Z,0,,False,spreadsheet,michaelkihlpro@gmail.com
1JJuAaUPBT7TNS4d6MeVU8S3XuwQE0wzK4bM2LcyJ55k,2025-06-18 - YouTube vers Article WordPress,2025-06-18 - YouTube vers Article WordPress,application/vnd.google-apps.spreadsheet,1024,2026-02-11T09:41:41.542Z,2025-06-18T16:17:24.144Z,0,,False,spreadsheet,michaelkihlpro@gmail.com
14NXRUx9aavt1n4xHlWQQPKOQBGma64YVqVpjYUwouXo,2025-03-29 - Flux RSS WordPress,2025-03-29 - Flux RSS WordPress,application/vnd.google-apps.spreadsheet,1024,2026-02-11T09:41:40.923Z,2025-03-29T08:22:05.929Z,0,,False,spreadsheet,michaelkihlpro@gmail.com
1kTjibvKs1uSU3HqJPtYPMSQ-Qrn3AlsWBU7GNMLpdH4,2024-07-19 - schoolsWP Article de blog en francais,2024-07-19 - schoolsWP Article de blog en francais,application/vnd.google-apps.spreadsheet,1024,2026-02-11T09:41:40.307Z,2024-07-19T11:47:46.225Z,0,,False,spreadsheet,michaelkihlpro@gmail.com
1_RJBBHjG1H_sxnfJqHB8hm74cYsWNTaWEbWOqNhZpp8,2024-03-25 - schoolsWP Twitter (X),2024-03-25 - schoolsWP Twitter (X),application/vnd.google-apps.spreadsheet,1024,2026-02-11T09:41:39.819Z,2024-03-25T17:09:43.313Z,0,,False,spreadsheet,michaelkihlpro@gmail.com
1IIMPhaIRkyi6-CNMROIdhlfw3x7PsnOrYqki3F4DIrQ,2025-07-18 - Automatiser Creation Contenu,2025-07-18 - Automatiser Creation Contenu,application/vnd.google-apps.spreadsheet,1024,2026-02-11T09:41:39.234Z,2025-07-18T15:39:26.208Z,0,,False,spreadsheet,michaelkihlpro@gmail.com
1C0qyf6Mrp6XRz8y3t8ik-bh6m2ze2ZJKMV5jmzyFO_k,2024-03-18 - Flux RSS Hebergement Wordpress,2024-03-18 - Flux RSS Hebergement Wordpress,application/vnd.google-apps.spreadsheet,1024,2026-02-11T09:41:38.536Z,2024-03-18T14:41:17.171Z,0,,False,spreadsheet,michaelkihlpro@gmail.com
1Ion8RDm6STLmY52ZRb0uxRRb7fXjvk5C,2025-12-29 - Bilan-periodique-KIHL-Mae-2024-2025-S1.pdf,2025-12-29 - Bilan-periodique-KIHL-Mae-2024-2025-S1.pdf,application/pdf,108684,2026-02-11T09:41:37.395Z,2025-12-29T17:44:24.553Z,0,,False,pdf,michaelkihlpro@gmail.com
1s0MIib8ZRc6i7grhW9_q8y9dykfOiLjt,2025-07-16 - RDV26Aout-neurologie-Michael-KIHL.pdf,2025-07-16 - RDV26Aout-neurologie-Michael-KIHL.pdf,application/pdf,28028,2026-02-11T09:41:36.847Z,2025-07-16T20:38:48.054Z,0,,False,pdf,michaelkihlpro@gmail.com
1jeSXclPTAmpXzp22DF89WiBUQmi9-2ar,2025-07-16 - RDV25mars-neurologie-Michael-KIHL.pdf,2025-07-16 - RDV25mars-neurologie-Michael-KIHL.pdf,application/pdf,17963,2026-02-11T09:41:36.322Z,2025-07-16T20:38:48.135Z,0,,False,pdf,michaelkihlpro@gmail.com
1-2r4AOJsdp4wz6DGJCMrTmoUve6BypyF,2025-07-16 - IRM CEREBRALE.pdf,2025-07-16 - IRM CEREBRALE.pdf,application/pdf,1098701,2026-02-11T09:41:35.804Z,2025-07-16T20:38:47.791Z,0,,False,pdf,michaelkihlpro@gmail.com
1hJ1T52zVgMFjdMdY49_6stIoqFay4pr1,2025-07-16 - MICHAEL KIHL CONSULTATION NEUROLOGIE.pdf,2025-07-16 - MICHAEL KIHL CONSULTATION NEUROLOGIE.pdf,application/pdf,491622,2026-02-11T09:41:35.200Z,2025-07-16T20:38:47.163Z,0,,False,pdf,michaelkihlpro@gmail.com
1k6Xr6nCvPgbjkywWu9fzk9VYws6Ur0FtF5CwW0y2HGM,"2023-11-14 - Nouveautes 2021 chez EasyHoster securite, backups, performances, SEO et plus - Article - FR","2023-11-14 - Nouveautes 2021 chez EasyHoster securite, backups, performances, SEO et plus - Article - FR",application/vnd.google-apps.document,6479,2026-02-11T09:34:17.916Z,2023-11-14T09:47:14.894Z,0,,False,document,michaelkihlpro@gmail.com
1CiZxUDrJA4Tfn92-Fu1O7QefYfOMfBaYSxZG4WY7RHI,2023-10-16 - Analyse approfondie de thruuu Loutil de scraping et danalyse de la SERP - Article - FR,2023-10-16 - Analyse approfondie de thruuu Loutil de scraping et danalyse de la SERP - Article - FR,application/vnd.google-apps.document,13297,2026-02-11T09:34:17.311Z,2023-10-16T09:22:34.029Z,0,,False,document,michaelkihlpro@gmail.com
1ZuE_IpcYjpsKkBGb_83q4sYRJb2hcnJNuZ2xLMhtkjA,2024-10-20 - FluentBooking vs Amelia Booking pour WordPress quel plugin choisir - Article - FR,2024-10-20 - FluentBooking vs Amelia Booking pour WordPress quel plugin choisir - Article - FR,application/vnd.google-apps.document,1410,2026-02-11T09:34:16.789Z,2024-10-20T17:38:35.399Z,0,,False,document,michaelkihlpro@gmail.com
1ZRnFLgSQg5B506ugBvZsrn5BtHDpkqdNCogve7v8LNI,2024-09-21 - Suretriggers vs Zapier trouvez la meilleure solution dautomation - Article - FR,2024-09-21 - Suretriggers vs Zapier trouvez la meilleure solution dautomation - Article - FR,application/vnd.google-apps.document,6021,2026-02-11T09:34:16.201Z,2024-09-21T07:58:13.599Z,0,,False,document,michaelkihlpro@gmail.com
1C8CLgSgm9wQ7H870wc6bCy0V6vlSe1yT59PgJAX3yyg,2024-06-07 - Launchflows vs cartflows lequel choisir pour votre funnel WordPress - Article - FR,2024-06-07 - Launchflows vs cartflows lequel choisir pour votre funnel WordPress - Article - FR,application/vnd.google-apps.document,6706,2026-02-11T09:34:15.567Z,2024-06-07T16:02:51.489Z,0,,False,document,michaelkihlpro@gmail.com
1I9Bm9nKGMFaHRAj0ie6u-TWl5974_s-92dLsbaByuxM,2024-11-11 - SureForms Createur de Formulaires WordPress Alimente par lIA - Article - FR,2024-11-11 - SureForms Createur de Formulaires WordPress Alimente par lIA - Article - FR,application/vnd.google-apps.document,12077,2026-02-11T09:34:14.938Z,2024-11-11T13:24:40.690Z,0,,False,document,michaelkihlpro@gmail.com
1vRiux3InVmkMiww6ePcyu7wZ-XIjKLLpMk7UGClTols,2025-01-16 - LatePoint Plugin de reservation WordPress intuitif et rapide - Article - FR,2025-01-16 - LatePoint Plugin de reservation WordPress intuitif et rapide - Article - FR,application/vnd.google-apps.document,1024,2026-02-11T09:34:14.463Z,2025-01-16T18:43:05.215Z,0,,False,document,michaelkihlpro@gmail.com
1rNrNmKdUaWMTbMHP31mmR6hUTGzXgm9YIoeJRoulNo0,2025-01-11 - WP Umbrella Pourquoi les Agences WordPress ladorent - Article - FR,2025-01-11 - WP Umbrella Pourquoi les Agences WordPress ladorent - Article - FR,application/vnd.google-apps.document,5519,2026-02-11T09:34:13.817Z,2025-01-11T10:56:01.426Z,0,,True,document,michaelkihlpro@gmail.com
1BTsTGhJQWddxASd006fhmhbc3epQxnLMvPyOAQ1JUR8,2025-01-09 - Pourquoi Thot SEO est-il l’outil d’optimisation semantique n°1 - Article - FR,2025-01-09 - Pourquoi Thot SEO est-il l’outil d’optimisation semantique n°1 - Article - FR,application/vnd.google-apps.document,6371,2026-02-11T09:34:13.203Z,2025-01-09T09:34:57.575Z,0,,False,document,michaelkihlpro@gmail.com
1_6AlLP1p8Ztxi2XIgVD3wN0AdS-m9FU6f_7T36b0QRw,2024-12-06 - Qu’est-ce que la creation de site WordPress sur mesure et ses avantages - Article - FR,2024-12-06 - Qu’est-ce que la creation de site WordPress sur mesure et ses avantages - Article - FR,application/vnd.google-apps.document,63629,2026-02-11T09:34:12.467Z,2024-12-06T15:28:22.446Z,0,,False,document,michaelkihlpro@gmail.com
1qA4KpyzPRNc-njR_tapM9YpPfU1m5uzF1IbUAhZXrkk,2024-11-25 - WordPress Playground cest quoi et comment lutiliser - Article - FR,2024-11-25 - WordPress Playground cest quoi et comment lutiliser - Article - FR,application/vnd.google-apps.document,6697,2026-02-11T09:34:11.858Z,2024-11-25T16:48:51.409Z,0,,False,document,michaelkihlpro@gmail.com
1E7UvyZ3Bha2FyFRMTJNtiibfQo5qikOWfCerpcXxlck,2024-11-20 - Un slug dans WordPress cest quoi - Article - FR,2024-11-20 - Un slug dans WordPress cest quoi - Article - FR,application/vnd.google-apps.document,6605,2026-02-11T09:34:11.324Z,2024-11-20T17:03:06.596Z,0,,False,document,michaelkihlpro@gmail.com
13d7d2Vu-1STagh_-c3hZ4CMncAc5IDUP5RmSEbcNieM,2024-05-04 - Comment creer un article de blog sur WordPress - Article - FR,2024-05-04 - Comment creer un article de blog sur WordPress - Article - FR,application/vnd.google-apps.document,4758,2026-02-11T09:34:10.707Z,2024-05-04T09:16:34.476Z,0,,False,document,michaelkihlpro@gmail.com
1JZpIm5yv8bi9dwcWxc4BWC6VXrfNHFZR4H-_fqRMXRg,2024-10-08 - ZipWP vs InstaWP quel est le meilleur pour lancer WordPress rapidement - Article - FR,2024-10-08 - ZipWP vs InstaWP quel est le meilleur pour lancer WordPress rapidement - Article - FR,application/vnd.google-apps.document,1573,2026-02-11T09:34:10.059Z,2024-10-08T06:40:47.140Z,0,,False,document,michaelkihlpro@gmail.com
1jhFJjQDVJnvBwbFoc8v9-shE4rfm3g8_CZrrTauV8XU,2024-09-30 - SureMembers vs Restrict Content Pro comparatif des plugins dadhesion - Article - FR,2024-09-30 - SureMembers vs Restrict Content Pro comparatif des plugins dadhesion - Article - FR,application/vnd.google-apps.document,2256,2026-02-11T09:34:09.557Z,2024-09-30T08:40:11.174Z,0,,False,document,michaelkihlpro@gmail.com
1r-WFq-A85DKDn-xysXDRmH4UQcJ3SALCWoNHh1jG5eQ,2024-08-02 - Quest-ce quun theme WordPress Guide complet et utilisation - Article - FR,2024-08-02 - Quest-ce quun theme WordPress Guide complet et utilisation - Article - FR,application/vnd.google-apps.document,3259,2026-02-11T09:34:09.014Z,2024-08-02T19:50:44.701Z,0,,False,document,michaelkihlpro@gmail.com
1_jj2fnk-pNmTMQW2vFxp1kR43UKn7jRdEePewaN6ezM,2024-07-09 - Funnelkit avis le meilleur plugin pour creer des tunnels de vente - Article - FR,2024-07-09 - Funnelkit avis le meilleur plugin pour creer des tunnels de vente - Article - FR,application/vnd.google-apps.document,9678,2026-02-11T09:34:08.224Z,2024-07-09T15:35:33.110Z,0,,False,document,michaelkihlpro@gmail.com
1BAZkoPtiZsxQSIXNnSG2biL8inoU_pdTTfJTQjyS0DI,2024-07-08 - Comment structurer un article sur WordPress pour ameliorer la lisibilite - Article - FR,2024-07-08 - Comment structurer un article sur WordPress pour ameliorer la lisibilite - Article - FR,application/vnd.google-apps.document,1455,2026-02-11T09:34:07.629Z,2024-07-08T16:18:45.438Z,0,,False,document,michaelkihlpro@gmail.com
1GRcHh_8vb08mvEpNpZDfoGUtVasamjGFoMTgUleRhvQ,"2024-08-01 - FlyingPress, avis 2024 devriez-vous l’adopter plutot que WP Rocket - Article - FR","2024-08-01 - FlyingPress, avis 2024 devriez-vous l’adopter plutot que WP Rocket - Article - FR",application/vnd.google-apps.document,2143,2026-02-11T09:34:07.120Z,2024-08-01T16:19:42.130Z,0,,False,document,michaelkihlpro@gmail.com
1VNz5xCpHRzR0BPclDwXWll41U8CK4KhpJp84Wi4Q46Y,2024-10-21 - Qu’est-ce qu’un plugin WordPress et comment fonctionne-t-il - Article - FR,2024-10-21 - Qu’est-ce qu’un plugin WordPress et comment fonctionne-t-il - Article - FR,application/vnd.google-apps.document,1618,2026-02-11T09:34:06.604Z,2024-10-21T08:40:07.517Z,0,,False,document,michaelkihlpro@gmail.com
1_uIIHjHsTuGmnOmVifzqhJLVcsiyVJhtZMAe1GZCPAA,2023-11-24 - Comment creer un site web professionnel en utilisant WordPress - Article - FR,2023-11-24 - Comment creer un site web professionnel en utilisant WordPress - Article - FR,application/vnd.google-apps.document,11048,2026-02-11T09:34:06.035Z,2023-11-24T18:33:21.605Z,0,,False,document,michaelkihlpro@gmail.com
1czeYoKXuNJzjvsCsJuTAAvtfLntnwEdiXyoJTD1DzjQ,2023-11-24 - Brief “Qu’est-ce que WP Social Ninja ” Mot-cle cible wp social ninja Extrait... - Article - FR,2023-11-24 - Brief “Qu’est-ce que WP Social Ninja ” Mot-cle cible wp social ninja Extrait... - Article - FR,application/vnd.google-apps.document,5022,2026-02-11T09:34:05.460Z,2023-11-24T18:27:21.291Z,0,,False,document,michaelkihlpro@gmail.com
1EA0Viy3paZL5TSHX2vmDx8RJfBIzgWNZdzkPFS6coEc,2023-11-24 - Qu’est-ce que WP Social Ninja - Article - FR,2023-11-24 - Qu’est-ce que WP Social Ninja - Article - FR,application/vnd.google-apps.document,5807,2026-02-11T09:34:04.885Z,2023-11-24T14:30:51.523Z,0,,False,document,michaelkihlpro@gmail.com
1xvgbBx60HS50gF4K-kFGJPZr7l7R9tAnJCstLdR0oDk,2023-11-24 - Presto Player - Le meilleur lecteur video pour WordPress - Article - FR,2023-11-24 - Presto Player - Le meilleur lecteur video pour WordPress - Article - FR,application/vnd.google-apps.document,7058,2026-02-11T09:34:04.239Z,2023-11-24T06:32:10.504Z,0,,False,document,michaelkihlpro@gmail.com
1UjYuZwlAxPmnL1oYFEv4nY21sYCLpt_WAX2DvCsrfcI,"2023-11-21 - Missinglettr, l’outil qui travaille pour vous - Article - FR","2023-11-21 - Missinglettr, l’outil qui travaille pour vous - Article - FR",application/vnd.google-apps.document,5371,2026-02-11T09:34:03.386Z,2023-11-21T15:20:16.157Z,0,,False,document,michaelkihlpro@gmail.com
1iJ0sZLOKUSFs9KHIvcARyx_4GP0pvePw5bhaHlBLkJc,2023-11-22 - WooFunnels Funnel Builder est-il un bon choix - Article - FR,2023-11-22 - WooFunnels Funnel Builder est-il un bon choix - Article - FR,application/vnd.google-apps.document,5232,2026-02-11T09:34:02.873Z,2023-11-22T17:40:58.746Z,0,,False,document,michaelkihlpro@gmail.com
1B2zDYYQlqD2HKuxJOaU1RgKkOv30AZpWbGlmIktEnB0,"2023-11-21 - Divi Machine, le plugin Divi qu’il vous faut - Article - FR","2023-11-21 - Divi Machine, le plugin Divi qu’il vous faut - Article - FR",application/vnd.google-apps.document,4603,2026-02-11T09:34:02.207Z,2023-11-21T13:09:46.570Z,0,,False,document,michaelkihlpro@gmail.com
1heYiYkH-BkYs-meAaKUaEfGw1ZesBjY9pc519xVqUKo,2023-11-14 - Devez-vous installer Rank Math PRO - Article - FR,2023-11-14 - Devez-vous installer Rank Math PRO - Article - FR,application/vnd.google-apps.document,7022,2026-02-11T09:34:01.683Z,2023-11-14T10:36:43.521Z,0,,False,document,michaelkihlpro@gmail.com
10mWoYewpH5CZqu2URD0DU91qTOvDWT-PkRNnZ_YdWps,"2023-11-14 - Qui est Pierre-Eliott Lallemant, le createur de Skeall - Article - FR","2023-11-14 - Qui est Pierre-Eliott Lallemant, le createur de Skeall - Article - FR",application/vnd.google-apps.document,4442,2026-02-11T09:34:01.123Z,2023-11-14T09:20:38.448Z,0,,False,document,michaelkihlpro@gmail.com
1usEQYOR3JAMGW_8noIhNtGreXdr6sERXjB1pYaSPJNs,2023-11-14 - Qui est Frank Houbre - Article - FR,2023-11-14 - Qui est Frank Houbre - Article - FR,application/vnd.google-apps.document,5508,2026-02-11T09:34:00.532Z,2023-11-14T09:05:39.716Z,0,,False,document,michaelkihlpro@gmail.com
1jMP4m3NFDkmbqTlUrufl2eRtEfEgioaHUtkJxEiS9pA,2023-11-14 - Qu’est-ce que l’AMP de Google - Article - FR,2023-11-14 - Qu’est-ce que l’AMP de Google - Article - FR,application/vnd.google-apps.document,5467,2026-02-11T09:33:59.967Z,2023-11-14T09:00:24.769Z,0,,False,document,michaelkihlpro@gmail.com
1y8Yz7VLKLPzPhQXMFI-nHjyLSR7D3TWZEwCZpYHkm7Y,2023-11-14 - Qu’est-ce que l’affiliation marketing - Article - FR,2023-11-14 - Qu’est-ce que l’affiliation marketing - Article - FR,application/vnd.google-apps.document,6751,2026-02-11T09:33:59.256Z,2023-11-14T08:20:19.823Z,0,,False,document,michaelkihlpro@gmail.com
1gWTvJxiNbodgq8rIqfKvqiirT0XHWSfjOTfPRKVpcWc,2023-11-13 - Qu’est-ce que WP Rocket Plugin - Article - FR,2023-11-13 - Qu’est-ce que WP Rocket Plugin - Article - FR,application/vnd.google-apps.document,6087,2026-02-11T09:33:58.717Z,2023-11-13T08:58:02.127Z,0,,False,document,michaelkihlpro@gmail.com
19AyMFF0WQqd6bnCPshkTq38cwMBrwzeoiFTWSeeZC70,"2023-11-14 - Semrush, l’outil SEO le plus performant - Article - FR","2023-11-14 - Semrush, l’outil SEO le plus performant - Article - FR",application/vnd.google-apps.document,6248,2026-02-11T09:33:58.190Z,2023-11-14T07:41:02.087Z,0,,False,document,michaelkihlpro@gmail.com
10e1v0JK2AYU7eueUsyXw6zzh7sskhYaw4ifC-h_ghdA,2023-11-13 - FluentCRM est-il le meilleur CRM WordPress - Article - FR,2023-11-13 - FluentCRM est-il le meilleur CRM WordPress - Article - FR,application/vnd.google-apps.document,8060,2026-02-11T09:33:57.634Z,2023-11-13T08:25:01.175Z,0,,False,document,michaelkihlpro@gmail.com
1HnerNL1DAW11OLu0nIotpZpXQ0LLJsmPzg7BjFFuakA,"2023-11-14 - Beaver Builder, le meilleur constructeur de pages WordPress - Article - FR","2023-11-14 - Beaver Builder, le meilleur constructeur de pages WordPress - Article - FR",application/vnd.google-apps.document,7162,2026-02-11T09:33:57.044Z,2023-11-14T08:08:35.908Z,0,,False,document,michaelkihlpro@gmail.com
1v3fbwB0SgDPC3WXQigFuww2M1hTJVnY4,"2024-03-03 - Perfmatters, l’optimisation WordPress pour ameliorer la vitesse de son site - Article - FR.docx","2024-03-03 - Perfmatters, l’optimisation WordPress pour ameliorer la vitesse de son site - Article - FR.docx",application/vnd.openxmlformats-officedocument.wordprocessingml.document,12098,2026-02-11T09:33:56.354Z,2024-03-03T00:52:30.749Z,0,,False,document,michaelkihlpro@gmail.com
1MDQ-iXX5r9Ut1DZwnlSV6mmQwuIrfVf7VdHZGWiAPEo,"2023-11-24 - Perfmatters, l’optimisation WordPress pour ameliorer la vitesse de son site - Article - FR","2023-11-24 - Perfmatters, l’optimisation WordPress pour ameliorer la vitesse de son site - Article - FR",application/vnd.google-apps.document,4715,2026-02-11T09:33:55.810Z,2023-11-24T08:44:42.705Z,0,,False,document,michaelkihlpro@gmail.com
1vqC06YSzSnoHQ40vvVn2MRJkoi_fAQxXet5wmkWzl1M,2024-12-16 - WordPress Playground what is it and how do I use it - Article - EN,2024-12-16 - WordPress Playground what is it and how do I use it - Article - EN,application/vnd.google-apps.document,1194210,2026-02-11T09:33:55.284Z,2024-12-16T13:18:28.784Z,0,,False,document,michaelkihlpro@gmail.com
1TCYoSoNwBB4D9Hmv81MMpZdj5cMsQb_GPDEie1yUNhQ,2025-01-11 - WP Umbrella Why do WordPress agencies love it - Article - EN,2025-01-11 - WP Umbrella Why do WordPress agencies love it - Article - EN,application/vnd.google-apps.document,1778,2026-02-11T09:33:54.589Z,2025-01-11T11:38:28.912Z,0,,False,document,michaelkihlpro@gmail.com
1SFhqJmtZ2xMRcf35JdWWieQeBecLogjF7z7JD765esk,2024-10-22 - SureMembers vs Wishlist Member which extension to choose - Article - EN,2024-10-22 - SureMembers vs Wishlist Member which extension to choose - Article - EN,application/vnd.google-apps.document,1583,2026-02-11T09:33:53.918Z,2024-10-22T19:47:53.878Z,0,,False,document,michaelkihlpro@gmail.com
1wzQw8d5oK2NYgUoeo_tbSGqEsqMS2TsAjazequm3gME,2024-12-09 - What is custom WordPress website design and its benefits - Article - EN,2024-12-09 - What is custom WordPress website design and its benefits - Article - EN,application/vnd.google-apps.document,61281,2026-02-11T09:33:53.280Z,2024-12-09T13:03:35.805Z,0,,False,document,michaelkihlpro@gmail.com
1elyzTZWUNx-Q7LVIUm9tyHnZodT0uyEuA1V60EO4NUU,2024-11-12 - Meinungen uber Linkuma Ist sie die Referenz fur Netlinking - Article - DE,2024-11-12 - Meinungen uber Linkuma Ist sie die Referenz fur Netlinking - Article - DE,application/vnd.google-apps.document,1024,2026-02-11T09:33:52.186Z,2024-11-12T13:52:13.976Z,0,,False,document,michaelkihlpro@gmail.com
1kdHf2zXCOQF293DJXr7iUbOqVOxfVEbuIxbO0Z3vCXY,2024-10-25 - ZipWP vs InstaWP Was ist besser fur schnelles Starten einer WordPress-Website - Article - DE,2024-10-25 - ZipWP vs InstaWP Was ist besser fur schnelles Starten einer WordPress-Website - Article - DE,application/vnd.google-apps.document,181558,2026-02-11T09:33:51.574Z,2024-10-25T14:02:44.505Z,0,,False,document,michaelkihlpro@gmail.com
10nEYB3PAE2nZ-d75IIaLm7_8QhAaQrY887Iy-i5Li6E,2025-03-20 - ORIGINAL SERP Scraper et Keyword Grouper SammySEO - SEO,2025-03-20 - ORIGINAL SERP Scraper et Keyword Grouper SammySEO - SEO,application/vnd.google-apps.spreadsheet,216893,2026-02-11T09:33:50.464Z,2025-03-20T10:19:15.794Z,0,,False,spreadsheet,michaelkihlpro@gmail.com
1RAI7nzsOBDvmKZ7mpLK37YsU2ZdFtGMxPQ3dBuzwiNQ,2024-03-08 - ORIGINAL Mes requetes SEO - SEO,2024-03-08 - ORIGINAL Mes requetes SEO - SEO,application/vnd.google-apps.spreadsheet,1024,2026-02-11T09:33:49.935Z,2024-03-08T08:40:05.402Z,0,,False,spreadsheet,michaelkihlpro@gmail.com
1l5CcxU97IRPUBffkX33LL-Gm_4Ad40O9dzVD0A3_f6c,2024-11-28 - ORIGINAL Ressource Romain SEO Garden Party - SEO,2024-11-28 - ORIGINAL Ressource Romain SEO Garden Party - SEO,application/vnd.google-apps.spreadsheet,158788,2026-02-11T09:33:48.940Z,2024-11-28T08:35:15.853Z,0,,False,spreadsheet,michaelkihlpro@gmail.com
1SVYPSjgAotjiCWQZHpyZXfCzNLFGla6zMRvwxqQCEdM,2024-10-15 - ORIGINAL Mettre en place ton plan d’action SEO - SEO,2024-10-15 - ORIGINAL Mettre en place ton plan d’action SEO - SEO,application/vnd.google-apps.document,2656,2026-02-11T09:33:48.340Z,2024-10-15T08:47:44.804Z,0,,False,document,michaelkihlpro@gmail.com
1eNgZGLwg7qUERaLYY2Zyx5Se7G-d5UGW9isp6EzGcG0,2024-10-15 - ORIGINAL Collaborations backlinks - SEO,2024-10-15 - ORIGINAL Collaborations backlinks - SEO,application/vnd.google-apps.spreadsheet,2199,2026-02-11T09:33:47.810Z,2024-10-15T08:08:16.855Z,0,,False,spreadsheet,michaelkihlpro@gmail.com
1KGQNtV2KQo0GvTiOfxPLJqMimqmyiFfzlGV89Zhf7eM,2024-10-15 - ORIGINAL Redaction article SEO thematique - SEO,2024-10-15 - ORIGINAL Redaction article SEO thematique - SEO,application/vnd.google-apps.document,3352,2026-02-11T09:33:47.318Z,2024-10-15T06:44:26.615Z,0,,False,document,michaelkihlpro@gmail.com
1fu1o3z962HaoGoAA6mNdU024hczjDo5rXe-yT8A9wao,2024-10-14 - ORIGINAL Structurer une page a propos en SEO local - SEO,2024-10-14 - ORIGINAL Structurer une page a propos en SEO local - SEO,application/vnd.google-apps.document,6508,2026-02-11T09:33:46.757Z,2024-10-14T12:32:19.103Z,0,,False,document,michaelkihlpro@gmail.com
1HN8Af_rDD3Zzyia_mn4FD91ja-FAzfqkJDIuh0DLwgQ,2024-10-14 - ORIGINAL Exemple SEO local - SEO,2024-10-14 - ORIGINAL Exemple SEO local - SEO,application/vnd.google-apps.spreadsheet,2314,2026-02-11T09:33:46.236Z,2024-10-14T09:40:07.894Z,0,,False,spreadsheet,michaelkihlpro@gmail.com
1mimRFbJRGqfn7EBm3TXjMcnEg5LDnnd9mb7Jrit5tZ0,2024-10-05 - ORIGINAL Les 50 backlinks offerts - SEO,2024-10-05 - ORIGINAL Les 50 backlinks offerts - SEO,application/vnd.google-apps.document,3383,2026-02-11T09:33:45.683Z,2024-10-05T13:07:25.208Z,0,,False,document,michaelkihlpro@gmail.com
1jf619SPvytcMC0hPSrXAXfFJoHXbVNoIhB27gUuW2pg,2024-03-08 - ORIGINAL Calcul de similarite SEO - SEO,2024-03-08 - ORIGINAL Calcul de similarite SEO - SEO,application/vnd.google-apps.spreadsheet,3380,2026-02-11T09:33:45.209Z,2024-03-08T09:54:47.906Z,0,,False,spreadsheet,michaelkihlpro@gmail.com
16FYYuQfn1lNoKq5L3_4rV4isIzqymcyy_9wwf08flaw,2024-03-28 - ORIGINAL Trouver une niche Challenge SEO - SEO,2024-03-28 - ORIGINAL Trouver une niche Challenge SEO - SEO,application/vnd.google-apps.spreadsheet,3411,2026-02-11T09:33:44.710Z,2024-03-28T13:40:23.388Z,0,,False,spreadsheet,michaelkihlpro@gmail.com
1TsTofLheaNrJs2ezFTD1AR1RTeu0eR0AooqKIBB9vH0,2024-03-18 - ORIGINAL Referentiel Debutant SEO Mayboutik - SEO,2024-03-18 - ORIGINAL Referentiel Debutant SEO Mayboutik - SEO,application/vnd.google-apps.spreadsheet,461213,2026-02-11T09:33:44.224Z,2024-03-18T17:07:01.817Z,0,,False,spreadsheet,michaelkihlpro@gmail.com
1n7gj1RrMXMoAA3iB9nQbNv8Qm4d0kZKnzSlp-nN9wUk,2024-02-16 - ORIGINAL Paul Grillet SEO Garden Party octobre 2023 - SEO,2024-02-16 - ORIGINAL Paul Grillet SEO Garden Party octobre 2023 - SEO,application/vnd.google-apps.presentation,31851,2026-02-11T09:33:43.719Z,2024-02-16T10:27:03.300Z,0,,False,presentation,michaelkihlpro@gmail.com
1EptfW65dExvs55IX05EQ9hIEF_y5RGFY,2025-08-09 - FireShot Capture 1268 AFFILIATEPRESS WORDPRESS PLUGIN Home wpaffiliatepressp... - Affiliation.jpg,2025-08-09 - FireShot Capture 1268 AFFILIATEPRESS WORDPRESS PLUGIN Home wpaffiliatepressp... - Affiliation.jpg,image/jpeg,780605,2026-02-11T09:33:43.160Z,2025-08-09T11:37:41.784Z,0,,False,image,michaelkihlpro@gmail.com
1c5QfuqQARL8zgwtseMi0OeIojw14mkh_,2025-08-09 - FireShot Capture 1265 AffiliatePress I The Ultimate WordPres affiliatepress... - Affiliation.jpg,2025-08-09 - FireShot Capture 1265 AffiliatePress I The Ultimate WordPres affiliatepress... - Affiliation.jpg,image/jpeg,571831,2026-02-11T09:33:42.563Z,2025-08-09T11:21:22.207Z,0,,False,image,michaelkihlpro@gmail.com
1epCAisqTIYXUWglZiY-J2xHBlE0f5U0B,2025-08-09 - FireShot Capture 1267 AffiliatePress Community I Facebook www.facebook.com - Affiliation.jpg,2025-08-09 - FireShot Capture 1267 AffiliatePress Community I Facebook www.facebook.com - Affiliation.jpg,image/jpeg,1002526,2026-02-11T09:33:42.016Z,2025-08-09T11:24:45.822Z,0,,False,image,michaelkihlpro@gmail.com
1lWcYkMz1uAoKT_1NnSzB9n37RTe9OhDG,2025-08-09 - FireShot Capture 1266 Affiliatepress I WordPress Affiliate M affiliatepress... - Affiliation.jpg,2025-08-09 - FireShot Capture 1266 Affiliatepress I WordPress Affiliate M affiliatepress... - Affiliation.jpg,image/jpeg,796263,2026-02-11T09:33:41.288Z,2025-08-09T11:21:54.559Z,0,,False,image,michaelkihlpro@gmail.com
1uoQl06eZwpaVCiogzwJNl0vRnfbJCGs1vfDGwCSy4KE,2024-06-11 - ORIGINAL Prompts PRO Entreprenneur Produits - Affiliation,2024-06-11 - ORIGINAL Prompts PRO Entreprenneur Produits - Affiliation,application/vnd.google-apps.spreadsheet,10490,2026-02-11T09:33:40.686Z,2024-06-11T18:51:05.248Z,0,,False,spreadsheet,michaelkihlpro@gmail.com
1BQj9o5QG5Dl_znc4nBosnuY3TFz2fw3bTf_m2WfjKx8,httpsschoolswp.com-Performance-on-Search-2026-02-06,httpsschoolswp.com-Performance-on-Search-2026-02-06,application/vnd.google-apps.spreadsheet,55437,2026-02-11T09:33:38.990Z,2026-02-06T20:23:48.200Z,0,,False,spreadsheet,michaelkihlpro@gmail.com
1w4fr9IX5kDAWBwGhRoEohkB9ffrUUzvA,2024-09-30 - SureMembers vs Restrict Content Pro comparatif des plugins dadhesionvs Zapie... - Thumbnail Pinterest.jpg,2024-09-30 - SureMembers vs Restrict Content Pro comparatif des plugins dadhesionvs Zapie... - Thumbnail Pinterest.jpg,image/jpeg,128924,2026-02-11T09:33:38.420Z,2024-09-30T07:13:49.420Z,0,,False,image,michaelkihlpro@gmail.com
1jg3MU6iObydjqmhgkLTYG2apRBCyW7Nl,2024-08-03 - Definition-choix-optimisation-theme-wordpress - Thumbnail Pinterest.jpg,2024-08-03 - Definition-choix-optimisation-theme-wordpress - Thumbnail Pinterest.jpg,image/jpeg,113457,2026-02-11T09:33:37.899Z,2024-08-03T09:33:44.594Z,0,,False,image,michaelkihlpro@gmail.com
1jd6-gu2sUFTGdL0lUzED5OvP3U0ko338,2024-08-03 - Theme-wordpress-definition - Thumbnail Pinterest.jpg,2024-08-03 - Theme-wordpress-definition - Thumbnail Pinterest.jpg,image/jpeg,120133,2026-02-11T09:33:37.318Z,2024-08-03T09:33:44.640Z,0,,False,image,michaelkihlpro@gmail.com
1zR8src48-fb7KHbnoC2hmpAKcPNiBYyf,2025-12-28 - Messenger creation 4EFE9D2D-47E1-46F7-AEF0-4FA937DEF6D8.jpeg,2025-12-28 - Messenger creation 4EFE9D2D-47E1-46F7-AEF0-4FA937DEF6D8.jpeg,image/jpeg,195412,2026-02-11T09:33:36.672Z,2025-12-28T13:06:47.317Z,0,,False,image,michaelkihlpro@gmail.com
1DuyEg8c1Sbzlzk9Bno1bQcMTT3GyMPLA,2024-12-03 - SureMembers WordPress membership plugin Earn more.jpg,2024-12-03 - SureMembers WordPress membership plugin Earn more.jpg,image/jpeg,132670,2026-02-11T09:33:35.998Z,2024-12-03T18:13:45.561Z,0,,False,image,michaelkihlpro@gmail.com
19-BsH3QGI7v3OUX7013mYyKRezZFvO7r,2024-11-20 - Slug-wordpress-definition-optimisation.jpg,2024-11-20 - Slug-wordpress-definition-optimisation.jpg,image/jpeg,130735,2026-02-11T09:33:35.399Z,2024-11-20T17:38:53.778Z,0,,False,image,michaelkihlpro@gmail.com
1vzNVMTps0AwN31QVcRRFkuVx1bcI2yDI,2024-09-30 - SureMembers vs Restrict Content Pro comparatif des plugins dadhesion.jpg,2024-09-30 - SureMembers vs Restrict Content Pro comparatif des plugins dadhesion.jpg,image/jpeg,148860,2026-02-11T09:33:34.794Z,2024-09-30T07:13:47.616Z,0,,False,image,michaelkihlpro@gmail.com
1rgLiKrbKMfQ6iWsoDxlL92epV82H8MLh,"2024-09-16 - WordPress Full Site Editing (FSE) Personnalisez tout, sans code.jpg","2024-09-16 - WordPress Full Site Editing (FSE) Personnalisez tout, sans code.jpg",image/jpeg,139580,2026-02-11T09:33:34.257Z,2024-09-16T17:31:05.571Z,0,,False,image,michaelkihlpro@gmail.com
1k04Sv9KKbfk-CTwq4vXIBLsb0Q7-D9xh,2024-08-03 - Theme-wordpress-definition-choix-optimisation-facile.jpg,2024-08-03 - Theme-wordpress-definition-choix-optimisation-facile.jpg,image/jpeg,147022,2026-02-11T09:33:33.630Z,2024-08-03T10:03:15.918Z,0,,False,image,michaelkihlpro@gmail.com
1WLJbrqfhE1cB4pVrwq21ab6Q7_vVg23H,2024-06-15 - WordPress.com vs WordPress.org Choisissez la meilleure option - Cover article.jpg,2024-06-15 - WordPress.com vs WordPress.org Choisissez la meilleure option - Cover article.jpg,image/jpeg,159237,2026-02-11T09:33:32.978Z,2024-06-15T13:38:03.449Z,0,,False,image,michaelkihlpro@gmail.com
1VeIlVASXkWe_SvyoEmnpV4pGb86orS2G,2024-06-08 - Comparatif Launchflows vs Cartflows Boostez Vos Ventes - Cover article.jpg,2024-06-08 - Comparatif Launchflows vs Cartflows Boostez Vos Ventes - Cover article.jpg,image/jpeg,119030,2026-02-11T09:33:32.396Z,2024-06-08T07:53:49.475Z,0,,False,image,michaelkihlpro@gmail.com
1_my6536wOsB6CvxycvMZdat1Iy6g6do9,2025-10-24 - Easycommerce-ai-copy-writer-plugin-wordpress - Cover article.jpg,2025-10-24 - Easycommerce-ai-copy-writer-plugin-wordpress - Cover article.jpg,image/jpeg,110372,2026-02-11T09:33:31.846Z,2025-10-24T10:10:08.693Z,0,,False,image,michaelkihlpro@gmail.com
1jJgQnrFgKwgh-vk2bTFmZ7jrZ-r4vDiT,2024-08-02 - Definition-theme-wordpress - Cover article.jpg,2024-08-02 - Definition-theme-wordpress - Cover article.jpg,image/jpeg,270172,2026-02-11T09:33:31.033Z,2024-08-02T20:25:37.129Z,0,,False,image,michaelkihlpro@gmail.com
1XM2MGx6iyv3gG4X9fSBIBxD8p-MsN9WD,2024-06-24 - 222-Modifier-l’article-«-WordPress.com-vs-WordPress.org- -(cut)-Choix-»-... - Cover article.jpg,2024-06-24 - 222-Modifier-l’article-«-WordPress.com-vs-WordPress.org- -(cut)-Choix-»-... - Cover article.jpg,image/jpeg,101591,2026-02-11T09:33:30.345Z,2024-06-24T07:42:55.559Z,0,,False,image,michaelkihlpro@gmail.com
1u89yFGOw67aFvVipbtjyDGVemiNJRqM3,2024-09-22 - Suretriggers-etape-finale-connexion-compte - Cover article.jpg,2024-09-22 - Suretriggers-etape-finale-connexion-compte - Cover article.jpg,image/jpeg,83855,2026-02-11T09:33:29.823Z,2024-09-22T15:21:06.520Z,0,,False,image,michaelkihlpro@gmail.com
1ms1IYbxzdBCjS4RNUz4S10jvp0wmZ-PfqOfq6ZIWJIE,2022-12-18 - ASTUCE CARROUSEL Canva Bulk,2022-12-18 - ASTUCE CARROUSEL Canva Bulk,application/vnd.google-apps.spreadsheet,1024,2026-02-11T09:33:29.096Z,2022-12-18T15:25:46.167Z,0,,False,spreadsheet,michaelkihlpro@gmail.com
1gEUB1b7E7ilBDJug_EoIB9hUq7Hki4Rn7PMWdzfzxIo,2023-07-12 - Pabbly Google Sheet Vers Twitter,2023-07-12 - Pabbly Google Sheet Vers Twitter,application/vnd.google-apps.spreadsheet,1024,2026-02-11T09:33:28.500Z,2023-07-12T07:57:23.986Z,0,,False,spreadsheet,michaelkihlpro@gmail.com
1WlLKPnQePnzGV4aru9lt3rIkPoDgTPQObOoB2Ei82ks,2023-03-03 - Formation Pin Lemonade Tableau de suivi gestion Pinterest,2023-03-03 - Formation Pin Lemonade Tableau de suivi gestion Pinterest,application/vnd.google-apps.spreadsheet,8210,2026-02-11T09:33:27.846Z,2023-03-03T16:50:16.775Z,0,,False,spreadsheet,michaelkihlpro@gmail.com
1qrfI5pUMO3ydkJ3fF25XU6gpAZ2vCFE0Bjs3IRQcnzA,2025-09-12 - FluentSMTP avis 2025 le meilleur plugin SMTP gratuit pour WordPress,2025-09-12 - FluentSMTP avis 2025 le meilleur plugin SMTP gratuit pour WordPress,application/vnd.google-apps.document,13071,2026-02-11T09:33:27.220Z,2025-09-12T06:48:20.037Z,0,,False,document,michaelkihlpro@gmail.com
1tXLmjAiVjABtIqAS9geGI15Xh0WFMfN-PTDQUZeVxh4,2024-02-07 - Qu’est-ce que WP Rocket Plugin - Audio,2024-02-07 - Qu’est-ce que WP Rocket Plugin - Audio,application/vnd.google-apps.document,5543,2026-02-11T09:33:26.644Z,2024-02-07T17:40:23.195Z,0,,False,document,michaelkihlpro@gmail.com
1e7cCZHILFB3fTFDli-yCruVwCiXGOFua16jVq7pnCbY,2024-05-01 - ORIGINAL Tableau de suivi gestion Pinterest,2024-05-01 - ORIGINAL Tableau de suivi gestion Pinterest,application/vnd.google-apps.spreadsheet,8207,2026-02-11T09:33:26.116Z,2024-05-01T07:46:14.101Z,0,,False,spreadsheet,michaelkihlpro@gmail.com
1m5I-lykho_tqKnfcdkTVaZGl7Z4NGx2nys5Domp2HOo,2026-01-22 - ORIGINAL Espionner chaines Youtube,2026-01-22 - ORIGINAL Espionner chaines Youtube,application/vnd.google-apps.spreadsheet,75302,2026-02-11T09:33:25.103Z,2026-01-22T13:18:50.469Z,0,,False,spreadsheet,michaelkihlpro@gmail.com
1FBZ5ajaY0qMbbVb-XiFoY5RpKZ3VRjb1u5J5U40lL2Q,2024-03-14 - Reseau Social Pinterest vers Google Sheets schoolsWP,2024-03-14 - Reseau Social Pinterest vers Google Sheets schoolsWP,application/vnd.google-apps.spreadsheet,40611,2026-02-11T09:33:24.337Z,2024-03-14T14:27:31.002Z,0,,False,spreadsheet,michaelkihlpro@gmail.com
1TWjjuIRhVJyKz733K7Mwf7XULqkH4IHHei564S0TMUc,2024-03-14 - Reseau Social Pinterest vers Google Sheets Michael KIHL,2024-03-14 - Reseau Social Pinterest vers Google Sheets Michael KIHL,application/vnd.google-apps.spreadsheet,1024,2026-02-11T09:33:23.599Z,2024-03-14T14:15:03.673Z,0,,False,spreadsheet,michaelkihlpro@gmail.com
1Peb-NuALjt0LYZVUzJhvke30NeJkt1l_I27Ed4Udf20,2024-03-14 - Reseau Social Pinterest vers Google Sheets mon-mini-electro,2024-03-14 - Reseau Social Pinterest vers Google Sheets mon-mini-electro,application/vnd.google-apps.spreadsheet,1024,2026-02-11T09:33:23.027Z,2024-03-14T16:11:25.851Z,0,,False,spreadsheet,michaelkihlpro@gmail.com
1ux8-I9hsRI7JePsXWtcwGkw3N8-vUybtpPoN7wf_U5Q,Plan de formation Apprendre les bases de WordPress pour creer un site vitrine simple,Plan de formation Apprendre les bases de WordPress pour creer un site vitrine simple,application/vnd.google-apps.document,8331,2026-02-11T09:33:22.434Z,2026-02-04T17:29:24.049Z,0,,False,document,michaelkihlpro@gmail.com
1xHXY6EbDUMVNVuGOlWXcOI7F0yOC5ZrMaWMXIwNgF_8,2026-01-30 - ORIGINAL Prompt Template Service Page - Template,2026-01-30 - ORIGINAL Prompt Template Service Page - Template,application/vnd.google-apps.document,12477,2026-02-11T09:33:21.718Z,2026-01-30T07:38:57.207Z,0,,False,document,michaelkihlpro@gmail.com
1sT6-afFjkdAOzc_H84qyziPmaQFv0-R4jmZbqqt9xSI,2025-09-05 - Modele de Suivi des Positions Creer une Copie pour Editer - Template,2025-09-05 - Modele de Suivi des Positions Creer une Copie pour Editer - Template,application/vnd.google-apps.spreadsheet,3406,2026-02-11T09:33:20.840Z,2025-09-05T06:55:37.316Z,0,,False,spreadsheet,michaelkihlpro@gmail.com
1RJZ59Fkw0vsSu8geOYpchmG8CsB34yFDpAmCXuX664E,2025-09-04 - Modele de Strategie de Contenu Creer une Copie pour Editer - Template,2025-09-04 - Modele de Strategie de Contenu Creer une Copie pour Editer - Template,application/vnd.google-apps.spreadsheet,20013,2026-02-11T09:33:20.284Z,2025-09-04T16:20:49.739Z,0,,False,spreadsheet,michaelkihlpro@gmail.com
133_DzwYKm0VLjeYdCkdm7Sbor7vG4ByGq4w_ea-T_pY,2025-09-04 - Modele de Strategie de Mots-cles (VIDE) Creer une Copie pour Editer - Template,2025-09-04 - Modele de Strategie de Mots-cles (VIDE) Creer une Copie pour Editer - Template,application/vnd.google-apps.spreadsheet,46069,2026-02-11T09:33:19.668Z,2025-09-04T13:53:35.530Z,0,,False,spreadsheet,michaelkihlpro@gmail.com
1p9LGdiRT-5fi-OcPZb7ihyGS1_M2dOxE67coFuizHbE,2025-09-04 - Modele de Strategie de Mots-cles (REMPLI) Creer une Copie pour Editer - Template,2025-09-04 - Modele de Strategie de Mots-cles (REMPLI) Creer une Copie pour Editer - Template,application/vnd.google-apps.spreadsheet,141133,2026-02-11T09:33:18.771Z,2025-09-04T13:53:16.422Z,0,,False,spreadsheet,michaelkihlpro@gmail.com
1EWk5H1AdcdCgrO_w7-GdT3plF8Jf0bmY63ndcbBgtLc,2025-09-04 - Modele de Migration de Site Creer une Copie pour Editer - Template,2025-09-04 - Modele de Migration de Site Creer une Copie pour Editer - Template,application/vnd.google-apps.spreadsheet,9342,2026-02-11T09:33:18.198Z,2025-09-04T09:15:43.277Z,0,,False,spreadsheet,michaelkihlpro@gmail.com
1F58VGDvsf4m21Q2h7laKbilniJYwEIgyoVPnC4033Cw,2025-09-04 - Modele de Rapport dAudit Technique Creer une Copie pour Editer - Template,2025-09-04 - Modele de Rapport dAudit Technique Creer une Copie pour Editer - Template,application/vnd.google-apps.presentation,1036580,2026-02-11T09:33:17.590Z,2025-09-04T08:41:45.592Z,0,,False,presentation,michaelkihlpro@gmail.com
173dl1Y8N9ytxa-uPNmP6MBf2NHrxsZmeibVHKcb0dD8,2025-09-04 - Modele dAudit SEO Technique Creer une Copie pour Editer - Template,2025-09-04 - Modele dAudit SEO Technique Creer une Copie pour Editer - Template,application/vnd.google-apps.spreadsheet,42511,2026-02-11T09:33:16.982Z,2025-09-04T08:35:39.059Z,0,,False,spreadsheet,michaelkihlpro@gmail.com
1DMIBFPKBmsvJGCXbr3d_97xt2UBTdzi0FQPx33SBkTI,2025-09-02 - Modele Automatise pour lAudit de Contenu Creer une Copie pour Editer - Template,2025-09-02 - Modele Automatise pour lAudit de Contenu Creer une Copie pour Editer - Template,application/vnd.google-apps.spreadsheet,20009,2026-02-11T09:33:16.467Z,2025-09-02T15:50:59.905Z,0,,False,spreadsheet,michaelkihlpro@gmail.com
1KAPJgSmz_arRjbjlQ9pqZmDS1sOsCOI-IPejWQMBPGo,2025-09-02 - Modele Plan de Mesure CREER UNE COPIE POUR EDITER - Template,2025-09-02 - Modele Plan de Mesure CREER UNE COPIE POUR EDITER - Template,application/vnd.google-apps.spreadsheet,4566,2026-02-11T09:33:15.941Z,2025-09-02T14:59:50.012Z,0,,False,spreadsheet,michaelkihlpro@gmail.com
1ef3_7by5KBhwtXiY54BFPRu5qO0PS8UqIOAMsQ1qv2U,2024-11-27 - ORIGINAL Modele de Rapport SEO (GSheet) Maitrise ton SEO - Template,2024-11-27 - ORIGINAL Modele de Rapport SEO (GSheet) Maitrise ton SEO - Template,application/vnd.google-apps.spreadsheet,9638,2026-02-11T09:33:15.386Z,2024-11-27T14:54:02.579Z,0,,False,spreadsheet,michaelkihlpro@gmail.com
1QUCB1x5wVB8k7Ta5j2QNcRs61SMggif1cSAb3eEEgl4,2024-10-17 - ORIGINAL Modele Social Media Metricool 2024 - Template,2024-10-17 - ORIGINAL Modele Social Media Metricool 2024 - Template,application/vnd.google-apps.spreadsheet,284348,2026-02-11T09:33:14.500Z,2024-10-17T13:36:26.901Z,0,,False,spreadsheet,michaelkihlpro@gmail.com
1lWL-yDpHe4euY3rg0obPKnwIOnLyioadbYcLlhnntBc,2024-10-15 - ORIGINAL Template article dactualite - Template,2024-10-15 - ORIGINAL Template article dactualite - Template,application/vnd.google-apps.document,3537,2026-02-11T09:33:13.856Z,2024-10-15T06:34:46.672Z,0,,False,document,michaelkihlpro@gmail.com
1BXKScwoJJDSlzVAJSwVQynGZ-ejeQjm5oop3be6BiU4,2024-10-14 - ORIGINAL Template Article Local - Template,2024-10-14 - ORIGINAL Template Article Local - Template,application/vnd.google-apps.document,3271,2026-02-11T09:33:13.350Z,2024-10-14T13:25:03.820Z,0,,False,document,michaelkihlpro@gmail.com
1MBdIY4X-mqIR6Z5ySOuRJxfWwFyHDC53ZHoTlomR8g4,2024-09-17 - ORIGINAL Template Analyse Top Contenus Concurrents agenceonze - Template,2024-09-17 - ORIGINAL Template Analyse Top Contenus Concurrents agenceonze - Template,application/vnd.google-apps.spreadsheet,1437797,2026-02-11T09:33:12.338Z,2024-09-17T17:20:23.145Z,0,,False,spreadsheet,michaelkihlpro@gmail.com
1C9f7CTktrRdJJp7lb8OVz62u43cHYaohi9JVj9TJMHU,2024-03-31 - ORIGINAL 3 - Template,2024-03-31 - ORIGINAL 3 - Template,application/vnd.google-apps.document,16557,2026-02-11T09:33:11.793Z,2024-03-31T08:52:36.080Z,0,,False,document,michaelkihlpro@gmail.com
1ivKOFruP54YgiEHkznLxsJKKq7XrYhVY9VHzU0NpNsI,2024-03-31 - ORIGINAL 4 - Template,2024-03-31 - ORIGINAL 4 - Template,application/vnd.google-apps.document,4268,2026-02-11T09:33:11.257Z,2024-03-31T08:52:02.414Z,0,,False,document,michaelkihlpro@gmail.com
1109YJNG_ArmGLKCpNhUpbGss7Bijxy6OA6QyGNPnIVA,2024-03-30 - ORIGINAL 2 - Template,2024-03-30 - ORIGINAL 2 - Template,application/vnd.google-apps.document,4123,2026-02-11T09:33:10.540Z,2024-03-30T11:09:25.576Z,0,,False,document,michaelkihlpro@gmail.com
13F4g04p-93a8LNjD6kQxltKpJ9_QRGVjCp0_sQAArl0,2025-04-12 - ORIGINAL Modele de devis SEO - Template,2025-04-12 - ORIGINAL Modele de devis SEO - Template,application/vnd.google-apps.spreadsheet,10050,2026-02-11T09:33:09.982Z,2025-04-12T07:20:32.815Z,0,,False,spreadsheet,michaelkihlpro@gmail.com
1Em3PVCdj0myFpmvrQyWqH6AOrWQy4XXT9TPRZQBrrqg,2024-04-28 - ORIGINAL 1 - Template,2024-04-28 - ORIGINAL 1 - Template,application/vnd.google-apps.document,16701,2026-02-11T09:33:09.164Z,2024-04-28T09:57:48.599Z,0,,False,document,michaelkihlpro@gmail.com
1A5yTVd4y3Y4GqnepWp8N4ngm9K1o8qTxVqS-CACHsFo,2024-04-28 - ORIGINAL Modeles Newsletters KSTB - Template,2024-04-28 - ORIGINAL Modeles Newsletters KSTB - Template,application/vnd.google-apps.document,31528,2026-02-11T09:33:08.322Z,2024-04-28T08:13:48.041Z,0,,False,document,michaelkihlpro@gmail.com
1NHlowwCp-2ENfpQfqOn90Jv6sFV0POa35OL_hHF_5EQ,2024-03-28 - ORIGINAL 1 - Template,2024-03-28 - ORIGINAL 1 - Template,application/vnd.google-apps.document,16411,2026-02-11T09:33:07.668Z,2024-03-28T14:37:16.136Z,0,,False,document,michaelkihlpro@gmail.com
17hIT8iXWFpjdauORznEuw8TKdhahrpQbywBCdr3xEX0,2024-10-04 - Templates PodPack COULISSES - Template,2024-10-04 - Templates PodPack COULISSES - Template,application/vnd.google-apps.document,280023,2026-02-11T09:33:06.844Z,2024-10-04T11:42:10.635Z,0,,False,document,michaelkihlpro@gmail.com
1pHoaZy05hLjoeJyY_5aLD7q6frzEuIMMn6ZP03RJo40,2024-10-04 - Templates PodPack AUTRES - Template,2024-10-04 - Templates PodPack AUTRES - Template,application/vnd.google-apps.document,62518,2026-02-11T09:33:06.186Z,2024-10-04T11:42:33.091Z,0,,False,document,michaelkihlpro@gmail.com
1hJy69wVNE4bmq8IsL-CKJTatXJEusn45NE3WD59e4lA,2024-10-04 - Templates PodPack BONUS - Template,2024-10-04 - Templates PodPack BONUS - Template,application/vnd.google-apps.document,47032,2026-02-11T09:33:05.684Z,2024-10-04T11:42:27.996Z,0,,False,document,michaelkihlpro@gmail.com
1oiy2GKL8TQKnp2U029ciBXS5paqDpid4KHIM19ViDqo,2024-10-04 - Templates PodPack COLLABORATIF - Template,2024-10-04 - Templates PodPack COLLABORATIF - Template,application/vnd.google-apps.document,73989,2026-02-11T09:33:04.985Z,2024-10-04T11:42:24.560Z,0,,False,document,michaelkihlpro@gmail.com
17tpokHa9LMC4DANO6nacEjWselvBL8q6UsA514LU3gU,2024-10-04 - Templates PodPack EXPERTISE - Template,2024-10-04 - Templates PodPack EXPERTISE - Template,application/vnd.google-apps.document,278822,2026-02-11T09:33:04.206Z,2024-10-04T11:42:19.594Z,0,,False,document,michaelkihlpro@gmail.com
1HctD8f12iNwrrMfZoJ94ugot-Gdsfj7c5AHXMe45k7I,2024-10-04 - Templates PodPack (PRE) LANCEMENT - Template,2024-10-04 - Templates PodPack (PRE) LANCEMENT - Template,application/vnd.google-apps.document,71248,2026-02-11T09:33:03.502Z,2024-10-04T11:42:15.275Z,0,,False,document,michaelkihlpro@gmail.com
1XNci1UauyjUFN1UO8ZuqHDmdXucGRCG7RSCGo9_CHco,2023-03-02 - IMPE Exemples email newsletter - Template Email,2023-03-02 - IMPE Exemples email newsletter - Template Email,application/vnd.google-apps.document,7757,2026-02-11T09:33:02.913Z,2023-03-02T16:34:45.611Z,0,,False,document,michaelkihlpro@gmail.com
1hi9UKuV5tK1c2Vn8oby9NkgOvM6JsDc4znxJmGwmaYk,2021-11-21 - ConvertKit Free Plan Email Swipe Copy - Template Email,2021-11-21 - ConvertKit Free Plan Email Swipe Copy - Template Email,application/vnd.google-apps.document,244211,2026-02-11T09:33:02.272Z,2021-11-21T14:14:44.782Z,0,,False,document,michaelkihlpro@gmail.com
1ubxyRMjpSErQCmQ-5ROmm8DOyfgwxGUALjgbzfBVZng,2022-03-13 - EBOOK Je gagne ma vie avec mon blog Aurelien AMACKER - Template Email,2022-03-13 - EBOOK Je gagne ma vie avec mon blog Aurelien AMACKER - Template Email,application/vnd.google-apps.spreadsheet,1024,2026-02-11T09:33:01.684Z,2022-03-13T14:04:19.547Z,0,,False,spreadsheet,michaelkihlpro@gmail.com
1pNH5qMkMa3Sa_nHbv96eCC9GpGA-8R66FSUTBFXTz10,2022-03-13 - EBOOK Lindependance financiere pour tous Aurelien AMACKER - Template Email,2022-03-13 - EBOOK Lindependance financiere pour tous Aurelien AMACKER - Template Email,application/vnd.google-apps.spreadsheet,1024,2026-02-11T09:33:01.034Z,2022-03-13T11:49:48.015Z,0,,False,spreadsheet,michaelkihlpro@gmail.com
1L1f51xrbvgRfH2Pv2p5Ft6x_vqYL59v5WzidMtGhzIM,2025-04-29 - Resume de la Newsletter par lAgent - Template Email,2025-04-29 - Resume de la Newsletter par lAgent - Template Email,application/vnd.google-apps.spreadsheet,1024,2026-02-11T09:33:00.441Z,2025-04-29T16:56:16.639Z,0,,False,spreadsheet,michaelkihlpro@gmail.com
1qfGJx_8FYm7p4em_rq4ptiF3oEVbv3HuSnsISkUGuIU,2024-02-10 - Michael KIHL Creation Site Internet Conception Web Tunnel De Vente,2024-02-10 - Michael KIHL Creation Site Internet Conception Web Tunnel De Vente,application/vnd.google-apps.spreadsheet,1024,2026-02-11T09:32:59.630Z,2024-02-10T14:49:54.940Z,0,,False,spreadsheet,michaelkihlpro@gmail.com
1MiMAx6f_Mt1Nxh_y-2gpzp6Fo6Ut59Gp0iD5kApzJY0,2023-02-25 - Automatiser le copywriting de ses pubs et PDV avec chat GPT - Prompt,2023-02-25 - Automatiser le copywriting de ses pubs et PDV avec chat GPT - Prompt,application/vnd.google-apps.document,1379609,2026-02-11T09:32:59.041Z,2023-02-25T14:22:52.738Z,0,,False,document,michaelkihlpro@gmail.com
151vy_osunZ3xM3kpTXckitJpVvRmpyzxCtwtlduZbGk,2023-08-02 - ORIGINAL Prompts PRO Vendeur Amazon - Prompt,2023-08-02 - ORIGINAL Prompts PRO Vendeur Amazon - Prompt,application/vnd.google-apps.spreadsheet,15311,2026-02-11T09:32:58.386Z,2023-08-02T13:56:20.565Z,0,,False,spreadsheet,michaelkihlpro@gmail.com
1UqNjk_91KTtMiii25Fu3YrGtf42cVbJJ8D_2x8rIec8,2024-04-26 - ORIGINAL Prompts PRO Vendeur Amazon - Prompt,2024-04-26 - ORIGINAL Prompts PRO Vendeur Amazon - Prompt,application/vnd.google-apps.spreadsheet,15321,2026-02-11T09:32:57.530Z,2024-04-26T11:05:05.958Z,0,,False,spreadsheet,michaelkihlpro@gmail.com
1ddyRr61rVKJgpkSPISWxNag-2pDh_-y4cqTh7aadqpo,2025-04-08 - ORIGINAL WP Sensei Prompt Affiliation Amazon - Prompt,2025-04-08 - ORIGINAL WP Sensei Prompt Affiliation Amazon - Prompt,application/vnd.google-apps.presentation,107815,2026-02-11T09:32:56.782Z,2025-04-08T16:13:55.237Z,0,,False,presentation,michaelkihlpro@gmail.com
1XT7MpS_9tw5AjX7Z4hM85Wk3Tv5lO70JNGfEtirL1Tk,2023-08-02 - ORIGINAL Gestionnaire de Prompts - Prompt,2023-08-02 - ORIGINAL Gestionnaire de Prompts - Prompt,application/vnd.google-apps.spreadsheet,5321,2026-02-11T09:32:56.262Z,2023-08-02T12:49:30.841Z,0,,False,spreadsheet,michaelkihlpro@gmail.com
1zsIeH2Sa8JX1GsICbhr6in0qyAyGm1cpkAelnGSTQeQ,TEMPLATE PROMPT MASTER BRIEF - PACK MARKETING VENTE (schoolsWP),TEMPLATE PROMPT MASTER BRIEF - PACK MARKETING VENTE (schoolsWP),application/vnd.google-apps.document,5903,2026-02-11T09:32:55.645Z,2026-02-09T09:33:19.963Z,0,,False,document,michaelkihlpro@gmail.com
18AWnURxEeDsTvf9i2jYE1LIpdRW2s4HqxjprG7518yk,Prompt schoolsWP - Analyse dIntention de Recherche (SERP-first),Prompt schoolsWP - Analyse dIntention de Recherche (SERP-first),application/vnd.google-apps.document,7475,2026-02-11T09:32:55.048Z,2026-02-09T09:33:21.627Z,0,,False,document,michaelkihlpro@gmail.com
1XA7uXYRp9ax2STS2atrpvSHamLi5UTKB1u-gJFiP75Y,TEMPLATE PROMPT MASTER BRIEF - PACK MARKETING VENTE (schoolsWP),TEMPLATE PROMPT MASTER BRIEF - PACK MARKETING VENTE (schoolsWP),application/vnd.google-apps.document,5903,2026-02-11T09:32:54.492Z,2026-02-09T09:36:30.141Z,0,,False,document,michaelkihlpro@gmail.com
1RjJsmEv5tU_V04Fwp321sgWMvZb3GlWU466PuiagZjY,Prompt schoolsWP - Analyse dIntention de Recherche (SERP-first),Prompt schoolsWP - Analyse dIntention de Recherche (SERP-first),application/vnd.google-apps.document,7475,2026-02-11T09:32:53.990Z,2026-02-09T09:36:37.126Z,0,,False,document,michaelkihlpro@gmail.com
1jHOPf-UOu-AtRJUmDBdMbw5cyDMuFa-swWb_qDNDjis,2024-10-05 - ORIGINAL Roadmap Check-List Amazon Incubator AMZ ACADEMY - Checklist,2024-10-05 - ORIGINAL Roadmap Check-List Amazon Incubator AMZ ACADEMY - Checklist,application/vnd.google-apps.spreadsheet,21153,2026-02-11T09:32:53.409Z,2024-10-05T12:34:24.140Z,0,,False,spreadsheet,michaelkihlpro@gmail.com
1_-RJhN2_DCMO1LAb1TpGa_Qp11BxxDvWIReNP1ofOaY,2025-09-04 - Checklist de pre-redaction de contenu Creer une Copie pour Editer - Checklist,2025-09-04 - Checklist de pre-redaction de contenu Creer une Copie pour Editer - Checklist,application/vnd.google-apps.spreadsheet,4905,2026-02-11T09:32:52.808Z,2025-09-04T16:32:23.607Z,0,,False,spreadsheet,michaelkihlpro@gmail.com
1Gr8uClJjdQ6fTW2yXa6WK9TEbBzkwKEe,2023-06-10 - CheckList TBL Analyse niche DEMO - Checklist.csv,2023-06-10 - CheckList TBL Analyse niche DEMO - Checklist.csv,text/csv,2448,2026-02-11T09:32:52.258Z,2023-06-10T15:10:07.598Z,0,,False,other,michaelkihlpro@gmail.com
1hWV7CI84pmPCoTt57wB8GNClgbclZmJmCO8m_aFi56A,2024-03-18 - ORIGINAL Check-list SEO ultime pour rediger un article B2B - Checklist,2024-03-18 - ORIGINAL Check-list SEO ultime pour rediger un article B2B - Checklist,application/vnd.google-apps.spreadsheet,7807,2026-02-11T09:32:51.565Z,2024-03-18T17:12:28.142Z,0,,False,spreadsheet,michaelkihlpro@gmail.com
1j6hdx8Q_T_5ApRvvtoweMUsZ8hOTLy92yzmDT_rx-KE,2022-08-07 - Flux RSS Produits Formations,2022-08-07 - Flux RSS Produits Formations,application/vnd.google-apps.spreadsheet,1024,2026-02-11T09:32:50.971Z,2022-08-07T08:19:44.906Z,0,,False,spreadsheet,michaelkihlpro@gmail.com
18rtaPQVcLdsVNFCQCOpPBRjmCM1s57k4mhkk28ALJwU,2025-09-04 - Generateur de Strategie de Contenu Creer une Copie pour Editer,2025-09-04 - Generateur de Strategie de Contenu Creer une Copie pour Editer,application/vnd.google-apps.spreadsheet,30649,2026-02-11T09:32:49.996Z,2025-09-04T16:46:56.179Z,0,,False,spreadsheet,michaelkihlpro@gmail.com
1ttkd77DVuRzeGnMi8e997Djjtr_7Deire3v9rd_ILek,2025-09-02 - Synthese de laudit de contenu,2025-09-02 - Synthese de laudit de contenu,application/vnd.google-apps.document,10313,2026-02-11T09:32:49.361Z,2025-09-02T16:23:37.032Z,0,,False,document,michaelkihlpro@gmail.com
1IMRCcaZIDTWcTmdH2FdCkj4HOr8KbeTV9FLfCqWmG18,2025-09-02 - Lecon 10 Module 2 Rediger le rapport daudit de contenu,2025-09-02 - Lecon 10 Module 2 Rediger le rapport daudit de contenu,application/vnd.google-apps.document,11867,2026-02-11T09:32:48.750Z,2025-09-02T16:23:15.977Z,0,,False,document,michaelkihlpro@gmail.com
1SCRpa9Biyze_CcdMRroBIIrIlbYxmZBRq0bgwKuxQe4,2024-03-20 - Reseau Social schoolsWP Article vers Facebook,2024-03-20 - Reseau Social schoolsWP Article vers Facebook,application/vnd.google-apps.spreadsheet,1024,2026-02-11T09:32:48.159Z,2024-03-20T07:46:16.974Z,0,,False,spreadsheet,michaelkihlpro@gmail.com
1bXzosrzOVaLkNFbIRzm_mTmI_cZt6DimzhlgqZMEcpY,2024-02-10 - Flux RSS WordPress Reseaux Sociaux,2024-02-10 - Flux RSS WordPress Reseaux Sociaux,application/vnd.google-apps.spreadsheet,1024,2026-02-11T09:32:47.630Z,2024-02-10T15:52:03.715Z,0,,False,spreadsheet,michaelkihlpro@gmail.com
1Lrk8F7RLtC2i4MC2q2o_hmjDTYQA8VU55LctomhppnM,2023-09-18 - DU CONTENU DANS 10 LANGUES EN 3 MINUTES,2023-09-18 - DU CONTENU DANS 10 LANGUES EN 3 MINUTES,application/vnd.google-apps.document,7086,2026-02-11T09:32:47.003Z,2023-09-18T08:13:32.951Z,0,,False,document,michaelkihlpro@gmail.com
1CG4bSkLQxOiNtLrRcG1KzsH11P3zGcLg9BpQLrsMncg,2026-01-30 - ORIGINAL PLUGIN QUEL CANAPE (Creer une copie),2026-01-30 - ORIGINAL PLUGIN QUEL CANAPE (Creer une copie),application/vnd.google-apps.document,82936,2026-02-11T09:32:46.112Z,2026-01-30T22:33:53.807Z,0,,False,document,michaelkihlpro@gmail.com
1kRn7f_7Fg5itiGth9B2XatF6pw0bIQY3aQ2mPBQCAMs,2025-03-31 - Generation de contenu par lIA,2025-03-31 - Generation de contenu par lIA,application/vnd.google-apps.spreadsheet,1024,2026-02-11T09:32:45.392Z,2025-03-31T13:31:38.818Z,0,,False,spreadsheet,michaelkihlpro@gmail.com
1Ij9NPuv0ne69lE44lPty3NkmMro2zVX2,2025-07-16 - 20240607 CR dimagerie medicale KIHL MICHAEL 022406070007.pdf,2025-07-16 - 20240607 CR dimagerie medicale KIHL MICHAEL 022406070007.pdf,application/pdf,166261,2026-02-11T09:32:44.799Z,2025-07-16T20:38:47.711Z,0,,False,pdf,michaelkihlpro@gmail.com
1Vk7T4dCuMcys5sEKC0T4FcpzxKcDxx4aO8DLVh7_cuk,Guide Complet Comment trouver facilement et rapidement des clients sur LinkedIn,Guide Complet Comment trouver facilement et rapidement des clients sur LinkedIn,application/vnd.google-apps.document,7536,2026-02-11T09:32:44.135Z,2026-02-10T14:03:42.517Z,0,,False,document,michaelkihlpro@gmail.com
1a_rwkWjBSThdnb3PxEq_Q5D4y9lDhbgCY1DJod4YIwc,ORIGINAL 15 exemples de messages LinkedIn,ORIGINAL 15 exemples de messages LinkedIn,application/vnd.google-apps.document,4975,2026-02-11T09:32:43.511Z,2026-02-04T22:41:57.521Z,0,,False,document,michaelkihlpro@gmail.com
1t3aMmMD-cn_pQKjxorJliwoYWyoWv_4D-LUqu0WJTB0,schoolsWP-linkedin-reboot.md,schoolsWP-linkedin-reboot.md,application/vnd.google-apps.document,18157,2026-02-09T18:39:48.890Z,2026-02-09T18:39:47.126Z,0,,False,document,michaelkihlpro@gmail.com
1XF0H02yebsgF20l0_puGE555hfBVP2Y7PjpsqYzMweI,Guide ultime pour vendre des sites web,Guide ultime pour vendre des sites web,application/vnd.google-apps.document,13843,2026-02-08T11:00:14.064Z,2026-02-08T11:00:14.064Z,0,,False,document,michaelkihlpro@gmail.com
1Yw4rphZNtWeePPsQvy4OoiYOltt2MpB_zwA9ZnoAhNU,schoolsWP - YouTube Competitor Analysis,schoolsWP - YouTube Competitor Analysis,application/vnd.google-apps.spreadsheet,7834,2026-01-31T13:56:51.514Z,2026-01-31T09:50:44.087Z,0,,False,spreadsheet,michaelkihlpro@gmail.com
13UfJcyQBufNSXj1Txir4L0PJCqbEEAolzgjawembKmI,schoolsWP - Espionner chaines Youtube,schoolsWP - Espionner chaines Youtube,application/vnd.google-apps.spreadsheet,75294,2026-01-28T09:08:05.817Z,2026-01-28T09:08:02.233Z,0,,False,spreadsheet,michaelkihlpro@gmail.com
16SsBrnYMnJaxyL_ZX-3b3qWx0FGzp6Fjy6-CNX3MAgo,2024-01-16 - systeme-io-avis - article - fr,2024-01-16 - systeme-io-avis - article - fr,application/vnd.google-apps.document,5701,2025-12-27T21:11:53.603Z,2023-10-12T15:19:54.760Z,0,,False,document,michaelkihlpro@gmail.com
1gRxaXkrlnV9q-dxAk0ZQlb7Hut0sq-if,03_Documents-Famille,08_PERSONNEL/03_Documents-Famille,application/vnd.google-apps.folder,,2026-02-15T16:27:36.235Z,2026-02-15T16:27:36.235Z,1,08_PERSONNEL,False,folder,michaelkihlpro@gmail.com
1fTf3arzbB1B5jPOJdowl-c6HrYuyCGsx,02_Photos,08_PERSONNEL/02_Photos,application/vnd.google-apps.folder,,2026-02-15T16:27:29.134Z,2026-02-15T16:27:29.134Z,1,08_PERSONNEL,False,folder,michaelkihlpro@gmail.com
1FTXIcCPXiZITZtnvKJyIkGGJeiGBkJ5k,01_Medical,08_PERSONNEL/01_Medical,application/vnd.google-apps.folder,,2026-02-15T16:26:45.115Z,2026-02-15T16:26:45.115Z,1,08_PERSONNEL,False,folder,michaelkihlpro@gmail.com
1D10mjPHE_PEab5ajRUq7spoY4gleTSEY,schoolsWP,02_PROJETS/schoolsWP,application/vnd.google-apps.folder,,2026-02-15T16:14:12.277Z,2026-02-10T21:50:55.866Z,1,02_PROJETS,False,folder,michaelkihlpro@gmail.com
1m81_uoDzU9IKoWTVEFbM3-4yj1EtUeUc,Vanessa PIVEC,02_PROJETS/Vanessa PIVEC,application/vnd.google-apps.folder,,2026-02-15T10:45:45.439Z,2025-12-27T16:00:10.513Z,1,02_PROJETS,False,folder,michaelkihlpro@gmail.com
1Iw6htjboAuciMF1GU6z-YgPQkMFQw327,Petit Papier Magique,02_PROJETS/Petit Papier Magique,application/vnd.google-apps.folder,,2026-02-15T10:14:13.918Z,2025-12-27T15:41:21.579Z,1,02_PROJETS,False,folder,michaelkihlpro@gmail.com
1Y00fAlW_iXgh5DtCFV655N7mgG3xH2X6,Mon Mini Électro,02_PROJETS/Mon Mini Électro,application/vnd.google-apps.folder,,2026-02-15T10:13:04.066Z,2025-12-27T15:56:43.152Z,1,02_PROJETS,False,folder,michaelkihlpro@gmail.com
1wkB4kipeiMtAALohh_PFGefgzKWu6ZVl,Michaël KIHL,02_PROJETS/Michaël KIHL,application/vnd.google-apps.folder,,2026-02-15T10:11:57.140Z,2025-12-27T16:00:02.021Z,1,02_PROJETS,False,folder,michaelkihlpro@gmail.com
1FiyfrZDY9ayFqWQpkHkeCUwuI-Gm4kuB,Maé KIHL,02_PROJETS/Maé KIHL,application/vnd.google-apps.folder,,2026-02-15T10:11:43.376Z,2025-12-27T16:00:16.756Z,1,02_PROJETS,False,folder,michaelkihlpro@gmail.com
1jSoymMpuLleALZ4RlsS-TnlavaZ7MLNu,99_ARCHIVES,01_ADMIN/99_ARCHIVES,application/vnd.google-apps.folder,,2026-02-15T16:13:30.607Z,2026-02-15T16:13:30.607Z,1,01_ADMIN,False,folder,michaelkihlpro@gmail.com
1u4uTHEF8100ZcBjpgp58qPDU_qhF8tgt,06_Impots-Fiscal,01_ADMIN/06_Impots-Fiscal,application/vnd.google-apps.folder,,2026-02-15T16:13:18.803Z,2026-02-15T16:13:18.803Z,1,01_ADMIN,False,folder,michaelkihlpro@gmail.com
1WdpHcXjAkf2qHBsU4dveNWkygJIq4Ajp,05_Contrats,01_ADMIN/05_Contrats,application/vnd.google-apps.folder,,2026-02-15T16:12:34.192Z,2026-02-15T16:12:34.192Z,1,01_ADMIN,False,folder,michaelkihlpro@gmail.com
1VF2UqYVxZDYTdOB8tgkBjEVAKMxXy-q6,04_Factures,01_ADMIN/04_Factures,application/vnd.google-apps.folder,,2026-02-15T16:11:52.558Z,2026-02-15T16:11:52.558Z,1,01_ADMIN,False,folder,michaelkihlpro@gmail.com
1ZPS42TmNa-GYHevN8_B0yrjNYzTeRNkl,03_Banque,01_ADMIN/03_Banque,application/vnd.google-apps.folder,,2026-02-15T16:11:14.050Z,2026-02-15T16:11:14.050Z,1,01_ADMIN,False,folder,michaelkihlpro@gmail.com
1tkqEWZymHE-iGwx9VWWrVuH7FRfVsZsR,02_Assurances,01_ADMIN/02_Assurances,application/vnd.google-apps.folder,,2026-02-15T16:11:06.278Z,2026-02-15T16:11:06.278Z,1,01_ADMIN,False,folder,michaelkihlpro@gmail.com
19Bf5-OzzBafLEA57LeLYsTj9XypC0cFh,01_Identite,01_ADMIN/01_Identite,application/vnd.google-apps.folder,,2026-02-15T16:10:57.594Z,2026-02-15T16:10:57.594Z,1,01_ADMIN,False,folder,michaelkihlpro@gmail.com
1nry08tfbKGDVSzu4Ax-IpqJAXVaQo2Y8,04_Onboarding,00_START-HERE/04_Onboarding,application/vnd.google-apps.folder,,2026-02-15T16:10:18.054Z,2026-02-15T16:10:18.054Z,1,00_START-HERE,False,folder,michaelkihlpro@gmail.com
11Lt-tQ2wmBTPo3gjmAGyKYNyK6tpIAc9,03_Templates-et-modeles,00_START-HERE/03_Templates-et-modeles,application/vnd.google-apps.folder,,2026-02-15T16:10:06.781Z,2026-02-15T16:10:06.781Z,1,00_START-HERE,False,folder,michaelkihlpro@gmail.com
1AdrSLaPMl0iWF0L-9LgW0EFlU87lwyEM,02_Conventions-de-nommage,00_START-HERE/02_Conventions-de-nommage,application/vnd.google-apps.folder,,2026-02-15T16:09:57.787Z,2026-02-15T16:09:57.787Z,1,00_START-HERE,False,folder,michaelkihlpro@gmail.com
1Dtp2PLkKk_xIt7-PG8bkrXJQyBjvqbdo,01_Organisation-du-Drive,00_START-HERE/01_Organisation-du-Drive,application/vnd.google-apps.folder,,2026-02-15T16:09:09.401Z,2026-02-15T16:09:09.401Z,1,00_START-HERE,False,folder,michaelkihlpro@gmail.com
14n45QYMRq27EfsbpJUtVckNE4OqAHJ0S,MDPH,08_PERSONNEL/01_Medical/MDPH,application/vnd.google-apps.folder,,2026-02-15T16:27:10.988Z,2026-02-15T16:27:10.988Z,2,08_PERSONNEL/01_Medical,False,folder,michaelkihlpro@gmail.com
1kbMp-eMJDB-0XQ3QcuRV2DirKwZgqyFt,Laboratoire,08_PERSONNEL/01_Medical/Laboratoire,application/vnd.google-apps.folder,,2026-02-15T16:27:03.924Z,2026-02-15T16:27:03.924Z,2,08_PERSONNEL/01_Medical,False,folder,michaelkihlpro@gmail.com
12dWdFcjt52_8GdGpsBnuuXSc6xG0Dvd1,Hopital,08_PERSONNEL/01_Medical/Hopital,application/vnd.google-apps.folder,,2026-02-15T16:26:56.112Z,2026-02-15T16:26:56.112Z,2,08_PERSONNEL/01_Medical,False,folder,michaelkihlpro@gmail.com
1bc64Ug-T2_0Go376kEKQSgZqDYa9F7NZ,06_Monétisation,02_PROJETS/schoolsWP/06_Monétisation,application/vnd.google-apps.folder,,2026-02-15T16:23:38.934Z,2026-02-15T16:23:24.806Z,2,02_PROJETS/schoolsWP,False,folder,michaelkihlpro@gmail.com
1VqnC6jiPNFycoJF_Eixuh6p6sfU88wci,05_Contenus,02_PROJETS/schoolsWP/05_Contenus,application/vnd.google-apps.folder,,2026-02-15T16:20:03.958Z,2026-02-15T16:20:03.958Z,2,02_PROJETS/schoolsWP,False,folder,michaelkihlpro@gmail.com
1Er1ep9cG8mouzC9Qh-AKX2MO1obTFpVb,01_Assets,02_PROJETS/schoolsWP/01_Assets,application/vnd.google-apps.folder,,2026-02-15T16:18:13.745Z,2026-02-15T16:15:33.936Z,2,02_PROJETS/schoolsWP,False,folder,michaelkihlpro@gmail.com
1Z6LcLQqYhnT7f0IpYI2YHROJChHKtD6u,04_Prompt,02_PROJETS/schoolsWP/04_Prompt,application/vnd.google-apps.folder,,2026-02-15T16:16:49.095Z,2026-02-15T16:16:49.095Z,2,02_PROJETS/schoolsWP,False,folder,michaelkihlpro@gmail.com
1U3ULsojI5imFfepgwcQ4fCEqVoKABpKj,03_Automatisation,02_PROJETS/schoolsWP/03_Automatisation,application/vnd.google-apps.folder,,2026-02-15T16:15:55.298Z,2026-02-15T16:15:55.298Z,2,02_PROJETS/schoolsWP,False,folder,michaelkihlpro@gmail.com
1QwHLKJ8QTmCvUU08WRJiPENVgxr671XN,02_SEO,02_PROJETS/schoolsWP/02_SEO,application/vnd.google-apps.folder,,2026-02-15T16:15:22.937Z,2026-02-15T16:15:22.937Z,2,02_PROJETS/schoolsWP,False,folder,michaelkihlpro@gmail.com
1B8rTuwdjr5YE33O-b_JWYVkwqi8OSN4YRTCZuzo2q9U,mon-mini-electro.com,02_PROJETS/Mon Mini Électro/mon-mini-electro.com,application/vnd.google-apps.spreadsheet,1024,2024-02-02T09:28:36.980Z,2023-08-03T19:12:42.125Z,2,02_PROJETS/Mon Mini Électro,False,spreadsheet,michaelkihlpro@gmail.com
1D_zHa1kJs4Pz_v3hsja0BI9GuViI5QJR,2023-03-30 - Wordpress-topic-research-20200411.xlsx,02_PROJETS/Michaël KIHL/2023-03-30 - Wordpress-topic-research-20200411.xlsx,application/vnd.openxmlformats-officedocument.spreadsheetml.sheet,82667,2026-02-11T10:11:04.006Z,2023-03-30T13:14:02.825Z,2,02_PROJETS/Michaël KIHL,False,spreadsheet,michaelkihlpro@gmail.com
1dvi27qXUecfP3cYKC2nTUGxSFAEbkZE8GBdaMQlwvnk,2023-11-09 - WP Rocket Optimisez votre site WordPress avec le meilleur plugin de cache - Article - FR,02_PROJETS/Michaël KIHL/2023-11-09 - WP Rocket Optimisez votre site WordPress avec le meilleur plugin de cache - Article - FR,application/vnd.google-apps.document,2532,2026-02-11T10:11:03.370Z,2023-11-09T18:33:51.579Z,2,02_PROJETS/Michaël KIHL,False,document,michaelkihlpro@gmail.com
1vjT0n5nzZapRKjpjC9xFUjUVkKv0KzVvEbOua1dXOE0,2023-11-09 - ClickWhale Gestionnaire de Liens d’Affiliation SEO pour WordPress - Mon Avis ... - Article - FR,02_PROJETS/Michaël KIHL/2023-11-09 - ClickWhale Gestionnaire de Liens d’Affiliation SEO pour WordPress - Mon Avis ... - Article - FR,application/vnd.google-apps.document,7328,2026-02-11T10:11:02.793Z,2023-11-09T17:49:36.533Z,2,02_PROJETS/Michaël KIHL,False,document,michaelkihlpro@gmail.com
1mkzXeGAZIQSt1c6yyDKQCIjR0-AeAzJpzclbHVQVHa8,"2023-11-09 - Comment GetGenie, l’assistant de contenu AI, peut aider les entrepreneurs solos - Article - FR","02_PROJETS/Michaël KIHL/2023-11-09 - Comment GetGenie, l’assistant de contenu AI, peut aider les entrepreneurs solos - Article - FR",application/vnd.google-apps.document,2293,2026-02-11T10:11:02.241Z,2023-11-09T18:46:15.765Z,2,02_PROJETS/Michaël KIHL,False,document,michaelkihlpro@gmail.com
1RSFdIrPUpTt0W1EDM_2sa024quta4Txf-duButLkjDM,2023-11-09 - Surecart La revolution de la vente de services en ligne - Article - FR,02_PROJETS/Michaël KIHL/2023-11-09 - Surecart La revolution de la vente de services en ligne - Article - FR,application/vnd.google-apps.document,2177,2026-02-11T09:43:04.429Z,2023-11-09T18:29:29.514Z,2,02_PROJETS/Michaël KIHL,False,document,michaelkihlpro@gmail.com
1KdXP46MLiYQ_B37QsJFjEqukA20l4tsYhT2_w8IWnBE,2023-11-09 - SureMembers Un Moyen Simple de Limiter l’acces au Contenu de votre Site Web - Article - FR,02_PROJETS/Michaël KIHL/2023-11-09 - SureMembers Un Moyen Simple de Limiter l’acces au Contenu de votre Site Web - Article - FR,application/vnd.google-apps.document,1958,2026-02-11T09:43:03.808Z,2023-11-09T18:19:46.040Z,2,02_PROJETS/Michaël KIHL,False,document,michaelkihlpro@gmail.com
1GLPQSTwWrWr8GGLAC9t7aCVFemG1PK3FduurtZ5UL7k,2023-11-09 - Creer un tunnel de vente avec Cartflows - Article - FR,02_PROJETS/Michaël KIHL/2023-11-09 - Creer un tunnel de vente avec Cartflows - Article - FR,application/vnd.google-apps.document,3108,2026-02-11T09:43:03.174Z,2023-11-09T18:49:34.497Z,2,02_PROJETS/Michaël KIHL,False,document,michaelkihlpro@gmail.com
1UZjuhnDiXsAW5S2SAij9aXvktvfcMrRIIH5WgtL1WdI,2023-11-09 - Pourquoi Utiliser WordPress pour la Creation de Sites Web - Article - FR,02_PROJETS/Michaël KIHL/2023-11-09 - Pourquoi Utiliser WordPress pour la Creation de Sites Web - Article - FR,application/vnd.google-apps.document,2301,2026-02-11T09:43:02.650Z,2023-11-09T18:41:35.340Z,2,02_PROJETS/Michaël KIHL,False,document,michaelkihlpro@gmail.com
1_Dq2zABoH-tomV8wVKRknAwwn8OzAZrX,99_ARCHIVES,01_ADMIN/05_Contrats/99_ARCHIVES,application/vnd.google-apps.folder,,2026-02-15T16:13:07.859Z,2026-02-15T16:13:07.859Z,2,01_ADMIN/05_Contrats,False,folder,michaelkihlpro@gmail.com
1jLB4QSegxPA3BCQLcR7rIBtddGFbfYdB,03_Partenaires,01_ADMIN/05_Contrats/03_Partenaires,application/vnd.google-apps.folder,,2026-02-15T16:12:59.807Z,2026-02-15T16:12:59.807Z,2,01_ADMIN/05_Contrats,False,folder,michaelkihlpro@gmail.com
1TzWqiLN115E180mCjF6S6c5LkQkk1sdu,02_Prestataires,01_ADMIN/05_Contrats/02_Prestataires,application/vnd.google-apps.folder,,2026-02-15T16:12:52.447Z,2026-02-15T16:12:52.447Z,2,01_ADMIN/05_Contrats,False,folder,michaelkihlpro@gmail.com
1nkVUVAw2_ObWZ1JQ5SL2R5IqHUJmQEzg,01_Clients,01_ADMIN/05_Contrats/01_Clients,application/vnd.google-apps.folder,,2026-02-15T16:12:43.749Z,2026-02-15T16:12:43.749Z,2,01_ADMIN/05_Contrats,False,folder,michaelkihlpro@gmail.com
1rHzvBSxoZNteH9GoJvtxNca08IInIBac,99_ARCHIVES,01_ADMIN/04_Factures/99_ARCHIVES,application/vnd.google-apps.folder,,2026-02-15T16:12:22.692Z,2026-02-15T16:12:22.692Z,2,01_ADMIN/04_Factures,False,folder,michaelkihlpro@gmail.com
1DkIlgpGQuDPfEFlHLlaG2nghz06DBPeW,02_Recues,01_ADMIN/04_Factures/02_Recues,application/vnd.google-apps.folder,,2026-02-15T16:12:12.437Z,2026-02-15T16:12:12.437Z,2,01_ADMIN/04_Factures,False,folder,michaelkihlpro@gmail.com
1Neh3eQht_5Em_m28MDdEcYZTdbtthRPQ,01_Emises,01_ADMIN/04_Factures/01_Emises,application/vnd.google-apps.folder,,2026-02-15T16:12:03.183Z,2026-02-15T16:12:03.183Z,2,01_ADMIN/04_Factures,False,folder,michaelkihlpro@gmail.com
1--CAuIfLCaFj0xEpjc6vNZs7T-uIZlyp,99_ARCHIVES,01_ADMIN/03_Banque/99_ARCHIVES,application/vnd.google-apps.folder,,2026-02-15T16:11:40.096Z,2026-02-15T16:11:40.096Z,2,01_ADMIN/03_Banque,False,folder,michaelkihlpro@gmail.com
1FDIHvV4rLSN2oAuJLQIOUkXIaebgg8gG,02_Justificatifs,01_ADMIN/03_Banque/02_Justificatifs,application/vnd.google-apps.folder,,2026-02-15T16:11:31.994Z,2026-02-15T16:11:31.994Z,2,01_ADMIN/03_Banque,False,folder,michaelkihlpro@gmail.com
1KGQ6RFYTaU2Q4tOiy32oNIO8dYSxDM5E,01_Releves,01_ADMIN/03_Banque/01_Releves,application/vnd.google-apps.folder,,2026-02-15T16:11:23.644Z,2026-02-15T16:11:23.644Z,2,01_ADMIN/03_Banque,False,folder,michaelkihlpro@gmail.com
1JTdz-T8HDWflxJJcdiHZmgR7UG9Uat4I,99_ARCHIVES,02_PROJETS/schoolsWP/06_Monétisation/99_ARCHIVES,application/vnd.google-apps.folder,,2026-02-15T16:26:24.014Z,2026-02-15T16:26:24.014Z,3,02_PROJETS/schoolsWP/06_Monétisation,False,folder,michaelkihlpro@gmail.com
1VgjFQ2qQ4SgeqL-8LM1e3UeCUBe9ik2p,03_Campagnes,02_PROJETS/schoolsWP/06_Monétisation/03_Campagnes,application/vnd.google-apps.folder,,2026-02-15T16:26:14.075Z,2026-02-15T16:26:14.075Z,3,02_PROJETS/schoolsWP/06_Monétisation,False,folder,michaelkihlpro@gmail.com
1VPEA-O3w0XxGZqEBivhaaazqs8Bh4mFk,02_Partenariats,02_PROJETS/schoolsWP/06_Monétisation/02_Partenariats,application/vnd.google-apps.folder,,2026-02-15T16:26:06.711Z,2026-02-15T16:26:06.711Z,3,02_PROJETS/schoolsWP/06_Monétisation,False,folder,michaelkihlpro@gmail.com
1BxKjv4i3lexjMHtXGvvMh00sHq70tyzT,01_Affiliation,02_PROJETS/schoolsWP/06_Monétisation/01_Affiliation,application/vnd.google-apps.folder,,2026-02-15T16:25:59.565Z,2026-02-15T16:25:59.565Z,3,02_PROJETS/schoolsWP/06_Monétisation,False,folder,michaelkihlpro@gmail.com
1QMrI7Jfc0NqezMMmod8m4HX9UtV9V_Ni,05_Scripts-video-audio,02_PROJETS/schoolsWP/05_Contenus/05_Scripts-video-audio,application/vnd.google-apps.folder,,2026-02-15T16:22:56.679Z,2026-02-15T16:22:56.679Z,3,02_PROJETS/schoolsWP/05_Contenus,False,folder,michaelkihlpro@gmail.com
1Ahw7Dbo6qCgycZO8L9CphVHZvfwh4dYG,04_Lead-magnets,02_PROJETS/schoolsWP/05_Contenus/04_Lead-magnets,application/vnd.google-apps.folder,,2026-02-15T16:22:38.415Z,2026-02-15T16:22:38.415Z,3,02_PROJETS/schoolsWP/05_Contenus,False,folder,michaelkihlpro@gmail.com
1Yty2ByHtkeVI8RALcnKMiuogIIeZKzZy,03_Publies,02_PROJETS/schoolsWP/05_Contenus/03_Publies,application/vnd.google-apps.folder,,2026-02-15T16:21:28.142Z,2026-02-15T16:21:28.142Z,3,02_PROJETS/schoolsWP/05_Contenus,False,folder,michaelkihlpro@gmail.com
1DXWxvYAL2H--emk8nGnibaKGZXmq-Lc6,02_A-optimiser,02_PROJETS/schoolsWP/05_Contenus/02_A-optimiser,application/vnd.google-apps.folder,,2026-02-15T16:21:14.207Z,2026-02-15T16:21:14.207Z,3,02_PROJETS/schoolsWP/05_Contenus,False,folder,michaelkihlpro@gmail.com
1RDoMm-IIIpM8pcMQ9BUQO_giCRR22RqA,01_En-cours,02_PROJETS/schoolsWP/05_Contenus/01_En-cours,application/vnd.google-apps.folder,,2026-02-15T16:21:02.688Z,2026-02-15T16:21:02.688Z,3,02_PROJETS/schoolsWP/05_Contenus,False,folder,michaelkihlpro@gmail.com
1elUgdHqA72kPxDriXsBwUgJPtJM4AiMg,99_ARCHIVES,02_PROJETS/schoolsWP/05_Contenus/99_ARCHIVES,application/vnd.google-apps.folder,,2026-02-15T16:20:27.108Z,2026-02-15T16:20:27.108Z,3,02_PROJETS/schoolsWP/05_Contenus,False,folder,michaelkihlpro@gmail.com
1VuU-Os3zWyeV1JtQE4W4LvXL0rBT51aD,99_ARCHIVES,02_PROJETS/schoolsWP/01_Assets/99_ARCHIVES,application/vnd.google-apps.folder,,2026-02-15T16:19:23.787Z,2026-02-15T16:19:23.787Z,3,02_PROJETS/schoolsWP/01_Assets,False,folder,michaelkihlpro@gmail.com
1k0iBVh8ogolY7XtXeTw3WGT3ojb_IqdG,05_Canva-PSD,02_PROJETS/schoolsWP/01_Assets/05_Canva-PSD,application/vnd.google-apps.folder,,2026-02-15T16:19:13.396Z,2026-02-15T16:19:13.396Z,3,02_PROJETS/schoolsWP/01_Assets,False,folder,michaelkihlpro@gmail.com
14BRdge7rzTrt_9RBe0RX1NT6scGsZhao,04_PDF-Documents,02_PROJETS/schoolsWP/01_Assets/04_PDF-Documents,application/vnd.google-apps.folder,,2026-02-15T16:18:58.672Z,2026-02-15T16:18:58.672Z,3,02_PROJETS/schoolsWP/01_Assets,False,folder,michaelkihlpro@gmail.com
19ONbt9E7mn2kjiBQapUarX8dZl_319tL,03_Videos,02_PROJETS/schoolsWP/01_Assets/03_Videos,application/vnd.google-apps.folder,,2026-02-15T16:18:50.783Z,2026-02-15T16:18:50.783Z,3,02_PROJETS/schoolsWP/01_Assets,False,folder,michaelkihlpro@gmail.com
16kt4h86mDvJzoOzq0bYfZeKIL8zAf1n7,02_Images,02_PROJETS/schoolsWP/01_Assets/02_Images,application/vnd.google-apps.folder,,2026-02-15T16:18:40.791Z,2026-02-15T16:18:40.791Z,3,02_PROJETS/schoolsWP/01_Assets,False,folder,michaelkihlpro@gmail.com
1GHKc24g0v8uGwKdbKUTmUBrpsU2rdZkM,01_Logos-Branding,02_PROJETS/schoolsWP/01_Assets/01_Logos-Branding,application/vnd.google-apps.folder,,2026-02-15T16:18:25.299Z,2026-02-15T16:18:25.299Z,3,02_PROJETS/schoolsWP/01_Assets,False,folder,michaelkihlpro@gmail.com
1Ko6dQjb_RiVs5wlg-8Jq6r7-mChoVKIp,04_OttoKit,02_PROJETS/schoolsWP/03_Automatisation/04_OttoKit,application/vnd.google-apps.folder,,2026-02-15T16:16:30.946Z,2026-02-15T16:16:30.946Z,3,02_PROJETS/schoolsWP/03_Automatisation,False,folder,michaelkihlpro@gmail.com
1kz_Ddbj1hdmywJfwleqdOraAo3hzi22k,03_Make,02_PROJETS/schoolsWP/03_Automatisation/03_Make,application/vnd.google-apps.folder,,2026-02-15T16:16:20.134Z,2026-02-15T16:16:20.134Z,3,02_PROJETS/schoolsWP/03_Automatisation,False,folder,michaelkihlpro@gmail.com
1v3Y0U5Rx10D6i_ZTyR-1B5z59x-9LH8y,02. Pabbly,02_PROJETS/schoolsWP/03_Automatisation/02. Pabbly,application/vnd.google-apps.folder,,2026-02-15T16:16:12.301Z,2026-02-15T16:16:12.301Z,3,02_PROJETS/schoolsWP/03_Automatisation,False,folder,michaelkihlpro@gmail.com
1FAefx0hVLnixuHRIcs6MHKQat9uruQuL,01. n8n,02_PROJETS/schoolsWP/03_Automatisation/01. n8n,application/vnd.google-apps.folder,,2026-02-15T16:16:05.500Z,2026-02-15T16:16:05.500Z,3,02_PROJETS/schoolsWP/03_Automatisation,False,folder,michaelkihlpro@gmail.com
