id,name,path,mime_type,issue_type,severity,description
10LzpBzsS7OEFCIarkQzyTillZb4rXH_U,04_CLIENTS,04_CLIENTS,application/vnd.google-apps.folder,all_caps,low,Nom entierement en majuscules
1cNU-44v7oE_NbLdqCf8JZBodyfTY7br-9UsEqY0CpCA,2021-12-09 - Flux RSS Plugin Wordpress,2021-12-09 - Flux RSS Plugin Wordpress,application/vnd.google-apps.spreadsheet,mixed_separators,medium,"Melange espaces, tirets et underscores"
1j7qtlbP9ysT1ZGMKvJJwusSawViO_2qZ,08_PERSONNEL,08_PERSONNEL,application/vnd.google-apps.folder,all_caps,low,Nom entierement en majuscules
1RK5QOJg5e1tAU98LOt5unYim_Ei97wBi,06_MONETISATION,06_MONETISATION,application/vnd.google-apps.folder,all_caps,low,Nom entierement en majuscules
1HTsUcHKYg4mdBAaDeH5lGc4Wu4oNPrTi,05_CONTENUS,05_CONTENUS,application/vnd.google-apps.folder,all_caps,low,Nom entierement en majuscules
1HMGg1z36vhSBnDvGLMcFsYt6iFxYlx_7,03_RESSOURCES,03_RESSOURCES,application/vnd.google-apps.folder,all_caps,low,Nom entierement en majuscules
1-lnemHV-bUc5d-CFYuWkgcl8B7emi1ZF,02_PROJETS,02_PROJETS,application/vnd.google-apps.folder,all_caps,low,Nom entierement en majuscules
1DQtaBpjl9ffY5syy4NFxnJDku4FdvF8Z,99_ARCHIVES,99_ARCHIVES,application/vnd.google-apps.folder,all_caps,low,Nom entierement en majuscules
1CVEHeKlVJl4EzJtwKKVbbeO5Es-gWAnU,01_ADMIN,01_ADMIN,application/vnd.google-apps.folder,all_caps,low,Nom entierement en majuscules
12BeOpPH3YO2fbrTcLjoiVAs4L_rH0Qq-,00_START-HERE,00_START-HERE,application/vnd.google-apps.folder,all_caps,low,Nom entierement en majuscules
1fz-gPJIyRTK_YQt3mHJw6FXh1EBd7eLNapJcTsmkH7U,README - schoolsWP,README - schoolsWP,application/vnd.google-apps.document,mixed_separators,medium,"Melange espaces, tirets et underscores"
1HklljfJkViTg483iA-VOh5GucrK-_bjfWsl0VxF5XbQ,[Staging] WordPress > Google Sheets: Sync & Classify Blog Posts,[Staging] WordPress > Google Sheets: Sync & Classify Blog Posts,application/vnd.google-apps.spreadsheet,special_chars,high,Contient des caracteres speciaux problematiques
1JbBAd8PGRITym2PAAR36saRE3gw7jOFoj3GSBqPYxx8,152. Avis LWS 2026 : test complet de cet hébergeur web français,152. Avis LWS 2026 : test complet de cet hébergeur web français,application/vnd.google-apps.document,accents,medium,Contient des accents
1JbBAd8PGRITym2PAAR36saRE3gw7jOFoj3GSBqPYxx8,152. Avis LWS 2026 : test complet de cet hébergeur web français,152. Avis LWS 2026 : test complet de cet hébergeur web français,application/vnd.google-apps.document,special_chars,high,Contient des caracteres speciaux problematiques
1F_iMDnDMnqlGd74CEzuDaMViTYdiVjE259Xh8yDDnII,Prompts Gemini pour créer un business à 3000€ par mois,Prompts Gemini pour créer un business à 3000€ par mois,application/vnd.google-apps.document,accents,medium,Contient des accents
1UN4eMO5ntVwcO9V2ETANEO5QjRvWI6uiKwYX410RV8M,schoolsWP - Index Global,schoolsWP - Index Global,application/vnd.google-apps.spreadsheet,mixed_separators,medium,"Melange espaces, tirets et underscores"
1IMyaQNX2uY-9rw7Y9gF0IWCL9DF6LqneSAmdGuOn72Q,2023-11-10 - Plugins SEO WordPress Seopress vs Yoast - Article - FR,2023-11-10 - Plugins SEO WordPress Seopress vs Yoast - Article - FR,application/vnd.google-apps.document,mixed_separators,medium,"Melange espaces, tirets et underscores"
12dzjj_HBix6fuSLleemZ7WLWOTsEzy33h_PwVTneQjQ,2023-11-10 - Dropshipping Shopify vs WordPress - Article - FR,2023-11-10 - Dropshipping Shopify vs WordPress - Article - FR,application/vnd.google-apps.document,mixed_separators,medium,"Melange espaces, tirets et underscores"
1zgtALSVJYnSt-Hx2dvHNeSWkRyvbmlEYCWWrR_u4Ltw,2024-06-15 - WordPress.com vs WordPress - Article - FR,2024-06-15 - WordPress.com vs WordPress - Article - FR,application/vnd.google-apps.document,mixed_separators,medium,"Melange espaces, tirets et underscores"
1fshPCVHi8FiFv7v9cioH9T_u4EvDXhP9nYkeV-Q3MCY,2024-07-11 - Divi Builder vs Elementor Pro Le Duel des Extensions WordPress - Article - FR,2024-07-11 - Divi Builder vs Elementor Pro Le Duel des Extensions WordPress - Article - FR,application/vnd.google-apps.document,mixed_separators,medium,"Melange espaces, tirets et underscores"
1FRetb21ZsvIn-QJLFTqoHDWhLXwk3-F5lkRh1fdVTLw,2024-08-19 - ElementsKit pour Elementor addons tout-en-un et widgets essentiels - Article - FR,2024-08-19 - ElementsKit pour Elementor addons tout-en-un et widgets essentiels - Article - FR,application/vnd.google-apps.document,mixed_separators,medium,"Melange espaces, tirets et underscores"
1-gHUHkzxWN7kCSDya7HhtEGdM-6l1Lvp3qrasuG8JVk,2024-10-21 - Local WP Choisir entre Local by Flywheel ou Xampp pour WordPress - Article - FR,2024-10-21 - Local WP Choisir entre Local by Flywheel ou Xampp pour WordPress - Article - FR,application/vnd.google-apps.document,mixed_separators,medium,"Melange espaces, tirets et underscores"
1iV3dsKcpEpn0Qu0KrE90GDJ8gJ7xQKB13s2fbRZKI9M,2025-01-11 - Traduire Sans Migraine Test du Plugin WordPress - Article - FR,2025-01-11 - Traduire Sans Migraine Test du Plugin WordPress - Article - FR,application/vnd.google-apps.document,mixed_separators,medium,"Melange espaces, tirets et underscores"
1WIG76ZYL0geh4ngCklq572GyqeM4pQ5hveUhst1Qz0Y,2025-01-09 - Qu’est-ce que Gutenberg dans WordPress - Article - FR,2025-01-09 - Qu’est-ce que Gutenberg dans WordPress - Article - FR,application/vnd.google-apps.document,mixed_separators,medium,"Melange espaces, tirets et underscores"
1O5Gv1T_4-ufDVBrJBzCV7j3kI8irxku-tGMd2aBELgM,2024-12-11 - WP Marmite Pay simplifie vos paiements sur WordPress - Article - FR,2024-12-11 - WP Marmite Pay simplifie vos paiements sur WordPress - Article - FR,application/vnd.google-apps.document,mixed_separators,medium,"Melange espaces, tirets et underscores"
132zsZhii2B57Iq9xnA5a2XpTDlr4r0qzm_kYDTmVQvg,"2024-05-13 - InstaWP, avis comment construire un site WordPress en un clic - Article - FR","2024-05-13 - InstaWP, avis comment construire un site WordPress en un clic - Article - FR",application/vnd.google-apps.document,mixed_separators,medium,"Melange espaces, tirets et underscores"
1leK79ogKrBVfYS4flJF8lowesJS6YXRwCTLta6ELVp4,2024-05-07 - ClickWhale vs Pretty Links Quel est le meilleur raccourcisseur et gestionnair... - Article - FR,2024-05-07 - ClickWhale vs Pretty Links Quel est le meilleur raccourcisseur et gestionnair... - Article - FR,application/vnd.google-apps.document,mixed_separators,medium,"Melange espaces, tirets et underscores"
1xujLu7ZYUGI3PLAu8Xze565xhbP5y-VXBxbXC8HM-SE,"2024-08-29 - SEOKEY, le plugin SEO essentiel pour WordPress - Article - FR","2024-08-29 - SEOKEY, le plugin SEO essentiel pour WordPress - Article - FR",application/vnd.google-apps.document,mixed_separators,medium,"Melange espaces, tirets et underscores"
13YmG6O1d-ABXr8m807xc4EJxnhOTmHo4ayPJr48UY9Y,2024-08-15 - Plugin Traduction Wordpress Top 10 pour Globaliser votre Site - Article - FR,2024-08-15 - Plugin Traduction Wordpress Top 10 pour Globaliser votre Site - Article - FR,application/vnd.google-apps.document,mixed_separators,medium,"Melange espaces, tirets et underscores"
1scigfUReq_aOkzcqJkTgMF-B05KYaJv3mSUMxY_lWjQ,"2023-11-20 - Fluent Forms, le plugin WP pour vos formulaires - Article - FR","2023-11-20 - Fluent Forms, le plugin WP pour vos formulaires - Article - FR",application/vnd.google-apps.document,mixed_separators,medium,"Melange espaces, tirets et underscores"
1Rmdf4ZNeRrQVQWrwqTDpBzO0Cfyu-ORzSG6TaZHUAAc,2024-07-21 - SureMembers vs Wishlist Members quelle extension choisir - Article - FR,2024-07-21 - SureMembers vs Wishlist Members quelle extension choisir - Article - FR,application/vnd.google-apps.document,mixed_separators,medium,"Melange espaces, tirets et underscores"
1f-jtMNuEKmWZXfQJ80UAxXz2ianBHicgFkB8bXNQ_5E,2024-10-21 - Tunnel de vente WordPress guide complet pour optimiser vos conversions - Article - FR,2024-10-21 - Tunnel de vente WordPress guide complet pour optimiser vos conversions - Article - FR,application/vnd.google-apps.document,mixed_separators,medium,"Melange espaces, tirets et underscores"
1b3EboNZiDT0Ar_CoGOqRY5aaAqaAPCVCnghJesSMQng,2024-12-10 - What is a WordPress plugin and how to use it effectively - Article - FR,2024-12-10 - What is a WordPress plugin and how to use it effectively - Article - FR,application/vnd.google-apps.document,mixed_separators,medium,"Melange espaces, tirets et underscores"
196NCzvQfhiFyj3ObSs_7qlS1sEFikyT2Wh_ZuqUZ1Ik,2023-11-10 - Qu’est-ce que le plugin Divi BodyCommerce - Article - FR,2023-11-10 - Qu’est-ce que le plugin Divi BodyCommerce - Article - FR,application/vnd.google-apps.document,mixed_separators,medium,"Melange espaces, tirets et underscores"
1xeSursEBbjFXjWvMko7gx4twDlSy01oYWwk1O2KaBAE,2023-11-10 - Tout ce que vous devez savoir sur BuddyBoss - Article - FR,2023-11-10 - Tout ce que vous devez savoir sur BuddyBoss - Article - FR,application/vnd.google-apps.document,mixed_separators,medium,"Melange espaces, tirets et underscores"
1UbJJUfUavu-d_Si1e_iuzInjU-UNhxP7kGBbJP2sQZM,"2023-10-26 - Divi ToolBox, ce qu’il faut savoir sur ce plug in WordPress - Article - FR","2023-10-26 - Divi ToolBox, ce qu’il faut savoir sur ce plug in WordPress - Article - FR",application/vnd.google-apps.document,mixed_separators,medium,"Melange espaces, tirets et underscores"
1GNlLQQhW38CGvlstFyxFx9Ngflk8oR3p0Q1M-GKNrEM,2023-11-24 - Fluent Support - Le Plugin Incontournable pour le Support Client sur WordPress - Article - FR,2023-11-24 - Fluent Support - Le Plugin Incontournable pour le Support Client sur WordPress - Article - FR,application/vnd.google-apps.document,mixed_separators,medium,"Melange espaces, tirets et underscores"
1zX3mIiEPDdhsftiv965s9y9KCuBwqesg9dp56dnug9E,2023-11-24 - AIOSEO Le Plugin All in One SEO Ultime pour WordPress - Article - FR,2023-11-24 - AIOSEO Le Plugin All in One SEO Ultime pour WordPress - Article - FR,application/vnd.google-apps.document,mixed_separators,medium,"Melange espaces, tirets et underscores"
1BzBU2gto-SIP1K2hLsB32Iw2ADsIpUFIsw9HoXqz3_8,2023-11-24 - ClickWhale - Article - FR,2023-11-24 - ClickWhale - Article - FR,application/vnd.google-apps.document,mixed_separators,medium,"Melange espaces, tirets et underscores"
1x3RRCqIwoailKJF92EM4GpfT289XAl9wrZmthNDiFbY,2023-11-24 - Manychat le Chatbot Messenger de Facebook - Article - FR,2023-11-24 - Manychat le Chatbot Messenger de Facebook - Article - FR,application/vnd.google-apps.document,mixed_separators,medium,"Melange espaces, tirets et underscores"
1yByAbEJSUr0kPPBFKqZIUhj-3RWSiR6LidzTWjKFnBE,"2023-11-24 - SureCart, le plugin qui concurrence WooCommerce - Article - FR","2023-11-24 - SureCart, le plugin qui concurrence WooCommerce - Article - FR",application/vnd.google-apps.document,mixed_separators,medium,"Melange espaces, tirets et underscores"
1WTrbazg2Gpq-X-k9vo2QyGeILcxSa-FhUfsU_Jd7c9k,2023-11-24 - Tout ce que vous devez savoir sur Webflow - Article - FR,2023-11-24 - Tout ce que vous devez savoir sur Webflow - Article - FR,application/vnd.google-apps.document,mixed_separators,medium,"Melange espaces, tirets et underscores"
1JzHbYnh5WzjyGSrwCTtSiMCwyE8bMCFSsSo8w7Ia1tw,2023-11-24 - Solid Affiliate - Le Top Plugin d’affiliation pour WordPress - Article - FR,2023-11-24 - Solid Affiliate - Le Top Plugin d’affiliation pour WordPress - Article - FR,application/vnd.google-apps.document,mixed_separators,medium,"Melange espaces, tirets et underscores"
1BToRCEdqsUHfMdTJCRWrSBFFaCzDwxcKtfNa3nafTZI,2023-11-22 - BeFreelancr La plateforme pour acheter et vendre des services en ligne - Article - FR,2023-11-22 - BeFreelancr La plateforme pour acheter et vendre des services en ligne - Article - FR,application/vnd.google-apps.document,mixed_separators,medium,"Melange espaces, tirets et underscores"
1OlKghrDW9wI-aDWpCCtjzHEx5kfswezNDuKRa-R9eco,"2023-11-24 - WishList Member, tout savoir sur ce plugin WordPress - Article - FR","2023-11-24 - WishList Member, tout savoir sur ce plugin WordPress - Article - FR",application/vnd.google-apps.document,mixed_separators,medium,"Melange espaces, tirets et underscores"
1VGUGcTzEtNjbkMDQNKAHrOFao-NTxKDUhziHKEzblgw,2023-11-24 - Tout ce que vous devez savoir sur LaunchFlows - Article - FR,2023-11-24 - Tout ce que vous devez savoir sur LaunchFlows - Article - FR,application/vnd.google-apps.document,mixed_separators,medium,"Melange espaces, tirets et underscores"
1rXDu1FRXq-3TGkXvihbQs2l8UmyAH58NXLNLB9Bec3E,"2023-11-24 - WooFunnels Autonami, le CRM pour gagner toujours plus de clients - Article - FR","2023-11-24 - WooFunnels Autonami, le CRM pour gagner toujours plus de clients - Article - FR",application/vnd.google-apps.document,mixed_separators,medium,"Melange espaces, tirets et underscores"
1uy0qwAel7QtInFYmRE9t5HZ_FZ7R7aJ6vZV9hgZ84Yk,2023-11-21 - Top 3 des addons Elementor - Article - FR,2023-11-21 - Top 3 des addons Elementor - Article - FR,application/vnd.google-apps.document,mixed_separators,medium,"Melange espaces, tirets et underscores"
1FY37XW1AIxUh8GDgBTvnXssDvWiej_R5t-lD8CxtHtE,2023-11-21 - Spotlight Social Media Feeds - Article - FR,2023-11-21 - Spotlight Social Media Feeds - Article - FR,application/vnd.google-apps.document,mixed_separators,medium,"Melange espaces, tirets et underscores"
1m3e3phZXeO74v3t_jgzophrvyLyC_7CUUDq-UaOPdjw,2023-11-22 - Gagner de l’argent avec l’affiliation sur votre site WordPress - Article - FR,2023-11-22 - Gagner de l’argent avec l’affiliation sur votre site WordPress - Article - FR,application/vnd.google-apps.document,mixed_separators,medium,"Melange espaces, tirets et underscores"
1f8toJqU9DlLpG8WLARMEOiBkUbQFpFN-6Of_muFYNDQ,2023-11-21 - AAWP - Le meilleur plugin pour des sites de niche WordPress - Article - FR,2023-11-21 - AAWP - Le meilleur plugin pour des sites de niche WordPress - Article - FR,application/vnd.google-apps.document,mixed_separators,medium,"Melange espaces, tirets et underscores"
1uW6tNU-ptlh3hnLW000gz9sAOUbgUVrsNiW8w_7J2cQ,2023-11-13 - Ce que je pense de Divi Pixel - Article - FR,2023-11-13 - Ce que je pense de Divi Pixel - Article - FR,application/vnd.google-apps.document,mixed_separators,medium,"Melange espaces, tirets et underscores"
1CffgAPe1cMn_dXx8YlgNKVRs_fcX38SE_-ZAUpPBP9c,"2023-11-14 - Jungle Scout, l’outil pour booster vos ventes sur Amazon - Article - FR","2023-11-14 - Jungle Scout, l’outil pour booster vos ventes sur Amazon - Article - FR",application/vnd.google-apps.document,mixed_separators,medium,"Melange espaces, tirets et underscores"
1kObNFmf24S4mXdC7KAG7GWdPeT59JiVasZPrDNjxgNo,2023-11-13 - Qu’est-ce que le pixel Facebook et comment l’installer - Article - FR,2023-11-13 - Qu’est-ce que le pixel Facebook et comment l’installer - Article - FR,application/vnd.google-apps.document,mixed_separators,medium,"Melange espaces, tirets et underscores"
1MlJp9bK4Z7UYORhZYJHpuy3spJz7hFkdVmpU8UVV8hw,2023-11-13 - Mon avis sur Kadence WP - Article - FR,2023-11-13 - Mon avis sur Kadence WP - Article - FR,application/vnd.google-apps.document,mixed_separators,medium,"Melange espaces, tirets et underscores"
1Ao8CL-BkQwIh3zIdmxXGhXs0nTKJHmzN5vQVT-Izacc,2023-11-13 - On vous dit tout sur Google Web Stories pour WordPress - Article - FR,2023-11-13 - On vous dit tout sur Google Web Stories pour WordPress - Article - FR,application/vnd.google-apps.document,mixed_separators,medium,"Melange espaces, tirets et underscores"
1WhILuXJLE3LaFI4gedrTyWBUUzxcNA0FK7wAfe4Sn9g,"2023-11-13 - Groundhogg, la marmotte qui va vous simplifier la vie - Article - FR","2023-11-13 - Groundhogg, la marmotte qui va vous simplifier la vie - Article - FR",application/vnd.google-apps.document,mixed_separators,medium,"Melange espaces, tirets et underscores"
1sdB84csafMbwImytHqp0YQ_11FoHq7BjeDo8rioMF7k,2023-11-13 - Zoom sur Divi - Article - FR,2023-11-13 - Zoom sur Divi - Article - FR,application/vnd.google-apps.document,mixed_separators,medium,"Melange espaces, tirets et underscores"
1yX9kPuQicj0j097P77xaLxe8Fa-WY-opx5nKk1Qxkuc,2023-11-12 - On vous dit tout sur le plugin Elementor - Article - FR,2023-11-12 - On vous dit tout sur le plugin Elementor - Article - FR,application/vnd.google-apps.document,mixed_separators,medium,"Melange espaces, tirets et underscores"
1uQ68PUEE5LLxfvJbFWLLlumMP7YnKgoMdfnZFpqSzTc,2023-11-10 - Ce qu’il faut savoir sur la plateforme 5euros - Article - FR,2023-11-10 - Ce qu’il faut savoir sur la plateforme 5euros - Article - FR,application/vnd.google-apps.document,mixed_separators,medium,"Melange espaces, tirets et underscores"
1nTERNpN2R33Q-bAjub6Eeg_jkM6INEVpPeSZ0kkPkhc,"2023-11-13 - Fiverr, zoom sur la plateforme qui permet de trouver des freelances - Article - FR","2023-11-13 - Fiverr, zoom sur la plateforme qui permet de trouver des freelances - Article - FR",application/vnd.google-apps.document,mixed_separators,medium,"Melange espaces, tirets et underscores"
1e9gUwA9g_D9mVUSlSBsUrJT1CriCaXagHwOw0LXMPvg,2023-11-13 - Pourquoi utiliser WordPress Multisite - Article - FR,2023-11-13 - Pourquoi utiliser WordPress Multisite - Article - FR,application/vnd.google-apps.document,mixed_separators,medium,"Melange espaces, tirets et underscores"
1UTQtLj0KD8wzBTFDyR8fYCkLiNmik-8ah9o_vPEUIE0,2023-11-24 - Barn2 Plugins - Des plugins pour booster ses performances sur WooCommerce - Article - FR,2023-11-24 - Barn2 Plugins - Des plugins pour booster ses performances sur WooCommerce - Article - FR,application/vnd.google-apps.document,mixed_separators,medium,"Melange espaces, tirets et underscores"
1gnVZX-3Vs_YshROpkMGuCOvDDnC6Mm9tuNvuxjnFrXg,2024-12-10 - SureForms AI-Powered WordPress Forms Plugin - Article - EN,2024-12-10 - SureForms AI-Powered WordPress Forms Plugin - Article - EN,application/vnd.google-apps.document,mixed_separators,medium,"Melange espaces, tirets et underscores"
1lHVarc8hKE-8doe-cqwa64rQ1XB0Wz5tT8Gwhec_8go,2024-10-22 - FluentBoards Find out all about this project management plugin for WordPress - Article - EN,2024-10-22 - FluentBoards Find out all about this project management plugin for WordPress - Article - EN,application/vnd.google-apps.document,mixed_separators,medium,"Melange espaces, tirets et underscores"
1Ua4WQmhYiq8TccyrGejgEFMmU7SqvH59IOku_kiXkjQ,2024-10-22 - SureMembers vs Restrict Content Pro comparison of membership plugins - Article - EN,2024-10-22 - SureMembers vs Restrict Content Pro comparison of membership plugins - Article - EN,application/vnd.google-apps.document,mixed_separators,medium,"Melange espaces, tirets et underscores"
1_3oOdbxL6TM9SARfrd8bDBZg4MSGZkhNCyN4vJwR1Vs,2024-12-20 - WPBoutik reinvents e-commerce on WordPress - Article - EN,2024-12-20 - WPBoutik reinvents e-commerce on WordPress - Article - EN,application/vnd.google-apps.document,mixed_separators,medium,"Melange espaces, tirets et underscores"
1-yo7DtWJgEBrkyVgixLSAD6qqiuctZd_yGL7W4l0wiA,2024-12-03 - Suremembers Discover the Best Membership Plugin for WordPress - Article - EN,2024-12-03 - Suremembers Discover the Best Membership Plugin for WordPress - Article - EN,application/vnd.google-apps.document,mixed_separators,medium,"Melange espaces, tirets et underscores"
1etyMh24t0rSQ_Ow0cAN8tN5xJ7LdeOoUV3Xlo92K_K4,2024-11-30 - A slug in WordPress what is it and how can I optimize it - Article - EN,2024-11-30 - A slug in WordPress what is it and how can I optimize it - Article - EN,application/vnd.google-apps.document,mixed_separators,medium,"Melange espaces, tirets et underscores"
1r_-GIQ5i-7YTBeHdJXG-dfZ9HKi3iwXUErQdtrGKyxI,2024-11-12 - Opinions on Linkuma is it the benchmark for netlinking - Article - EN,2024-11-12 - Opinions on Linkuma is it the benchmark for netlinking - Article - EN,application/vnd.google-apps.document,mixed_separators,medium,"Melange espaces, tirets et underscores"
1oaH4vARgSPOnk64PMyLCYmP4JA-H6sBPb0A1uq5yTGM,"2024-11-08 - SEOKEY, the essential SEO plugin for WordPress - Article - EN","2024-11-08 - SEOKEY, the essential SEO plugin for WordPress - Article - EN",application/vnd.google-apps.document,mixed_separators,medium,"Melange espaces, tirets et underscores"
1b-HdQ7b7FxsWKjxuNWZlnePBQ7LvJI74CtZHQ4HvYV4,2024-11-07 - TasteWP Discover how to easily create your WordPress website - Article - EN,2024-11-07 - TasteWP Discover how to easily create your WordPress website - Article - EN,application/vnd.google-apps.document,mixed_separators,medium,"Melange espaces, tirets et underscores"
1loSr5BY7viYnQdQRTKrixr3mvHpZbsUFltF07rWO3M8,2024-10-25 - ZipWP vs - Article - EN,2024-10-25 - ZipWP vs - Article - EN,application/vnd.google-apps.document,mixed_separators,medium,"Melange espaces, tirets et underscores"
1f4PZDoLmO6tQvZTxuhcqaCq2D9TzxUxACg-M8ChWWQk,2024-10-22 - SureMembers vs - Article - DE,2024-10-22 - SureMembers vs - Article - DE,application/vnd.google-apps.document,mixed_separators,medium,"Melange espaces, tirets et underscores"
1W895_wdHcHu0Cs2SwOPrZGDIyQQUBxyJNwpEueQXT74,2024-12-20 - WPBoutik erfindet den Online-Handel mit WordPress neu - Article - DE,2024-12-20 - WPBoutik erfindet den Online-Handel mit WordPress neu - Article - DE,application/vnd.google-apps.document,mixed_separators,medium,"Melange espaces, tirets et underscores"
15T0YjfNOltgZqOxZtqav-4FHaFI4ab4Gl66ZFq0ikbI,2024-12-16 - WordPress Playground Was ist das und wie verwende ich es - Article - DE,2024-12-16 - WordPress Playground Was ist das und wie verwende ich es - Article - DE,application/vnd.google-apps.document,mixed_separators,medium,"Melange espaces, tirets et underscores"
1ZKpUp1HmGdvQOu5hKoufwnrR08iy0a_avcIKjjYIfu4,2024-12-10 - Was ein WordPress-Plugin ist und wie man es effektiv nutzt - Article - DE,2024-12-10 - Was ein WordPress-Plugin ist und wie man es effektiv nutzt - Article - DE,application/vnd.google-apps.document,mixed_separators,medium,"Melange espaces, tirets et underscores"
1LG4pUfeQYtOVho2yZRFy5t57kbOTCJtiEyoZkA78-ig,2024-12-09 - Was ist die Erstellung einer maßgeschneiderten WordPress-Website und welche V... - Article - DE,2024-12-09 - Was ist die Erstellung einer maßgeschneiderten WordPress-Website und welche V... - Article - DE,application/vnd.google-apps.document,mixed_separators,medium,"Melange espaces, tirets et underscores"
1-eB1rjSWKG5ir7cPdyxTVxMgkAsjKBVlhTb_RI9GECo,2024-11-14 - SureForms KI-gespeistes WordPress-Formular-Plugin - Article - DE,2024-11-14 - SureForms KI-gespeistes WordPress-Formular-Plugin - Article - DE,application/vnd.google-apps.document,mixed_separators,medium,"Melange espaces, tirets et underscores"
1sewD84uRfWiV-o8sDw5mmr-3UMNFvsx9epuP3OFvw4s,2024-11-30 - Ein Slug in WordPress Was ist das und wie kann man ihn optimieren - Article - DE,2024-11-30 - Ein Slug in WordPress Was ist das und wie kann man ihn optimieren - Article - DE,application/vnd.google-apps.document,mixed_separators,medium,"Melange espaces, tirets et underscores"
1vRBDSldpOwXNcMfDFYVbkuCigGVGgz0aeMPFvrm4ikM,"2024-11-07 - TasteWP Erfahren Sie, wie Sie Ihre WordPress-Website einfach erstellen konnen - Article - DE","2024-11-07 - TasteWP Erfahren Sie, wie Sie Ihre WordPress-Website einfach erstellen konnen - Article - DE",application/vnd.google-apps.document,mixed_separators,medium,"Melange espaces, tirets et underscores"
1STv4RMtMu4X46zlh3IMlloT3Z9iXhDjvwqqBmenlKeY,2023-03-06 - Impact IM Contenu IA et SEO - SEO,2023-03-06 - Impact IM Contenu IA et SEO - SEO,application/vnd.google-apps.document,mixed_separators,medium,"Melange espaces, tirets et underscores"
1x7i9BSfuKGrYoipdcj_Ckha5QIjwTEwdN7zXQnPp7oQ,2023-08-14 - AIOSEO Le Plugin All in One SEO Ultime pour WordPress - SEO,2023-08-14 - AIOSEO Le Plugin All in One SEO Ultime pour WordPress - SEO,application/vnd.google-apps.document,mixed_separators,medium,"Melange espaces, tirets et underscores"
1ZlpW0WSZZPnymYi7b4Y4w0Xjgb-8qMOSdguHdD802m0,2025-09-09 - Formation TBL Informations SEO et WordPress by Cyril Jouault - SEO,2025-09-09 - Formation TBL Informations SEO et WordPress by Cyril Jouault - SEO,application/vnd.google-apps.spreadsheet,mixed_separators,medium,"Melange espaces, tirets et underscores"
1oXpDPi-d6sEQUwHPHwV34z5tA1QB4d95,2025-12-29 - Keywords formation wordpress - SEO.xlsx,2025-12-29 - Keywords formation wordpress - SEO.xlsx,application/vnd.openxmlformats-officedocument.spreadsheetml.sheet,mixed_separators,medium,"Melange espaces, tirets et underscores"
1oJs6LaN8AFylgWGe88y9Tq6Z-IW8I7v4,2025-03-10 - Link-finder-optimize-netlinking-strategy - SEO.jpg,2025-03-10 - Link-finder-optimize-netlinking-strategy - SEO.jpg,image/jpeg,mixed_separators,medium,"Melange espaces, tirets et underscores"
1q2me5kxsYhx_OG5nFtlWU-n_AUj4CF37,2025-03-12 - Link-finder-netlinking-optimierung - SEO.jpg,2025-03-12 - Link-finder-netlinking-optimierung - SEO.jpg,image/jpeg,mixed_separators,medium,"Melange espaces, tirets et underscores"
1qkMZpo3r5udqPNDVkU4kxQzZIUfgneQL,2025-03-14 - Linkwhisper-optimisation-seo-maillage-interne - SEO.jpg,2025-03-14 - Linkwhisper-optimisation-seo-maillage-interne - SEO.jpg,image/jpeg,mixed_separators,medium,"Melange espaces, tirets et underscores"
1qn_DCq7dnxrzl7zEgUmYugT1vEhx9_wz,2025-03-14 - Linkwhisper-tarifs-seo-maillage-interne - SEO.jpg,2025-03-14 - Linkwhisper-tarifs-seo-maillage-interne - SEO.jpg,image/jpeg,mixed_separators,medium,"Melange espaces, tirets et underscores"
1Ka_gFRBOKqq2xNshguXNhv9mis_EMpr5,2025-08-21 - Linksgarden-avis-logo-plateforme-netlinking - SEO.png,2025-08-21 - Linksgarden-avis-logo-plateforme-netlinking - SEO.png,image/png,mixed_separators,medium,"Melange espaces, tirets et underscores"
1aSwsho1K8HC7toJaz9g-bDAURYDeH6E6,2025-08-21 - Linksgarden-avis-selection-sites-netlinking - SEO.jpg,2025-08-21 - Linksgarden-avis-selection-sites-netlinking - SEO.jpg,image/jpeg,mixed_separators,medium,"Melange espaces, tirets et underscores"
1kJARe1sk97poaFgnWNvPBO2NII6LJoBs,2025-08-21 - Linksgarden-avis-thematiques-campagne-netlinking - SEO.jpg,2025-08-21 - Linksgarden-avis-thematiques-campagne-netlinking - SEO.jpg,image/jpeg,mixed_separators,medium,"Melange espaces, tirets et underscores"
1khbXJddben9EruKqIFyypNM3d0HggilV,2025-08-29 - Linksgarden-review-netlinking-platform - SEO.jpg,2025-08-29 - Linksgarden-review-netlinking-platform - SEO.jpg,image/jpeg,mixed_separators,medium,"Melange espaces, tirets et underscores"
1o-JFWjTx4zU0Qi_MTa17kqn9qvtbZxT1,2025-08-21 - Linksgarden-avis-plateforme-netlinking - SEO.jpg,2025-08-21 - Linksgarden-avis-plateforme-netlinking - SEO.jpg,image/jpeg,mixed_separators,medium,"Melange espaces, tirets et underscores"
1pAFiXoq6Bla1geGbXbYXCCycR2_-RsM8,2025-08-21 - Linksgarden-avis-interface-campagne-netlinking - SEO.jpg,2025-08-21 - Linksgarden-avis-interface-campagne-netlinking - SEO.jpg,image/jpeg,mixed_separators,medium,"Melange espaces, tirets et underscores"
1wOekvwg0xF7QB5aAe_BdwDoCXkWh3rL-,2025-08-20 - Linksgarden-test-netlinking - SEO.jpg,2025-08-20 - Linksgarden-test-netlinking - SEO.jpg,image/jpeg,mixed_separators,medium,"Melange espaces, tirets et underscores"
1f7NFavKk-0O2RHVyWe8M_Evp89ZtR_o-PMXtGcfkhw0,2025-10-26 - Keywords Formation en ligne WordPress CSV pr t Sheets - SEO,2025-10-26 - Keywords Formation en ligne WordPress CSV pr t Sheets - SEO,application/vnd.google-apps.spreadsheet,mixed_separators,medium,"Melange espaces, tirets et underscores"
1IPsE8x-JduPdDBNcrna2Wlcx4Rb-Q1M1Ij3Ca2HHIq8,2025-09-04 - Prospecteur de backlinks (achat ereferer) - SEO,2025-09-04 - Prospecteur de backlinks (achat ereferer) - SEO,application/vnd.google-apps.spreadsheet,mixed_separators,medium,"Melange espaces, tirets et underscores"
1_k5nI2eS3lsooxVLRykvhf8PRJwci81ouTHEpP8lCTY,2025-09-04 - Prospecteur de backlinks V1 - SEO,2025-09-04 - Prospecteur de backlinks V1 - SEO,application/vnd.google-apps.spreadsheet,mixed_separators,medium,"Melange espaces, tirets et underscores"
1TnBmIRWxuegMuvCgIkvQZuD9ipinYhw4wSD2M4Fc-w4,2021-10-14 - SEO ARMY - SEO,2021-10-14 - SEO ARMY - SEO,application/vnd.google-apps.document,mixed_separators,medium,"Melange espaces, tirets et underscores"
1TnBmIRWxuegMuvCgIkvQZuD9ipinYhw4wSD2M4Fc-w4,2021-10-14 - SEO ARMY - SEO,2021-10-14 - SEO ARMY - SEO,application/vnd.google-apps.document,all_caps,low,Nom entierement en majuscules
18ysp16_TnS7KCuYNOPMouAIY77yjmqu7y7iM6Nd7tiU,2025-10-26 - Make Nano Banana AffiSEO - SEO,2025-10-26 - Make Nano Banana AffiSEO - SEO,application/vnd.google-apps.spreadsheet,mixed_separators,medium,"Melange espaces, tirets et underscores"
1UjpCvAJOovHHOQL7jAFIYh45Lg7C3oKOVt7YswXcyDU,README - Affiliation schoolsWP,README - Affiliation schoolsWP,application/vnd.google-apps.document,mixed_separators,medium,"Melange espaces, tirets et underscores"
1VcMD--bmDbHqKGiqtOz--jUG-GlJt2qM2B2Q6S1mBTg,README - Partenaire WPManageNinja,README - Partenaire WPManageNinja,application/vnd.google-apps.document,mixed_separators,medium,"Melange espaces, tirets et underscores"
1uvkuCYoCxKazWwFJ8ynkdlpWuLGJ8nXl3FzsfXWp8bo,README - Partenaire (Template),README - Partenaire (Template),application/vnd.google-apps.document,mixed_separators,medium,"Melange espaces, tirets et underscores"
1h10CfYxeeZRW4DvHtIq1JnQjeFCFRJUx,2025-12-29 - Affiliate Marketing for Beginners How to Get Started as a BuddyBoss Affiliat... – Affiliation,2025-12-29 - Affiliate Marketing for Beginners How to Get Started as a BuddyBoss Affiliat... – Affiliation,message/rfc822,mixed_separators,medium,"Melange espaces, tirets et underscores"
10XyXx72wBVa4noahr4VB_4GGT2G-XGw0,2025-08-12 - Affiliatepress-woocommerce-integrations-plugins-wordpress - Affiliation.jpg,2025-08-12 - Affiliatepress-woocommerce-integrations-plugins-wordpress - Affiliation.jpg,image/jpeg,mixed_separators,medium,"Melange espaces, tirets et underscores"
1BonwpxDyVXdBst0nDgv1VokxKO6N3jW1,2025-08-12 - Affiliatepress-tableau-bord-plugin-wordpress - Affiliation.jpg,2025-08-12 - Affiliatepress-tableau-bord-plugin-wordpress - Affiliation.jpg,image/jpeg,mixed_separators,medium,"Melange espaces, tirets et underscores"
1GEl0adb2KiB27ynlb69rwkzb3xWAVO1X,2025-08-11 - Affiliatepress-avis-test-plugin-affiliation-wordpress - Affiliation.jpg,2025-08-11 - Affiliatepress-avis-test-plugin-affiliation-wordpress - Affiliation.jpg,image/jpeg,mixed_separators,medium,"Melange espaces, tirets et underscores"
1KvcANNqoXle5J7H5yLQQ9lNrs4kFEjwm,2025-08-12 - Affiliatepress-tableau-de-bord-gestion-affilies - Affiliation.jpg,2025-08-12 - Affiliatepress-tableau-de-bord-gestion-affilies - Affiliation.jpg,image/jpeg,mixed_separators,medium,"Melange espaces, tirets et underscores"
1LdglGWPuxZz_TZzjGjr9snwE3VrtVcCf,2025-08-12 - Affiliatepress-configuration-paypal-mass-payment - Affiliation.jpg,2025-08-12 - Affiliatepress-configuration-paypal-mass-payment - Affiliation.jpg,image/jpeg,mixed_separators,medium,"Melange espaces, tirets et underscores"
1iyt1BDlBPk9VUcrf9bba94brlYAQrntK,2025-08-09 - AffiliatePress-Logo-1 - Affiliation.png,2025-08-09 - AffiliatePress-Logo-1 - Affiliation.png,image/png,mixed_separators,medium,"Melange espaces, tirets et underscores"
1tB-m18OsIOtfSAAJBbyQtlUviV6lRs26,2025-08-11 - Affiliatepress-plugin-affiliation-wordpress-tableau-bord - Affiliation.jpg,2025-08-11 - Affiliatepress-plugin-affiliation-wordpress-tableau-bord - Affiliation.jpg,image/jpeg,mixed_separators,medium,"Melange espaces, tirets et underscores"
14qggcsvOjFWv4sP_W6sZMOzVke_ABCnZ,2025-09-14 - Affiliatepress-wordpress-plugin-review - Affiliation.jpg,2025-09-14 - Affiliatepress-wordpress-plugin-review - Affiliation.jpg,image/jpeg,mixed_separators,medium,"Melange espaces, tirets et underscores"
1SgoQsf__u4wIM5rAZTooV22KTFf7lRBU,2025-11-11 - Programme-ambassadeur-schoolswp-affiliation - Affiliation.jpg,2025-11-11 - Programme-ambassadeur-schoolswp-affiliation - Affiliation.jpg,image/jpeg,mixed_separators,medium,"Melange espaces, tirets et underscores"
1pYnpd65DMZwrqT4ft_6Y_KIbg13nP3msp9BKJ1ZUrQ8,2024-09-08 - SureTriggers Affiliate Marketing Guide (2024) - Affiliation,2024-09-08 - SureTriggers Affiliate Marketing Guide (2024) - Affiliation,application/vnd.google-apps.document,mixed_separators,medium,"Melange espaces, tirets et underscores"
1xAeT9DoaNDz55q_pulwzBW6iOR3XiX_ykOYoEtZ1cAw,2023-07-21 - Liste des Affiliations - Affiliation,2023-07-21 - Liste des Affiliations - Affiliation,application/vnd.google-apps.spreadsheet,mixed_separators,medium,"Melange espaces, tirets et underscores"
1KesdOc4yeWIfUHbWUF3KjvTM4DK9qECjQ0mpjMBxz4M,SEO Quick Wins Radar - schoolsWP,SEO Quick Wins Radar - schoolsWP,application/vnd.google-apps.document,mixed_separators,medium,"Melange espaces, tirets et underscores"
1QMQPsJHfQwmq3cb4lGa1Pzfsg69H7iwo,2025-10-30 - Template o2switch black friday.jpg,2025-10-30 - Template o2switch black friday.jpg,image/jpeg,mixed_separators,medium,"Melange espaces, tirets et underscores"
1K6Mx0cr15eGN5nYc43DnVlOEhqsg9oMk,2025-10-24 - Offre-black-friday-schoolswp-wordpress.jpg,2025-10-24 - Offre-black-friday-schoolswp-wordpress.jpg,image/jpeg,mixed_separators,medium,"Melange espaces, tirets et underscores"
1GZtk6dy95wesQiTw1qznQKw3jxIgOX6l,2024-12-10 - Sureforms-simple-powerful-wordpress-form-builder - Thumbnail Pinterest.jpg,2024-12-10 - Sureforms-simple-powerful-wordpress-form-builder - Thumbnail Pinterest.jpg,image/jpeg,mixed_separators,medium,"Melange espaces, tirets et underscores"
1GY3rzrcEHbf-G-YHsgtXd5y_ihcby69m,2024-12-10 - Sureforms-ai-powered-wordpress-forms-plugin - Thumbnail Pinterest.jpg,2024-12-10 - Sureforms-ai-powered-wordpress-forms-plugin - Thumbnail Pinterest.jpg,image/jpeg,mixed_separators,medium,"Melange espaces, tirets et underscores"
1KrjBBh9TwIInMv1pVOFcX8uDcVMhAGVU,2024-12-16 - Wordpress-playground-test-online - Thumbnail Pinterest.jpg,2024-12-16 - Wordpress-playground-test-online - Thumbnail Pinterest.jpg,image/jpeg,mixed_separators,medium,"Melange espaces, tirets et underscores"
1KoP6hcPRTnIqH8KDVPdXLiXRtKonoZaI,2024-12-16 - Wordpress-playground-what-is-it - Thumbnail Pinterest.jpg,2024-12-16 - Wordpress-playground-what-is-it - Thumbnail Pinterest.jpg,image/jpeg,mixed_separators,medium,"Melange espaces, tirets et underscores"
18vEdT9Krkl29fqKQkTEoDXVbKSeaKYsK,2025-08-07 - Wprocket-wordpress-caching-plugin-speed - Thumbnail Pinterest.jpg,2025-08-07 - Wprocket-wordpress-caching-plugin-speed - Thumbnail Pinterest.jpg,image/jpeg,mixed_separators,medium,"Melange espaces, tirets et underscores"
1OvcX1hzzzkvHu4EpUYxj1ftQldkszpt6,2025-08-07 - Wp-rocket-boost-wordpress-speed-seo - Thumbnail Pinterest.jpg,2025-08-07 - Wp-rocket-boost-wordpress-speed-seo - Thumbnail Pinterest.jpg,image/jpeg,mixed_separators,medium,"Melange espaces, tirets et underscores"
1yKqVhWM3ncB0rQceyUEvUTyydEihv8Kx,2025-08-01 - Droip-review-webflow-style-wordpress-builder - Thumbnail Pinterest.jpg,2025-08-01 - Droip-review-webflow-style-wordpress-builder - Thumbnail Pinterest.jpg,image/jpeg,mixed_separators,medium,"Melange espaces, tirets et underscores"
1RZ_TdFhxbjQMGqADyWinQQpS6eOcei08,2025-08-01 - Droip-wordpress-alternative-no-plugin - Thumbnail Pinterest.jpg,2025-08-01 - Droip-wordpress-alternative-no-plugin - Thumbnail Pinterest.jpg,image/jpeg,mixed_separators,medium,"Melange espaces, tirets et underscores"
1OsIFNMyBRfaSi4S3dRAN4pmw1LvQh7OQ,2025-07-06 - Fluentcart-review-no-fuss-wordpress-plugin - Thumbnail Pinterest.jpg,2025-07-06 - Fluentcart-review-no-fuss-wordpress-plugin - Thumbnail Pinterest.jpg,image/jpeg,mixed_separators,medium,"Melange espaces, tirets et underscores"
1FHtI6M09aD9TkVY1ncAfiO7-7LHgZwyz,2025-07-06 - Fluentcart-review-wordpress-plugin-schoolswp - Thumbnail Pinterest.jpg,2025-07-06 - Fluentcart-review-wordpress-plugin-schoolswp - Thumbnail Pinterest.jpg,image/jpeg,mixed_separators,medium,"Melange espaces, tirets et underscores"
1TGQT_eCq-u2c5p8FZ0_UCMvW59oF_CCk,2025-07-05 - Learn-wordpress-guide-motivated-beginners - Thumbnail Pinterest.jpg,2025-07-05 - Learn-wordpress-guide-motivated-beginners - Thumbnail Pinterest.jpg,image/jpeg,mixed_separators,medium,"Melange espaces, tirets et underscores"
101trsp91Q-hnTVL-0f0BVwMvo1llrBhK,2025-07-05 - Learn-wordpress-own-start-from-scratch - Thumbnail Pinterest.jpg,2025-07-05 - Learn-wordpress-own-start-from-scratch - Thumbnail Pinterest.jpg,image/jpeg,mixed_separators,medium,"Melange espaces, tirets et underscores"
1tys7zHRwk3bMIML8whBS8g8rmYhoyz50,2025-06-13 - Promo-code-rapyd-cloud-wordpress-hosting-deal - Thumbnail Pinterest.jpg,2025-06-13 - Promo-code-rapyd-cloud-wordpress-hosting-deal - Thumbnail Pinterest.jpg,image/jpeg,mixed_separators,medium,"Melange espaces, tirets et underscores"
1UOFFhtgAeQ1JmjvL5eNWTXQf4JQg5ETT,2025-06-13 - Rapyd-cloud-promo-wordpress-hosting-discount - Thumbnail Pinterest.jpg,2025-06-13 - Rapyd-cloud-promo-wordpress-hosting-discount - Thumbnail Pinterest.jpg,image/jpeg,mixed_separators,medium,"Melange espaces, tirets et underscores"
14_8jpZNf1ITjYfzBYl13wXqCaTBdaej8,2025-06-05 - Fluentcrm-promo-code-20-schoolswp20-wordpress - Thumbnail Pinterest.jpg,2025-06-05 - Fluentcrm-promo-code-20-schoolswp20-wordpress - Thumbnail Pinterest.jpg,image/jpeg,mixed_separators,medium,"Melange espaces, tirets et underscores"
1ov5C9pavWtUnGKAkGAd1z6UMaNZAja2l,2025-06-05 - Fluentcrm-coupon-code-20-off-wordpress - Thumbnail Pinterest.jpg,2025-06-05 - Fluentcrm-coupon-code-20-off-wordpress - Thumbnail Pinterest.jpg,image/jpeg,mixed_separators,medium,"Melange espaces, tirets et underscores"
1ZcjhcU8akhcxZG6iXde3u1eEIX7zreF1,2025-06-05 - O2switch-review-french-hosting-worth-it - Thumbnail Pinterest.jpg,2025-06-05 - O2switch-review-french-hosting-worth-it - Thumbnail Pinterest.jpg,image/jpeg,mixed_separators,medium,"Melange espaces, tirets et underscores"
1BtMAUhXw6FP-GqNolVqboxbPr7lvzpdz,2025-06-05 - O2switch-review-french-hosting-wordpress - Thumbnail Pinterest.jpg,2025-06-05 - O2switch-review-french-hosting-wordpress - Thumbnail Pinterest.jpg,image/jpeg,mixed_separators,medium,"Melange espaces, tirets et underscores"
11WY90dwJl-VmNAZFWlu1CQrdoFThAAg7,2025-05-08 - Wordpress-multisite-manage-sites-one-click - Thumbnail Pinterest.jpg,2025-05-08 - Wordpress-multisite-manage-sites-one-click - Thumbnail Pinterest.jpg,image/jpeg,mixed_separators,medium,"Melange espaces, tirets et underscores"
11JwTilcbi_OUwDE1hD27ylHHSfGbdETW,2025-05-08 - Wordpress-multisite-guide-manage-multiple-sites - Thumbnail Pinterest.jpg,2025-05-08 - Wordpress-multisite-guide-manage-multiple-sites - Thumbnail Pinterest.jpg,image/jpeg,mixed_separators,medium,"Melange espaces, tirets et underscores"
10cICCPSX-Go3_b1cS3qFF-7fTCXY0P8B,2025-05-08 - Buddyboss-create-online-community - Thumbnail Pinterest.jpg,2025-05-08 - Buddyboss-create-online-community - Thumbnail Pinterest.jpg,image/jpeg,mixed_separators,medium,"Melange espaces, tirets et underscores"
10jukz8g2A50etDLGAPVescgjyKFiLITS,2025-05-08 - Buddyboss-guide-cover - Thumbnail Pinterest.jpg,2025-05-08 - Buddyboss-guide-cover - Thumbnail Pinterest.jpg,image/jpeg,mixed_separators,medium,"Melange espaces, tirets et underscores"
1-jMopPpTh0oeVqE3RvUYSIlHqyCyV_uA,2025-05-07 - Learndash-wordpress-plugin-online-training - Thumbnail Pinterest.jpg,2025-05-07 - Learndash-wordpress-plugin-online-training - Thumbnail Pinterest.jpg,image/jpeg,mixed_separators,medium,"Melange espaces, tirets et underscores"
1-a1OuD9M9Lk8jJBoiIkhZF2gE1hs2hOt,2025-05-07 - Learndash-review-worth-it-online-courses - Thumbnail Pinterest.jpg,2025-05-07 - Learndash-review-worth-it-online-courses - Thumbnail Pinterest.jpg,image/jpeg,mixed_separators,medium,"Melange espaces, tirets et underscores"
1wbLSPO7lY5wOMKIyJbOBKuHGX05eT3G4,2025-04-10 - Wordpress-translation-plugin-top10-globalization - Thumbnail Pinterest.jpg,2025-04-10 - Wordpress-translation-plugin-top10-globalization - Thumbnail Pinterest.jpg,image/jpeg,mixed_separators,medium,"Melange espaces, tirets et underscores"
1wVzDRT-PdIyASvGujZSah-0FXd_VO-Dc,2025-04-10 - Wordpress-translation-plugins-top10-multilingual - Thumbnail Pinterest.jpg,2025-04-10 - Wordpress-translation-plugins-top10-multilingual - Thumbnail Pinterest.jpg,image/jpeg,mixed_separators,medium,"Melange espaces, tirets et underscores"
1v5atFacv5XMg-O6yupvNAlxQejrxCaIK,2025-04-03 - Crocoblock-toolbox-wordpress-websites - Thumbnail Pinterest.jpg,2025-04-03 - Crocoblock-toolbox-wordpress-websites - Thumbnail Pinterest.jpg,image/jpeg,mixed_separators,medium,"Melange espaces, tirets et underscores"
1upr7_hxxih6RRHtgMGr-hz9sQ8lMdj1P,2025-04-03 - Crocoblock-interface-wordpress-elementor - Thumbnail Pinterest.jpg,2025-04-03 - Crocoblock-interface-wordpress-elementor - Thumbnail Pinterest.jpg,image/jpeg,mixed_separators,medium,"Melange espaces, tirets et underscores"
1sJ7QIDfBf2YZOsOucEoSEWG5iuiLFLQb,2025-03-23 - Crocoblock-wordpress-elementor-tool-promotion - Thumbnail Pinterest.jpg,2025-03-23 - Crocoblock-wordpress-elementor-tool-promotion - Thumbnail Pinterest.jpg,image/jpeg,mixed_separators,medium,"Melange espaces, tirets et underscores"
1uNeJhXZ4e7im0EuKkLmcekCVWUb5p83B,2025-04-03 - Link-whisper-wordpress-plugin-internal-linking-seo - Thumbnail Pinterest.jpg,2025-04-03 - Link-whisper-wordpress-plugin-internal-linking-seo - Thumbnail Pinterest.jpg,image/jpeg,mixed_separators,medium,"Melange espaces, tirets et underscores"
1ubTY6DCenGgConZ9nxJhznKLTX84vt-s,2025-04-03 - Link-whisper-review-wordpress-seo-plugin-analysis - Thumbnail Pinterest.jpg,2025-04-03 - Link-whisper-review-wordpress-seo-plugin-analysis - Thumbnail Pinterest.jpg,image/jpeg,mixed_separators,medium,"Melange espaces, tirets et underscores"
1te3fUV-2BmQfh_qI-y24p31LmLVdxa8f,2025-03-27 - Rapyd-cloud-high-performance-wordpress-hosting - Thumbnail Pinterest.jpg,2025-03-27 - Rapyd-cloud-high-performance-wordpress-hosting - Thumbnail Pinterest.jpg,image/jpeg,mixed_separators,medium,"Melange espaces, tirets et underscores"
1tdHqYT9-zU5Fd_pm4UvvdGa_Mz02wa-2,2025-03-27 - Rapyd-cloud-review-efficient-hosting - Thumbnail Pinterest.jpg,2025-03-27 - Rapyd-cloud-review-efficient-hosting - Thumbnail Pinterest.jpg,image/jpeg,mixed_separators,medium,"Melange espaces, tirets et underscores"
1s_9BDME16z17sFG9jSKjxfENmt3-vGPC,2025-03-27 - Wordpress-playground-how-to-test-wordpress-online - Thumbnail Pinterest.jpg,2025-03-27 - Wordpress-playground-how-to-test-wordpress-online - Thumbnail Pinterest.jpg,image/jpeg,mixed_separators,medium,"Melange espaces, tirets et underscores"
1scKhdr_MydNZKr6of6MKzZ6lU1saB0tJ,2025-03-27 - Wordpress-playground-test-wordpress-online - Thumbnail Pinterest.jpg,2025-03-27 - Wordpress-playground-test-wordpress-online - Thumbnail Pinterest.jpg,image/jpeg,mixed_separators,medium,"Melange espaces, tirets et underscores"
1pGzePye2TSvqMZx9kbPx5JDi1vSi5TdD,2025-03-11 - Fluentbooking-ameliawp-booking-wordpress-comparison - Thumbnail Pinterest.jpg,2025-03-11 - Fluentbooking-ameliawp-booking-wordpress-comparison - Thumbnail Pinterest.jpg,image/jpeg,mixed_separators,medium,"Melange espaces, tirets et underscores"
1pQetBCd8i3_iUhbax6eCKDkiRka_ZZ7I,2025-03-11 - Fluentbooking-ameliawp-best-wordpress-booking-plugin - Thumbnail Pinterest.jpg,2025-03-11 - Fluentbooking-ameliawp-best-wordpress-booking-plugin - Thumbnail Pinterest.jpg,image/jpeg,mixed_separators,medium,"Melange espaces, tirets et underscores"
1oYP_7_9iuYBc6xJ2E9GP42kXkSFGXTi2,2025-03-10 - Linkfinder-optimize-netlinking-strategy - Thumbnail Pinterest.jpg,2025-03-10 - Linkfinder-optimize-netlinking-strategy - Thumbnail Pinterest.jpg,image/jpeg,mixed_separators,medium,"Melange espaces, tirets et underscores"
1oRyi7NrN26vv-E6uv1bHNNhqlYm7LNxJ,2025-03-10 - Link-finder-boost-netlinking-affordable-backlinks - Thumbnail Pinterest.jpg,2025-03-10 - Link-finder-boost-netlinking-affordable-backlinks - Thumbnail Pinterest.jpg,image/jpeg,mixed_separators,medium,"Melange espaces, tirets et underscores"
1nmA4R5C3h_ado7GyyZhFNskuThZNYNiT,2025-03-09 - Local-wp-flywheel-vs-xampp-best-wordpress-tool - Thumbnail Pinterest.jpg,2025-03-09 - Local-wp-flywheel-vs-xampp-best-wordpress-tool - Thumbnail Pinterest.jpg,image/jpeg,mixed_separators,medium,"Melange espaces, tirets et underscores"
1nng4wBaycCp_bStoig1nmhuTOHsfpxnf,2025-03-09 - Local-wp-compare-local-by-flywheel-xampp - Thumbnail Pinterest.jpg,2025-03-09 - Local-wp-compare-local-by-flywheel-xampp - Thumbnail Pinterest.jpg,image/jpeg,mixed_separators,medium,"Melange espaces, tirets et underscores"
1n__3wmkQbNELSUCyw4lY-NnfE6NnV9C8,2025-03-09 - Surecart-ecommerce-plugin-digital-products - Thumbnail Pinterest.jpg,2025-03-09 - Surecart-ecommerce-plugin-digital-products - Thumbnail Pinterest.jpg,image/jpeg,mixed_separators,medium,"Melange espaces, tirets et underscores"
1nbs_sWhCpZwZLSP0GZnPjxJLm-YwuTwV,2025-03-09 - Surecart-digital-sales-wordpress - Thumbnail Pinterest.jpg,2025-03-09 - Surecart-digital-sales-wordpress - Thumbnail Pinterest.jpg,image/jpeg,mixed_separators,medium,"Melange espaces, tirets et underscores"
1l1QDHv_qYWT8mWEuB3f2kzaExuEVKmah,2025-02-27 - Divi-builder-vs-elementor-pro-best-page-builder - Thumbnail Pinterest.jpg,2025-02-27 - Divi-builder-vs-elementor-pro-best-page-builder - Thumbnail Pinterest.jpg,image/jpeg,mixed_separators,medium,"Melange espaces, tirets et underscores"
1l7sQhgBHz3v1O3BTs9f8UMT58JXXs70P,2025-02-27 - Divi-builder-vs-elementor-pro-wordpress-comparison - Thumbnail Pinterest.jpg,2025-02-27 - Divi-builder-vs-elementor-pro-wordpress-comparison - Thumbnail Pinterest.jpg,image/jpeg,mixed_separators,medium,"Melange espaces, tirets et underscores"
1jdrZUjvdc_TWZ2He0V0dQ-q2KiAXXLz9,2025-02-22 - Academy-lms-wordpress-plugin-overview - Thumbnail Pinterest.jpg,2025-02-22 - Academy-lms-wordpress-plugin-overview - Thumbnail Pinterest.jpg,image/jpeg,mixed_separators,medium,"Melange espaces, tirets et underscores"
1jdQmU1aBkLCylgqjiV-8XP6SsaZZouAl,2025-02-22 - Academy-lms-wordpress-launch-online-academy - Thumbnail Pinterest.jpg,2025-02-22 - Academy-lms-wordpress-launch-online-academy - Thumbnail Pinterest.jpg,image/jpeg,mixed_separators,medium,"Melange espaces, tirets et underscores"
1iNweILv1doycqc7hvlOFsuqZj0xdtzMZ,2025-02-19 - Tutor-lms-review-wordpress-best-lms - Thumbnail Pinterest.jpg,2025-02-19 - Tutor-lms-review-wordpress-best-lms - Thumbnail Pinterest.jpg,image/jpeg,mixed_separators,medium,"Melange espaces, tirets et underscores"
1iPkdWi7qNL8vrMow2WC2FYrO39WWUsVS,2025-02-19 - Tutor-lms-review-wordpress-lms-plugin - Thumbnail Pinterest.jpg,2025-02-19 - Tutor-lms-review-wordpress-lms-plugin - Thumbnail Pinterest.jpg,image/jpeg,mixed_separators,medium,"Melange espaces, tirets et underscores"
1c3hsYQRhe4m7Z07BYqV496ib06RodSQa,2025-01-31 - Testing-wordpress-traduire-sans-migraine - Thumbnail Pinterest.jpg,2025-01-31 - Testing-wordpress-traduire-sans-migraine - Thumbnail Pinterest.jpg,image/jpeg,mixed_separators,medium,"Melange espaces, tirets et underscores"
1c3LCC1Bhof62oeSlg0_S-OJ0Ex1K_yjQ,2025-01-31 - Seo-wordpress-traduire-sans-migraine - Thumbnail Pinterest.jpg,2025-01-31 - Seo-wordpress-traduire-sans-migraine - Thumbnail Pinterest.jpg,image/jpeg,mixed_separators,medium,"Melange espaces, tirets et underscores"
1c_H1f-05DKWexs7rMxA5wNcd8eWTR0gZ,2025-02-03 - Latepoint-plugin-wordpress-booking - Thumbnail Pinterest.jpg,2025-02-03 - Latepoint-plugin-wordpress-booking - Thumbnail Pinterest.jpg,image/jpeg,mixed_separators,medium,"Melange espaces, tirets et underscores"
1cYxY8hSDqjQ5RCO0KnguZbvgu1WmgMub,2025-02-03 - Latepoint-wordpress-plugin-online-booking - Thumbnail Pinterest.jpg,2025-02-03 - Latepoint-wordpress-plugin-online-booking - Thumbnail Pinterest.jpg,image/jpeg,mixed_separators,medium,"Melange espaces, tirets et underscores"
1gaiuo3J7Q9f6YrXowa_Ubd9KbNwjnYY7,2025-02-16 - Skoatch-ai-seo-content-editing - Thumbnail Pinterest.jpg,2025-02-16 - Skoatch-ai-seo-content-editing - Thumbnail Pinterest.jpg,image/jpeg,mixed_separators,medium,"Melange espaces, tirets et underscores"
1g_5cn51Ymwy0m2Cn75ck5oieCAabOJo6,2025-02-16 - Skoatch-ai-seo-content-tool - Thumbnail Pinterest.jpg,2025-02-16 - Skoatch-ai-seo-content-tool - Thumbnail Pinterest.jpg,image/jpeg,mixed_separators,medium,"Melange espaces, tirets et underscores"
1Yox_R73UX5NMCh2WQHhFjTgc48ixIHcF,2025-01-16 - Wishlist-member-successful-wordpress-membership-plugin - Thumbnail Pinterest.jpg,2025-01-16 - Wishlist-member-successful-wordpress-membership-plugin - Thumbnail Pinterest.jpg,image/jpeg,mixed_separators,medium,"Melange espaces, tirets et underscores"
1Z2zVv0qgckiz-dwSXZsqzskT0wuxn5TM,2025-01-16 - Wishlist-member-guide-wordpress-plugin - Thumbnail Pinterest.jpg,2025-01-16 - Wishlist-member-guide-wordpress-plugin - Thumbnail Pinterest.jpg,image/jpeg,mixed_separators,medium,"Melange espaces, tirets et underscores"
1X9sjfhn6XNYo8fy9Jf9lrH2YUm2BUxQ1,2025-01-11 - Wp-umbrella-why-wordpress-agencies-love-it - Thumbnail Pinterest.jpg,2025-01-11 - Wp-umbrella-why-wordpress-agencies-love-it - Thumbnail Pinterest.jpg,image/jpeg,mixed_separators,medium,"Melange espaces, tirets et underscores"
1X9icYWVqpxNUISqzK8Ccqoz754M-gbC6,2025-01-11 - Wp-umbrella-easily-manage-wordpress-websites - Thumbnail Pinterest.jpg,2025-01-11 - Wp-umbrella-easily-manage-wordpress-websites - Thumbnail Pinterest.jpg,image/jpeg,mixed_separators,medium,"Melange espaces, tirets et underscores"
1VLNeTKsEE4r7z1QK5jXV42oL-4303UuY,2025-01-10 - Clean-wordpress-database-plugins-guide - Thumbnail Pinterest.jpg,2025-01-10 - Clean-wordpress-database-plugins-guide - Thumbnail Pinterest.jpg,image/jpeg,mixed_separators,medium,"Melange espaces, tirets et underscores"
1VNCiUDtD70meg0Sg8sxakz29hkIzdn5p,2025-01-10 - Clean-wordpress-database-guide-plugins - Thumbnail Pinterest.jpg,2025-01-10 - Clean-wordpress-database-guide-plugins - Thumbnail Pinterest.jpg,image/jpeg,mixed_separators,medium,"Melange espaces, tirets et underscores"
1Uyg0ogM7Slo6avSEkw2ubbQX0WwAw4_U,2025-01-10 - Why-thot-seo-best-semantic-optimization-tool - Thumbnail Pinterest.jpg,2025-01-10 - Why-thot-seo-best-semantic-optimization-tool - Thumbnail Pinterest.jpg,image/jpeg,mixed_separators,medium,"Melange espaces, tirets et underscores"
1V2cyeBewQS12YOklmKUSJc3SrfAS85w4,2025-01-10 - Thot-seo-semantic-tool-dominating-google - Thumbnail Pinterest.jpg,2025-01-10 - Thot-seo-semantic-tool-dominating-google - Thumbnail Pinterest.jpg,image/jpeg,mixed_separators,medium,"Melange espaces, tirets et underscores"
1SaVhCfe3x0WUXMoDHBjEy37aAdMKrHw8,2025-01-07 - Fluentcommunity-plugin-build-wordpress-community - Thumbnail Pinterest.jpg,2025-01-07 - Fluentcommunity-plugin-build-wordpress-community - Thumbnail Pinterest.jpg,image/jpeg,mixed_separators,medium,"Melange espaces, tirets et underscores"
1SbRXIpqQ19b37MoWxYqzMFFeRE0nzKqr,2025-01-07 - Create-wordpress-community-fluentcommunity - Thumbnail Pinterest.jpg,2025-01-07 - Create-wordpress-community-fluentcommunity - Thumbnail Pinterest.jpg,image/jpeg,mixed_separators,medium,"Melange espaces, tirets et underscores"
1QQNUukqQwXJFJksIisvHazT4qn6cKBq-,2025-01-07 - What-is-gutenberg-wordpress - Thumbnail Pinterest.jpg,2025-01-07 - What-is-gutenberg-wordpress - Thumbnail Pinterest.jpg,image/jpeg,mixed_separators,medium,"Melange espaces, tirets et underscores"
1QSzkS7iMCBAAnlyIeH6oga037rHI9QBi,2025-01-07 - Discover-gutenberg-wordpress-editor - Thumbnail Pinterest.jpg,2025-01-07 - Discover-gutenberg-wordpress-editor - Thumbnail Pinterest.jpg,image/jpeg,mixed_separators,medium,"Melange espaces, tirets et underscores"
1OVRpDl5O7RSKv19xhO-66xDDOEnrSYzI,2024-12-23 - Wpmarmite-pay-simplifies-payments-wordpress - Thumbnail Pinterest.jpg,2024-12-23 - Wpmarmite-pay-simplifies-payments-wordpress - Thumbnail Pinterest.jpg,image/jpeg,mixed_separators,medium,"Melange espaces, tirets et underscores"
1OUVI_sp6FR2bqaJm7gRvba6spa8fjA-b,2024-12-23 - Wp-marmite-pay-easy-online-sales-stripe - Thumbnail Pinterest.jpg,2024-12-23 - Wp-marmite-pay-easy-online-sales-stripe - Thumbnail Pinterest.jpg,image/jpeg,mixed_separators,medium,"Melange espaces, tirets et underscores"
1Noc-VlFbVdMOkx-ePcnNcRU3TC9T0NWH,2024-12-20 - Zipwp-revolutionize-wordpress-site-ai - Thumbnail Pinterest.jpg,2024-12-20 - Zipwp-revolutionize-wordpress-site-ai - Thumbnail Pinterest.jpg,image/jpeg,mixed_separators,medium,"Melange espaces, tirets et underscores"
1NrL9MmvM95XBE_ckIGOJrw4ntk9slIMb,2024-12-20 - Zipwp-create-wordpress-site-fast-ai - Thumbnail Pinterest.jpg,2024-12-20 - Zipwp-create-wordpress-site-fast-ai - Thumbnail Pinterest.jpg,image/jpeg,mixed_separators,medium,"Melange espaces, tirets et underscores"
1MGNM48e2YxjF5ac9FzV_oP4ea0ewdbti,2024-12-20 - Wpboutik-reinvents-ecommerce-wordpress - Thumbnail Pinterest.jpg,2024-12-20 - Wpboutik-reinvents-ecommerce-wordpress - Thumbnail Pinterest.jpg,image/jpeg,mixed_separators,medium,"Melange espaces, tirets et underscores"
1MJSmCrB09qawNRmEBeM-4RG8T3LvXoKy,2024-12-20 - Wpboutik-boost-wordpress-ecommerce-ease - Thumbnail Pinterest.jpg,2024-12-20 - Wpboutik-boost-wordpress-ecommerce-ease - Thumbnail Pinterest.jpg,image/jpeg,mixed_separators,medium,"Melange espaces, tirets et underscores"
1cQXFXKQ39sQ3GdoZ_zVBU3ay6yxbosiD,2025-02-03 - Suremembers-vs-wishlist-members-wordpress-plugin-comparison - Thumbnail Pinterest.jpg,2025-02-03 - Suremembers-vs-wishlist-members-wordpress-plugin-comparison - Thumbnail Pinterest.jpg,image/jpeg,mixed_separators,medium,"Melange espaces, tirets et underscores"
1cUFQGd7RozbMIouNLo0f2CpwTh2QLb1V,2025-02-03 - Suremembers-vs-wishlist-members-wordpress-comparison - Thumbnail Pinterest.jpg,2025-02-03 - Suremembers-vs-wishlist-members-wordpress-comparison - Thumbnail Pinterest.jpg,image/jpeg,mixed_separators,medium,"Melange espaces, tirets et underscores"
1HbeijHtFvfRbQkGaTuLsDkTOrfssjmAe,2024-12-10 - Wordpress-plugins-transform-without-coding - Thumbnail Pinterest.jpg,2024-12-10 - Wordpress-plugins-transform-without-coding - Thumbnail Pinterest.jpg,image/jpeg,mixed_separators,medium,"Melange espaces, tirets et underscores"
1HbGQKLGZpJgFkaNYuR7tZsANYiaLlrpB,2024-12-10 - What-is-wordpress-plugin-effective-use - Thumbnail Pinterest.jpg,2024-12-10 - What-is-wordpress-plugin-effective-use - Thumbnail Pinterest.jpg,image/jpeg,mixed_separators,medium,"Melange espaces, tirets et underscores"
1GxxGauA-YYgbY6e5A72NA8tU1srF-0i2,2024-12-10 - Custom-wordpress-design-benefits - Thumbnail Pinterest.jpg,2024-12-10 - Custom-wordpress-design-benefits - Thumbnail Pinterest.jpg,image/jpeg,mixed_separators,medium,"Melange espaces, tirets et underscores"
1H4zSXSqNY4SioQCFF4I8PfORbmPcJUgf,2024-12-10 - Bespoke-wordpress-site-seo-design - Thumbnail Pinterest.jpg,2024-12-10 - Bespoke-wordpress-site-seo-design - Thumbnail Pinterest.jpg,image/jpeg,mixed_separators,medium,"Melange espaces, tirets et underscores"
1Dd-5tREF4upUSY-zzatyrRbXuedDS7ha,2024-12-03 - Suremembers-wordpress-membership-plugin-earn-more - Thumbnail Pinterest.jpg,2024-12-03 - Suremembers-wordpress-membership-plugin-earn-more - Thumbnail Pinterest.jpg,image/jpeg,mixed_separators,medium,"Melange espaces, tirets et underscores"
1DabSzexgiikgyhfULsI5DhfigPPGxxzM,2024-12-03 - Suremembers-best-membership-plugin-wordpress - Thumbnail Pinterest.jpg,2024-12-03 - Suremembers-best-membership-plugin-wordpress - Thumbnail Pinterest.jpg,image/jpeg,mixed_separators,medium,"Melange espaces, tirets et underscores"
1CL3wxun5hY5BIGyo3vGWXteDVyz8va3B,2024-11-30 - Optimize-wordpress-slugs-boost-seo - Thumbnail Pinterest.jpg,2024-11-30 - Optimize-wordpress-slugs-boost-seo - Thumbnail Pinterest.jpg,image/jpeg,mixed_separators,medium,"Melange espaces, tirets et underscores"
1CFsy2alrcE52kExtBb7BV3jxYiz5jCbs,2024-11-30 - A-slug-in-wordpress-what-is-it-and-how-to-optimize - Thumbnail Pinterest.jpg,2024-11-30 - A-slug-in-wordpress-what-is-it-and-how-to-optimize - Thumbnail Pinterest.jpg,image/jpeg,mixed_separators,medium,"Melange espaces, tirets et underscores"
16ji72rzX2bZEonMCh4aMWcmEqT6uaZwT,2024-11-12 - Linkuma-gold-standard-netlinking-opinions-insights - Thumbnail Pinterest.jpg,2024-11-12 - Linkuma-gold-standard-netlinking-opinions-insights - Thumbnail Pinterest.jpg,image/jpeg,mixed_separators,medium,"Melange espaces, tirets et underscores"
16o1Ho3GJ-uo-BLgbnF4UyqTRs5c8su_8,2024-11-12 - Linkuma-quality-backlinks-7-euro-netlinking-simplified - Thumbnail Pinterest.jpg,2024-11-12 - Linkuma-quality-backlinks-7-euro-netlinking-simplified - Thumbnail Pinterest.jpg,image/jpeg,mixed_separators,medium,"Melange espaces, tirets et underscores"
14TqsPUGKCcV0kNieiX7paqS_kjVOUQ2J,2024-11-07 - Tastewp-discover-how-to-easily-create-wordpress-website - Thumbnail Pinterest.jpg,2024-11-07 - Tastewp-discover-how-to-easily-create-wordpress-website - Thumbnail Pinterest.jpg,image/jpeg,mixed_separators,medium,"Melange espaces, tirets et underscores"
14QMNLKgd75pTv_VYWdF8KAjntCjlutft,2024-11-07 - Create-wordpress-site-without-installation-tastewp - Thumbnail Pinterest.jpg,2024-11-07 - Create-wordpress-site-without-installation-tastewp - Thumbnail Pinterest.jpg,image/jpeg,mixed_separators,medium,"Melange espaces, tirets et underscores"
1pjPgW7ZFXd0rCux30pIUUJU8k5KByuh6,2025-03-12 - Latepoint-schnelles-buchungs-plugin-wordpress - Thumbnail Pinterest.jpg,2025-03-12 - Latepoint-schnelles-buchungs-plugin-wordpress - Thumbnail Pinterest.jpg,image/jpeg,mixed_separators,medium,"Melange espaces, tirets et underscores"
1pnWGm0IiwyAUNtLQvmeJBOXGak41Y3ip,2025-03-12 - Latepoint-wordpress-plugin-online-reservierung - Thumbnail Pinterest.jpg,2025-03-12 - Latepoint-wordpress-plugin-online-reservierung - Thumbnail Pinterest.jpg,image/jpeg,mixed_separators,medium,"Melange espaces, tirets et underscores"
1J54l_bipvrxIHHiadzY7LnaSmUm45RXd,2025-07-26 - Copilhost-hosting-sicher-schnell-wordpress - Thumbnail Pinterest.jpg,2025-07-26 - Copilhost-hosting-sicher-schnell-wordpress - Thumbnail Pinterest.jpg,image/jpeg,mixed_separators,medium,"Melange espaces, tirets et underscores"
12uKiIWbncgNK-VQxWsezbirVf9TJpXaC,2025-07-26 - Copilhost-wordpress-hosting-schnell-sicher - Thumbnail Pinterest.jpg,2025-07-26 - Copilhost-wordpress-hosting-schnell-sicher - Thumbnail Pinterest.jpg,image/jpeg,mixed_separators,medium,"Melange espaces, tirets et underscores"
1tGOtj5yy63tZPd9dKdcmvgBdcGGorI6v,2025-07-06 - Fluentcart-test-wordpress-shop-ecommerce-plugin - Thumbnail Pinterest.jpg,2025-07-06 - Fluentcart-test-wordpress-shop-ecommerce-plugin - Thumbnail Pinterest.jpg,image/jpeg,mixed_separators,medium,"Melange espaces, tirets et underscores"
1jbq7KsRrgFK7U0Nd6pNTfJnQ87ns7rss,2025-07-06 - Fluentcart-erfahrung-wordpress-ecommerce-plugin - Thumbnail Pinterest.jpg,2025-07-06 - Fluentcart-erfahrung-wordpress-ecommerce-plugin - Thumbnail Pinterest.jpg,image/jpeg,mixed_separators,medium,"Melange espaces, tirets et underscores"
1SAo7jcXAVzF4jsmI4_OMwz81O1CIHeJc,2025-07-05 - Wordpress-selbststaendig-lernen-leitfaden-anfaenger - Thumbnail Pinterest.jpg,2025-07-05 - Wordpress-selbststaendig-lernen-leitfaden-anfaenger - Thumbnail Pinterest.jpg,image/jpeg,mixed_separators,medium,"Melange espaces, tirets et underscores"
1ONgupPBWuTnm0wcbupUoncKCmStsaXS5,2025-07-05 - Wordpress-lernen-ohne-vorkenntnisse-anleitung - Thumbnail Pinterest.jpg,2025-07-05 - Wordpress-lernen-ohne-vorkenntnisse-anleitung - Thumbnail Pinterest.jpg,image/jpeg,mixed_separators,medium,"Melange espaces, tirets et underscores"
1JhEWxwU452N-3b1scI3IuEm_WL4sST2N,2025-06-16 - Rapyd-cloud-gutschein-25-prozent-wordpress-hosting - Thumbnail Pinterest.jpg,2025-06-16 - Rapyd-cloud-gutschein-25-prozent-wordpress-hosting - Thumbnail Pinterest.jpg,image/jpeg,mixed_separators,medium,"Melange espaces, tirets et underscores"
1_J-irdMENWftrgjpcGOf7kg_SSB9o_Hm,2025-06-16 - Rapyd-cloud-gutscheincode-wordpress-hosting-rabatt - Thumbnail Pinterest.jpg,2025-06-16 - Rapyd-cloud-gutscheincode-wordpress-hosting-rabatt - Thumbnail Pinterest.jpg,image/jpeg,mixed_separators,medium,"Melange espaces, tirets et underscores"
1dR0gfzDUga2A13Gg1W6sWCEzQKBjNu8i,2025-06-05 - Fluentcrm-promo-code-20-percent-schoolswp20-wordpress - Thumbnail Pinterest.jpg,2025-06-05 - Fluentcrm-promo-code-20-percent-schoolswp20-wordpress - Thumbnail Pinterest.jpg,image/jpeg,mixed_separators,medium,"Melange espaces, tirets et underscores"
1xXikGr0W_1eHM6vhL31kW5uulAZoTHCX,2025-06-05 - Fluentcrm-gutscheincode-20-prozent-schoolswp20 - Thumbnail Pinterest.jpg,2025-06-05 - Fluentcrm-gutscheincode-20-prozent-schoolswp20 - Thumbnail Pinterest.jpg,image/jpeg,mixed_separators,medium,"Melange espaces, tirets et underscores"
1-PXHaPvFiAB4v5vjqvyp-R9lsGddgYft,2025-06-05 - O2switch-meinungen-webhosting-frankreich - Thumbnail Pinterest.jpg,2025-06-05 - O2switch-meinungen-webhosting-frankreich - Thumbnail Pinterest.jpg,image/jpeg,mixed_separators,medium,"Melange espaces, tirets et underscores"
1MwkHVw9gdKakOQ1Tz9AMUTsn8DgLLS6_,2025-06-05 - Webhosting-frankreich-o2switch-erfahrungen - Thumbnail Pinterest.jpg,2025-06-05 - Webhosting-frankreich-o2switch-erfahrungen - Thumbnail Pinterest.jpg,image/jpeg,mixed_separators,medium,"Melange espaces, tirets et underscores"
113PRzVU8wzPDTDidd5adnfSz4mjP_bRY,2025-05-08 - Wordpress-multisite-mehrere-websites-clever-verwalten - Thumbnail Pinterest.jpg,2025-05-08 - Wordpress-multisite-mehrere-websites-clever-verwalten - Thumbnail Pinterest.jpg,image/jpeg,mixed_separators,medium,"Melange espaces, tirets et underscores"
114ytsaHX6u3ntB1_3fGlVTbRB66oP-7g,2025-05-08 - Wordpress-multisite-guide-zentrale-verwaltung - Thumbnail Pinterest.jpg,2025-05-08 - Wordpress-multisite-guide-zentrale-verwaltung - Thumbnail Pinterest.jpg,image/jpeg,mixed_separators,medium,"Melange espaces, tirets et underscores"
1048ewc_x2fAbvb_ThnJuUNALqm23EOa9,2025-05-08 - Buddyboss-wordpress-community-kurse-starten - Thumbnail Pinterest.jpg,2025-05-08 - Buddyboss-wordpress-community-kurse-starten - Thumbnail Pinterest.jpg,image/jpeg,mixed_separators,medium,"Melange espaces, tirets et underscores"
104LLGIZuOJfrdzI8C68hzxXDL9q83KvU,2025-05-08 - Buddyboss-uebersicht - Thumbnail Pinterest.jpg,2025-05-08 - Buddyboss-uebersicht - Thumbnail Pinterest.jpg,image/jpeg,mixed_separators,medium,"Melange espaces, tirets et underscores"
1-KinUiKw9vo6eXwJ5uyFFXnwdBfTlJLA,2025-05-07 - Learndash-wordpress-lms-online-schulungen - Thumbnail Pinterest.jpg,2025-05-07 - Learndash-wordpress-lms-online-schulungen - Thumbnail Pinterest.jpg,image/jpeg,mixed_separators,medium,"Melange espaces, tirets et underscores"
1-Foh-Q6FEpWGFDI5nVv6lfLIaShnEFNF,2025-05-07 - Learndash-wordpress-lms-plugin - Thumbnail Pinterest.jpg,2025-05-07 - Learndash-wordpress-lms-plugin - Thumbnail Pinterest.jpg,image/jpeg,mixed_separators,medium,"Melange espaces, tirets et underscores"
1xRMLHc6HZ_w5BkoDBTS-Zpj4YbKvhQGj,2025-04-17 - Wordpress-uebersetzungsplugin-top10-globalisierung - Thumbnail Pinterest.jpg,2025-04-17 - Wordpress-uebersetzungsplugin-top10-globalisierung - Thumbnail Pinterest.jpg,image/jpeg,mixed_separators,medium,"Melange espaces, tirets et underscores"
1xUzO3_DM3q9RxqvibjvYNZ01NhLq0r9n,2025-04-17 - Top10-wordpress-uebersetzungsplugin-schnell-effektiv - Thumbnail Pinterest.jpg,2025-04-17 - Top10-wordpress-uebersetzungsplugin-schnell-effektiv - Thumbnail Pinterest.jpg,image/jpeg,mixed_separators,medium,"Melange espaces, tirets et underscores"
1x2lktZn2x46P2_92R3_yMV4RwUxYy_vO,2025-04-17 - Fluentbooking-amelia-wordpress-reservierungsplugin-vergleich - Thumbnail Pinterest.jpg,2025-04-17 - Fluentbooking-amelia-wordpress-reservierungsplugin-vergleich - Thumbnail Pinterest.jpg,image/jpeg,mixed_separators,medium,"Melange espaces, tirets et underscores"
1x8uLIydAx-50goIyBlh0MG6h-kIBacP3,2025-04-17 - Vergleich-wordpress-buchungsplugins-fluentbooking-amelia - Thumbnail Pinterest.jpg,2025-04-17 - Vergleich-wordpress-buchungsplugins-fluentbooking-amelia - Thumbnail Pinterest.jpg,image/jpeg,mixed_separators,medium,"Melange espaces, tirets et underscores"
1vv7qCyD4FhPnX0Lx6hCrXhonDZ_ZzL-t,2025-04-05 - Local-wp-wordpress-lokal-mit-xampp-oder-flywheel - Thumbnail Pinterest.jpg,2025-04-05 - Local-wp-wordpress-lokal-mit-xampp-oder-flywheel - Thumbnail Pinterest.jpg,image/jpeg,mixed_separators,medium,"Melange espaces, tirets et underscores"
1vqVXepqoFfF1bnTdzlv4glxCnPugt_Z6,2025-04-05 - Wordpress-lokal-flywheel-vs-xampp-vergleich - Thumbnail Pinterest.jpg,2025-04-05 - Wordpress-lokal-flywheel-vs-xampp-vergleich - Thumbnail Pinterest.jpg,image/jpeg,mixed_separators,medium,"Melange espaces, tirets et underscores"
1u4BM4NpE2viLbbaTIcwJl_CPW4hN-kkA,2025-03-31 - Linkwhisper-wordpress-plugin-interne-vernetzung - Thumbnail Pinterest.jpg,2025-03-31 - Linkwhisper-wordpress-plugin-interne-vernetzung - Thumbnail Pinterest.jpg,image/jpeg,mixed_separators,medium,"Melange espaces, tirets et underscores"
1u1RKmIUL0qlaYtXMHOPTIhmRDi4ZfAO0,2025-03-31 - Link-whisper-bewertungen-seo-tool - Thumbnail Pinterest.jpg,2025-03-31 - Link-whisper-bewertungen-seo-tool - Thumbnail Pinterest.jpg,image/jpeg,mixed_separators,medium,"Melange espaces, tirets et underscores"
1wCdL3xpw1ahVY8pe3JYQ-7yaP3B2gGtr,2025-04-10 - Crocoblock-toolbox-wordpress-werkzeugkasten - Thumbnail Pinterest.jpg,2025-04-10 - Crocoblock-toolbox-wordpress-werkzeugkasten - Thumbnail Pinterest.jpg,image/jpeg,mixed_separators,medium,"Melange espaces, tirets et underscores"
1wHUAElavISYK7EJNkOPJX_17-m7suyDn,2025-04-10 - Crocoblock-tool-wordpress-elementor-boost - Thumbnail Pinterest.jpg,2025-04-10 - Crocoblock-tool-wordpress-elementor-boost - Thumbnail Pinterest.jpg,image/jpeg,mixed_separators,medium,"Melange espaces, tirets et underscores"
1tJZV_8uvlUsFwE4IZTb7t6RXyU9hd0lu,2025-03-27 - Rapyd-cloud-wordpress-hosting-leistungsstark - Thumbnail Pinterest.jpg,2025-03-27 - Rapyd-cloud-wordpress-hosting-leistungsstark - Thumbnail Pinterest.jpg,image/jpeg,mixed_separators,medium,"Melange espaces, tirets et underscores"
1tInXblxhZCg2rt5xuANzU1q4o1q2LUnX,2025-03-27 - Rapyd-cloud-bewertungen-effizientes-hosting - Thumbnail Pinterest.jpg,2025-03-27 - Rapyd-cloud-bewertungen-effizientes-hosting - Thumbnail Pinterest.jpg,image/jpeg,mixed_separators,medium,"Melange espaces, tirets et underscores"
1qLA_FPS-ab7RhGukHgaVTIwcHyoZabv7,2025-03-12 - Link-finder-netlinking-strategie-optimieren - Thumbnail Pinterest.jpg,2025-03-12 - Link-finder-netlinking-strategie-optimieren - Thumbnail Pinterest.jpg,image/jpeg,mixed_separators,medium,"Melange espaces, tirets et underscores"
1qLCyuslCY6yUiF4i6waw9rx0fzodI8pl,2025-03-12 - Link-finder-netlinking-guenstige-backlinks - Thumbnail Pinterest.jpg,2025-03-12 - Link-finder-netlinking-guenstige-backlinks - Thumbnail Pinterest.jpg,image/jpeg,mixed_separators,medium,"Melange espaces, tirets et underscores"
1ozi8lS2GdShkWhy6QqrJAsMtFFKPEnk-,2025-03-10 - Surecart-ecommerce-plugin-digitale-produkte-wordpress - Thumbnail Pinterest.jpg,2025-03-10 - Surecart-ecommerce-plugin-digitale-produkte-wordpress - Thumbnail Pinterest.jpg,image/jpeg,mixed_separators,medium,"Melange espaces, tirets et underscores"
1ovY1Ov_BRqJzx0UnwQ4XJJOZgcexek7b,2025-03-10 - Surecart-ecommerce-wordpress-digitale-produkte - Thumbnail Pinterest.jpg,2025-03-10 - Surecart-ecommerce-wordpress-digitale-produkte - Thumbnail Pinterest.jpg,image/jpeg,mixed_separators,medium,"Melange espaces, tirets et underscores"
1kKfS9UgMsRWYBIUGh0QRAaYBCdyEpmU9,2025-02-27 - Divi-builder-vs-elementor-pro-welcher-besser - Thumbnail Pinterest.jpg,2025-02-27 - Divi-builder-vs-elementor-pro-welcher-besser - Thumbnail Pinterest.jpg,image/jpeg,mixed_separators,medium,"Melange espaces, tirets et underscores"
1kR_Yd_NDv_gjDWeqK9iHI5Ae_oADl5bm,2025-02-27 - Divi-builder-vs-elementor-pro-wordpress-vergleich - Thumbnail Pinterest.jpg,2025-02-27 - Divi-builder-vs-elementor-pro-wordpress-vergleich - Thumbnail Pinterest.jpg,image/jpeg,mixed_separators,medium,"Melange espaces, tirets et underscores"
1k280zfNMbD4P0fEkh1D6ncnvgJ8Ivt2c,2025-02-27 - Wordpress-wartung-sicherheit-leistung-optimierung - Thumbnail Pinterest.jpg,2025-02-27 - Wordpress-wartung-sicherheit-leistung-optimierung - Thumbnail Pinterest.jpg,image/jpeg,mixed_separators,medium,"Melange espaces, tirets et underscores"
1k1WYX1WfUxNwTITzobRhOuXrL-7GLZYc,2025-02-27 - Wordpress-wartung-leitfaden-optimierung - Thumbnail Pinterest.jpg,2025-02-27 - Wordpress-wartung-leitfaden-optimierung - Thumbnail Pinterest.jpg,image/jpeg,mixed_separators,medium,"Melange espaces, tirets et underscores"
1jntrcvIpJvrFvgpYdRS_P-IqONp019R8,2025-02-24 - Academy-lms-wordpress-online-akademie-starten - Thumbnail Pinterest.jpg,2025-02-24 - Academy-lms-wordpress-online-akademie-starten - Thumbnail Pinterest.jpg,image/jpeg,mixed_separators,medium,"Melange espaces, tirets et underscores"
1jnCIvx-rQc7YXz9lGaAaeTCkmrfsG4a7,2025-02-24 - Academy-lms-wordpress-plugin-online-kurse - Thumbnail Pinterest.jpg,2025-02-24 - Academy-lms-wordpress-plugin-online-kurse - Thumbnail Pinterest.jpg,image/jpeg,mixed_separators,medium,"Melange espaces, tirets et underscores"
1iiB0PorYjeIbksB_7ZsUZ6atrxvKKKY9,2025-02-21 - Tutor-lms-bewertungen-wordpress-beste-loesung - Thumbnail Pinterest.jpg,2025-02-21 - Tutor-lms-bewertungen-wordpress-beste-loesung - Thumbnail Pinterest.jpg,image/jpeg,mixed_separators,medium,"Melange espaces, tirets et underscores"
1ikdp47I3tX4QsQHa5S73uPenxGA31tVN,2025-02-21 - Tutor-lms-beste-lms-loesung-wordpress - Thumbnail Pinterest.jpg,2025-02-21 - Tutor-lms-beste-lms-loesung-wordpress - Thumbnail Pinterest.jpg,image/jpeg,mixed_separators,medium,"Melange espaces, tirets et underscores"
1gptqOnYj4TkryeRaeC8fZdlbqg6ckS2_,2025-02-16 - Skoatch-bewertungen-ki-seo-tool - Thumbnail Pinterest.jpg,2025-02-16 - Skoatch-bewertungen-ki-seo-tool - Thumbnail Pinterest.jpg,image/jpeg,mixed_separators,medium,"Melange espaces, tirets et underscores"
1gsheoOJl1SwnITf5SpnefNvuvwvBJ3B_,2025-02-16 - Skoatch-leistung-ki-redaktion - Thumbnail Pinterest.jpg,2025-02-16 - Skoatch-leistung-ki-redaktion - Thumbnail Pinterest.jpg,image/jpeg,mixed_separators,medium,"Melange espaces, tirets et underscores"
1chlhe-ItEN5iqGmIiaosO6G-RW6L8pYw,2025-02-03 - Wordpress-uebersetzung-plugin-test - Thumbnail Pinterest.jpg,2025-02-03 - Wordpress-uebersetzung-plugin-test - Thumbnail Pinterest.jpg,image/jpeg,mixed_separators,medium,"Melange espaces, tirets et underscores"
1cnWx0KY3-SIt3Ptc4qBVMY6upH7GhBlq,2025-02-03 - Wordpress-uebersetzung-plugin-seo-optimiert - Thumbnail Pinterest.jpg,2025-02-03 - Wordpress-uebersetzung-plugin-seo-optimiert - Thumbnail Pinterest.jpg,image/jpeg,mixed_separators,medium,"Melange espaces, tirets et underscores"
1Z8aI-txv24ZTFqEgvgNO3oiDNYanMilU,2025-01-16 - Wishlist-member-wordpress-plugin-mitgliederverwaltung - Thumbnail Pinterest.jpg,2025-01-16 - Wishlist-member-wordpress-plugin-mitgliederverwaltung - Thumbnail Pinterest.jpg,image/jpeg,mixed_separators,medium,"Melange espaces, tirets et underscores"
1ZEUPz5PruWcdlOtLbnZ-1RVhEZ82QRuL,2025-01-16 - Wishlist-member-wordpress-plugin - Thumbnail Pinterest.jpg,2025-01-16 - Wishlist-member-wordpress-plugin - Thumbnail Pinterest.jpg,image/jpeg,mixed_separators,medium,"Melange espaces, tirets et underscores"
1Xm9EkELjgIO9hmbpXUBWFUI9vFJUTSDd,2025-01-11 - Wp-umbrella-wordpress-websites-verwalten - Thumbnail Pinterest.jpg,2025-01-11 - Wp-umbrella-wordpress-websites-verwalten - Thumbnail Pinterest.jpg,image/jpeg,mixed_separators,medium,"Melange espaces, tirets et underscores"
1XqgdhNXLmN-WvbhpCAx1s3IYO825M2gR,2025-01-11 - Wp-umbrella-wordpress-agenturen-lieben - Thumbnail Pinterest.jpg,2025-01-11 - Wp-umbrella-wordpress-agenturen-lieben - Thumbnail Pinterest.jpg,image/jpeg,mixed_separators,medium,"Melange espaces, tirets et underscores"
1UhPTsVFDqjjs5xyHuFDeNfXkC443I33l,2025-01-10 - Thot-seo-nr-1-tool-semantische-optimierung - Thumbnail Pinterest.jpg,2025-01-10 - Thot-seo-nr-1-tool-semantische-optimierung - Thumbnail Pinterest.jpg,image/jpeg,mixed_separators,medium,"Melange espaces, tirets et underscores"
1Uc0V-MSZo2nttFu2pkxMSxn6eTIBtdYo,2025-01-10 - Thot-seo-semantisches-tool-google-dominieren - Thumbnail Pinterest.jpg,2025-01-10 - Thot-seo-semantisches-tool-google-dominieren - Thumbnail Pinterest.jpg,image/jpeg,mixed_separators,medium,"Melange espaces, tirets et underscores"
1U2Jqy5w3apHh1Y51Ncs80YiNwnFMHMCb,2025-01-09 - Wordpress-datenbank-bereinigen-anleitung-plugins - Thumbnail Pinterest.jpg,2025-01-09 - Wordpress-datenbank-bereinigen-anleitung-plugins - Thumbnail Pinterest.jpg,image/jpeg,mixed_separators,medium,"Melange espaces, tirets et underscores"
1UBSx9iRRC1j25-lg-sP0KiCG80d9TUTU,2025-01-09 - Wordpress-datenbank-bereinigen-guide-plugins - Thumbnail Pinterest.jpg,2025-01-09 - Wordpress-datenbank-bereinigen-guide-plugins - Thumbnail Pinterest.jpg,image/jpeg,mixed_separators,medium,"Melange espaces, tirets et underscores"
1RuVHtrJKJA3Pek6c4BjURcdY2p29e-n9,2025-01-07 - Wordpress-community-fluentcommunity-plugin - Thumbnail Pinterest.jpg,2025-01-07 - Wordpress-community-fluentcommunity-plugin - Thumbnail Pinterest.jpg,image/jpeg,mixed_separators,medium,"Melange espaces, tirets et underscores"
1RtGU7A25jaRcIBBywxmyM6OgEE-qWFBY,2025-01-07 - Wordpress-community-mit-fluentcommunity-erstellen - Thumbnail Pinterest.jpg,2025-01-07 - Wordpress-community-mit-fluentcommunity-erstellen - Thumbnail Pinterest.jpg,image/jpeg,mixed_separators,medium,"Melange espaces, tirets et underscores"
1Rfwmv714hu8K1RXxHN-1kdk8l6rXzGZ0,2025-01-07 - Was-ist-gutenberg-wordpress - Thumbnail Pinterest.jpg,2025-01-07 - Was-ist-gutenberg-wordpress - Thumbnail Pinterest.jpg,image/jpeg,mixed_separators,medium,"Melange espaces, tirets et underscores"
1ReY35ynv3qXDbURk1sHGDOI9LjiKh0cl,2025-01-07 - Entdecken-sie-gutenberg-wordpress - Thumbnail Pinterest.jpg,2025-01-07 - Entdecken-sie-gutenberg-wordpress - Thumbnail Pinterest.jpg,image/jpeg,mixed_separators,medium,"Melange espaces, tirets et underscores"
1OgrXduXf3Q_Y9PTly9W8MvEUlz7wJ-lN,2024-12-23 - Wp-marmite-pay-vereinfacht-zahlungen-wordpress - Thumbnail Pinterest.jpg,2024-12-23 - Wp-marmite-pay-vereinfacht-zahlungen-wordpress - Thumbnail Pinterest.jpg,image/jpeg,mixed_separators,medium,"Melange espaces, tirets et underscores"
1OdFsGfauJeWO9UFyg6dao05JHmBkrew0,2024-12-23 - Wp-marmite-pay-einfach-online-verkaufen-mit-stripe - Thumbnail Pinterest.jpg,2024-12-23 - Wp-marmite-pay-einfach-online-verkaufen-mit-stripe - Thumbnail Pinterest.jpg,image/jpeg,mixed_separators,medium,"Melange espaces, tirets et underscores"
1O8u_c1mg_Nwup8xH9oDk70UGDqwOJEmq,2024-12-21 - Zipwp-revolution-wordpress-seiten-ki - Thumbnail Pinterest.jpg,2024-12-21 - Zipwp-revolution-wordpress-seiten-ki - Thumbnail Pinterest.jpg,image/jpeg,mixed_separators,medium,"Melange espaces, tirets et underscores"
1ODrdSdkhl8oP4FpQbAm-M7MtrGNiZfaw,2024-12-21 - Zipwp-wordpress-website-rekordzeit-ki - Thumbnail Pinterest.jpg,2024-12-21 - Zipwp-wordpress-website-rekordzeit-ki - Thumbnail Pinterest.jpg,image/jpeg,mixed_separators,medium,"Melange espaces, tirets et underscores"
1LaU4X7z_blngQo4s5kHEl2p5qwHwK8Tg,2024-12-20 - Wpboutik-online-handel-wordpress - Thumbnail Pinterest.jpg,2024-12-20 - Wpboutik-online-handel-wordpress - Thumbnail Pinterest.jpg,image/jpeg,mixed_separators,medium,"Melange espaces, tirets et underscores"
1LbI-sUdoTBDafe-AVVrsLz0ZCDa86Aa6,2024-12-20 - Wpboutik-e-commerce-wordpress-optimierung - Thumbnail Pinterest.jpg,2024-12-20 - Wpboutik-e-commerce-wordpress-optimierung - Thumbnail Pinterest.jpg,image/jpeg,mixed_separators,medium,"Melange espaces, tirets et underscores"
1KCesT9xUU7CDFjn2ObPz0GjmmdZrhPhM,2024-12-16 - Wordpress-playground-online-testen - Thumbnail Pinterest.jpg,2024-12-16 - Wordpress-playground-online-testen - Thumbnail Pinterest.jpg,image/jpeg,mixed_separators,medium,"Melange espaces, tirets et underscores"
1INUvgToXs_z7BsuX3pcia2fN-RKQq1se,2024-12-10 - Wordpress-plugins-transformieren-ohne-coden - Thumbnail Pinterest.jpg,2024-12-10 - Wordpress-plugins-transformieren-ohne-coden - Thumbnail Pinterest.jpg,image/jpeg,mixed_separators,medium,"Melange espaces, tirets et underscores"
1IKnNHunT-pYMvM0ShqBMirb-_-AqEol9,2024-12-10 - Was-ist-ein-wordpress-plugin-effektive-nutzung - Thumbnail Pinterest.jpg,2024-12-10 - Was-ist-ein-wordpress-plugin-effektive-nutzung - Thumbnail Pinterest.jpg,image/jpeg,mixed_separators,medium,"Melange espaces, tirets et underscores"
1G0b_c-6WDEb1YKDa3zCONJS00C0npRER,2024-12-09 - Was ist die Erstellung einer maßgeschneiderten WordPress-Website und welche V... - Thumbnail Pinterest.jpg,2024-12-09 - Was ist die Erstellung einer maßgeschneiderten WordPress-Website und welche V... - Thumbnail Pinterest.jpg,image/jpeg,mixed_separators,medium,"Melange espaces, tirets et underscores"
1G0e_iOHyL_xDw2LJFC9HKsX4yfS4e6Y1,2024-12-09 - Erstellung-massgeschneiderte-wordpress-website-heben-sie-ab - Thumbnail Pinterest.jpg,2024-12-09 - Erstellung-massgeschneiderte-wordpress-website-heben-sie-ab - Thumbnail Pinterest.jpg,image/jpeg,mixed_separators,medium,"Melange espaces, tirets et underscores"
1GNeBTWMgxgzvjR64UdSkmFySEl8zdLhF,2024-12-10 - Sureforms-wordpress-ki-formular-plugin - Thumbnail Pinterest.jpg,2024-12-10 - Sureforms-wordpress-ki-formular-plugin - Thumbnail Pinterest.jpg,image/jpeg,mixed_separators,medium,"Melange espaces, tirets et underscores"
1GOI4HHnxk2z4DkdhSPIpAA70XQFg786q,2024-12-10 - Sureforms-wordpress-formular-ersteller - Thumbnail Pinterest.jpg,2024-12-10 - Sureforms-wordpress-formular-ersteller - Thumbnail Pinterest.jpg,image/jpeg,mixed_separators,medium,"Melange espaces, tirets et underscores"
1E_VzOOHX9WHvXzg-iVjsPpB0bFNmstP5,2024-12-05 - Suremembers-wordpress-membership-plugin-verdiene-mehr - Thumbnail Pinterest.jpg,2024-12-05 - Suremembers-wordpress-membership-plugin-verdiene-mehr - Thumbnail Pinterest.jpg,image/jpeg,mixed_separators,medium,"Melange espaces, tirets et underscores"
1EY_85RvH8KdH_sPDbxRJp4YFC2fz0T3N,2024-12-05 - Suremembers-bestes-mitgliedschafts-plugin-wordpress - Thumbnail Pinterest.jpg,2024-12-05 - Suremembers-bestes-mitgliedschafts-plugin-wordpress - Thumbnail Pinterest.jpg,image/jpeg,mixed_separators,medium,"Melange espaces, tirets et underscores"
1CshxdOr2a93wrOZi5rmechRrydjZdkyK,2024-11-30 - Wordpress-slugs-seo-optimieren - Thumbnail Pinterest.jpg,2024-11-30 - Wordpress-slugs-seo-optimieren - Thumbnail Pinterest.jpg,image/jpeg,mixed_separators,medium,"Melange espaces, tirets et underscores"
1ClnkqSjsUfeBc5UfESRg9flO2EuTcR8D,2024-11-30 - Ein-slug-in-wordpress-optimieren - Thumbnail Pinterest.jpg,2024-11-30 - Ein-slug-in-wordpress-optimieren - Thumbnail Pinterest.jpg,image/jpeg,mixed_separators,medium,"Melange espaces, tirets et underscores"
16FQZc88Sh3hVIXOItC7LEk5fs2_9d6Lv,2024-11-12 - Meinungen-ueber-linkuma-referenz-fuer-netlinking - Thumbnail Pinterest.jpg,2024-11-12 - Meinungen-ueber-linkuma-referenz-fuer-netlinking - Thumbnail Pinterest.jpg,image/jpeg,mixed_separators,medium,"Melange espaces, tirets et underscores"
16BMbf-d4GgAPkWLHVeY1TgmBojHrKn0_,2024-11-12 - Linkuma-hochwertige-backlinks-netlinking-vereinfacht-7-euro - Thumbnail Pinterest.jpg,2024-11-12 - Linkuma-hochwertige-backlinks-netlinking-vereinfacht-7-euro - Thumbnail Pinterest.jpg,image/jpeg,mixed_separators,medium,"Melange espaces, tirets et underscores"
15O4EmH7TZdbHWLK_4MDLayRJMQ3NotcM,2024-11-09 - Seokey-seo-plugin-sichtbarkeit-wordpress-website - Thumbnail Pinterest.jpg,2024-11-09 - Seokey-seo-plugin-sichtbarkeit-wordpress-website - Thumbnail Pinterest.jpg,image/jpeg,mixed_separators,medium,"Melange espaces, tirets et underscores"
15MsCwqh3I94P4sgEZYULf6G7Yy4m3eI7,2024-11-09 - Seokey-essentielles-seo-plugin-wordpress - Thumbnail Pinterest.jpg,2024-11-09 - Seokey-essentielles-seo-plugin-wordpress - Thumbnail Pinterest.jpg,image/jpeg,mixed_separators,medium,"Melange espaces, tirets et underscores"
14k5JEIGciW7vsufT6DFB8r7CwlaMM_M-,2024-11-07 - Tastewp-wordpress-website-einfach-erstellen - Thumbnail Pinterest.jpg,2024-11-07 - Tastewp-wordpress-website-einfach-erstellen - Thumbnail Pinterest.jpg,image/jpeg,mixed_separators,medium,"Melange espaces, tirets et underscores"
14lYfG9vGVzyR10r2kxHVnAoCsN4s6Q8l,2024-11-07 - Erstellen-wordpress-website-ohne-installation-tastewp - Thumbnail Pinterest.jpg,2024-11-07 - Erstellen-wordpress-website-ohne-installation-tastewp - Thumbnail Pinterest.jpg,image/jpeg,mixed_separators,medium,"Melange espaces, tirets et underscores"
1VN8NYveHEbsW_id3XVXTTK4n1mgeaNy6,2024-03-13 - Fluentbooking-vs-amelia-booking-plugin-wordpress - Thumbnail Pinterest.jpg,2024-03-13 - Fluentbooking-vs-amelia-booking-plugin-wordpress - Thumbnail Pinterest.jpg,image/jpeg,mixed_separators,medium,"Melange espaces, tirets et underscores"
1VPXv9zNuuN46QcK1if_Fj0xwOeB0hT2F,2024-03-13 - Comparaison-fluentbooking-amelia-booking-wordpress - Thumbnail Pinterest.jpg,2024-03-13 - Comparaison-fluentbooking-amelia-booking-wordpress - Thumbnail Pinterest.jpg,image/jpeg,mixed_separators,medium,"Melange espaces, tirets et underscores"
1b7Ppa0BT11cGzd8PrHWZgN-AXgnmDst-,2024-07-13 - Divi-builder-vs-elementor-pro-duel-extensions-wordpress - Thumbnail Pinterest.jpg,2024-07-13 - Divi-builder-vs-elementor-pro-duel-extensions-wordpress - Thumbnail Pinterest.jpg,image/jpeg,mixed_separators,medium,"Melange espaces, tirets et underscores"
1b9jyMjPHoL87aPXRStg5RaEUCZOSBqz0,2024-07-13 - Comparatif-elementor-pro-vs-divi-builder - Thumbnail Pinterest.jpg,2024-07-13 - Comparatif-elementor-pro-vs-divi-builder - Thumbnail Pinterest.jpg,image/jpeg,mixed_separators,medium,"Melange espaces, tirets et underscores"
1ry7NbQZCnDtEcfY7aDvKEMZYiIJBnhPc,2024-09-21 - Suretriggers-vs-zapier-meilleure-solution-automation - Thumbnail Pinterest.jpg,2024-09-21 - Suretriggers-vs-zapier-meilleure-solution-automation - Thumbnail Pinterest.jpg,image/jpeg,mixed_separators,medium,"Melange espaces, tirets et underscores"
1s2gwLL_cWBR7wnwhMlzrfwhCF-7PboLQ,2024-09-21 - Suretriggers-vs-zapier-outil-automatisation - Thumbnail Pinterest.jpg,2024-09-21 - Suretriggers-vs-zapier-outil-automatisation - Thumbnail Pinterest.jpg,image/jpeg,mixed_separators,medium,"Melange espaces, tirets et underscores"
10cPRazWwB2DZWQxQpGT1BnF-XEoPzSjR,2024-10-26 - Local-wp-local-by-flywheel-vs-xampp-pour-wordpress - Thumbnail Pinterest.jpg,2024-10-26 - Local-wp-local-by-flywheel-vs-xampp-pour-wordpress - Thumbnail Pinterest.jpg,image/jpeg,mixed_separators,medium,"Melange espaces, tirets et underscores"
10ggvz0l5P-ksXNoqzI9Bs_7XtWGUJY1Y,2024-10-26 - Local-by-flywheel-vs-xampp-installation-wordpress-local - Thumbnail Pinterest.jpg,2024-10-26 - Local-by-flywheel-vs-xampp-installation-wordpress-local - Thumbnail Pinterest.jpg,image/jpeg,mixed_separators,medium,"Melange espaces, tirets et underscores"
15wmVUIpppc-hi-E0-iz1XwOcLx5UncI8,2024-11-11 - Sureforms-plugin-formulaires-wordpress-ia-simple-puissant - Thumbnail Pinterest.jpg,2024-11-11 - Sureforms-plugin-formulaires-wordpress-ia-simple-puissant - Thumbnail Pinterest.jpg,image/jpeg,mixed_separators,medium,"Melange espaces, tirets et underscores"
15vFM3rX3Lc0_Ru5A6Jq25CtzwBf3yFd1,2024-11-11 - Sureforms-createur-formulaires-wordpress-ia - Thumbnail Pinterest.jpg,2024-11-11 - Sureforms-createur-formulaires-wordpress-ia - Thumbnail Pinterest.jpg,image/jpeg,mixed_separators,medium,"Melange espaces, tirets et underscores"
1ZcTpeWVJjMF9MrklF2ReFD5QCA3A8YQX,2025-01-16 - Latepoint-plugin-wordpress-reservation - Thumbnail Pinterest.jpg,2025-01-16 - Latepoint-plugin-wordpress-reservation - Thumbnail Pinterest.jpg,image/jpeg,mixed_separators,medium,"Melange espaces, tirets et underscores"
1ZexZdb7OejptY6usWE4xtYHubu0nBZqY,2025-01-16 - Latepoint-plugin-reservation-wordpress-intuitif-rapide - Thumbnail Pinterest.jpg,2025-01-16 - Latepoint-plugin-reservation-wordpress-intuitif-rapide - Thumbnail Pinterest.jpg,image/jpeg,mixed_separators,medium,"Melange espaces, tirets et underscores"
1ky02djbNpORVCagvWt9xInrPfr-8LdJ7,2025-08-01 - Droip-avis-webflow-wordpress-sans-code - Thumbnail Pinterest.jpg,2025-08-01 - Droip-avis-webflow-wordpress-sans-code - Thumbnail Pinterest.jpg,image/jpeg,mixed_separators,medium,"Melange espaces, tirets et underscores"
1aAGxnO7HdDvW3eIbyPVC5J5Zq1gCeX6g,2025-08-01 - Droip-alternative-wordpress-webflow-sans-plugin - Thumbnail Pinterest.jpg,2025-08-01 - Droip-alternative-wordpress-webflow-sans-plugin - Thumbnail Pinterest.jpg,image/jpeg,mixed_separators,medium,"Melange espaces, tirets et underscores"
1-b3ZEmVQDFWC95ct0S_JFzLVWcIEJHQ2,2025-06-09 - Code-promo-rapyd-cloud-reduction-hebergement-wordpress - Thumbnail Pinterest.jpg,2025-06-09 - Code-promo-rapyd-cloud-reduction-hebergement-wordpress - Thumbnail Pinterest.jpg,image/jpeg,mixed_separators,medium,"Melange espaces, tirets et underscores"
1CBSYwGmbF8N3BEw1BM3MCyWc8YwlTW4r,2025-06-09 - Code-promo-rapyd-cloud-25-remise-wordpress - Thumbnail Pinterest.jpg,2025-06-09 - Code-promo-rapyd-cloud-25-remise-wordpress - Thumbnail Pinterest.jpg,image/jpeg,mixed_separators,medium,"Melange espaces, tirets et underscores"
147LGXFr_wpVRVCs7xRKjwi5zedS9rJTz,2025-05-24 - Code-promotionnel-fluentcrm-20-pourcent-schoolswp - Thumbnail Pinterest.jpg,2025-05-24 - Code-promotionnel-fluentcrm-20-pourcent-schoolswp - Thumbnail Pinterest.jpg,image/jpeg,mixed_separators,medium,"Melange espaces, tirets et underscores"
14AVECfrhS6u9xdQIyTJImyNeT4wihvZq,2025-05-24 - Code-promo-fluentcrm-offre-exclusive-schoolswp - Thumbnail Pinterest.jpg,2025-05-24 - Code-promo-fluentcrm-offre-exclusive-schoolswp - Thumbnail Pinterest.jpg,image/jpeg,mixed_separators,medium,"Melange espaces, tirets et underscores"
12cFAJhy55L-QKvRghUjWyR4EC0hbozrI,2025-05-17 - O2switch-avis-hebergeur-francais-ultra-fiable - Thumbnail Pinterest.jpg,2025-05-17 - O2switch-avis-hebergeur-francais-ultra-fiable - Thumbnail Pinterest.jpg,image/jpeg,mixed_separators,medium,"Melange espaces, tirets et underscores"
12cdqnyAP2lvV5eDjaUWV3sh5HBNPf0xd,2025-05-17 - O2switch-avis-hebergeur-francais - Thumbnail Pinterest.jpg,2025-05-17 - O2switch-avis-hebergeur-francais - Thumbnail Pinterest.jpg,image/jpeg,mixed_separators,medium,"Melange espaces, tirets et underscores"
1zx5h01P990R2di6ZkkatxpDQbiFipgLe,2025-05-02 - Apprendre-wordpress-guide-debutant-autonomie - Thumbnail Pinterest.jpg,2025-05-02 - Apprendre-wordpress-guide-debutant-autonomie - Thumbnail Pinterest.jpg,image/jpeg,mixed_separators,medium,"Melange espaces, tirets et underscores"
1zv3LjdoA700ksZV78fxNbEsCh-ZDnF01,2025-05-02 - Apprendre-wordpress-sans-coder - Thumbnail Pinterest.jpg,2025-05-02 - Apprendre-wordpress-sans-coder - Thumbnail Pinterest.jpg,image/jpeg,mixed_separators,medium,"Melange espaces, tirets et underscores"
1xeN25K57_Ej0OpBButCTPy175HioYSd0,2025-04-17 - Learndash-plugin-wordpress-lms - Thumbnail Pinterest.jpg,2025-04-17 - Learndash-plugin-wordpress-lms - Thumbnail Pinterest.jpg,image/jpeg,mixed_separators,medium,"Melange espaces, tirets et underscores"
1xdQGTbzF3b1SdJZ7COYuAHgb7Z4Ln0ps,2025-04-17 - Learndash-plugin-wordpress-formations - Thumbnail Pinterest.jpg,2025-04-17 - Learndash-plugin-wordpress-formations - Thumbnail Pinterest.jpg,image/jpeg,mixed_separators,medium,"Melange espaces, tirets et underscores"
1qf_hMTbkMFtSN9Tu-GOUKoaT2tEbvE48,2025-03-14 - Link-whisper-outil-seo-incontournable-wordpress - Thumbnail Pinterest.jpg,2025-03-14 - Link-whisper-outil-seo-incontournable-wordpress - Thumbnail Pinterest.jpg,image/jpeg,mixed_separators,medium,"Melange espaces, tirets et underscores"
1qe-MZJvgbGdB0EPV_MiPHupkGlHlufeb,2025-03-14 - Link-whisper-plugin-wordpress-maillage-interne-seo - Thumbnail Pinterest.jpg,2025-03-14 - Link-whisper-plugin-wordpress-maillage-interne-seo - Thumbnail Pinterest.jpg,image/jpeg,mixed_separators,medium,"Melange espaces, tirets et underscores"
1lCn-m-sLid1ZMeiB9KRbT5FudNPsmxIT,2025-03-03 - Hebergement-wordpress-performant-rapyd-cloud - Thumbnail Pinterest.jpg,2025-03-03 - Hebergement-wordpress-performant-rapyd-cloud - Thumbnail Pinterest.jpg,image/jpeg,mixed_separators,medium,"Melange espaces, tirets et underscores"
1d6KGFPdgIr36Al-yBvkTlCuozmW3FZNo,2025-02-10 - Academy-lms-wordpress-lancer-academie-1-clic - Thumbnail Pinterest.jpg,2025-02-10 - Academy-lms-wordpress-lancer-academie-1-clic - Thumbnail Pinterest.jpg,image/jpeg,mixed_separators,medium,"Melange espaces, tirets et underscores"
1alYE_lnLlYtesmr9a5umQVnACZv7DHuN,2025-01-24 - Skoatch-avis-outil-ia-seo - Thumbnail Pinterest.jpg,2025-01-24 - Skoatch-avis-outil-ia-seo - Thumbnail Pinterest.jpg,image/jpeg,mixed_separators,medium,"Melange espaces, tirets et underscores"
1alBBdu-nzb-KbFWWoKHyc_cWSHxtKSXQ,2025-01-24 - Skoatch-performance-efficacite-redaction-ia - Thumbnail Pinterest.jpg,2025-01-24 - Skoatch-performance-efficacite-redaction-ia - Thumbnail Pinterest.jpg,image/jpeg,mixed_separators,medium,"Melange espaces, tirets et underscores"
1_4CVWPVAZnwVBcGrLkhEpFa-AB2qUXNy,2025-01-16 - Traduire-sans-migraine-test-plugin-wordpress - Thumbnail Pinterest.jpg,2025-01-16 - Traduire-sans-migraine-test-plugin-wordpress - Thumbnail Pinterest.jpg,image/jpeg,mixed_separators,medium,"Melange espaces, tirets et underscores"
1ZzWc_xn24UQyZak_hEAekOKEfjWb1yuN,2025-01-16 - Plugin-wordpress-traduction-optimise-seo - Thumbnail Pinterest.jpg,2025-01-16 - Plugin-wordpress-traduction-optimise-seo - Thumbnail Pinterest.jpg,image/jpeg,mixed_separators,medium,"Melange espaces, tirets et underscores"
1Pvh6K16MCbrQzQ1-FkSTQ5LTKtD1HGrC,2025-01-02 - Quest-ce-que-gutenberg-wordpress - Thumbnail Pinterest.jpg,2025-01-02 - Quest-ce-que-gutenberg-wordpress - Thumbnail Pinterest.jpg,image/jpeg,mixed_separators,medium,"Melange espaces, tirets et underscores"
1OtmvfcMaNseIvv4Wmi6Mpohr3xkuXf0M,2024-12-30 - Thot-seo-outil-semantique-dominer-google - Thumbnail Pinterest.jpg,2024-12-30 - Thot-seo-outil-semantique-dominer-google - Thumbnail Pinterest.jpg,image/jpeg,mixed_separators,medium,"Melange espaces, tirets et underscores"
1OszjGjYs-_ugATBRbHiZFdsn_1Tkw1VR,2024-12-30 - Thot-seo-outil-optimisation-semantique - Thumbnail Pinterest.jpg,2024-12-30 - Thot-seo-outil-optimisation-semantique - Thumbnail Pinterest.jpg,image/jpeg,mixed_separators,medium,"Melange espaces, tirets et underscores"
1L86QWUJs4jbR7cxA3dZj5E0i6HdUnWCE,2024-12-18 - Fluentcommunity-construire-communaute-wordpress-facilement - Thumbnail Pinterest.jpg,2024-12-18 - Fluentcommunity-construire-communaute-wordpress-facilement - Thumbnail Pinterest.jpg,image/jpeg,mixed_separators,medium,"Melange espaces, tirets et underscores"
1L9d5hfICoa_9Q11xn4Of9Wxo_MIrYHpz,2024-12-18 - Creez-communaute-wordpress-fluentcommunity-plugin - Thumbnail Pinterest.jpg,2024-12-18 - Creez-communaute-wordpress-fluentcommunity-plugin - Thumbnail Pinterest.jpg,image/jpeg,mixed_separators,medium,"Melange espaces, tirets et underscores"
1Eso7rl_O0SSWfU8LVhVdfW3I0f5gbIt8,2024-12-05 - Avantages-site-wordpress-sur-mesure - Thumbnail Pinterest.jpg,2024-12-05 - Avantages-site-wordpress-sur-mesure - Thumbnail Pinterest.jpg,image/jpeg,mixed_separators,medium,"Melange espaces, tirets et underscores"
1EtuN53Ot9UcHmfM28WlLU6_XP4fr2gXm,2024-12-05 - Creation-site-wordpress-sur-mesure - Thumbnail Pinterest.jpg,2024-12-05 - Creation-site-wordpress-sur-mesure - Thumbnail Pinterest.jpg,image/jpeg,mixed_separators,medium,"Melange espaces, tirets et underscores"
1BSjaojpjEJXSj-Csr07pYhxWCm_mZ_wM,2024-11-25 - Tester-wordpress-playground-en-ligne - Thumbnail Pinterest.jpg,2024-11-25 - Tester-wordpress-playground-en-ligne - Thumbnail Pinterest.jpg,image/jpeg,mixed_separators,medium,"Melange espaces, tirets et underscores"
1BPUF35O4vRvH_nr2RqwGO34N6WYZbwSp,2024-11-25 - Wordpress-playground-guide-introduction - Thumbnail Pinterest.jpg,2024-11-25 - Wordpress-playground-guide-introduction - Thumbnail Pinterest.jpg,image/jpeg,mixed_separators,medium,"Melange espaces, tirets et underscores"
19tVFTlsfGtnm7ZASQLt6kC_mXjnotXP1,2024-11-24 - Link-finder-optimisation-strategie-netlinking - Thumbnail Pinterest.jpg,2024-11-24 - Link-finder-optimisation-strategie-netlinking - Thumbnail Pinterest.jpg,image/jpeg,mixed_separators,medium,"Melange espaces, tirets et underscores"
18g3gDHS8unTBBRzsSKaxeGAGKQyOH4IJ,2024-11-20 - Slug-wordpress-meilleurs-pratiques-seo - Thumbnail Pinterest.jpg,2024-11-20 - Slug-wordpress-meilleurs-pratiques-seo - Thumbnail Pinterest.jpg,image/jpeg,mixed_separators,medium,"Melange espaces, tirets et underscores"
18mD7IJQGDvuQeIzWE0Vwv-XMupx35K_Y,2024-11-20 - Optimiser-slugs-wordpress-seo - Thumbnail Pinterest.jpg,2024-11-20 - Optimiser-slugs-wordpress-seo - Thumbnail Pinterest.jpg,image/jpeg,mixed_separators,medium,"Melange espaces, tirets et underscores"
11_GW7z2tIsZfCvQBS-lrWWVjSa54ikSL,2024-11-06 - Tastewp-creer-facilement-site-wordpress - Thumbnail Pinterest.jpg,2024-11-06 - Tastewp-creer-facilement-site-wordpress - Thumbnail Pinterest.jpg,image/jpeg,mixed_separators,medium,"Melange espaces, tirets et underscores"
1w8FtVAPnhJEtx6fYdr42Ssct1MMYrqVG,2024-09-30 - SureMembers vs Restrict Content Pro Quel plugin WordPress choisir en 2024 - Thumbnail Pinterest.jpg,2024-09-30 - SureMembers vs Restrict Content Pro Quel plugin WordPress choisir en 2024 - Thumbnail Pinterest.jpg,image/jpeg,mixed_separators,medium,"Melange espaces, tirets et underscores"
1rVwX51ESGnhoeoYaAR7BPW8PxfAAA9_1,2024-09-16 - Wordpress-full-site-editing-fse-personnalisez-sans-code - Thumbnail Pinterest.jpg,2024-09-16 - Wordpress-full-site-editing-fse-personnalisez-sans-code - Thumbnail Pinterest.jpg,image/jpeg,mixed_separators,medium,"Melange espaces, tirets et underscores"
1rWRV6W0b8NBfSzlvFdqATWqOdjF3PMef,2024-09-16 - Full-site-editing-fse-wordpress-maitrise-web-moderne - Thumbnail Pinterest.jpg,2024-09-16 - Full-site-editing-fse-wordpress-maitrise-web-moderne - Thumbnail Pinterest.jpg,image/jpeg,mixed_separators,medium,"Melange espaces, tirets et underscores"
1pSNWQPoYWrEX2cxTQlmlG0stNylNo9px,2024-08-29 - Seokey-plugin-wordpress-seo-indispensable - Thumbnail Pinterest.jpg,2024-08-29 - Seokey-plugin-wordpress-seo-indispensable - Thumbnail Pinterest.jpg,image/jpeg,mixed_separators,medium,"Melange espaces, tirets et underscores"
1nhygrjjdAEM6_nfA-PIagb71aYzWuY7Y,2024-08-15 - Top-10-plugins-traduction-wordpress-site-multilingue - Thumbnail Pinterest.jpg,2024-08-15 - Top-10-plugins-traduction-wordpress-site-multilingue - Thumbnail Pinterest.jpg,image/jpeg,mixed_separators,medium,"Melange espaces, tirets et underscores"
1naNnm-2IuFGMV2nUV2uVVn_Or6zad2Xg,2024-08-15 - Top-10-plugins-traduction-wordpress-globaliser-site - Thumbnail Pinterest.jpg,2024-08-15 - Top-10-plugins-traduction-wordpress-globaliser-site - Thumbnail Pinterest.jpg,image/jpeg,mixed_separators,medium,"Melange espaces, tirets et underscores"
1n7_9yxz8vVMWpdCJ2TWSUzvjkVIgu48N,2024-08-13 - Wpboutik-avis-boost-ecommerce-wordpress-facilement - Thumbnail Pinterest.jpg,2024-08-13 - Wpboutik-avis-boost-ecommerce-wordpress-facilement - Thumbnail Pinterest.jpg,image/jpeg,mixed_separators,medium,"Melange espaces, tirets et underscores"
1n7Zzau0xFNuu7HLLk_-xxAit55WBX-GJ,2024-08-13 - Avis-wpboutik-reinvention-commerce-en-ligne-wordpress - Thumbnail Pinterest.jpg,2024-08-13 - Avis-wpboutik-reinvention-commerce-en-ligne-wordpress - Thumbnail Pinterest.jpg,image/jpeg,mixed_separators,medium,"Melange espaces, tirets et underscores"
1kxU7SZz8I2YBtHgXCG3_V9Zn5FsPyPYm,2024-08-03 - Linkuma-avis-reference-netlinking - Thumbnail Pinterest.jpg,2024-08-03 - Linkuma-avis-reference-netlinking - Thumbnail Pinterest.jpg,image/jpeg,mixed_separators,medium,"Melange espaces, tirets et underscores"
1fe4MlcvJGahMgt435m8puCu8Q6YBf35V,2024-07-21 - Suremembers-vs-wishlist-members-quelle-extension-choisir - Thumbnail Pinterest.jpg,2024-07-21 - Suremembers-vs-wishlist-members-quelle-extension-choisir - Thumbnail Pinterest.jpg,image/jpeg,mixed_separators,medium,"Melange espaces, tirets et underscores"
1aDHNEFtfDVj6WD4traKvMICH-YESAIiv,2024-07-09 - Avis-funnelkit-meilleur-plugin-tunnels-de-vente-wordpress - Thumbnail Pinterest.jpg,2024-07-09 - Avis-funnelkit-meilleur-plugin-tunnels-de-vente-wordpress - Thumbnail Pinterest.jpg,image/jpeg,mixed_separators,medium,"Melange espaces, tirets et underscores"
1a6q-Dn1UNkaZvYeRRfL-Fyh1lfSIG8ly,2024-07-09 - Avis-funnelkit-meilleur-plugin-tunnels-de-vente - Thumbnail Pinterest.jpg,2024-07-09 - Avis-funnelkit-meilleur-plugin-tunnels-de-vente - Thumbnail Pinterest.jpg,image/jpeg,mixed_separators,medium,"Melange espaces, tirets et underscores"
1i1t7qDc7w_SWg9B0tx6OJiCUVldD5swk,2024-07-27 - Suremembers-decouvrez-meilleur-plugin-adhesion-wordpress - Thumbnail Pinterest.jpg,2024-07-27 - Suremembers-decouvrez-meilleur-plugin-adhesion-wordpress - Thumbnail Pinterest.jpg,image/jpeg,mixed_separators,medium,"Melange espaces, tirets et underscores"
1i-xkTqPYGiN6U61lizftkkUQVRpdvNX1,2024-07-27 - Suremembers-meilleur-plugin-adhesion-wordpress - Thumbnail Pinterest.jpg,2024-07-27 - Suremembers-meilleur-plugin-adhesion-wordpress - Thumbnail Pinterest.jpg,image/jpeg,mixed_separators,medium,"Melange espaces, tirets et underscores"
1_pGE2GwFHSAAN6-ToUNQcKm5pVR_X2Uh,2024-07-09 - Structurer-articles-wordpress-seo - Thumbnail Pinterest.jpg,2024-07-09 - Structurer-articles-wordpress-seo - Thumbnail Pinterest.jpg,image/jpeg,mixed_separators,medium,"Melange espaces, tirets et underscores"
1TvZRM549BHrs9WD1h9vD-zrHCa9lVc62,2025-01-09 - Nettoyer-base-de-donnees-wordpress-guide-complet - Thumbnail Pinterest.jpg,2025-01-09 - Nettoyer-base-de-donnees-wordpress-guide-complet - Thumbnail Pinterest.jpg,image/jpeg,mixed_separators,medium,"Melange espaces, tirets et underscores"
1TqYUcvkJNBvMLIxm1BLpsWYfo80K__Y1,2025-01-09 - Nettoyer-base-de-donnees-wordpress-guide-complet-plugins - Thumbnail Pinterest.jpg,2025-01-09 - Nettoyer-base-de-donnees-wordpress-guide-complet-plugins - Thumbnail Pinterest.jpg,image/jpeg,mixed_separators,medium,"Melange espaces, tirets et underscores"
18SN5KL3siR9eqlYk56t1BDaSE4EwE_rW,2024-11-15 - Surecart-plugin-ecommerce-produits-numeriques-wordpress - Thumbnail Pinterest.jpg,2024-11-15 - Surecart-plugin-ecommerce-produits-numeriques-wordpress - Thumbnail Pinterest.jpg,image/jpeg,mixed_separators,medium,"Melange espaces, tirets et underscores"
18VOhNqhhJK4Q7fytKh7eg4t2zbATqeKt,2024-11-15 - Surecart-solution-vente-produits-numeriques-wordpress - Thumbnail Pinterest.jpg,2024-11-15 - Surecart-solution-vente-produits-numeriques-wordpress - Thumbnail Pinterest.jpg,image/jpeg,mixed_separators,medium,"Melange espaces, tirets et underscores"
1cQZbquRoidXtoikvtV4KJRSamfbn14wn,2024-07-21 - Wishlist-member-tout-savoir-plugin-wordpress - Thumbnail Pinterest.jpg,2024-07-21 - Wishlist-member-tout-savoir-plugin-wordpress - Thumbnail Pinterest.jpg,image/jpeg,mixed_separators,medium,"Melange espaces, tirets et underscores"
1cZOwIiAZ2gOHNjY2t2wz48HVGU8_960J,2024-07-21 - Wishlist-member-boostez-votre-site-wordpress - Thumbnail Pinterest.jpg,2024-07-21 - Wishlist-member-boostez-votre-site-wordpress - Thumbnail Pinterest.jpg,image/jpeg,mixed_separators,medium,"Melange espaces, tirets et underscores"
1DLvzAIbj8RYtSO7zyz6R69QTtBvctvCT,2025-07-20 - Spotlightwp-avis-plugin-instagram-wordpress-test - Thumbnail Pinterest.jpg,2025-07-20 - Spotlightwp-avis-plugin-instagram-wordpress-test - Thumbnail Pinterest.jpg,image/jpeg,mixed_separators,medium,"Melange espaces, tirets et underscores"
12f63NoE9MnDLvLLmolY8N0z7CfbQg1ki,2025-07-20 - Spotlightwp-avis-plugin-instagram-test - Thumbnail Pinterest.jpg,2025-07-20 - Spotlightwp-avis-plugin-instagram-test - Thumbnail Pinterest.jpg,image/jpeg,mixed_separators,medium,"Melange espaces, tirets et underscores"
1rTCYKLcI9x5FfGLhfa7M3JAA4AezoF8k,2025-03-17 - Crocoblock-boite-outils-wordpress - Thumbnail Pinterest.jpg,2025-03-17 - Crocoblock-boite-outils-wordpress - Thumbnail Pinterest.jpg,image/jpeg,mixed_separators,medium,"Melange espaces, tirets et underscores"
1rU8Mys5yD_PikDqKUOdd7QPXJAyN7ZdS,2025-03-17 - Crocoblock-wordpress-elementor - Thumbnail Pinterest.jpg,2025-03-17 - Crocoblock-wordpress-elementor - Thumbnail Pinterest.jpg,image/jpeg,mixed_separators,medium,"Melange espaces, tirets et underscores"
1nyUIiAlVEWcR3Dc_ivQW962qmZ6N9fNa,2025-03-09 - Amelia-wp-reservations-rendez-vous-wordpress - Thumbnail Pinterest.jpg,2025-03-09 - Amelia-wp-reservations-rendez-vous-wordpress - Thumbnail Pinterest.jpg,image/jpeg,mixed_separators,medium,"Melange espaces, tirets et underscores"
1ns1GM__wmVHRNQpjO6IIu4nAC8QFnOFf,2025-03-09 - Amelia-wp-plugin-reservation-wordpress - Thumbnail Pinterest.jpg,2025-03-09 - Amelia-wp-plugin-reservation-wordpress - Thumbnail Pinterest.jpg,image/jpeg,mixed_separators,medium,"Melange espaces, tirets et underscores"
11reXIBSKEcgi5Nb3-oRYNweOq6FFVKGX,2025-05-10 - Wp-rocket-plugin-cache-wordpress-rapide-seo - Thumbnail Pinterest.jpg,2025-05-10 - Wp-rocket-plugin-cache-wordpress-rapide-seo - Thumbnail Pinterest.jpg,image/jpeg,mixed_separators,medium,"Melange espaces, tirets et underscores"
11qWJWCnbxmSza7dKF_Swd7ysvf6FIGAM,2025-05-10 - Wp-rocket-boostez-vitesse-seo-wordpress - Thumbnail Pinterest.jpg,2025-05-10 - Wp-rocket-boostez-vitesse-seo-wordpress - Thumbnail Pinterest.jpg,image/jpeg,mixed_separators,medium,"Melange espaces, tirets et underscores"
1tgAIK4jy10gqzcBwQexOVZ7MfBVz9Kub,2025-03-28 - Ad Banner 2 Vertical 400x600 px.png,2025-03-28 - Ad Banner 2 Vertical 400x600 px.png,image/png,mixed_separators,medium,"Melange espaces, tirets et underscores"
18I080orMYxVPp_R8JQxesuXvcdZAsslm,2025-12-29 - 20251229 135238.jpg,2025-12-29 - 20251229 135238.jpg,image/jpeg,mixed_separators,medium,"Melange espaces, tirets et underscores"
18I080orMYxVPp_R8JQxesuXvcdZAsslm,2025-12-29 - 20251229 135238.jpg,2025-12-29 - 20251229 135238.jpg,image/jpeg,all_caps,low,Nom entierement en majuscules
1AxQ_81ZgAOXEhtI1USU4vBmE42k77ndH,2025-12-29 - 20251229 135310.jpg,2025-12-29 - 20251229 135310.jpg,image/jpeg,mixed_separators,medium,"Melange espaces, tirets et underscores"
1AxQ_81ZgAOXEhtI1USU4vBmE42k77ndH,2025-12-29 - 20251229 135310.jpg,2025-12-29 - 20251229 135310.jpg,image/jpeg,all_caps,low,Nom entierement en majuscules
1diPFXzatNCEae1Ap5eYId0j84f9ps_l-,2025-02-10 - Academy-lms-comparatif-plans-prix.jpg,2025-02-10 - Academy-lms-comparatif-plans-prix.jpg,image/jpeg,mixed_separators,medium,"Melange espaces, tirets et underscores"
1dt3OSRw-kKT245TEBOd2aqWxpnI7zYR_,2025-02-10 - Academy-lms-comparatif-prix-lifetime.jpg,2025-02-10 - Academy-lms-comparatif-prix-lifetime.jpg,image/jpeg,mixed_separators,medium,"Melange espaces, tirets et underscores"
1dx2WzP-ZrqBSf4hF1Wc2u5GcEPrt3zCm,2025-02-11 - Academy-lms-2-0-welcome-page-e-learning.jpg,2025-02-11 - Academy-lms-2-0-welcome-page-e-learning.jpg,image/jpeg,mixed_separators,medium,"Melange espaces, tirets et underscores"
1dxFarn3nFrHetLPqJzhDb3Cd6mgr2zvX,2025-02-11 - Academy-lms-interface-choix-instructeur-marketplace.jpg,2025-02-11 - Academy-lms-interface-choix-instructeur-marketplace.jpg,image/jpeg,mixed_separators,medium,"Melange espaces, tirets et underscores"
1fXYOOCWrMNRLIS3T0RUDtXBb-zvJyHYv,2025-02-13 - Integrations-add-ons-lms-fonctionnalites-premium.jpg,2025-02-13 - Integrations-add-ons-lms-fonctionnalites-premium.jpg,image/jpeg,mixed_separators,medium,"Melange espaces, tirets et underscores"
1fsmcCsD0di1D66qc5KCiPF9sToeOH9lZ,2025-02-15 - Academy-lms.webp,2025-02-15 - Academy-lms.webp,image/webp,mixed_separators,medium,"Melange espaces, tirets et underscores"
1gMURVSvaTfRAfJ36vLzhyeeeb3G7w10Z,2025-02-16 - Performance-efficiency-ai-editing-skoatch.jpg,2025-02-16 - Performance-efficiency-ai-editing-skoatch.jpg,image/jpeg,mixed_separators,medium,"Melange espaces, tirets et underscores"
1la9dSBH-e_RxwoxmxzgrjZ0kNSkutIEh,2025-03-03 - Sans-titre-15.jpg,2025-03-03 - Sans-titre-15.jpg,image/jpeg,mixed_separators,medium,"Melange espaces, tirets et underscores"
1lvoQwTBCvi8FvYtaOqoLwAgjo-HHQJmi,2025-03-03 - Sans-titre-10.jpg,2025-03-03 - Sans-titre-10.jpg,image/jpeg,mixed_separators,medium,"Melange espaces, tirets et underscores"
1lvz7rubm9Bw0NP9CPrfRGSPrUv1DhlDh,2025-03-03 - Sans-titre-9.jpg,2025-03-03 - Sans-titre-9.jpg,image/jpeg,mixed_separators,medium,"Melange espaces, tirets et underscores"
1lzbREM_iuz74DU8Hwl2RB22PiAjt2Kw_,2025-03-03 - Sans-titre-7.jpg,2025-03-03 - Sans-titre-7.jpg,image/jpeg,mixed_separators,medium,"Melange espaces, tirets et underscores"
1mG33suHbG2-BvcGVIF29vlV9LCkV7OKf,2025-03-03 - Sans-titre-6.jpg,2025-03-03 - Sans-titre-6.jpg,image/jpeg,mixed_separators,medium,"Melange espaces, tirets et underscores"
1mLGkzgrXSWZWUodIEzsxhWk4oSqVrTIy,2025-03-03 - Sans-titre-5.jpg,2025-03-03 - Sans-titre-5.jpg,image/jpeg,mixed_separators,medium,"Melange espaces, tirets et underscores"
1lwI2YZYJXzbEuZS6kPpRCxuNlnFeVgkx,2025-03-03 - Infrastructure-cloud-hebergement-securise.jpg,2025-03-03 - Infrastructure-cloud-hebergement-securise.jpg,image/jpeg,mixed_separators,medium,"Melange espaces, tirets et underscores"
1mcrfesSo6iaaQhPnzEEkjcapi-KzWzeW,2025-03-03 - Sans-titre-26.jpg,2025-03-03 - Sans-titre-26.jpg,image/jpeg,mixed_separators,medium,"Melange espaces, tirets et underscores"
1meShehjMbcWSba0nYdcVV-4VDbs9CSFm,2025-03-03 - Sans-titre-25.jpg,2025-03-03 - Sans-titre-25.jpg,image/jpeg,mixed_separators,medium,"Melange espaces, tirets et underscores"
1mkCkrX8z_5Ht4JLwDbVRikdeNe3NPU2O,2025-03-03 - Sans-titre-24.jpg,2025-03-03 - Sans-titre-24.jpg,image/jpeg,mixed_separators,medium,"Melange espaces, tirets et underscores"
1mnuVrchvqxlD7oWtFyaIf6soBe7baJ0M,2025-03-03 - Sans-titre-22.jpg,2025-03-03 - Sans-titre-22.jpg,image/jpeg,mixed_separators,medium,"Melange espaces, tirets et underscores"
1mo7FYPLZqUoaUy0aWqIlqQJYrOYSPsOk,2025-03-03 - Sans-titre-21.jpg,2025-03-03 - Sans-titre-21.jpg,image/jpeg,mixed_separators,medium,"Melange espaces, tirets et underscores"
1mrmDvEimulJ97vLhhJz1DTDCkiGC2o80,2025-03-03 - Sans-titre-19.jpg,2025-03-03 - Sans-titre-19.jpg,image/jpeg,mixed_separators,medium,"Melange espaces, tirets et underscores"
1mwMeYO-iEsHYQ_O0dakvvhs-DlWvrnh2,2025-03-03 - Sans-titre-18.jpg,2025-03-03 - Sans-titre-18.jpg,image/jpeg,mixed_separators,medium,"Melange espaces, tirets et underscores"
1n5DsaP7mp9sPDrfHqZMeP5YKxGxILy-9,2025-03-07 - Hebergement-buddyboss-rapide-rapyd-cloud.jpg,2025-03-07 - Hebergement-buddyboss-rapide-rapyd-cloud.jpg,image/jpeg,mixed_separators,medium,"Melange espaces, tirets et underscores"
1nffUTg4EOL5pdQZzCy6oqNLSyEoDmOdH,2025-03-09 - Local-wp-comparison-local-by-flywheel-xampp.jpg,2025-03-09 - Local-wp-comparison-local-by-flywheel-xampp.jpg,image/jpeg,mixed_separators,medium,"Melange espaces, tirets et underscores"
1thuo8KObAu5ty73Zzyw_izgffkmzJWth,2025-03-28 - Ad Banner 1 Vertical 400x600 px.png,2025-03-28 - Ad Banner 1 Vertical 400x600 px.png,image/png,mixed_separators,medium,"Melange espaces, tirets et underscores"
1mPoyrdpOc_Lzo3KzAQns3X32ZZVL1R6s,2025-03-03 - Rapyd-cloud-dashboard-intuitif-performance.jpg,2025-03-03 - Rapyd-cloud-dashboard-intuitif-performance.jpg,image/jpeg,mixed_separators,medium,"Melange espaces, tirets et underscores"
1r1m-kS2cLjUNLNorYY67ZrueTcF748C3,2025-03-15 - Optimisation-maillage-interne-link-whisper.jpg,2025-03-15 - Optimisation-maillage-interne-link-whisper.jpg,image/jpeg,mixed_separators,medium,"Melange espaces, tirets et underscores"
12YIuALcYYCHqRsHUuL4LUmu0lU-xY-B3,2025-05-16 - Hebergeur-web-o2switch-page-accueil.jpg,2025-05-16 - Hebergeur-web-o2switch-page-accueil.jpg,image/jpeg,mixed_separators,medium,"Melange espaces, tirets et underscores"
12dxdEkggHz9QELr8QLGPf01dD3iDHRyN,2025-05-17 - Hebergeur-web-o2switch-prix-promo.jpg,2025-05-17 - Hebergeur-web-o2switch-prix-promo.jpg,image/jpeg,mixed_separators,medium,"Melange espaces, tirets et underscores"
16woZKBmsdidXtyz9w3YPsNMdxZh_R6tL,2025-06-04 - O2switch-meinungen-hosting-bewertung.jpg,2025-06-04 - O2switch-meinungen-hosting-bewertung.jpg,image/jpeg,mixed_separators,medium,"Melange espaces, tirets et underscores"
1VTzXjZ6eiaxTPTgwMu0kM-UUwwBk1Zde,2025-06-30 - Fluentcart-interface-filtres-produits-dashboard.jpg,2025-06-30 - Fluentcart-interface-filtres-produits-dashboard.jpg,image/jpeg,mixed_separators,medium,"Melange espaces, tirets et underscores"
1xrbfAPhnf-Gf3na3_eys5wfYZ7T5OgSr,2025-04-17 - Learndash-cloud-offre-starter-lms-hebergement.jpg,2025-04-17 - Learndash-cloud-offre-starter-lms-hebergement.jpg,image/jpeg,mixed_separators,medium,"Melange espaces, tirets et underscores"
15Balx6ehF6V1fvVdO9t3z9S3pVUBqpzu,2025-07-01 - Fluentcart-tableau-bord-performance-ecommerce.jpg,2025-07-01 - Fluentcart-tableau-bord-performance-ecommerce.jpg,image/jpeg,mixed_separators,medium,"Melange espaces, tirets et underscores"
1CNzLO2BI7nEOxB8aJn1F1HqzjCAVFWV9,2025-07-17 - Sans-titre-8.jpg,2025-07-17 - Sans-titre-8.jpg,image/jpeg,mixed_separators,medium,"Melange espaces, tirets et underscores"
1HswqBIji-sEFl8RQz5r5E0yg_7RlWpO5,2025-07-31 - Interface-droip-editeur-no-code-web.jpg,2025-07-31 - Interface-droip-editeur-no-code-web.jpg,image/jpeg,mixed_separators,medium,"Melange espaces, tirets et underscores"
1OW8l8tofoLQOAVrJcL2RYgPaiOr1YABp,2025-07-17 - Sans-titre-2.jpg,2025-07-17 - Sans-titre-2.jpg,image/jpeg,mixed_separators,medium,"Melange espaces, tirets et underscores"
1OyaKUrhBpQfMlyVrm6wQ0GbbprY-0ito,2025-07-31 - Figma-to-droip-convertir-maquette-site-web.jpg,2025-07-31 - Figma-to-droip-convertir-maquette-site-web.jpg,image/jpeg,mixed_separators,medium,"Melange espaces, tirets et underscores"
1RM0EovWxXW34OYJo3zUG0J5RoPEee6dF,2025-07-17 - Sans-titre-3.jpg,2025-07-17 - Sans-titre-3.jpg,image/jpeg,mixed_separators,medium,"Melange espaces, tirets et underscores"
1SRhBvCIIeYQhIO6O-aHRCzTVCFHEfp8i,2025-07-31 - Interface-droip-light-dark-mode-builder.jpg,2025-07-31 - Interface-droip-light-dark-mode-builder.jpg,image/jpeg,mixed_separators,medium,"Melange espaces, tirets et underscores"
1TfR0qvN_T4DQWfLJtKIqypShGUKWn74X,2025-07-17 - Sans-titre-4.jpg,2025-07-17 - Sans-titre-4.jpg,image/jpeg,mixed_separators,medium,"Melange espaces, tirets et underscores"
1XOhoY1AqMgER5ezeCtOG74DqLoYFIvzO,2025-07-17 - Sans-titre-11.jpg,2025-07-17 - Sans-titre-11.jpg,image/jpeg,mixed_separators,medium,"Melange espaces, tirets et underscores"
1nR11SDgzICNwuy8tvcUwpq8immlgDuei,2025-07-17 - Sans-titre-1.jpg,2025-07-17 - Sans-titre-1.jpg,image/jpeg,mixed_separators,medium,"Melange espaces, tirets et underscores"
1yVO5ap-xgTXP8hYM8lK2s0ZFhrYP0W-7,2025-07-01 - Sans-tfgsdfditre-1.jpg,2025-07-01 - Sans-tfgsdfditre-1.jpg,image/jpeg,mixed_separators,medium,"Melange espaces, tirets et underscores"
1OLqjmmPjH2-mKlBqONLMGF3GFBc1FhsC,2025-08-16 - Armember-avis-configuration-paiement.jpg,2025-08-16 - Armember-avis-configuration-paiement.jpg,image/jpeg,mixed_separators,medium,"Melange espaces, tirets et underscores"
1o47pCUuUpcEonfFS-ea5Zlo5sdGWdvvV,2025-11-06 - KTN-LOGO-1 1-Transparant-BG-512x512.png,2025-11-06 - KTN-LOGO-1 1-Transparant-BG-512x512.png,image/png,mixed_separators,medium,"Melange espaces, tirets et underscores"
1BBdrBm2ZMl-Ay7v2rF5r98WrBuh-D_7S,2025-12-28 - Screenshot 20250223 090727 Discord.jpg,2025-12-28 - Screenshot 20250223 090727 Discord.jpg,image/jpeg,mixed_separators,medium,"Melange espaces, tirets et underscores"
1jDg4Twb-siWt-ZETE2PciQlsYnABco9w,2025-12-28 - Photo-profil-michael-kihl.png,2025-12-28 - Photo-profil-michael-kihl.png,image/png,mixed_separators,medium,"Melange espaces, tirets et underscores"
1XZHgLuuhYh_3-pNnnVcLGbu1csJH9Vk0,2025-12-28 - IMG 20250413 144512 477.jpg,2025-12-28 - IMG 20250413 144512 477.jpg,image/jpeg,mixed_separators,medium,"Melange espaces, tirets et underscores"
1XZHgLuuhYh_3-pNnnVcLGbu1csJH9Vk0,2025-12-28 - IMG 20250413 144512 477.jpg,2025-12-28 - IMG 20250413 144512 477.jpg,image/jpeg,all_caps,low,Nom entierement en majuscules
1GWM-1MVCXo2RHJo9BeGP8OAflySY0QGJ,2025-12-28 - IMG 20250413 144519 294.jpg,2025-12-28 - IMG 20250413 144519 294.jpg,image/jpeg,mixed_separators,medium,"Melange espaces, tirets et underscores"
1GWM-1MVCXo2RHJo9BeGP8OAflySY0QGJ,2025-12-28 - IMG 20250413 144519 294.jpg,2025-12-28 - IMG 20250413 144519 294.jpg,image/jpeg,all_caps,low,Nom entierement en majuscules
1VAl8mt2sul7funLzcozmdSSjajb9lO9U,2025-12-28 - IMG 20250413 144517 407.jpg,2025-12-28 - IMG 20250413 144517 407.jpg,image/jpeg,mixed_separators,medium,"Melange espaces, tirets et underscores"
1VAl8mt2sul7funLzcozmdSSjajb9lO9U,2025-12-28 - IMG 20250413 144517 407.jpg,2025-12-28 - IMG 20250413 144517 407.jpg,image/jpeg,all_caps,low,Nom entierement en majuscules
1PTRNNT7W-j6EFn9V1MhT416x-elF9Vam,2025-12-28 - IMG 20250413 144514 713.jpg,2025-12-28 - IMG 20250413 144514 713.jpg,image/jpeg,mixed_separators,medium,"Melange espaces, tirets et underscores"
1PTRNNT7W-j6EFn9V1MhT416x-elF9Vam,2025-12-28 - IMG 20250413 144514 713.jpg,2025-12-28 - IMG 20250413 144514 713.jpg,image/jpeg,all_caps,low,Nom entierement en majuscules
1812kBC3qKgeXIpa2V6gHgWGAIgjQnwnx,2025-12-28 - IMG 20250413 144521 428.jpg,2025-12-28 - IMG 20250413 144521 428.jpg,image/jpeg,mixed_separators,medium,"Melange espaces, tirets et underscores"
1812kBC3qKgeXIpa2V6gHgWGAIgjQnwnx,2025-12-28 - IMG 20250413 144521 428.jpg,2025-12-28 - IMG 20250413 144521 428.jpg,image/jpeg,all_caps,low,Nom entierement en majuscules
1cNTvSKY7F74xFYgZEhOMtNJqO3wa0U5q,2025-12-28 - IMG 20250413 144523 289.jpg,2025-12-28 - IMG 20250413 144523 289.jpg,image/jpeg,mixed_separators,medium,"Melange espaces, tirets et underscores"
1cNTvSKY7F74xFYgZEhOMtNJqO3wa0U5q,2025-12-28 - IMG 20250413 144523 289.jpg,2025-12-28 - IMG 20250413 144523 289.jpg,image/jpeg,all_caps,low,Nom entierement en majuscules
1iUaIvjmhVFICKlmQkYxxWxPKOSAMl7RW,2025-12-28 - IMG 20250413 144524 991.jpg,2025-12-28 - IMG 20250413 144524 991.jpg,image/jpeg,mixed_separators,medium,"Melange espaces, tirets et underscores"
1iUaIvjmhVFICKlmQkYxxWxPKOSAMl7RW,2025-12-28 - IMG 20250413 144524 991.jpg,2025-12-28 - IMG 20250413 144524 991.jpg,image/jpeg,all_caps,low,Nom entierement en majuscules
1arMDr-2GCXMvnX97HlnGzA8YB2OvBjrR,2025-12-28 - IMG 20250413 144526 626.jpg,2025-12-28 - IMG 20250413 144526 626.jpg,image/jpeg,mixed_separators,medium,"Melange espaces, tirets et underscores"
1arMDr-2GCXMvnX97HlnGzA8YB2OvBjrR,2025-12-28 - IMG 20250413 144526 626.jpg,2025-12-28 - IMG 20250413 144526 626.jpg,image/jpeg,all_caps,low,Nom entierement en majuscules
1FViS-_gbea6fCWDP58yz0rHpw-MuQRUd,2025-12-28 - 20250509 085902.jpg,2025-12-28 - 20250509 085902.jpg,image/png,mixed_separators,medium,"Melange espaces, tirets et underscores"
1FViS-_gbea6fCWDP58yz0rHpw-MuQRUd,2025-12-28 - 20250509 085902.jpg,2025-12-28 - 20250509 085902.jpg,image/png,all_caps,low,Nom entierement en majuscules
1EML20YMDuobauRQJWz2hjPPPV-GTHxqz,2025-12-28 - 20250509 085950.jpg,2025-12-28 - 20250509 085950.jpg,image/png,mixed_separators,medium,"Melange espaces, tirets et underscores"
1EML20YMDuobauRQJWz2hjPPPV-GTHxqz,2025-12-28 - 20250509 085950.jpg,2025-12-28 - 20250509 085950.jpg,image/png,all_caps,low,Nom entierement en majuscules
1i4CdAMomm-t2FZfQUvuxXPoPenI9rn7E,2025-12-28 - 20250509 090027.jpg,2025-12-28 - 20250509 090027.jpg,image/png,mixed_separators,medium,"Melange espaces, tirets et underscores"
1i4CdAMomm-t2FZfQUvuxXPoPenI9rn7E,2025-12-28 - 20250509 090027.jpg,2025-12-28 - 20250509 090027.jpg,image/png,all_caps,low,Nom entierement en majuscules
1whiWGOU3whcOzn14uMgz3GxVXAtOBHaZ,2025-12-28 - Messenger creation F376C8AA-D0CC-4EF5-B963-F8331F5D3BA1.jpeg,2025-12-28 - Messenger creation F376C8AA-D0CC-4EF5-B963-F8331F5D3BA1.jpeg,image/jpeg,mixed_separators,medium,"Melange espaces, tirets et underscores"
1nsgxqprIfFycT3c2pSWplqjxc24t1d8U,2025-12-28 - Messenger creation 7346C375-574D-4863-8643-CEBACA64DDDB.jpeg,2025-12-28 - Messenger creation 7346C375-574D-4863-8643-CEBACA64DDDB.jpeg,image/jpeg,mixed_separators,medium,"Melange espaces, tirets et underscores"
1AQA4Fg_Kt7SRgb8qzVJh7EomCHeYbiHS,2025-12-28 - Messenger creation EAD5C7D1-3882-438A-B6E0-EE6E23D0AE49.jpeg,2025-12-28 - Messenger creation EAD5C7D1-3882-438A-B6E0-EE6E23D0AE49.jpeg,image/jpeg,mixed_separators,medium,"Melange espaces, tirets et underscores"
1SytSXooSKYUceZReG3_1kkPrwHWpcQ09,2025-12-28 - Messenger creation 2483ECAD-3BB7-4FA4-9245-DCE351471FB8.jpeg,2025-12-28 - Messenger creation 2483ECAD-3BB7-4FA4-9245-DCE351471FB8.jpeg,image/jpeg,mixed_separators,medium,"Melange espaces, tirets et underscores"
1nS7Hhtrewd6Pzh8b-3xpcQ1gNTxxilwp,2025-12-28 - Messenger creation 6E37BDDF-CC5F-4C17-B824-C505F231528F.jpeg,2025-12-28 - Messenger creation 6E37BDDF-CC5F-4C17-B824-C505F231528F.jpeg,image/jpeg,mixed_separators,medium,"Melange espaces, tirets et underscores"
19FSiyylHn_ycjlhsQ99O2qrYIJ8i9dTt,2025-12-28 - Messenger creation D4AA79BB-707B-4E09-979A-D2CF8510E93F.jpeg,2025-12-28 - Messenger creation D4AA79BB-707B-4E09-979A-D2CF8510E93F.jpeg,image/jpeg,mixed_separators,medium,"Melange espaces, tirets et underscores"
1gvDsGYtZGKk9nGtbUBlFS58704DJbckr,2025-12-28 - Messenger creation 2986C522-8891-4C1C-A086-2D9994928075.jpeg,2025-12-28 - Messenger creation 2986C522-8891-4C1C-A086-2D9994928075.jpeg,image/jpeg,mixed_separators,medium,"Melange espaces, tirets et underscores"
1JEPgymNwFvNTpcMhnm0LrsopQY6Bit7_,2025-12-28 - Messenger creation AA12067B-B533-489E-A6EB-6429C4D45CFB.jpeg,2025-12-28 - Messenger creation AA12067B-B533-489E-A6EB-6429C4D45CFB.jpeg,image/jpeg,mixed_separators,medium,"Melange espaces, tirets et underscores"
1cSmNZOt4NqfygSn3wrvcztxRZNFRKWKP,2025-12-28 - Messenger creation FF45D3DC-921C-4804-B899-D21413FF97B8.jpeg,2025-12-28 - Messenger creation FF45D3DC-921C-4804-B899-D21413FF97B8.jpeg,image/jpeg,mixed_separators,medium,"Melange espaces, tirets et underscores"
1YF2YyImQAQzwAerTth6t8j13--OIzy0e,2025-12-28 - Messenger creation D9207991-E107-44E3-9CC5-B838D9AD9256.jpeg,2025-12-28 - Messenger creation D9207991-E107-44E3-9CC5-B838D9AD9256.jpeg,image/jpeg,mixed_separators,medium,"Melange espaces, tirets et underscores"
1PS-77WEnkFLingmRAO4h0ZB5Ae8bYEv-,2025-12-28 - Messenger creation B5A149FE-467E-443F-AE09-8CF9ED0DD2FE.jpeg,2025-12-28 - Messenger creation B5A149FE-467E-443F-AE09-8CF9ED0DD2FE.jpeg,image/jpeg,mixed_separators,medium,"Melange espaces, tirets et underscores"
1wNUljDOJGV7pXev7X-ope8AQZcjOwrYB,2025-12-28 - Messenger creation 9FCAE5E9-8FDC-4007-9E69-8192C2C5FDF1.jpeg,2025-12-28 - Messenger creation 9FCAE5E9-8FDC-4007-9E69-8192C2C5FDF1.jpeg,image/jpeg,mixed_separators,medium,"Melange espaces, tirets et underscores"
1QtZhv9vm4d0rYIUCpgk2PrD3JZQkvVcD,2025-12-28 - Messenger creation 09C8D333-7BDF-4D62-9428-BC403038A6C6.jpeg,2025-12-28 - Messenger creation 09C8D333-7BDF-4D62-9428-BC403038A6C6.jpeg,image/jpeg,mixed_separators,medium,"Melange espaces, tirets et underscores"
1JccnZxDoyItsovXIEG1cypw2YXrsh4Mr,2025-12-28 - Messenger creation F1F74560-A5E4-4116-8EF8-45690C5CE06B.jpeg,2025-12-28 - Messenger creation F1F74560-A5E4-4116-8EF8-45690C5CE06B.jpeg,image/jpeg,mixed_separators,medium,"Melange espaces, tirets et underscores"
1a9QU1tlCySBYzCBAoZUWF-deNAslkk1I,2025-12-28 - Messenger creation 41B2584D-49FA-4659-81AE-9F51E3602274.jpeg,2025-12-28 - Messenger creation 41B2584D-49FA-4659-81AE-9F51E3602274.jpeg,image/jpeg,mixed_separators,medium,"Melange espaces, tirets et underscores"
1CR1fKtM2H-EfBwkHsHHjVrV-1GxVhEEG,2025-12-28 - Messenger creation E257B17E-303F-4045-938A-A617D8731153.jpeg,2025-12-28 - Messenger creation E257B17E-303F-4045-938A-A617D8731153.jpeg,image/jpeg,mixed_separators,medium,"Melange espaces, tirets et underscores"
1Ubt49nVDGgKRGHZbSEfPmwvxTs_pOEZH,2025-12-28 - Messenger creation 3060AB0E-B407-44AF-AF32-43CCF6C9234F.jpeg,2025-12-28 - Messenger creation 3060AB0E-B407-44AF-AF32-43CCF6C9234F.jpeg,image/jpeg,mixed_separators,medium,"Melange espaces, tirets et underscores"
1TvWf1_MdAbQscxCDviuknX-WNM_vFzZ2,2025-12-28 - Messenger creation 01246BFA-F0A8-4701-AEED-5D84E6FA9F7D.jpeg,2025-12-28 - Messenger creation 01246BFA-F0A8-4701-AEED-5D84E6FA9F7D.jpeg,image/jpeg,mixed_separators,medium,"Melange espaces, tirets et underscores"
1hFLSi77pJolMXWFKhxVlG6AO5dQzbNTp,2025-12-28 - Messenger creation 251BDCC0-138E-439E-A0C2-0163978AC274.jpeg,2025-12-28 - Messenger creation 251BDCC0-138E-439E-A0C2-0163978AC274.jpeg,image/jpeg,mixed_separators,medium,"Melange espaces, tirets et underscores"
1F-ad5HUvOlkSVU7THTwEA_0nbbpLEPt-,2025-12-28 - Messenger creation 612DFC3A-1996-4237-8B1B-508B87E6B3F1.jpeg,2025-12-28 - Messenger creation 612DFC3A-1996-4237-8B1B-508B87E6B3F1.jpeg,image/jpeg,mixed_separators,medium,"Melange espaces, tirets et underscores"
1xFxnnCcelHMUvw32Rt_aE-nk7LzpQnzF,2025-12-28 - Messenger creation BC636765-9BD7-4F51-9872-A41395601DDE.jpeg,2025-12-28 - Messenger creation BC636765-9BD7-4F51-9872-A41395601DDE.jpeg,image/jpeg,mixed_separators,medium,"Melange espaces, tirets et underscores"
1Jrj_llcrEISoY4cT1gQOx4TVk8gRZOm-,2025-12-28 - Messenger creation E6B9596F-9CAF-4B1B-99DA-F8481DFFD3F9.jpeg,2025-12-28 - Messenger creation E6B9596F-9CAF-4B1B-99DA-F8481DFFD3F9.jpeg,image/jpeg,mixed_separators,medium,"Melange espaces, tirets et underscores"
16CiizHMZ2XmP9Br39wfpUj0NfJqZwKnN,2025-12-28 - Messenger creation F8347F60-90FD-4148-9889-9E03B7CC512C.jpeg,2025-12-28 - Messenger creation F8347F60-90FD-4148-9889-9E03B7CC512C.jpeg,image/jpeg,mixed_separators,medium,"Melange espaces, tirets et underscores"
1XLeDGwi7taPB7G4oECeH4Hn0QGxTgHPp,2025-12-28 - Messenger creation 95BF2BF8-CFFB-464B-93CB-AC6EE4E349FB.jpeg,2025-12-28 - Messenger creation 95BF2BF8-CFFB-464B-93CB-AC6EE4E349FB.jpeg,image/jpeg,mixed_separators,medium,"Melange espaces, tirets et underscores"
1AbGXyHKerZ6lVJX119rJlESK07tqhRS7,2025-12-28 - Messenger creation 879103B8-66A6-4237-A61A-55A13F93DFE2.jpeg,2025-12-28 - Messenger creation 879103B8-66A6-4237-A61A-55A13F93DFE2.jpeg,image/jpeg,mixed_separators,medium,"Melange espaces, tirets et underscores"
1_S4vXHy1eX2XIDCPspP04wlTTK7VNQ7F,2025-12-28 - Messenger creation 2559CE18-DF93-4203-99D2-555429841936.jpeg,2025-12-28 - Messenger creation 2559CE18-DF93-4203-99D2-555429841936.jpeg,image/jpeg,mixed_separators,medium,"Melange espaces, tirets et underscores"
1C1oiXPzMbRF4JH7wXlubqDh4BWpr47vY,2025-12-28 - Messenger creation 7129B10E-E738-4226-BF91-5167289170C1.jpeg,2025-12-28 - Messenger creation 7129B10E-E738-4226-BF91-5167289170C1.jpeg,image/jpeg,mixed_separators,medium,"Melange espaces, tirets et underscores"
1GtUNVa0syUkH0cpv08N_t7o-XCWtRVo8,2025-12-28 - Messenger creation A49AFF26-0EC6-4DDF-8BEE-0BA5C9CA9EEC.jpeg,2025-12-28 - Messenger creation A49AFF26-0EC6-4DDF-8BEE-0BA5C9CA9EEC.jpeg,image/jpeg,mixed_separators,medium,"Melange espaces, tirets et underscores"
1oxftlhn8LvU8SRuluIh_57lsk4n43jsG,2025-12-28 - Messenger creation B63B3CCE-D029-42CB-8251-C13DFECBDC36.jpeg,2025-12-28 - Messenger creation B63B3CCE-D029-42CB-8251-C13DFECBDC36.jpeg,image/jpeg,mixed_separators,medium,"Melange espaces, tirets et underscores"
1WVwLWGqo1zC1fADhoaiSkwxLoZVZ_zwu,2025-12-28 - Messenger creation 5C932AC1-A986-463E-B7C7-F08CB72676B6.jpeg,2025-12-28 - Messenger creation 5C932AC1-A986-463E-B7C7-F08CB72676B6.jpeg,image/jpeg,mixed_separators,medium,"Melange espaces, tirets et underscores"
1JoWktsjmCN4PZkXfmD_K_QKPIv4busoc,2025-12-28 - Messenger creation 45DC8543-3255-4390-A3CC-A25EA67298D8.jpeg,2025-12-28 - Messenger creation 45DC8543-3255-4390-A3CC-A25EA67298D8.jpeg,image/jpeg,mixed_separators,medium,"Melange espaces, tirets et underscores"
1_N_c20MSoUBZm_3-9RHkwfS2ziKV5w59,2025-12-28 - Messenger creation 004366B0-C6F3-4726-8C44-7F1233353264.jpeg,2025-12-28 - Messenger creation 004366B0-C6F3-4726-8C44-7F1233353264.jpeg,image/jpeg,mixed_separators,medium,"Melange espaces, tirets et underscores"
1A_ll8upr47SdyCOyOpyXzP1Z4JOBvZ4y,2025-12-28 - Messenger creation 7405C598-920C-4A81-86B1-41238DAAF581.jpeg,2025-12-28 - Messenger creation 7405C598-920C-4A81-86B1-41238DAAF581.jpeg,image/jpeg,mixed_separators,medium,"Melange espaces, tirets et underscores"
1oGbcYohGZorKmqECbsdcEeh9iSYgdOYO,2025-12-28 - Messenger creation BC746BD6-B0A1-4FCE-84B2-EFE12B61A390.jpeg,2025-12-28 - Messenger creation BC746BD6-B0A1-4FCE-84B2-EFE12B61A390.jpeg,image/jpeg,mixed_separators,medium,"Melange espaces, tirets et underscores"
1wgGwB4Xe4jbt3W0lK4DGsv_hbNdfqdiN,2025-12-28 - Messenger creation EB346EE3-3BFC-42D0-8B8C-77FFAA144325.jpeg,2025-12-28 - Messenger creation EB346EE3-3BFC-42D0-8B8C-77FFAA144325.jpeg,image/jpeg,mixed_separators,medium,"Melange espaces, tirets et underscores"
1DYSviPsExnLJqz4dGtVdqom2NfxWrHRc,2025-12-28 - Messenger creation F1E149E4-C6C8-4B69-8500-C03D3B9ABE20.jpeg,2025-12-28 - Messenger creation F1E149E4-C6C8-4B69-8500-C03D3B9ABE20.jpeg,image/jpeg,mixed_separators,medium,"Melange espaces, tirets et underscores"
1m6mOuck7uwjAKbjrAVQ0DkVryo5nBv3_,2025-12-28 - Messenger creation 43C3CAE8-589F-4413-8A1A-FD71ECC66064.jpeg,2025-12-28 - Messenger creation 43C3CAE8-589F-4413-8A1A-FD71ECC66064.jpeg,image/jpeg,mixed_separators,medium,"Melange espaces, tirets et underscores"
1HJi9sih7FRoeTo8i6DIO55tdStRojU7-,2025-12-28 - Messenger creation E3CF2E0B-D8DA-4B03-8F8B-D95C2E615896.jpeg,2025-12-28 - Messenger creation E3CF2E0B-D8DA-4B03-8F8B-D95C2E615896.jpeg,image/jpeg,mixed_separators,medium,"Melange espaces, tirets et underscores"
1_Yh4Fq0MogJFACsa_4eAlHX1AZso0btF,2025-12-28 - Messenger creation 8F1EB8B7-1C0F-4CAB-8B62-F5F4CFF625D7.jpeg,2025-12-28 - Messenger creation 8F1EB8B7-1C0F-4CAB-8B62-F5F4CFF625D7.jpeg,image/jpeg,mixed_separators,medium,"Melange espaces, tirets et underscores"
1mKDLEsEqOZ-Y_S_tsm9Y_YKSFEuYb1LI,2025-12-28 - Messenger creation FB736ACC-A1DA-47B5-A2AA-2902FF649341.jpeg,2025-12-28 - Messenger creation FB736ACC-A1DA-47B5-A2AA-2902FF649341.jpeg,image/jpeg,mixed_separators,medium,"Melange espaces, tirets et underscores"
1F4zAXZtQO8ycQV91ALQ674xmSIFEEuZd,2025-12-28 - Messenger creation 52007536-33D7-41A6-A6CD-2EBB75D7D2E3.jpeg,2025-12-28 - Messenger creation 52007536-33D7-41A6-A6CD-2EBB75D7D2E3.jpeg,image/jpeg,mixed_separators,medium,"Melange espaces, tirets et underscores"
1WZst-X60VHssDUKAfjr6BMm_X_xDhd9u,2025-12-28 - Messenger creation 4980AE28-8123-4FA6-A519-0ABFA07F7A7E.jpeg,2025-12-28 - Messenger creation 4980AE28-8123-4FA6-A519-0ABFA07F7A7E.jpeg,image/jpeg,mixed_separators,medium,"Melange espaces, tirets et underscores"
1c84vp2HmRheaRlmqsyzdiOXnnBQXaYLF,2025-12-28 - Messenger creation 51CAA951-DACE-4ECB-8938-DBF2D9F39FE3.jpeg,2025-12-28 - Messenger creation 51CAA951-DACE-4ECB-8938-DBF2D9F39FE3.jpeg,image/jpeg,mixed_separators,medium,"Melange espaces, tirets et underscores"
1IbSC41SjGQetFw9Xq1WZ1XbsA6JJ1_et,2025-12-28 - Messenger creation B5AAFB01-0D5F-4CF7-A554-16CCD65FA2F0.jpeg,2025-12-28 - Messenger creation B5AAFB01-0D5F-4CF7-A554-16CCD65FA2F0.jpeg,image/jpeg,mixed_separators,medium,"Melange espaces, tirets et underscores"
1ZpPhStIfD7C_cxSnzsmneM893gZb4NmA,2025-12-28 - Messenger creation 9C22D4AC-2777-43F2-9C86-A503EB954937.jpeg,2025-12-28 - Messenger creation 9C22D4AC-2777-43F2-9C86-A503EB954937.jpeg,image/jpeg,mixed_separators,medium,"Melange espaces, tirets et underscores"
1sX6Lyi5n8Sqxf0uf9T-MBG8mNHxpewiH,2025-12-28 - Messenger creation FC625163-ABA2-49CF-9E08-B120C9B72394.jpeg,2025-12-28 - Messenger creation FC625163-ABA2-49CF-9E08-B120C9B72394.jpeg,image/jpeg,mixed_separators,medium,"Melange espaces, tirets et underscores"
105CPQniwlffucmQvGfSKUGJiIka7rJ2O,2025-12-28 - Messenger creation 5D2C3B4E-11EE-4394-B1EA-1E6B534DF62F.jpeg,2025-12-28 - Messenger creation 5D2C3B4E-11EE-4394-B1EA-1E6B534DF62F.jpeg,image/jpeg,mixed_separators,medium,"Melange espaces, tirets et underscores"
1SUAsoO9Tl8zRAMnVMK2jeTX8oPdB8cDe,2025-12-28 - Messenger creation CDF2AD01-4A4F-4DB5-A92A-9E40CC2B184E.jpeg,2025-12-28 - Messenger creation CDF2AD01-4A4F-4DB5-A92A-9E40CC2B184E.jpeg,image/jpeg,mixed_separators,medium,"Melange espaces, tirets et underscores"
1LMNyTQzv2wJdBemimqapN8Cb7XQ8m1hG,2025-12-28 - Messenger creation 4F5276C3-F255-4431-97E8-A57A5DDE20AD.jpeg,2025-12-28 - Messenger creation 4F5276C3-F255-4431-97E8-A57A5DDE20AD.jpeg,image/jpeg,mixed_separators,medium,"Melange espaces, tirets et underscores"
1DiROuo4ih--hpzWi0yHzs75EgTR6nbwV,2025-12-28 - Messenger creation B7404B20-15EE-41D6-84AB-E27B6E9ED54A.jpeg,2025-12-28 - Messenger creation B7404B20-15EE-41D6-84AB-E27B6E9ED54A.jpeg,image/jpeg,mixed_separators,medium,"Melange espaces, tirets et underscores"
1Z_K1YcYlJAeBWIFhR4LL9IlMOn4pqaku,2025-12-28 - Messenger creation 44E443C8-853C-4A3A-91F0-07D0EFFC0D43.jpeg,2025-12-28 - Messenger creation 44E443C8-853C-4A3A-91F0-07D0EFFC0D43.jpeg,image/jpeg,mixed_separators,medium,"Melange espaces, tirets et underscores"
1UfxsU1uwaDy4M73ulo0Dx-zNVFUTuz-r,2025-12-28 - Messenger creation 952BF5B6-2D20-48BC-AB14-BDDFD701EDC0.jpeg,2025-12-28 - Messenger creation 952BF5B6-2D20-48BC-AB14-BDDFD701EDC0.jpeg,image/jpeg,mixed_separators,medium,"Melange espaces, tirets et underscores"
1ZLNCB08ahYJ0oiVqYhHDQkJYAvdJ-HOb,2025-12-28 - Messenger creation 3795368F-52D9-4172-8AA9-1BBED7CDE3A1.jpeg,2025-12-28 - Messenger creation 3795368F-52D9-4172-8AA9-1BBED7CDE3A1.jpeg,image/jpeg,mixed_separators,medium,"Melange espaces, tirets et underscores"
1rSRsCyeL8RMgAtFZLu7riBICtFkvyVle,2025-12-28 - Messenger creation D403D57A-CEA3-46DE-AC5E-9E226995F5A9.jpeg,2025-12-28 - Messenger creation D403D57A-CEA3-46DE-AC5E-9E226995F5A9.jpeg,image/jpeg,mixed_separators,medium,"Melange espaces, tirets et underscores"
12EyZ7dGjebpvy6jMmwZwhTMDk9h_oBpR,2025-12-28 - Messenger creation 7321886C-FC38-458E-9BA6-8B767A5396A3.jpeg,2025-12-28 - Messenger creation 7321886C-FC38-458E-9BA6-8B767A5396A3.jpeg,image/jpeg,mixed_separators,medium,"Melange espaces, tirets et underscores"
1_QSD9IMQOXbz69wqTsKFcrwiklkJkjzr,2025-12-28 - Messenger creation E3AEEAD1-3ABE-4CAB-8B81-DE665D2CB6EF.jpeg,2025-12-28 - Messenger creation E3AEEAD1-3ABE-4CAB-8B81-DE665D2CB6EF.jpeg,image/jpeg,mixed_separators,medium,"Melange espaces, tirets et underscores"
1WdnT3CVO37AB8mtPHsl3gilOWdeJxD4S,2025-12-28 - Messenger creation 169216DE-0391-46CD-9668-1519FC4C6DB4.jpeg,2025-12-28 - Messenger creation 169216DE-0391-46CD-9668-1519FC4C6DB4.jpeg,image/jpeg,mixed_separators,medium,"Melange espaces, tirets et underscores"
18Cie2h2Oec23PKhnSu_gC6iEiToCKxWZ,2025-12-28 - Messenger creation 53845E21-7821-474C-9F7A-BB25057C57B4.jpeg,2025-12-28 - Messenger creation 53845E21-7821-474C-9F7A-BB25057C57B4.jpeg,image/jpeg,mixed_separators,medium,"Melange espaces, tirets et underscores"
1KcUjUyM5DLLCVmNj2d0Uj9t7hRNhq7ii,2025-12-28 - Messenger creation 7E022BAB-AE8E-4885-A5E5-3B218AFF797A.jpeg,2025-12-28 - Messenger creation 7E022BAB-AE8E-4885-A5E5-3B218AFF797A.jpeg,image/jpeg,mixed_separators,medium,"Melange espaces, tirets et underscores"
1V5yeFubJQMofUnXI0daaaPKf4aMGSPi8,2025-12-28 - Messenger creation E39E9D90-829B-4CD7-B255-7494A17DF0F0.jpeg,2025-12-28 - Messenger creation E39E9D90-829B-4CD7-B255-7494A17DF0F0.jpeg,image/jpeg,mixed_separators,medium,"Melange espaces, tirets et underscores"
1n8x-KiaAIgCkbAtM3sW9MgmQnKglFXG_,2025-12-28 - Messenger creation 3978FCD0-4145-4306-8E78-F0C42B2471DA.jpeg,2025-12-28 - Messenger creation 3978FCD0-4145-4306-8E78-F0C42B2471DA.jpeg,image/jpeg,mixed_separators,medium,"Melange espaces, tirets et underscores"
11GK553jco3guVfZ_Rja_XEsuX1Y2cohT,2025-12-28 - Messenger creation DCAD04E8-EBC5-4813-AE83-F8CB64A13C8A.jpeg,2025-12-28 - Messenger creation DCAD04E8-EBC5-4813-AE83-F8CB64A13C8A.jpeg,image/jpeg,mixed_separators,medium,"Melange espaces, tirets et underscores"
1gti9faRnVZ78aYK1hu3P60P5TZpcoXxo,2025-12-28 - Messenger creation 7DE5CB1B-DB52-4C24-BF21-005DB924B44D.jpeg,2025-12-28 - Messenger creation 7DE5CB1B-DB52-4C24-BF21-005DB924B44D.jpeg,image/jpeg,mixed_separators,medium,"Melange espaces, tirets et underscores"
1wlKqGqxoYz8ghk98tao5S9sgCO56hnp7,2025-12-28 - Messenger creation 2462EABE-A696-4E8D-95A3-7D3FD69C4918.jpeg,2025-12-28 - Messenger creation 2462EABE-A696-4E8D-95A3-7D3FD69C4918.jpeg,image/jpeg,mixed_separators,medium,"Melange espaces, tirets et underscores"
1IrZCj91ujgqAWdHMejN4lkh6Pqiw8Tqr,2025-12-28 - Messenger creation 1014EBEC-4874-4030-988C-856440C80574.jpeg,2025-12-28 - Messenger creation 1014EBEC-4874-4030-988C-856440C80574.jpeg,image/jpeg,mixed_separators,medium,"Melange espaces, tirets et underscores"
1Fdj6lhzo5NwXQ522z0haQZVd0N07waI0,2025-12-28 - Messenger creation 25875EA7-2A64-401C-8AEC-5D2859B03E39.jpeg,2025-12-28 - Messenger creation 25875EA7-2A64-401C-8AEC-5D2859B03E39.jpeg,image/jpeg,mixed_separators,medium,"Melange espaces, tirets et underscores"
1Kj8gVYiYCCi7S395M0T5aOi0xqgY7L53,2025-12-28 - Messenger creation A0017443-1435-4644-A03E-6132AA9FFC29.jpeg,2025-12-28 - Messenger creation A0017443-1435-4644-A03E-6132AA9FFC29.jpeg,image/jpeg,mixed_separators,medium,"Melange espaces, tirets et underscores"
1Hj7fXSUoTyclkP0ejovCMV8D-M1bTLT8,2025-12-28 - Messenger creation A7A2C6FB-DBB6-496A-A3FE-EEE571BBD75B.jpeg,2025-12-28 - Messenger creation A7A2C6FB-DBB6-496A-A3FE-EEE571BBD75B.jpeg,image/jpeg,mixed_separators,medium,"Melange espaces, tirets et underscores"
1Ku3LkcY0x-1M30eSvkxVlI4zS_sdYjZt,2025-12-28 - Messenger creation B449FB68-B008-48DD-A5CA-17FCC2B2BF92.jpeg,2025-12-28 - Messenger creation B449FB68-B008-48DD-A5CA-17FCC2B2BF92.jpeg,image/jpeg,mixed_separators,medium,"Melange espaces, tirets et underscores"
1-PVXsvElXJ1J-4WwzN-2laawAzTn8RSl,2025-12-28 - Messenger creation EB525ADF-F855-4901-8F08-E8BDDA15DD00.jpeg,2025-12-28 - Messenger creation EB525ADF-F855-4901-8F08-E8BDDA15DD00.jpeg,image/jpeg,mixed_separators,medium,"Melange espaces, tirets et underscores"
1XntEtMA9gYeOvoD7RQV5yCHwZspgxGiL,2025-12-28 - Messenger creation 0567E205-81E6-4FA7-97D1-229C8D0F62EE.jpeg,2025-12-28 - Messenger creation 0567E205-81E6-4FA7-97D1-229C8D0F62EE.jpeg,image/jpeg,mixed_separators,medium,"Melange espaces, tirets et underscores"
17Kk-ftHlYKgE6-K3AWE89x9s2qsDSu9y,2025-12-28 - 78126997142 E417BA51-24A8-4A26-A210-560AA30B4A18.heic,2025-12-28 - 78126997142 E417BA51-24A8-4A26-A210-560AA30B4A18.heic,image/heif,mixed_separators,medium,"Melange espaces, tirets et underscores"
17Kk-ftHlYKgE6-K3AWE89x9s2qsDSu9y,2025-12-28 - 78126997142 E417BA51-24A8-4A26-A210-560AA30B4A18.heic,2025-12-28 - 78126997142 E417BA51-24A8-4A26-A210-560AA30B4A18.heic,image/heif,all_caps,low,Nom entierement en majuscules
1kP5Bl0zcBFVBTjFD0753ENkBmvkgOL0H,2025-12-28 - Messenger creation A2ECBBCB-45A1-470A-B62B-9C2E7B290618.jpeg,2025-12-28 - Messenger creation A2ECBBCB-45A1-470A-B62B-9C2E7B290618.jpeg,image/jpeg,mixed_separators,medium,"Melange espaces, tirets et underscores"
16tLwh8EJL0JYxfRKnY-zPcA-jR0PtuGc,2025-12-28 - Messenger creation D9796079-D855-460A-BCA8-393CF8E02349.jpeg,2025-12-28 - Messenger creation D9796079-D855-460A-BCA8-393CF8E02349.jpeg,image/jpeg,mixed_separators,medium,"Melange espaces, tirets et underscores"
1fhHqai6c-p8KxkBDObWke0arCSPsU79g,2025-12-28 - Messenger creation 938965E4-C032-4B60-85F8-41875DBBD203.jpeg,2025-12-28 - Messenger creation 938965E4-C032-4B60-85F8-41875DBBD203.jpeg,image/jpeg,mixed_separators,medium,"Melange espaces, tirets et underscores"
1iDpfBURgZcWLjVTsxmq7CMuJkIXR5vRB,2025-12-28 - Messenger creation AB998AE5-E7DF-425D-AE89-DE5E15784C48.jpeg,2025-12-28 - Messenger creation AB998AE5-E7DF-425D-AE89-DE5E15784C48.jpeg,image/jpeg,mixed_separators,medium,"Melange espaces, tirets et underscores"
1j2b3imZCBPGN66F2c9T4tkL91hFXbowH,2025-12-28 - Adobe-express-qr-code.png,2025-12-28 - Adobe-express-qr-code.png,image/png,mixed_separators,medium,"Melange espaces, tirets et underscores"
1ygN-OLYFygTRvcF7fFblnCtF75Tfkkug,2025-12-28 - Messenger creation D0939E13-1B76-4A75-9DE5-9052C2743CB8.jpeg,2025-12-28 - Messenger creation D0939E13-1B76-4A75-9DE5-9052C2743CB8.jpeg,image/jpeg,mixed_separators,medium,"Melange espaces, tirets et underscores"
1AYhRB7u5NwB_mq2HawOrZtDc3vcUYirL,2025-12-28 - Screenshot 20251008 092508 Adobe Acrobat.jpg,2025-12-28 - Screenshot 20251008 092508 Adobe Acrobat.jpg,image/jpeg,mixed_separators,medium,"Melange espaces, tirets et underscores"
1uDMedAH28GAT0fp-1vRAhoxkicNcMDGb,2025-12-28 - Messenger creation 65C710EC-9077-4752-9A3B-946EB32A3DC4.jpeg,2025-12-28 - Messenger creation 65C710EC-9077-4752-9A3B-946EB32A3DC4.jpeg,image/jpeg,mixed_separators,medium,"Melange espaces, tirets et underscores"
1DYvw5ey3X_OX5e7QtMi5C6WNdhuau4TL,2025-12-28 - Messenger creation FB70965A-9444-4EBB-BE7D-AEC1239B3DDA.jpeg,2025-12-28 - Messenger creation FB70965A-9444-4EBB-BE7D-AEC1239B3DDA.jpeg,image/jpeg,mixed_separators,medium,"Melange espaces, tirets et underscores"
1VX6IIHyEJjx6baR4cGHpoD3itoh9wPw6,2025-12-28 - IMG 9464.heic,2025-12-28 - IMG 9464.heic,image/heif,mixed_separators,medium,"Melange espaces, tirets et underscores"
1VX6IIHyEJjx6baR4cGHpoD3itoh9wPw6,2025-12-28 - IMG 9464.heic,2025-12-28 - IMG 9464.heic,image/heif,all_caps,low,Nom entierement en majuscules
1jHAQgbwEXn0-bGvBhnQFrWlWRSe-IcAn,2025-12-28 - Messenger creation 06C9A38E-56AB-4389-A546-E54878B61B93.jpeg,2025-12-28 - Messenger creation 06C9A38E-56AB-4389-A546-E54878B61B93.jpeg,image/jpeg,mixed_separators,medium,"Melange espaces, tirets et underscores"
1jzhxfwSUi7nKQwFC7_T1rnpzZsOnLK6L,2025-12-28 - Screenshot 20251022 094013 Chrome.jpg,2025-12-28 - Screenshot 20251022 094013 Chrome.jpg,image/jpeg,mixed_separators,medium,"Melange espaces, tirets et underscores"
1cZEq6GprbBog_OvhBy5xz7hhMMAtJc7Z,2025-12-28 - IMG 9473.heic,2025-12-28 - IMG 9473.heic,image/heif,mixed_separators,medium,"Melange espaces, tirets et underscores"
1cZEq6GprbBog_OvhBy5xz7hhMMAtJc7Z,2025-12-28 - IMG 9473.heic,2025-12-28 - IMG 9473.heic,image/heif,all_caps,low,Nom entierement en majuscules
16g0Q2mXvdpH3N0nhGS6R3KCK-kmsvzMi,2025-12-28 - Screenshot 20251022 100528 Chrome.jpg,2025-12-28 - Screenshot 20251022 100528 Chrome.jpg,image/jpeg,mixed_separators,medium,"Melange espaces, tirets et underscores"
1qFA5Lb-vgEZ7CVILcYpj_pM_yJTXIWCe,2025-12-28 - IMG 9499.heic,2025-12-28 - IMG 9499.heic,image/heif,mixed_separators,medium,"Melange espaces, tirets et underscores"
1qFA5Lb-vgEZ7CVILcYpj_pM_yJTXIWCe,2025-12-28 - IMG 9499.heic,2025-12-28 - IMG 9499.heic,image/heif,all_caps,low,Nom entierement en majuscules
1G7Ppkd4eFpF53ZhVCII-wOEBW6jdgJDN,2025-12-28 - IMG 95531.jpg,2025-12-28 - IMG 95531.jpg,image/jpeg,mixed_separators,medium,"Melange espaces, tirets et underscores"
1G7Ppkd4eFpF53ZhVCII-wOEBW6jdgJDN,2025-12-28 - IMG 95531.jpg,2025-12-28 - IMG 95531.jpg,image/jpeg,all_caps,low,Nom entierement en majuscules
174BqCx6xIwzg42Ism3YWL7Op5K5YG8WV,2025-12-28 - Messenger creation F091489D-5C06-4640-8319-3A8639AFD389.jpeg,2025-12-28 - Messenger creation F091489D-5C06-4640-8319-3A8639AFD389.jpeg,image/jpeg,mixed_separators,medium,"Melange espaces, tirets et underscores"
1FbwXo12-bP5GuRjsQ71LpQJCxW--rv6K,2025-12-28 - Resized IMG-20251114-WA0002.jpg,2025-12-28 - Resized IMG-20251114-WA0002.jpg,image/jpeg,mixed_separators,medium,"Melange espaces, tirets et underscores"
1rFog9cRBMz_Qfyi9r-d0UxHobNOXycEU,2025-12-28 - Messenger creation 289B2888-7468-4B85-960D-A2E76EB06807.jpeg,2025-12-28 - Messenger creation 289B2888-7468-4B85-960D-A2E76EB06807.jpeg,image/jpeg,mixed_separators,medium,"Melange espaces, tirets et underscores"
1JQfUk_bcQQB1vG1iDindIONmGooRpyA4,2025-12-28 - Messenger creation 76BACA46-06BC-47F3-A5BA-1723E4AC9D58.jpeg,2025-12-28 - Messenger creation 76BACA46-06BC-47F3-A5BA-1723E4AC9D58.jpeg,image/jpeg,mixed_separators,medium,"Melange espaces, tirets et underscores"
14D4VSpCTDeuMgq73e1mEtwz41oPBLcgZ,2025-12-28 - Messenger creation 67051D68-77F5-44C7-8556-C518B8C70CB3.jpeg,2025-12-28 - Messenger creation 67051D68-77F5-44C7-8556-C518B8C70CB3.jpeg,image/jpeg,mixed_separators,medium,"Melange espaces, tirets et underscores"
1MO9QHZG_srEbDGdTKX_ITpD7HSjxHE4j,2025-12-28 - Messenger creation C8CDCF00-19B6-4069-9698-02833A097ABB.jpeg,2025-12-28 - Messenger creation C8CDCF00-19B6-4069-9698-02833A097ABB.jpeg,image/jpeg,mixed_separators,medium,"Melange espaces, tirets et underscores"
1xerV7zfigcmpLcNbbjfDJ_GWHATGDK_S,2025-12-28 - Messenger creation C0A4B67E-F003-45C8-87B7-2134DE40886E.jpeg,2025-12-28 - Messenger creation C0A4B67E-F003-45C8-87B7-2134DE40886E.jpeg,image/jpeg,mixed_separators,medium,"Melange espaces, tirets et underscores"
1uBVgbnLVBqegpt9awqbEeHgD3cLGfV2_,2025-12-28 - Messenger creation 34D9FAD0-7873-4B6F-B847-CF61B7765665.jpeg,2025-12-28 - Messenger creation 34D9FAD0-7873-4B6F-B847-CF61B7765665.jpeg,image/jpeg,mixed_separators,medium,"Melange espaces, tirets et underscores"
1xbpny394RTn91yldy47N72dd2mCJJFdE,2025-12-28 - Messenger creation 635936F7-0941-4F7B-9B15-3D20A453C85C.jpeg,2025-12-28 - Messenger creation 635936F7-0941-4F7B-9B15-3D20A453C85C.jpeg,image/jpeg,mixed_separators,medium,"Melange espaces, tirets et underscores"
1ceK6bt_6hMzccM4SnzFHE5bNJ7bG2Ud6,2025-12-28 - Messenger creation 56EA69C0-2211-4D69-A936-713D0E7C7F1E.jpeg,2025-12-28 - Messenger creation 56EA69C0-2211-4D69-A936-713D0E7C7F1E.jpeg,image/jpeg,mixed_separators,medium,"Melange espaces, tirets et underscores"
1zHNwq7lLxl6andxZj_UQIYBcxEh0X5C6,2025-12-28 - Messenger creation FC23FA24-BD8F-4F1D-9879-6AFF52777359.jpeg,2025-12-28 - Messenger creation FC23FA24-BD8F-4F1D-9879-6AFF52777359.jpeg,image/jpeg,mixed_separators,medium,"Melange espaces, tirets et underscores"
1DxG6f9EmUJjY-h32FeuCkZUuY78vUXl3,2025-12-28 - Resized 20251125 115244.jpg,2025-12-28 - Resized 20251125 115244.jpg,image/jpeg,mixed_separators,medium,"Melange espaces, tirets et underscores"
1wMGnF-TpDcL97-qfGFe0sJMgV-lpVv73,2025-12-28 - File 00000000ffe071f589a7127f65c677ab.png,2025-12-28 - File 00000000ffe071f589a7127f65c677ab.png,image/png,mixed_separators,medium,"Melange espaces, tirets et underscores"
1vA-dv0pywecxTtZ4QZ2o-L6dghxbwiU3,2025-12-28 - IMG 98711.jpg,2025-12-28 - IMG 98711.jpg,image/jpeg,mixed_separators,medium,"Melange espaces, tirets et underscores"
1vA-dv0pywecxTtZ4QZ2o-L6dghxbwiU3,2025-12-28 - IMG 98711.jpg,2025-12-28 - IMG 98711.jpg,image/jpeg,all_caps,low,Nom entierement en majuscules
1G3aS6BVqQEz5levyOFBYLUmmHFuK9Z-n,2025-12-28 - File 00000000fdc871f5910775fbc4f638db.png,2025-12-28 - File 00000000fdc871f5910775fbc4f638db.png,image/png,mixed_separators,medium,"Melange espaces, tirets et underscores"
1YqwWwdMS-udkuJpDLWvBAHPBzThVz8vQ,2025-12-28 - Messenger creation FFD59DFB-1794-4818-8058-FA17E976023A.jpeg,2025-12-28 - Messenger creation FFD59DFB-1794-4818-8058-FA17E976023A.jpeg,image/jpeg,mixed_separators,medium,"Melange espaces, tirets et underscores"
1L1KkLn0I1MjjAeyg1muIyxZoepCfHNxm,2025-12-28 - Messenger creation BEC56C61-0D5B-4DB3-AF59-30E6ED50EC1B.jpeg,2025-12-28 - Messenger creation BEC56C61-0D5B-4DB3-AF59-30E6ED50EC1B.jpeg,image/jpeg,mixed_separators,medium,"Melange espaces, tirets et underscores"
1ECwlqrXmXqz0EvQFGFY8aNlzD_jFJV_Z,2025-12-28 - Resized 20251210 122151.jpg,2025-12-28 - Resized 20251210 122151.jpg,image/jpeg,mixed_separators,medium,"Melange espaces, tirets et underscores"
1pcfC4hJd8X1_0bWuOm-64KXAHRbd-RfP,2025-12-28 - Screenshot 20251217 121019 Chrome.jpg,2025-12-28 - Screenshot 20251217 121019 Chrome.jpg,image/jpeg,mixed_separators,medium,"Melange espaces, tirets et underscores"
1_-jjt67u_CgFm16GNejS3p5W1u3FRmQk,2025-12-28 - Scolaire-Seingbouse-2025-58.jpg,2025-12-28 - Scolaire-Seingbouse-2025-58.jpg,image/jpeg,mixed_separators,medium,"Melange espaces, tirets et underscores"
1E3300jhJxDl4W606EFRBapefFAA6YAMG,2024-12-03 - Suremembers Discover the Best Membership Plugin for WordPress.jpg,2024-12-03 - Suremembers Discover the Best Membership Plugin for WordPress.jpg,image/jpeg,mixed_separators,medium,"Melange espaces, tirets et underscores"
1c1TVF-0_2T5C0XR7HtEBTDs1bFkhpDUq,2024-07-18 - Extensions-divi-builder-vs-elementor-pro-comparaison-wordpress.jpg,2024-07-18 - Extensions-divi-builder-vs-elementor-pro-comparaison-wordpress.jpg,image/jpeg,mixed_separators,medium,"Melange espaces, tirets et underscores"
1btzNrb0-lC32XqxrIfROtB_agW1A5IY4,2024-07-18 - Divi-builder-vs-elementor-pro-comparaison-extensions-wordpress.jpg,2024-07-18 - Divi-builder-vs-elementor-pro-comparaison-extensions-wordpress.jpg,image/jpeg,mixed_separators,medium,"Melange espaces, tirets et underscores"
1-Yh_KfoRtwWeN45j92jtQSVEIor-ZZ3t,2024-10-25 - Local-wp-choisir-entre-local-by-flywheel-ou-xampp.jpg,2024-10-25 - Local-wp-choisir-entre-local-by-flywheel-ou-xampp.jpg,image/jpeg,mixed_separators,medium,"Melange espaces, tirets et underscores"
1-c505T1LIyy0r13KORNdLgavQc4luXZW,2024-10-25 - Local-by-flywheel-vs-xampp-installer-wordpress-en-local.jpg,2024-10-25 - Local-by-flywheel-vs-xampp-installer-wordpress-en-local.jpg,image/jpeg,mixed_separators,medium,"Melange espaces, tirets et underscores"
16rbLbtzbXID_RlAtXtTUAL9r-fsomwSe,2024-11-13 - Sureforms-createur-formulaires-wordpress-ia-puissant.jpg,2024-11-13 - Sureforms-createur-formulaires-wordpress-ia-puissant.jpg,image/jpeg,mixed_separators,medium,"Melange espaces, tirets et underscores"
16uOjiyBi6qIc0tWMsvchstn61y_nfzlJ,2024-11-13 - Formulaires-wordpress-simplifies-sureforms-ia.jpg,2024-11-13 - Formulaires-wordpress-simplifies-sureforms-ia.jpg,image/jpeg,mixed_separators,medium,"Melange espaces, tirets et underscores"
1rpU9Aj5k2-522H0Sf7Yt-rqSi72RmWDD,2025-03-20 - Rapyd-cloud-avis-hebergement-performant.jpg,2025-03-20 - Rapyd-cloud-avis-hebergement-performant.jpg,image/jpeg,mixed_separators,medium,"Melange espaces, tirets et underscores"
1rn2tHv3-whQLT1DJg5gQ9ldX-Bpk37L6,2025-03-20 - Hebergement-wordpress-rapyd-cloud-performance.jpg,2025-03-20 - Hebergement-wordpress-rapyd-cloud-performance.jpg,image/jpeg,mixed_separators,medium,"Melange espaces, tirets et underscores"
1dUGZ8yR9LsEhYCV_0JCmXE0WM6UUStGO,2025-02-10 - Academy-lms-wordpress-lancer-academie-en-ligne.jpg,2025-02-10 - Academy-lms-wordpress-lancer-academie-en-ligne.jpg,image/jpeg,mixed_separators,medium,"Melange espaces, tirets et underscores"
1dPn1xIXkEckk-itMgfYtYpHioa5RdHcN,2025-02-10 - Academy-lms-plugin-wordpress-e-learning.jpg,2025-02-10 - Academy-lms-plugin-wordpress-e-learning.jpg,image/jpeg,mixed_separators,medium,"Melange espaces, tirets et underscores"
1i9BAxXUcHyt9uVu_iQGwvi-AuPERILtL,2025-02-18 - Skoatch-avis-outil-ia-seo-automatisation.jpg,2025-02-18 - Skoatch-avis-outil-ia-seo-automatisation.jpg,image/jpeg,mixed_separators,medium,"Melange espaces, tirets et underscores"
1i9OC46K-plJUYnrGMujK5tyuUposbenM,2025-02-18 - Skoatch-redaction-ia-seo-automatisation.jpg,2025-02-18 - Skoatch-redaction-ia-seo-automatisation.jpg,image/jpeg,mixed_separators,medium,"Melange espaces, tirets et underscores"
1a3SQOL90Q6WptAX8oWMzkug6BkEaIN_i,2025-01-22 - Test-traduire-sans-migraine-plugin-wordpress.jpg,2025-01-22 - Test-traduire-sans-migraine-plugin-wordpress.jpg,image/jpeg,mixed_separators,medium,"Melange espaces, tirets et underscores"
1a9gWkIDbMQ9Rl22ZlMMEUC4gX5XKSXr8,2025-01-22 - Traduire-sans-migraine-plugin-wordpress-seo.jpg,2025-01-22 - Traduire-sans-migraine-plugin-wordpress-seo.jpg,image/jpeg,mixed_separators,medium,"Melange espaces, tirets et underscores"
1bBzE0U_WXOgAxyYftILzb6_7hhNlvlT9,2025-01-27 - Wp-umbrella-agences-wordpress.jpg,2025-01-27 - Wp-umbrella-agences-wordpress.jpg,image/jpeg,mixed_separators,medium,"Melange espaces, tirets et underscores"
1bCTcdHEhSmy3KM2HNh-7WVHkDNcCoPho,2025-01-27 - Wp-umbrella-gestion-sites-wordpress.jpg,2025-01-27 - Wp-umbrella-gestion-sites-wordpress.jpg,image/jpeg,mixed_separators,medium,"Melange espaces, tirets et underscores"
1YUhYn4oGnzTSPgcsZGHUMPguefzjTyMG,2025-01-14 - Qu-est-ce-que-gutenberg-wordpress.jpg,2025-01-14 - Qu-est-ce-que-gutenberg-wordpress.jpg,image/jpeg,mixed_separators,medium,"Melange espaces, tirets et underscores"
1YbxMQLBsBqk7FoerRBR-4Zf8zFr-BhIU,2025-01-14 - Decouvrez-gutenberg-editeur-wordpress.jpg,2025-01-14 - Decouvrez-gutenberg-editeur-wordpress.jpg,image/jpeg,mixed_separators,medium,"Melange espaces, tirets et underscores"
1bHJKwLKjaVo6MB6MgYGNUI6Ll3CqV83E,2025-01-27 - Thot-seo-dominance-google-outil-semantique.jpg,2025-01-27 - Thot-seo-dominance-google-outil-semantique.jpg,image/jpeg,mixed_separators,medium,"Melange espaces, tirets et underscores"
1bG3A_LWouIyVI5FsERu1vIAstgJpPD1o,2025-01-27 - Thot-seo-optimisation-semantique-outil-n1.jpg,2025-01-27 - Thot-seo-optimisation-semantique-outil-n1.jpg,image/jpeg,mixed_separators,medium,"Melange espaces, tirets et underscores"
1L3QNRq51ilMYj-iqg5Lct6VvKZ2bcflg,2024-12-18 - Fluentcommunity-plugin-communaute-wordpress.jpg,2024-12-18 - Fluentcommunity-plugin-communaute-wordpress.jpg,image/jpeg,mixed_separators,medium,"Melange espaces, tirets et underscores"
1L67KhUJAmSMSRdMfC-LC1ulg23KTW6UB,2024-12-18 - Creez-communaute-wordpress-fluentcommunity.jpg,2024-12-18 - Creez-communaute-wordpress-fluentcommunity.jpg,image/jpeg,mixed_separators,medium,"Melange espaces, tirets et underscores"
1J00uSo3hlD5LqwjrsPA6z3tPCxpd364E,2024-12-11 - Wp-marmite-pay-simplifie-paiements-wordpress.jpg,2024-12-11 - Wp-marmite-pay-simplifie-paiements-wordpress.jpg,image/jpeg,mixed_separators,medium,"Melange espaces, tirets et underscores"
1IzETtPVNegjcRynbk4WSmHuwuiSfnirv,2024-12-11 - Facilitez-paiements-wordpress-wp-marmite-pay.jpg,2024-12-11 - Facilitez-paiements-wordpress-wp-marmite-pay.jpg,image/jpeg,mixed_separators,medium,"Melange espaces, tirets et underscores"
1F6bBSVciRRzEqWS8rWOObPkmX-NgvCti,2024-12-05 - Avantages-creation-site-wordpress-sur-mesure.jpg,2024-12-05 - Avantages-creation-site-wordpress-sur-mesure.jpg,image/jpeg,mixed_separators,medium,"Melange espaces, tirets et underscores"
1F-5SHwrMuuAjRzMif_ryX7AVBmFOb5FZ,2024-12-05 - Creation-site-wordpress-sur-mesure-schoolswp.jpg,2024-12-05 - Creation-site-wordpress-sur-mesure-schoolswp.jpg,image/jpeg,mixed_separators,medium,"Melange espaces, tirets et underscores"
1Anp8dGNq3MyU0klAjA3rJqoKlFdk4sOS,2024-11-25 - Wordpress-playground-test-en-ligne.jpg,2024-11-25 - Wordpress-playground-test-en-ligne.jpg,image/jpeg,mixed_separators,medium,"Melange espaces, tirets et underscores"
1Aq8d1TpGJQ7zBv0XNnYEP9ZngyKYbTaD,2024-11-25 - Wordpress-playground-utilisation-guide.jpg,2024-11-25 - Wordpress-playground-utilisation-guide.jpg,image/jpeg,mixed_separators,medium,"Melange espaces, tirets et underscores"
1A0L6pmzgc1aRGLETjhQftHBSWV1uKB9r,2024-11-25 - Link-finder-backlinks-qualite-petit-prix.jpg,2024-11-25 - Link-finder-backlinks-qualite-petit-prix.jpg,image/jpeg,mixed_separators,medium,"Melange espaces, tirets et underscores"
19zO4J7v7Mr8g1St7CXSLg1uyAVY9qv0p,2024-11-25 - Link-finder-strategie-netlinking-economique.jpg,2024-11-25 - Link-finder-strategie-netlinking-economique.jpg,image/jpeg,mixed_separators,medium,"Melange espaces, tirets et underscores"
18sdcVVPn2WM9S7xQzIQ8HZpFtaUbFSX4,2024-11-20 - Optimisez-slugs-wordpress-seo.jpg,2024-11-20 - Optimisez-slugs-wordpress-seo.jpg,image/jpeg,mixed_separators,medium,"Melange espaces, tirets et underscores"
14oxOtS32LQvStHX_EJyvo53upnWGw4Xp,2024-11-08 - Tastewp-decouvrez-creer-facilement-site-wordpress.jpg,2024-11-08 - Tastewp-decouvrez-creer-facilement-site-wordpress.jpg,image/jpeg,mixed_separators,medium,"Melange espaces, tirets et underscores"
14qHTJ78KcW_s9Cnanvttt_XW17t3M9hx,2024-11-08 - Creer-site-wordpress-sans-installation-tastewp.jpg,2024-11-08 - Creer-site-wordpress-sans-installation-tastewp.jpg,image/jpeg,mixed_separators,medium,"Melange espaces, tirets et underscores"
1-EpqWArUD_XW1-5K81I8wBn207f1Vht1,2024-10-11 - Zipwp-vs-instawp-lancement-rapide-site-wordpress.jpg,2024-10-11 - Zipwp-vs-instawp-lancement-rapide-site-wordpress.jpg,image/jpeg,mixed_separators,medium,"Melange espaces, tirets et underscores"
1-GFDJ4db3kDF0GmvD29WAl5TQs6GKB7m,2024-10-11 - Zipwp-vs-instawp-comparaison-outils-wordpress.jpg,2024-10-11 - Zipwp-vs-instawp-comparaison-outils-wordpress.jpg,image/jpeg,mixed_separators,medium,"Melange espaces, tirets et underscores"
1w-wI2gRDj3eLSzZ6N9usoTRBK9EbqMFr,2024-09-30 - SureMembers vs Restrict Content Pro Quel plugin WordPress choisir.jpg,2024-09-30 - SureMembers vs Restrict Content Pro Quel plugin WordPress choisir.jpg,image/jpeg,mixed_separators,medium,"Melange espaces, tirets et underscores"
1pX9VO2zZB_i0M9oJvG6mfP8zwV5o-M5N,2024-08-29 - Seokey-plugin-seo-indispensable-wordpress.jpg,2024-08-29 - Seokey-plugin-seo-indispensable-wordpress.jpg,image/jpeg,mixed_separators,medium,"Melange espaces, tirets et underscores"
1pfJFRkxJD0jieRTaTuCJ_AEEuEgwX5AE,2024-08-29 - Seokey-plugin-seo-essentiel-wordpress.jpg,2024-08-29 - Seokey-plugin-seo-essentiel-wordpress.jpg,image/jpeg,mixed_separators,medium,"Melange espaces, tirets et underscores"
1oGmEaITNTgyekrTgc-vIFBmUpQW0p1Z_,2024-08-21 - Top-10-plugins-traduction-wordpress-multilingue.jpg,2024-08-21 - Top-10-plugins-traduction-wordpress-multilingue.jpg,image/jpeg,mixed_separators,medium,"Melange espaces, tirets et underscores"
1oEUW6EbOuUH_5LkV7fXW7qj5YAtnA2S_,2024-08-21 - Top-10-plugins-wordpress-traduction-multilingue.jpg,2024-08-21 - Top-10-plugins-wordpress-traduction-multilingue.jpg,image/jpeg,mixed_separators,medium,"Melange espaces, tirets et underscores"
1nGSEtbjJulqcB7ktCEIPJEU9cEoyOicx,2024-08-13 - Wpboutik-boost-ecommerce-wordpress.jpg,2024-08-13 - Wpboutik-boost-ecommerce-wordpress.jpg,image/jpeg,mixed_separators,medium,"Melange espaces, tirets et underscores"
1lWzPTLFMNl5_4s7DJ_CVDGNU-lfNPiNp,2024-08-03 - Linkuma-backlinks-qualite-netlinking-simplifie.jpg,2024-08-03 - Linkuma-backlinks-qualite-netlinking-simplifie.jpg,image/jpeg,mixed_separators,medium,"Melange espaces, tirets et underscores"
1lUmjQjaCzlhUILWnGMQsXd5PE1nGZtZV,2024-08-03 - Avis-linkuma-reference-netlinking.jpg,2024-08-03 - Avis-linkuma-reference-netlinking.jpg,image/jpeg,mixed_separators,medium,"Melange espaces, tirets et underscores"
1k0HptMh3q4xi3TIxbKHHXq7A3-CpwXhE,2024-08-03 - Guide-complet-theme-wordpress-utilisation.jpg,2024-08-03 - Guide-complet-theme-wordpress-utilisation.jpg,image/jpeg,mixed_separators,medium,"Melange espaces, tirets et underscores"
1gb3CHR-RbNegjm2fgqRRsetjk9jbkabJ,2024-07-26 - Suremembers-vs-wishlist-members-meilleur-choix.jpg,2024-07-26 - Suremembers-vs-wishlist-members-meilleur-choix.jpg,image/jpeg,mixed_separators,medium,"Melange espaces, tirets et underscores"
1gXH-15nLzmCaaomE1q836dXNoPKJe2WG,2024-07-26 - Suremembers-vs-wishlist-members-comparaison-extension.jpg,2024-07-26 - Suremembers-vs-wishlist-members-comparaison-extension.jpg,image/jpeg,mixed_separators,medium,"Melange espaces, tirets et underscores"
1i77Pm0c49ZycmXifph7pyIP4NfhcedYn,2024-07-31 - Meilleur-plugin-adhesion-wordpress-suremembers.jpg,2024-07-31 - Meilleur-plugin-adhesion-wordpress-suremembers.jpg,image/jpeg,mixed_separators,medium,"Melange espaces, tirets et underscores"
1i3efbXIItNx91F4dXl_0DPtghxeENRTV,2024-07-31 - Plugin-adhesion-wordpress-suremembers.jpg,2024-07-31 - Plugin-adhesion-wordpress-suremembers.jpg,image/jpeg,mixed_separators,medium,"Melange espaces, tirets et underscores"
1aSbkdJ1OpVW32NeOSwLjd-IyiabeVICv,2024-07-11 - Structurer-article-wordpress-ameliorer-lisibi.jpg,2024-07-11 - Structurer-article-wordpress-ameliorer-lisibi.jpg,image/jpeg,mixed_separators,medium,"Melange espaces, tirets et underscores"
1aLUXaAc7HiKJpqYu6pGeJ7gM3VJDJMsy,2024-07-11 - Structurer vos articles WordPress efficacement Boostez votre SEO.jpg,2024-07-11 - Structurer vos articles WordPress efficacement Boostez votre SEO.jpg,image/jpeg,mixed_separators,medium,"Melange espaces, tirets et underscores"
1ZItjr-ZQZpDM-7bY7qPNJ7DAT8EU9gU-,2024-07-05 - Decouvrez-copilhost-puissance-securite-wordpress.jpg,2024-07-05 - Decouvrez-copilhost-puissance-securite-wordpress.jpg,image/jpeg,mixed_separators,medium,"Melange espaces, tirets et underscores"
1Z9FIxA2_XACOv26YxNBykTA_olCxU8h-,2024-07-05 - Hebergement-rapide-securise-wordpress-copilhost.jpg,2024-07-05 - Hebergement-rapide-securise-wordpress-copilhost.jpg,image/jpeg,mixed_separators,medium,"Melange espaces, tirets et underscores"
1_FoerJIFXe0rjErtAMhb_OpwZBrEk7zx,2025-12-06 - Wordpress-6-9-new-features - Cover article.jpg,2025-12-06 - Wordpress-6-9-new-features - Cover article.jpg,image/jpeg,mixed_separators,medium,"Melange espaces, tirets et underscores"
1KzWz_sW5J3YOlUUX7Ys24_fzLIFIMf_C,2024-12-16 - Wordpress-playground-what-is-it-how-to-use - Cover article.jpg,2024-12-16 - Wordpress-playground-what-is-it-how-to-use - Cover article.jpg,image/jpeg,mixed_separators,medium,"Melange espaces, tirets et underscores"
1-k4d6mGO2V3MW7hVSdGMmCfjxiMesVIx,2025-05-07 - Suremembers-vs-restrict-content-pro-plugin-comparison - Cover article.jpg,2025-05-07 - Suremembers-vs-restrict-content-pro-plugin-comparison - Cover article.jpg,image/jpeg,mixed_separators,medium,"Melange espaces, tirets et underscores"
16wvkddE0cFPmY7His5jhMrscoW638YoQ,2026-01-28 - Elementor-plugin-wordpress-page-builder - Cover article.jpg,2026-01-28 - Elementor-plugin-wordpress-page-builder - Cover article.jpg,image/jpeg,mixed_separators,medium,"Melange espaces, tirets et underscores"
18Ny53GScdNyw3PeKOlS5T-3NlLaCg2KO,2026-01-22 - Pageradar-seo-monitoring-tool-anticipate-issues - Cover article.jpg,2026-01-22 - Pageradar-seo-monitoring-tool-anticipate-issues - Cover article.jpg,image/jpeg,mixed_separators,medium,"Melange espaces, tirets et underscores"
1rgh6XWxTUInu8beAmr9Q34RyCeY95Ksr,2026-01-17 - Learn-wordpress-wordpress-beginners-guide - Cover article.jpg,2026-01-17 - Learn-wordpress-wordpress-beginners-guide - Cover article.jpg,image/jpeg,mixed_separators,medium,"Melange espaces, tirets et underscores"
16jePvAUfTZgkr84GJ__gY1zEcMVMlsoR,2026-01-17 - Mailerpress-wordpress-plugin-redesigned-interface-custom-fields - Cover article.jpg,2026-01-17 - Mailerpress-wordpress-plugin-redesigned-interface-custom-fields - Cover article.jpg,image/jpeg,mixed_separators,medium,"Melange espaces, tirets et underscores"
1x7K9EY5-LMRMZEtQm85HeaJ-FNXQcKy2,2026-01-08 - Alidropship-plugin-wordpress-aliexpress-dropshipping - Cover article.jpg,2026-01-08 - Alidropship-plugin-wordpress-aliexpress-dropshipping - Cover article.jpg,image/jpeg,mixed_separators,medium,"Melange espaces, tirets et underscores"
1m6FqnN2o_OV7tZ1_xGPW96yeuxVXmJNk,2026-01-06 - Easyhoster-wordpress-hosting-security-backups-performance-seo - Cover article.jpg,2026-01-06 - Easyhoster-wordpress-hosting-security-backups-performance-seo - Cover article.jpg,image/jpeg,mixed_separators,medium,"Melange espaces, tirets et underscores"
1iBnvsatVnYTIDeBTZBUtxvGE8dIKNqrh,2026-01-03 - Ninja-tables-plugin-wordpress-tables - Cover article.jpg,2026-01-03 - Ninja-tables-plugin-wordpress-tables - Cover article.jpg,image/jpeg,mixed_separators,medium,"Melange espaces, tirets et underscores"
122xVsG_O8zpuGaqNiPoizZ3Xq9XyMMzc,2026-01-03 - Wordpress-theme-wordpress-guide-use - Cover article.jpg,2026-01-03 - Wordpress-theme-wordpress-guide-use - Cover article.jpg,image/jpeg,mixed_separators,medium,"Melange espaces, tirets et underscores"
10V3i5kfBgboHYGgLGhd0p1bKMC4jFoI0,2025-12-28 - Instawp-wordpress-one-click-site - Cover article.jpg,2025-12-28 - Instawp-wordpress-one-click-site - Cover article.jpg,image/jpeg,mixed_separators,medium,"Melange espaces, tirets et underscores"
1d-hG3ZDcA0yYtLYOVuYv05rLICNTd3xT,2025-12-27 - Ninja-tables-integrates-fluentcart-interactive-tables - Cover article.jpg,2025-12-27 - Ninja-tables-integrates-fluentcart-interactive-tables - Cover article.jpg,image/jpeg,mixed_separators,medium,"Melange espaces, tirets et underscores"
1TBXUra_RQDi3GzOILbteFEr_fwNzNc2T,2025-12-27 - Metricool-social-media-tool-review - Cover article.jpg,2025-12-27 - Metricool-social-media-tool-review - Cover article.jpg,image/jpeg,mixed_separators,medium,"Melange espaces, tirets et underscores"
1yInnm6XNp9YAut8bgw7Mf3qZExp9LNEt,2025-12-13 - Wpmissioncontrol-wordpress-monitoring-plugin - Cover article.jpg,2025-12-13 - Wpmissioncontrol-wordpress-monitoring-plugin - Cover article.jpg,image/jpeg,mixed_separators,medium,"Melange espaces, tirets et underscores"
1BZlXI2ttlfAM0aSnhtrGYoW9SoMLhPjE,2025-11-22 - Boost-wordpress-blog-tips - Cover article.jpg,2025-11-22 - Boost-wordpress-blog-tips - Cover article.jpg,image/jpeg,mixed_separators,medium,"Melange espaces, tirets et underscores"
1TIM3yQjHwAwJ7aFQ2IKFY7BQug3lhO0A,2025-11-22 - Amelia-wp-wordpress-booking-plugin - Cover article.jpg,2025-11-22 - Amelia-wp-wordpress-booking-plugin - Cover article.jpg,image/jpeg,mixed_separators,medium,"Melange espaces, tirets et underscores"
12lFomeQnA8Tos5ZieQdUJcE4Z5JQsQV1,2025-11-21 - Create-online-training-platform-wordpress-lms - Cover article.jpg,2025-11-21 - Create-online-training-platform-wordpress-lms - Cover article.jpg,image/jpeg,mixed_separators,medium,"Melange espaces, tirets et underscores"
1ckrkMmlzwsNkC5ybNZNfr6rKCvhQJ85W,2025-08-21 - Flyingpress-vs-wp-rocket-wordpress-caching - Cover article.jpg,2025-08-21 - Flyingpress-vs-wp-rocket-wordpress-caching - Cover article.jpg,image/jpeg,mixed_separators,medium,"Melange espaces, tirets et underscores"
1cjNQtpTjynqZjLk5Zr7gPVhqWALel1JG,2025-08-10 - Thruuu-serp-scraping-analysis-tool - Cover article.jpg,2025-08-10 - Thruuu-serp-scraping-analysis-tool - Cover article.jpg,image/jpeg,mixed_separators,medium,"Melange espaces, tirets et underscores"
1Fil7SrkqQbyupN-iJC7N2YJigcA3pueU,2025-08-10 - Google-amp-explained - Cover article.jpg,2025-08-10 - Google-amp-explained - Cover article.jpg,image/jpeg,mixed_separators,medium,"Melange espaces, tirets et underscores"
1_rZLrozHYp4mc1Zw6PVBrxqW8rtkxsTi,2025-08-09 - Perfmatters-wordpress-optimization-site-speed - Cover article.jpg,2025-08-09 - Perfmatters-wordpress-optimization-site-speed - Cover article.jpg,image/jpeg,mixed_separators,medium,"Melange espaces, tirets et underscores"
1zrzdvhRStROvaO9ex9xoKi8AVUh7MlSx,2025-08-09 - Solid-affiliate-top-plugin-wordpress - Cover article.jpg,2025-08-09 - Solid-affiliate-top-plugin-wordpress - Cover article.jpg,image/jpeg,mixed_separators,medium,"Melange espaces, tirets et underscores"
1n5gGrJToQjyIvCTBX71jLRMqOls92k8c,2025-08-09 - Microthemer-visual-css-editor-wordpress - Cover article.jpg,2025-08-09 - Microthemer-visual-css-editor-wordpress - Cover article.jpg,image/jpeg,mixed_separators,medium,"Melange espaces, tirets et underscores"
12EpIICB1z5ndtVx28UCkM2uQFStNMR61,2025-08-09 - Wp-social-ninja-wordpress-plugin-reviews-feeds-chat - Cover article.jpg,2025-08-09 - Wp-social-ninja-wordpress-plugin-reviews-feeds-chat - Cover article.jpg,image/jpeg,mixed_separators,medium,"Melange espaces, tirets et underscores"
18fDm_VHNlxTur2-IlD9J4OI4PyqlgPUX,2025-08-09 - Clickwhale-wordpress-link-shortener-click-tracker - Cover article.jpg,2025-08-09 - Clickwhale-wordpress-link-shortener-click-tracker - Cover article.jpg,image/jpeg,mixed_separators,medium,"Melange espaces, tirets et underscores"
1x2pxy6RODnWT1sOdpu9fgUvSC3W_Wqcg,2025-08-07 - Wp-rocket-wordpress-caching-plugin-speed - Cover article.jpg,2025-08-07 - Wp-rocket-wordpress-caching-plugin-speed - Cover article.jpg,image/jpeg,mixed_separators,medium,"Melange espaces, tirets et underscores"
1imPSjRZBT7SwM5D3Iphcx5RUEsRVzcjT,2025-08-01 - Droip-wordpress-alternative-webflow-plugin-free - Cover article.jpg,2025-08-01 - Droip-wordpress-alternative-webflow-plugin-free - Cover article.jpg,image/jpeg,mixed_separators,medium,"Melange espaces, tirets et underscores"
1s6uU2tqA9QzbkfSUhQ-z0HxYLpyr-iXs,2025-07-06 - Fluentcart-review-wordpress-store-cover - Cover article.jpg,2025-07-06 - Fluentcart-review-wordpress-store-cover - Cover article.jpg,image/jpeg,mixed_separators,medium,"Melange espaces, tirets et underscores"
1Akriic4WLq4olQJU4SBB9ZD1pGunww32,2025-07-05 - Learn-wordpress-own-complete-guide - Cover article.jpg,2025-07-05 - Learn-wordpress-own-complete-guide - Cover article.jpg,image/jpeg,mixed_separators,medium,"Melange espaces, tirets et underscores"
1lJIy2bXvkThFOzmpXDFRiIlNwywfHN1J,2025-07-04 - Fast-secure-wordpress-hosting-copilhost - Cover article.jpg,2025-07-04 - Fast-secure-wordpress-hosting-copilhost - Cover article.jpg,image/jpeg,mixed_separators,medium,"Melange espaces, tirets et underscores"
1JTvRTd8vXiJ9av6250dOqhyM6znpQXOh,2025-06-13 - Rapyd-cloud-promo-code-wordpress-hosting - Cover article.jpg,2025-06-13 - Rapyd-cloud-promo-code-wordpress-hosting - Cover article.jpg,image/jpeg,mixed_separators,medium,"Melange espaces, tirets et underscores"
1NpQm9ynfyAapG1PUnaBInotB0cmkD6oR,2025-06-05 - Fluentcrm-promo-code-20-discount-schoolswp - Cover article.jpg,2025-06-05 - Fluentcrm-promo-code-20-discount-schoolswp - Cover article.jpg,image/jpeg,mixed_separators,medium,"Melange espaces, tirets et underscores"
1Ed_hgTto0uy3G4_i-8E4u2DYTr-k2QO6,2025-06-05 - O2switch-review-french-web-host-worth-it - Cover article.jpg,2025-06-05 - O2switch-review-french-web-host-worth-it - Cover article.jpg,image/jpeg,mixed_separators,medium,"Melange espaces, tirets et underscores"
11BA6PVb9rPjhicgIIiD4pQXLbfOVgI_R,2025-05-08 - Wordpress-multisite-guide-centralized-management - Cover article.jpg,2025-05-08 - Wordpress-multisite-guide-centralized-management - Cover article.jpg,image/jpeg,mixed_separators,medium,"Melange espaces, tirets et underscores"
1VJIvH0kshEFSvrX7bZBRAgyOueTETjVA,2025-01-10 - Clean-wordpress-database-complete-guide-plugins - Cover article.jpg,2025-01-10 - Clean-wordpress-database-complete-guide-plugins - Cover article.jpg,image/jpeg,mixed_separators,medium,"Melange espaces, tirets et underscores"
1SOoxOFGrbHZhmspOUF6FdI-Wnxu9i6Ro,2025-01-07 - Fluentcommunity-wordpress-plugin-build-community-fast - Cover article.jpg,2025-01-07 - Fluentcommunity-wordpress-plugin-build-community-fast - Cover article.jpg,image/jpeg,mixed_separators,medium,"Melange espaces, tirets et underscores"
1QICxwLhJi5wflWIuEm9NRZkkjAZmDM6x,2025-01-07 - What-is-gutenberg-in-wordpress - Cover article.jpg,2025-01-07 - What-is-gutenberg-in-wordpress - Cover article.jpg,image/jpeg,mixed_separators,medium,"Melange espaces, tirets et underscores"
1OGcwBiusOqdQSXETUJr1RwPzQXqSpYfR,2024-12-23 - Wp-marmite-pay-simplifies-payments-wordpress - Cover article.jpg,2024-12-23 - Wp-marmite-pay-simplifies-payments-wordpress - Cover article.jpg,image/jpeg,mixed_separators,medium,"Melange espaces, tirets et underscores"
1NZRX5N0C0SOCDEIwaIkby3-XuUx9NzVd,2024-12-20 - Zipwp-revolutionize-wordpress-site-creation-ai - Cover article.jpg,2024-12-20 - Zipwp-revolutionize-wordpress-site-creation-ai - Cover article.jpg,image/jpeg,mixed_separators,medium,"Melange espaces, tirets et underscores"
112zm840BTbUEtSyZhhBFZT5EflCDWUGY,2024-10-22 - Suremembers-vs-wishlist-member-wordpress-comparison - Cover article.jpg,2024-10-22 - Suremembers-vs-wishlist-member-wordpress-comparison - Cover article.jpg,image/jpeg,mixed_separators,medium,"Melange espaces, tirets et underscores"
1HJ7s8J7o2AZqZpBIr34ZQ2jrT8K5ZAot,2024-12-10 - Wordpress-plugin-guide-effective-use - Cover article.jpg,2024-12-10 - Wordpress-plugin-guide-effective-use - Cover article.jpg,image/jpeg,mixed_separators,medium,"Melange espaces, tirets et underscores"
1GbvVnze_S2VScYBg43104dbca3DB6eGi,2024-12-10 - Custom-wordpress-website-design-benefits - Cover article.jpg,2024-12-10 - Custom-wordpress-website-design-benefits - Cover article.jpg,image/jpeg,mixed_separators,medium,"Melange espaces, tirets et underscores"
1DI2OhyDW-LHWKCEIM-84zGm6dcLEvpNa,2024-12-03 - Suremembers Discover the Best Membership Plugin for WordPress (2) - Cover article.jpg,2024-12-03 - Suremembers Discover the Best Membership Plugin for WordPress (2) - Cover article.jpg,image/jpeg,mixed_separators,medium,"Melange espaces, tirets et underscores"
1C2YCbgPHVuXr8oH-fKC6439eL-vy--Kz,2024-11-26 - Optimize-wordpress-slugs-seo - Cover article.jpg,2024-11-26 - Optimize-wordpress-slugs-seo - Cover article.jpg,image/jpeg,mixed_separators,medium,"Melange espaces, tirets et underscores"
16RLjc3XYK-DZnlbM8aUKcZn2R8ZKiFi_,2024-11-12 - Opinions-on-linkuma-benchmark-for-netlinking - Cover article.jpg,2024-11-12 - Opinions-on-linkuma-benchmark-for-netlinking - Cover article.jpg,image/jpeg,mixed_separators,medium,"Melange espaces, tirets et underscores"
153F5oOmwP-Wbz3Udw6PdWRWHOehLVfRY,2024-11-09 - Seokey-seo-plugin-wordpress-visibility - Cover article.jpg,2024-11-09 - Seokey-seo-plugin-wordpress-visibility - Cover article.jpg,image/jpeg,mixed_separators,medium,"Melange espaces, tirets et underscores"
14ztuy6jd7FERGikrNlxvI_snMyup7BYc,2024-11-09 - Seokey-essential-seo-plugin-wordpress - Cover article.jpg,2024-11-09 - Seokey-essential-seo-plugin-wordpress - Cover article.jpg,image/jpeg,mixed_separators,medium,"Melange espaces, tirets et underscores"
14yAwdUwUbr23_uwrHieIKzVOhbiYfe8K,2024-11-09 - Seokey-essential-seo-plugin-for-wordpress - Cover article.jpg,2024-11-09 - Seokey-essential-seo-plugin-for-wordpress - Cover article.jpg,image/jpeg,mixed_separators,medium,"Melange espaces, tirets et underscores"
123rqugmH6Z70QzwnxC95JBpaMze1-lEM,2024-11-07 - Tastewp-easily-create-wordpress-website - Cover article.jpg,2024-11-07 - Tastewp-easily-create-wordpress-website - Cover article.jpg,image/jpeg,mixed_separators,medium,"Melange espaces, tirets et underscores"
1-kKA6ydKMdXpCYI6hKQZ4UrSBlJYBnsf,2025-05-07 - Suremembers-restrict-content-pro-vergleich-wordpress - Cover article.jpg,2025-05-07 - Suremembers-restrict-content-pro-vergleich-wordpress - Cover article.jpg,image/jpeg,mixed_separators,medium,"Melange espaces, tirets et underscores"
1EB47vPvYgLPI0Th_LLCaqVJ4UD0LKP_g,2026-01-02 - Amelia-wp-plugin-wordpress-termine-events - Cover article.jpg,2026-01-02 - Amelia-wp-plugin-wordpress-termine-events - Cover article.jpg,image/jpeg,mixed_separators,medium,"Melange espaces, tirets et underscores"
1Q740ePWOtrNhdH6lU-ht68leotOM7DhV,2026-01-17 - Affiliatepress-plugin-wordpress-partnerprogramm-auto-payout - Cover article.jpg,2026-01-17 - Affiliatepress-plugin-wordpress-partnerprogramm-auto-payout - Cover article.jpg,image/jpeg,mixed_separators,medium,"Melange espaces, tirets et underscores"
11NLqjn2mObhmt1zj9aCWFmBeDzEi1Jvs,2026-01-22 - Elements-kit-elementor-addons-widgets - Cover article.jpg,2026-01-22 - Elements-kit-elementor-addons-widgets - Cover article.jpg,image/jpeg,mixed_separators,medium,"Melange espaces, tirets et underscores"
1XYuiWCgj4GcEv47dAAYv8b1jHqnCNh86,2026-01-15 - Fluentcart-plugin-wordpress-woocommerce-alternative - Cover article.jpg,2026-01-15 - Fluentcart-plugin-wordpress-woocommerce-alternative - Cover article.jpg,image/jpeg,mixed_separators,medium,"Melange espaces, tirets et underscores"
14iZiQsq-McmBFQbqd38lgGuasDgONVu9,2026-01-12 - Ninja-tables-fluentcart-wordpress-plugin-interaktive-tabellen - Cover article.jpg,2026-01-12 - Ninja-tables-fluentcart-wordpress-plugin-interaktive-tabellen - Cover article.jpg,image/jpeg,mixed_separators,medium,"Melange espaces, tirets et underscores"
10n0823u_IH6OiJ1yl7nr3yWmHIkGFWcJ,2026-01-10 - Mailerpress-1-1-plugin-wordpress-e-mail-marketing - Cover article.jpg,2026-01-10 - Mailerpress-1-1-plugin-wordpress-e-mail-marketing - Cover article.jpg,image/jpeg,mixed_separators,medium,"Melange espaces, tirets et underscores"
1_8IU0C59omhxiM4wJTX2sfLwDvs2NnyJ,2025-12-24 - Wpmissioncontrol-wordpress-plugin-monitoring - Cover article.jpg,2025-12-24 - Wpmissioncontrol-wordpress-plugin-monitoring - Cover article.jpg,image/jpeg,mixed_separators,medium,"Melange espaces, tirets et underscores"
1tDeFS31R63c0w4glruzrr49eXo0Jf-Hu,2025-10-17 - Virfice-plugin-wordpress-woocommerce-emails - Cover article.jpg,2025-10-17 - Virfice-plugin-wordpress-woocommerce-emails - Cover article.jpg,image/jpeg,mixed_separators,medium,"Melange espaces, tirets et underscores"
11Na9eHJTaJBlqLAKtRu1HOKTjAUyHXeZ,2025-10-03 - Fluentboards-plugin-wordpress-projektmanagement - Cover article.jpg,2025-10-03 - Fluentboards-plugin-wordpress-projektmanagement - Cover article.jpg,image/jpeg,mixed_separators,medium,"Melange espaces, tirets et underscores"
1ARagJKLVFChHLBmW4HJ7xLsgTejQ13G-,2025-10-02 - Full-site-editing-fse-wordpress-webdesign - Cover article.jpg,2025-10-02 - Full-site-editing-fse-wordpress-webdesign - Cover article.jpg,image/jpeg,mixed_separators,medium,"Melange espaces, tirets et underscores"
1VGfuAd22HaVFY6MQ9wKkW5cx1CgfOv0C,2025-10-02 - Suremembers-vs-wishlist-member-wordpress-plugin - Cover article.jpg,2025-10-02 - Suremembers-vs-wishlist-member-wordpress-plugin - Cover article.jpg,image/jpeg,mixed_separators,medium,"Melange espaces, tirets et underscores"
1Kvig9E9LeuatLiR5ygyY20RE7RNnBOhX,2025-10-02 - Fluent-forms-wordpress-plugin-formulare - Cover article.jpg,2025-10-02 - Fluent-forms-wordpress-plugin-formulare - Cover article.jpg,image/jpeg,mixed_separators,medium,"Melange espaces, tirets et underscores"
1A7gJ95rkvNkkpYzcYRNhscp3k6bqyuaS,2025-09-21 - Wordpress-com-vs-wordpress-org-vergleich - Cover article.jpg,2025-09-21 - Wordpress-com-vs-wordpress-org-vergleich - Cover article.jpg,image/jpeg,mixed_separators,medium,"Melange espaces, tirets et underscores"
1W8KGtaUFVxg4EmT9mvvQPKt6ZnVAeY3u,2025-09-06 - Linksgarden-plugin-wordpress-netlinking - Cover article.jpg,2025-09-06 - Linksgarden-plugin-wordpress-netlinking - Cover article.jpg,image/jpeg,mixed_separators,medium,"Melange espaces, tirets et underscores"
1kpTsizsctV7fLomK8DN-E_QSqkRVGPrO,2025-08-22 - Droip-wordpress-alternative-webflow-test - Cover article.jpg,2025-08-22 - Droip-wordpress-alternative-webflow-test - Cover article.jpg,image/jpeg,mixed_separators,medium,"Melange espaces, tirets et underscores"
1XfOqZlDvr8eipKmPINFoZnhoxcx5J6vm,2025-01-11 - Wp-umbrella-warum-wordpress-agenturen - Cover article.jpg,2025-01-11 - Wp-umbrella-warum-wordpress-agenturen - Cover article.jpg,image/jpeg,mixed_separators,medium,"Melange espaces, tirets et underscores"
1UQrhtek4KGFGlD6vPoETCBvfHrdPkvim,2025-01-10 - Thot-seo-tool-semantische-optimierung - Cover article.jpg,2025-01-10 - Thot-seo-tool-semantische-optimierung - Cover article.jpg,image/jpeg,mixed_separators,medium,"Melange espaces, tirets et underscores"
1RmbzGp--7wfFvjocdsXFADwZPg8JuZRx,2025-01-07 - Fluentcommunity-plugin-schnell-wordpress-community-aufbauen - Cover article.jpg,2025-01-07 - Fluentcommunity-plugin-schnell-wordpress-community-aufbauen - Cover article.jpg,image/jpeg,mixed_separators,medium,"Melange espaces, tirets et underscores"
1QsF_XiCAOmi57zMET4f-SOE7apfHRSrh,2025-01-07 - Was-ist-gutenberg-in-wordpress - Cover article.jpg,2025-01-07 - Was-ist-gutenberg-in-wordpress - Cover article.jpg,image/jpeg,mixed_separators,medium,"Melange espaces, tirets et underscores"
1OZ7UFFy79Tg8hHyou2VIwDVeEaCSjQQD,2024-12-23 - Wp-marmite-pay-einfache-zahlungen-wordpress - Cover article.jpg,2024-12-23 - Wp-marmite-pay-einfache-zahlungen-wordpress - Cover article.jpg,image/jpeg,mixed_separators,medium,"Melange espaces, tirets et underscores"
1NrTP6Yf8wt1xJ_ESqoGWaQHJW0pxoaOs,2024-12-21 - Zipwp-wordpress-erstellung-ki-revolution - Cover article.jpg,2024-12-21 - Zipwp-wordpress-erstellung-ki-revolution - Cover article.jpg,image/jpeg,mixed_separators,medium,"Melange espaces, tirets et underscores"
1LJmuVaAnuzv-5PqRTrxf6QrCgCYrXv_z,2024-12-20 - Wpboutik-commerce-en-ligne-wordpress - Cover article.jpg,2024-12-20 - Wpboutik-commerce-en-ligne-wordpress - Cover article.jpg,image/jpeg,mixed_separators,medium,"Melange espaces, tirets et underscores"
1KG4aUUbL5tMiAk9T4X2749rl8t11Uzm5,2024-12-16 - Wordpress-playground-was-ist-das-anleitung - Cover article.jpg,2024-12-16 - Wordpress-playground-was-ist-das-anleitung - Cover article.jpg,image/jpeg,mixed_separators,medium,"Melange espaces, tirets et underscores"
1IA5ndjAxYNtB81mEkUSGS89a7X6zqZRi,2024-12-10 - Was-ist-ein-wordpress-plugin-effektiv-nutzen - Cover article.jpg,2024-12-10 - Was-ist-ein-wordpress-plugin-effektiv-nutzen - Cover article.jpg,image/jpeg,mixed_separators,medium,"Melange espaces, tirets et underscores"
1Fun7VlYmYutI7ja4F2FlZ44ZVTdr357s,2024-12-09 - Was-ist-massgeschneiderte-wordpress-website-vorteile - Cover article.jpg,2024-12-09 - Was-ist-massgeschneiderte-wordpress-website-vorteile - Cover article.jpg,image/jpeg,mixed_separators,medium,"Melange espaces, tirets et underscores"
1FDJnvxTndb8pkXKmc1I_YnZRQ9AzhSEg,2024-12-06 - Sureforms-plugin-wordpress-ki-formular - Cover article.jpg,2024-12-06 - Sureforms-plugin-wordpress-ki-formular - Cover article.jpg,image/jpeg,mixed_separators,medium,"Melange espaces, tirets et underscores"
1CtskNj5YCHT5sxlVK8u6B2dD9_VQ1BCW,2024-11-30 - Slug-wordpress-optimieren-guide - Cover article.jpg,2024-11-30 - Slug-wordpress-optimieren-guide - Cover article.jpg,image/jpeg,mixed_separators,medium,"Melange espaces, tirets et underscores"
16IYbfI6C7u-S2pvNWT42K4HMCwMIlXys,2024-11-12 - Linkuma-test-netlinking-referenz - Cover article.jpg,2024-11-12 - Linkuma-test-netlinking-referenz - Cover article.jpg,image/jpeg,mixed_separators,medium,"Melange espaces, tirets et underscores"
1-cUZFU-0NJNB6Ck6LbTxHbMhw5Daxj7q,2024-10-25 - Zipwp-vs-instawp-vergleich-wordpress-website - Cover article.jpg,2024-10-25 - Zipwp-vs-instawp-vergleich-wordpress-website - Cover article.jpg,image/jpeg,mixed_separators,medium,"Melange espaces, tirets et underscores"
1Wz2aeFRf7aqCkQW9lwBkTf0-ODSa8DvE,2024-06-17 - Diagram be7e2e84ce2c4f87a162b904d74e691a - Cover article.png,2024-06-17 - Diagram be7e2e84ce2c4f87a162b904d74e691a - Cover article.png,image/png,mixed_separators,medium,"Melange espaces, tirets et underscores"
1WyoqHAMdh2hJSHSlNnYGD_dnV3_xiDlS,2024-06-17 - Diagram b3f50e183cf14244935f4b2b5444adf9 - Cover article.png,2024-06-17 - Diagram b3f50e183cf14244935f4b2b5444adf9 - Cover article.png,image/png,mixed_separators,medium,"Melange espaces, tirets et underscores"
1WszQvBFhE01iClD61L-nBic27oSniFMK,2024-06-17 - Diagram 74af588da95e4a8783a962746dbbdbf9 - Cover article.png,2024-06-17 - Diagram 74af588da95e4a8783a962746dbbdbf9 - Cover article.png,image/png,mixed_separators,medium,"Melange espaces, tirets et underscores"
1WpG3asYVY7lGhW5aMUgfq_ruQcJSTj1_,2024-06-17 - Page-accueil-wordpress-com-francais - Cover article.jpg,2024-06-17 - Page-accueil-wordpress-com-francais - Cover article.jpg,image/jpeg,mixed_separators,medium,"Melange espaces, tirets et underscores"
1WhQ9jkKI48RY-MhhioOPltFgmGlsktHN,2024-06-17 - Page-accueil-wordpress-org-francais - Cover article.jpg,2024-06-17 - Page-accueil-wordpress-org-francais - Cover article.jpg,image/jpeg,mixed_separators,medium,"Melange espaces, tirets et underscores"
1WPSND04epW7MHXWYy2HK3BVXBvots1Cz,2024-06-15 - Wordpress-org-vs-wordpress-com-comparatif - Cover article.jpg,2024-06-15 - Wordpress-org-vs-wordpress-com-comparatif - Cover article.jpg,image/jpeg,mixed_separators,medium,"Melange espaces, tirets et underscores"
1WcImxeKiFrHOGrdLxXJFcTGUm4C_SsXd,2024-06-15 - Wordpress-com-vs-wordpress-org-comparatif - Cover article.jpg,2024-06-15 - Wordpress-com-vs-wordpress-org-comparatif - Cover article.jpg,image/jpeg,mixed_separators,medium,"Melange espaces, tirets et underscores"
1WP1PcmI3HlveOqPUOZMMeYADq_tN_1zP,2024-06-15 - Wordpress-com-vs-wordpress-org-comparaison - Cover article.jpg,2024-06-15 - Wordpress-com-vs-wordpress-org-comparaison - Cover article.jpg,image/jpeg,mixed_separators,medium,"Melange espaces, tirets et underscores"
1W7EDnk95lHPzds888Q5OabC4n7tVUzLX,2024-06-15 - WordPresscom vs WordPressorg comparatif pour faire le bon choix - Cover article.jpg,2024-06-15 - WordPresscom vs WordPressorg comparatif pour faire le bon choix - Cover article.jpg,image/jpeg,mixed_separators,medium,"Melange espaces, tirets et underscores"
1bjqZ0mlKuRRodpIAzzz7S1mDo7ETQDcv,2024-07-14 - Elementor-pro-contre-divi-builder-comparatif-tarifs - Cover article.jpg,2024-07-14 - Elementor-pro-contre-divi-builder-comparatif-tarifs - Cover article.jpg,image/jpeg,mixed_separators,medium,"Melange espaces, tirets et underscores"
1bdpaAd9bC5rjDagtoQ1-RedCeDHqZDMx,2024-07-14 - Divi-builder-contre-elementor-pro-comparatif-tarifs - Cover article.jpg,2024-07-14 - Divi-builder-contre-elementor-pro-comparatif-tarifs - Cover article.jpg,image/jpeg,mixed_separators,medium,"Melange espaces, tirets et underscores"
1b_HHrHC9S81RIhnPy2_GUY_Cugs_c81M,2024-07-14 - Divi-builder-vs-elementor-pro-comparatif-tarifs - Cover article.jpg,2024-07-14 - Divi-builder-vs-elementor-pro-comparatif-tarifs - Cover article.jpg,image/jpeg,mixed_separators,medium,"Melange espaces, tirets et underscores"
1bVvYsPwCB5c2_3CY0LtRfWdyfxpiG8xq,2024-07-13 - Michael-kihl-conception-expert-divi-elementor - Cover article.jpg,2024-07-13 - Michael-kihl-conception-expert-divi-elementor - Cover article.jpg,image/jpeg,mixed_separators,medium,"Melange espaces, tirets et underscores"
1bO3fsX4J97OqwUsnVFUVXMOT2qMzHEoa,2024-07-13 - Michael-kihl-creation-sites-web - Cover article.jpg,2024-07-13 - Michael-kihl-creation-sites-web - Cover article.jpg,image/jpeg,mixed_separators,medium,"Melange espaces, tirets et underscores"
1bMfmcRK8Ek22rc2Zo7n25UNb1G6GEvaK,2024-07-13 - Comparatif-divi-builder-contre-elementor-pro - Cover article.jpg,2024-07-13 - Comparatif-divi-builder-contre-elementor-pro - Cover article.jpg,image/jpeg,mixed_separators,medium,"Melange espaces, tirets et underscores"
1atMHLHE2gfmH6OyCxTYJ-564REFibKxe,2024-07-13 - Comparatif-divi-builder-vs-elementor-pro - Cover article.jpg,2024-07-13 - Comparatif-divi-builder-vs-elementor-pro - Cover article.jpg,image/jpeg,mixed_separators,medium,"Melange espaces, tirets et underscores"
1oxy5BuMxrgahltIYWgjzmjhZDPQIy3IX,2024-08-27 - Gestion-widgets-elementskit-wordpress - Cover article.jpg,2024-08-27 - Gestion-widgets-elementskit-wordpress - Cover article.jpg,image/jpeg,mixed_separators,medium,"Melange espaces, tirets et underscores"
1owgEv7RWfOF2gfMbQeLmoaxo5lgJHXwS,2024-08-27 - Exemple-mega-menu-electronics-dark-elementskit - Cover article.jpg,2024-08-27 - Exemple-mega-menu-electronics-dark-elementskit - Cover article.jpg,image/jpeg,mixed_separators,medium,"Melange espaces, tirets et underscores"
1oqxhgE90vVLxm0eUCWsI1M9024dOu8uw,2024-08-27 - Mega-menu-builder-elementskit-elementor - Cover article.jpg,2024-08-27 - Mega-menu-builder-elementskit-elementor - Cover article.jpg,image/jpeg,mixed_separators,medium,"Melange espaces, tirets et underscores"
1on6I2ZHUKKYDSPcNOL2tBZtO67SreekC,2024-08-27 - Widgets-de-base-elementskit-wordpress - Cover article.jpg,2024-08-27 - Widgets-de-base-elementskit-wordpress - Cover article.jpg,image/jpeg,mixed_separators,medium,"Melange espaces, tirets et underscores"
1omRr254Un8R5vUf-eDe1JJPeTeuXCwDc,2024-08-27 - Widgets-header-footer-elementskit-wordpress - Cover article.jpg,2024-08-27 - Widgets-header-footer-elementskit-wordpress - Cover article.jpg,image/jpeg,mixed_separators,medium,"Melange espaces, tirets et underscores"
1olfvtIgmWpNTtSv_laJFo7ULf0EIra5T,2024-08-27 - Bibliotheque-modeles-elementskit-wordpress - Cover article.jpg,2024-08-27 - Bibliotheque-modeles-elementskit-wordpress - Cover article.jpg,image/jpeg,mixed_separators,medium,"Melange espaces, tirets et underscores"
1ok9x284dp9pa6JendXzEMA4xUSrmm3kw,2024-08-27 - Configuration-template-elementskit-wordpress - Cover article.jpg,2024-08-27 - Configuration-template-elementskit-wordpress - Cover article.jpg,image/jpeg,mixed_separators,medium,"Melange espaces, tirets et underscores"
1oV19Nu0UPykVAH-ObxcvbaCjaVkB8R0B,2024-08-27 - Elementskit-interface-gestion-modules-wordpress - Cover article.jpg,2024-08-27 - Elementskit-interface-gestion-modules-wordpress - Cover article.jpg,image/jpeg,mixed_separators,medium,"Melange espaces, tirets et underscores"
1objZOO68Gb4_X1aNB4xLNZLumGRpsGxp,2024-08-27 - Elementskit-gestion-templates-wordpress-pied-de-page-en-tete - Cover article.jpg,2024-08-27 - Elementskit-gestion-templates-wordpress-pied-de-page-en-tete - Cover article.jpg,image/jpeg,mixed_separators,medium,"Melange espaces, tirets et underscores"
1oR6gdZxaw-RwEYXEJff2frg0hRDgMBMh,2024-08-24 - Elementskit-addons-elementor - Cover article.jpg,2024-08-24 - Elementskit-addons-elementor - Cover article.jpg,image/jpeg,mixed_separators,medium,"Melange espaces, tirets et underscores"
1oTFZUZ3d6m7PkZ1FnfmWZs8yrZjiIjDt,2024-08-24 - Elementskit-logo - Cover article.svg,2024-08-24 - Elementskit-logo - Cover article.svg,image/svg+xml,mixed_separators,medium,"Melange espaces, tirets et underscores"
1oIKiIi1JL3Wc9MwAtRxrtTLa43MoNcb4,2024-08-24 - Elementskit-elementor-addons-widgets-site-professionnel - Cover article.jpg,2024-08-24 - Elementskit-elementor-addons-widgets-site-professionnel - Cover article.jpg,image/jpeg,mixed_separators,medium,"Melange espaces, tirets et underscores"
1tMwx24JXzwJZoRW5l7sWqbk1VVlS4XZe,2024-09-22 - Zapier-applications-populaires-google-sheets-gmail-slack - Cover article.jpg,2024-09-22 - Zapier-applications-populaires-google-sheets-gmail-slack - Cover article.jpg,image/jpeg,mixed_separators,medium,"Melange espaces, tirets et underscores"
1t82bcc-quUdVUNqJ3TyNEkjwpBAgYMWk,2024-09-22 - Suretriggers-810-applications-automatisation-workflow - Cover article.jpg,2024-09-22 - Suretriggers-810-applications-automatisation-workflow - Cover article.jpg,image/jpeg,mixed_separators,medium,"Melange espaces, tirets et underscores"
1svcYkhxX7B0WyzWw6jfe_1V2BalrMMfH,2024-09-21 - Suretriggers-automation-workflow-wordpress - Cover article.jpg,2024-09-21 - Suretriggers-automation-workflow-wordpress - Cover article.jpg,image/jpeg,mixed_separators,medium,"Melange espaces, tirets et underscores"
1sggQApIt041EOQ9W_n4nskgobUqJ93oi,2024-09-21 - Inscription-zapier-automatisation-taches - Cover article.jpg,2024-09-21 - Inscription-zapier-automatisation-taches - Cover article.jpg,image/jpeg,mixed_separators,medium,"Melange espaces, tirets et underscores"
1sdwcf8iOmkb9itT7yopaTmxAK0xtuhF0,2024-09-21 - Suretriggers-vs-zapier-solution-automation - Cover article.jpg,2024-09-21 - Suretriggers-vs-zapier-solution-automation - Cover article.jpg,image/jpeg,mixed_separators,medium,"Melange espaces, tirets et underscores"
1sYGYOEGFTVIVFiNc1usiIqq0c8zUl1Ij,2024-09-21 - Suretriggers-vs-zapier-choisir-outil-automatisation - Cover article.jpg,2024-09-21 - Suretriggers-vs-zapier-choisir-outil-automatisation - Cover article.jpg,image/jpeg,mixed_separators,medium,"Melange espaces, tirets et underscores"
1rjCnMIG3LObgSlqLcoK_fmaqIv1tWSVL,2024-09-21 - Suretriggers-vs-zapier-comparaison-automation - Cover article.jpg,2024-09-21 - Suretriggers-vs-zapier-comparaison-automation - Cover article.jpg,image/jpeg,mixed_separators,medium,"Melange espaces, tirets et underscores"
111Foj_jRDEfiX_FR3Vw3ywFIfHWpT7OD,2024-10-26 - Local-outil-developpement-wordpress-wp-engine - Cover article.jpg,2024-10-26 - Local-outil-developpement-wordpress-wp-engine - Cover article.jpg,image/jpeg,mixed_separators,medium,"Melange espaces, tirets et underscores"
1-IEkcIcIiXpnUXyV8fMPrkzyGQG_z7s2,2024-10-21 - Comparatif-local-flywheel-xampp-wordpress - Cover article.jpg,2024-10-21 - Comparatif-local-flywheel-xampp-wordpress - Cover article.jpg,image/jpeg,mixed_separators,medium,"Melange espaces, tirets et underscores"
1VysmFidrcI7onFnHfWSJIuJ_q_0r4sZy,2024-06-08 - Cartflows-sales-funnel-builder-wordpress - Cover article.jpg,2024-06-08 - Cartflows-sales-funnel-builder-wordpress - Cover article.jpg,image/jpeg,mixed_separators,medium,"Melange espaces, tirets et underscores"
1VuqQ-DYuWDJ78V0a9gY7RX8uLjElYn3w,2024-06-08 - Launchflows-woocommerce-sales-funnels - Cover article.jpg,2024-06-08 - Launchflows-woocommerce-sales-funnels - Cover article.jpg,image/jpeg,mixed_separators,medium,"Melange espaces, tirets et underscores"
1Vml98haLoXgfNSOvHm2TRnajkWj1HJSU,2024-06-08 - Comparatif-launchflows-vs-cartflows-boostez-vos-ventes - Cover article.jpg,2024-06-08 - Comparatif-launchflows-vs-cartflows-boostez-vos-ventes - Cover article.jpg,image/jpeg,mixed_separators,medium,"Melange espaces, tirets et underscores"
1VjSI1VH7i29l_-u2oDDxfTKuZZd6sgwR,2024-06-08 - LaunchFlows vs CartFlows lequel choisir pour votre funnel WordPress - Cover article.jpg,2024-06-08 - LaunchFlows vs CartFlows lequel choisir pour votre funnel WordPress - Cover article.jpg,image/jpeg,mixed_separators,medium,"Melange espaces, tirets et underscores"
1VYQ1zzGz0O_G6DhbMyO30BFgGYt9dzaU,2024-06-07 - Comparaison-launchflows-vs-cartflows-funnel-wordpress - Cover article.jpg,2024-06-07 - Comparaison-launchflows-vs-cartflows-funnel-wordpress - Cover article.jpg,image/jpeg,mixed_separators,medium,"Melange espaces, tirets et underscores"
17m1Ab4nP0tf58i-XdhgLXS8-KaHsqfbi,2024-11-13 - Tableau-de-bord-sureforms-gestion-formulaires - Cover article.jpg,2024-11-13 - Tableau-de-bord-sureforms-gestion-formulaires - Cover article.jpg,image/jpeg,mixed_separators,medium,"Melange espaces, tirets et underscores"
17gHrOj1hYsD-uF4mul1sDfmx0cL4-Awy,2024-11-13 - Types-champs-sureforms-formulaire-wordpress - Cover article.jpg,2024-11-13 - Types-champs-sureforms-formulaire-wordpress - Cover article.jpg,image/jpeg,mixed_separators,medium,"Melange espaces, tirets et underscores"
17Quo1-FaSr167u5_z6knj_Wv_O6fW4kG,2024-11-13 - Protection-spam-sureforms-recaptcha-wordpress - Cover article.jpg,2024-11-13 - Protection-spam-sureforms-recaptcha-wordpress - Cover article.jpg,image/jpeg,mixed_separators,medium,"Melange espaces, tirets et underscores"
15yAxVv7GpfRPqJFTH4i_x4fjBQnPz9o2,2024-11-11 - Sureforms-logo-full-color - Cover article.svg,2024-11-11 - Sureforms-logo-full-color - Cover article.svg,image/svg+xml,mixed_separators,medium,"Melange espaces, tirets et underscores"
16wfKczicGgfS67JXbB12iJgGibvojRPq,2024-10-29 - Sureforms-formulaire-demande-devis-site-web-complet - Cover article.jpg,2024-10-29 - Sureforms-formulaire-demande-devis-site-web-complet - Cover article.jpg,image/jpeg,mixed_separators,medium,"Melange espaces, tirets et underscores"
17-X-f4tA4brk-UeeoSknt-T6EqvubPqQ,2024-10-29 - Sureforms-description-formulaire-demande-devis - Cover article.jpg,2024-10-29 - Sureforms-description-formulaire-demande-devis - Cover article.jpg,image/jpeg,mixed_separators,medium,"Melange espaces, tirets et underscores"
17A-XHdK-FU4AAi0fla4VubjKjhjgmbRQ,2024-10-29 - Sureforms-formulaire-demande-devis-site-web - Cover article.jpg,2024-10-29 - Sureforms-formulaire-demande-devis-site-web - Cover article.jpg,image/jpeg,mixed_separators,medium,"Melange espaces, tirets et underscores"
17KOkrdA68zVRvHDBa5TPaPaDs2Pxp5ol,2024-10-29 - Sureforms-creation-formulaire-IA-personnalise - Cover article.jpg,2024-10-29 - Sureforms-creation-formulaire-IA-personnalise - Cover article.jpg,image/jpeg,mixed_separators,medium,"Melange espaces, tirets et underscores"
17PYmbzScDoH9PIfDEUzJlqaQXRdG-L0K,2024-10-29 - Sureforms-formulaires-esthetiques-fonctionnels - Cover article.jpg,2024-10-29 - Sureforms-formulaires-esthetiques-fonctionnels - Cover article.jpg,image/jpeg,mixed_separators,medium,"Melange espaces, tirets et underscores"
1foO_PeuQ2cyXQgvvtZeFBrUWwV196EPN,2025-02-15 - Latepoint-plugin-wordpress-reservation-en-ligne - Cover article.jpg,2025-02-15 - Latepoint-plugin-wordpress-reservation-en-ligne - Cover article.jpg,image/jpeg,mixed_separators,medium,"Melange espaces, tirets et underscores"
1frPLnsrGjHtQPg3z-MDCftiftmPPlCO7,2025-02-15 - Late-point-plugin-reservation-wordpress-intuitif-rapide - Cover article.jpg,2025-02-15 - Late-point-plugin-reservation-wordpress-intuitif-rapide - Cover article.jpg,image/jpeg,mixed_separators,medium,"Melange espaces, tirets et underscores"
1_ityT69uDMWjnjIOr7bJjnEClJQcj7mw,2025-01-17 - Latepoint-configuration-agents-wordpress - Cover article.jpg,2025-01-17 - Latepoint-configuration-agents-wordpress - Cover article.jpg,image/jpeg,mixed_separators,medium,"Melange espaces, tirets et underscores"
1_iDH-a4n9KrbKT2R-RCsGa_lx8XoHMJs,2025-01-17 - Latepoint-automatisations-workflow-notifications - Cover article.jpg,2025-01-17 - Latepoint-automatisations-workflow-notifications - Cover article.jpg,image/jpeg,mixed_separators,medium,"Melange espaces, tirets et underscores"
1_eonxEnJt_bBS4PMlNZhFmo0jGMU5vX_,2025-01-17 - Latepoint-configuration-avancee-service-wordpress - Cover article.jpg,2025-01-17 - Latepoint-configuration-avancee-service-wordpress - Cover article.jpg,image/jpeg,mixed_separators,medium,"Melange espaces, tirets et underscores"
1__-zWifhxMMiDCHpttSV3-Iac_IwI9Xc,2025-01-17 - Latepoint-gestion-services-wordpress - Cover article.jpg,2025-01-17 - Latepoint-gestion-services-wordpress - Cover article.jpg,image/jpeg,mixed_separators,medium,"Melange espaces, tirets et underscores"
1_U1OyhfOrTCtBQrLQQXyTHLBp64hUS8c,2025-01-17 - Latepoint-tableau-de-bord-gestion-reservations - Cover article.jpg,2025-01-17 - Latepoint-tableau-de-bord-gestion-reservations - Cover article.jpg,image/jpeg,mixed_separators,medium,"Melange espaces, tirets et underscores"
1_RV0S_bC9UTTW04jtCM_osV3_5e63xg9,2025-01-17 - Latepoint-setup-complete-wordpress - Cover article.jpg,2025-01-17 - Latepoint-setup-complete-wordpress - Cover article.jpg,image/jpeg,mixed_separators,medium,"Melange espaces, tirets et underscores"
1_OQxmTsECqlsl2YVnXYGDG8O2eJny8Zc,2025-01-17 - Latepoint-configuration-horaires-travail-wordpress - Cover article.jpg,2025-01-17 - Latepoint-configuration-horaires-travail-wordpress - Cover article.jpg,image/jpeg,mixed_separators,medium,"Melange espaces, tirets et underscores"
1_K_rl-9jvEivLI2TpDEgXbuPVvZ2xKS0,2025-01-17 - Latepoint-ajout-services-wordpress - Cover article.jpg,2025-01-17 - Latepoint-ajout-services-wordpress - Cover article.jpg,image/jpeg,mixed_separators,medium,"Melange espaces, tirets et underscores"
1_EA61q9WCFMuBFTypSGgNu0Pwjyk27aC,2025-01-17 - Configuration-notifications-latepoint-wordpress - Cover article.jpg,2025-01-17 - Configuration-notifications-latepoint-wordpress - Cover article.jpg,image/jpeg,mixed_separators,medium,"Melange espaces, tirets et underscores"
1_ColeCytisW-sH1KDfCJRdejeWepk-_F,2025-01-17 - Latepoint-setup-wizard-plugin-reservation-wordpress - Cover article.jpg,2025-01-17 - Latepoint-setup-wizard-plugin-reservation-wordpress - Cover article.jpg,image/jpeg,mixed_separators,medium,"Melange espaces, tirets et underscores"
1_8s4VM1YLshEK8sQZbMdscjDQf_Efgck,2025-01-17 - Puissant-plugin-planification-wordpress - Cover article.jpg,2025-01-17 - Puissant-plugin-planification-wordpress - Cover article.jpg,image/jpeg,mixed_separators,medium,"Melange espaces, tirets et underscores"
1DIRPAq-spvGCQBVaFfDfH9CQ7Mm_fK-Q,2025-11-19 - Logo dark - Cover article.png,2025-11-19 - Logo dark - Cover article.png,image/png,mixed_separators,medium,"Melange espaces, tirets et underscores"
1xIW854qdW2RShNa6Xrbuqyy93F8w1hxp,2025-11-18 - Wpmissioncontrol-security-badge-plugin-wordpress-monitoring - Cover article.jpg,2025-11-18 - Wpmissioncontrol-security-badge-plugin-wordpress-monitoring - Cover article.jpg,image/jpeg,mixed_separators,medium,"Melange espaces, tirets et underscores"
1SEByi0BQCzOyQ8auP9DUahprOAzKU1X8,2025-11-18 - Wpmissioncontrol-plugin-wordpress-monitoring-domaine - Cover article.jpg,2025-11-18 - Wpmissioncontrol-plugin-wordpress-monitoring-domaine - Cover article.jpg,image/jpeg,mixed_separators,medium,"Melange espaces, tirets et underscores"
1eTRkpsOfmBuQ6kVMiZGovPWifMfTbn9o,2025-11-18 - Wpmissioncontrol-core-issues-monitoring-wordpress - Cover article.jpg,2025-11-18 - Wpmissioncontrol-core-issues-monitoring-wordpress - Cover article.jpg,image/jpeg,mixed_separators,medium,"Melange espaces, tirets et underscores"
14koY1Pe7x_PsAxc3awI6nFQ5coq-wrML,2025-11-15 - Full-site-scan-plugin-wordpress-monitoring - Cover article.jpg,2025-11-15 - Full-site-scan-plugin-wordpress-monitoring - Cover article.jpg,image/jpeg,mixed_separators,medium,"Melange espaces, tirets et underscores"
1Gg_nwEePh_-IhivzMTi2gwD5WOiDviwF,2025-11-15 - Malware-scanner-plugin-wordpress-securite - Cover article.jpg,2025-11-15 - Malware-scanner-plugin-wordpress-securite - Cover article.jpg,image/jpeg,mixed_separators,medium,"Melange espaces, tirets et underscores"
1mlJQErv5a6cSFySGJOL7c6FEI6CL9SX1,2025-11-15 - Logo-wpmissioncontrol - Cover article.webp,2025-11-15 - Logo-wpmissioncontrol - Cover article.webp,image/webp,mixed_separators,medium,"Melange espaces, tirets et underscores"
1fLiAVDntcnC57tTTO62Xcj9Rvxuqb4YN,2025-11-15 - Ssl-plugin-wordpress-securite-https - Cover article.jpg,2025-11-15 - Ssl-plugin-wordpress-securite-https - Cover article.jpg,image/jpeg,mixed_separators,medium,"Melange espaces, tirets et underscores"
1UyHPkjGnd-LmAzCk47wob5hQXuTyB5yd,2025-11-15 - Monitoring-plugin-wordpress-performance-uptime - Cover article.jpg,2025-11-15 - Monitoring-plugin-wordpress-performance-uptime - Cover article.jpg,image/jpeg,mixed_separators,medium,"Melange espaces, tirets et underscores"
1n_hp6UA2Na6mxtI8tGksqF9n-itNggCk,2025-11-15 - Wpmc-plugin-wordpress-monitoring-securite - Cover article.jpg,2025-11-15 - Wpmc-plugin-wordpress-monitoring-securite - Cover article.jpg,image/jpeg,mixed_separators,medium,"Melange espaces, tirets et underscores"
1kDCxqKbn4mf_0VL5zcbJ_IkcLuSQm4My,2025-11-13 - Wpmissioncontrol-plugin-wordpress-monitoring - Cover article.jpg,2025-11-13 - Wpmissioncontrol-plugin-wordpress-monitoring - Cover article.jpg,image/jpeg,mixed_separators,medium,"Melange espaces, tirets et underscores"
1iYlNCLttY5XAKpFHnT1fbK4TBWM1V0zc,2026-01-06 - Mailerpress-plugin-wordpress-emailing-newsletter - Cover article.jpg,2026-01-06 - Mailerpress-plugin-wordpress-emailing-newsletter - Cover article.jpg,image/jpeg,mixed_separators,medium,"Melange espaces, tirets et underscores"
1dbYUsvLIAcm2dSl6Iiqo8Reft-tfolYg,2026-01-29 - Chatseo-plan-action-immediat-seo-30-minutes - Cover article.jpg,2026-01-29 - Chatseo-plan-action-immediat-seo-30-minutes - Cover article.jpg,image/jpeg,mixed_separators,medium,"Melange espaces, tirets et underscores"
1YasNuCAifS6mykWCCD4yaIlz_hVClX1f,2026-01-29 - Chatseo-quick-wins-actions-seo-prioritaires-roi - Cover article.jpg,2026-01-29 - Chatseo-quick-wins-actions-seo-prioritaires-roi - Cover article.jpg,image/jpeg,mixed_separators,medium,"Melange espaces, tirets et underscores"
1NTh-xz1dPzxwvdwqlOFAbYQ7mPPQIUDb,2026-01-29 - Chatseo-categories-mots-cles-prioritaires-strategie-seo - Cover article.jpg,2026-01-29 - Chatseo-categories-mots-cles-prioritaires-strategie-seo - Cover article.jpg,image/jpeg,mixed_separators,medium,"Melange espaces, tirets et underscores"
1D_SCicTPFGnlghaKsdvvAayW2WYa3ZNQ,2026-01-29 - Chatseo-dashboard-etat-seo-google-search-console - Cover article.jpg,2026-01-29 - Chatseo-dashboard-etat-seo-google-search-console - Cover article.jpg,image/jpeg,mixed_separators,medium,"Melange espaces, tirets et underscores"
1gHwdEQr3sKZ56oZ6giBnaUT3hg8tVpvu,2026-01-29 - Logo-chatseo-avis-saas-seo-analyse-search-console - Cover article.png,2026-01-29 - Logo-chatseo-avis-saas-seo-analyse-search-console - Cover article.png,image/png,mixed_separators,medium,"Melange espaces, tirets et underscores"
1iSiJ6JcFJPnkIaEq4DjVsCj16dc9pIli,2026-01-29 - Chatseo-concurrents-plugin-wordpress-seo - Cover article.jpg,2026-01-29 - Chatseo-concurrents-plugin-wordpress-seo - Cover article.jpg,image/jpeg,mixed_separators,medium,"Melange espaces, tirets et underscores"
18naMToMJS_VRdkB6gC7cGSbX85yuGjQr,2026-01-29 - Chatseo-page-accueil-agent-seo-ia - Cover article.jpg,2026-01-29 - Chatseo-page-accueil-agent-seo-ia - Cover article.jpg,image/jpeg,mixed_separators,medium,"Melange espaces, tirets et underscores"
14A73__GCjd9QJ7vspZ0woWc0mvhhW86K,2026-01-29 - Logo - Cover article.png,2026-01-29 - Logo - Cover article.png,image/png,mixed_separators,medium,"Melange espaces, tirets et underscores"
1I09eauVpdG6dOvbwg4hWLGasSbR8B2NU,2026-01-29 - Avis-chatseo-assistant-seo-ia - Cover article.jpg,2026-01-29 - Avis-chatseo-assistant-seo-ia - Cover article.jpg,image/jpeg,mixed_separators,medium,"Melange espaces, tirets et underscores"
16XdQIJHh_3gtGPyt6mnK-U2DXr6ummly,2026-01-26 - Cartflows-alternatives-plugin-wordpress-tunnel-woocommerce - Cover article.jpg,2026-01-26 - Cartflows-alternatives-plugin-wordpress-tunnel-woocommerce - Cover article.jpg,image/jpeg,mixed_separators,medium,"Melange espaces, tirets et underscores"
1IHNp3gCog4XsQnwahjb2A1a6Ll23cOEu,2026-01-23 - Fluent-forms-gutenberg-personnaliser-formulaire-sans-code - Cover article.jpg,2026-01-23 - Fluent-forms-gutenberg-personnaliser-formulaire-sans-code - Cover article.jpg,image/jpeg,mixed_separators,medium,"Melange espaces, tirets et underscores"
12dc5RTP6oEcrXw2wYODSB1hnCTe7MKBq,2026-01-23 - Fluent-forms-gutenberg-style-champs-requis - Cover article.jpg,2026-01-23 - Fluent-forms-gutenberg-style-champs-requis - Cover article.jpg,image/jpeg,mixed_separators,medium,"Melange espaces, tirets et underscores"
1B9jv9uZPb5mXhsmmlmq9KA8MUPH1Ciay,2026-01-23 - Fluent-forms-gutenberg-messages-succes-erreur - Cover article.jpg,2026-01-23 - Fluent-forms-gutenberg-messages-succes-erreur - Cover article.jpg,image/jpeg,mixed_separators,medium,"Melange espaces, tirets et underscores"
1TLD0lN1iF--Lat5PXdBJp8RO8ANBEXAX,2026-01-23 - Fluent-forms-gutenberg-styles-bouton-cta - Cover article.jpg,2026-01-23 - Fluent-forms-gutenberg-styles-bouton-cta - Cover article.jpg,image/jpeg,mixed_separators,medium,"Melange espaces, tirets et underscores"
1QL1OxiAbKHAxtNO-zR7exXKqBGSv0HbW,2026-01-23 - Fluent-forms-gutenberg-styles-avances - Cover article.jpg,2026-01-23 - Fluent-forms-gutenberg-styles-avances - Cover article.jpg,image/jpeg,mixed_separators,medium,"Melange espaces, tirets et underscores"
1RPDk05ZDhghsXRTvFi6c-HqdBvWlMoD0,2026-01-23 - Fluent-forms-gutenberg-styles-formulaire - Cover article.jpg,2026-01-23 - Fluent-forms-gutenberg-styles-formulaire - Cover article.jpg,image/jpeg,mixed_separators,medium,"Melange espaces, tirets et underscores"
1Ha4fiR9mainIlRAx61DpY6EZB8Zjv7Wq,2026-01-23 - Fluent-forms-gutenberg-reglages-bloc-style - Cover article.jpg,2026-01-23 - Fluent-forms-gutenberg-reglages-bloc-style - Cover article.jpg,image/jpeg,mixed_separators,medium,"Melange espaces, tirets et underscores"
1T6ZeVC8ibDzjzIfjfy7Zl2CvXP1hZnNt,2026-01-23 - Fluent-forms-gutenberg-selection-formulaire - Cover article.jpg,2026-01-23 - Fluent-forms-gutenberg-selection-formulaire - Cover article.jpg,image/jpeg,mixed_separators,medium,"Melange espaces, tirets et underscores"
1W_7B5gESth63KuCN8zYa51lfiluF-Mqa,2026-01-23 - Fluent-forms-gutenberg-ajouter-formulaire - Cover article.jpg,2026-01-23 - Fluent-forms-gutenberg-ajouter-formulaire - Cover article.jpg,image/jpeg,mixed_separators,medium,"Melange espaces, tirets et underscores"
1uGyTfMrvwtUtPHOQd1yZgnrbq9YIU-77,2026-01-17 - Sureforms-plugin-wordpress-stockage-local - Cover article.jpg,2026-01-17 - Sureforms-plugin-wordpress-stockage-local - Cover article.jpg,image/jpeg,mixed_separators,medium,"Melange espaces, tirets et underscores"
1azu94AwhXZypyRP6hme1O3hPTrWsX_Y8,2026-01-16 - Wplingua-reglages-seo-traduction-multilingue - Cover article.jpg,2026-01-16 - Wplingua-reglages-seo-traduction-multilingue - Cover article.jpg,image/jpeg,mixed_separators,medium,"Melange espaces, tirets et underscores"
1vFieLcOMTbMzzktIb_O1LsAbp6A1zW6Q,2026-01-16 - Wplingua-plugin-traduction-wordpress-multilingue - Cover article.jpg,2026-01-16 - Wplingua-plugin-traduction-wordpress-multilingue - Cover article.jpg,image/jpeg,mixed_separators,medium,"Melange espaces, tirets et underscores"
14seEJ80tQ0PhMJl2XquumE9J00pIB05c,2026-01-16 - Wplingua-plugin-wordpress-traduction-multilingue - Cover article.png,2026-01-16 - Wplingua-plugin-wordpress-traduction-multilingue - Cover article.png,image/png,mixed_separators,medium,"Melange espaces, tirets et underscores"
1k9oCjo63NuAvapR1T0IsfKD_WcnaDyXy,2026-01-16 - Wplingua-logo-small - Cover article.png,2026-01-16 - Wplingua-logo-small - Cover article.png,image/png,mixed_separators,medium,"Melange espaces, tirets et underscores"
1kxvz88yWaDxQ4sjgncWPHRw9V-HNPDAF,2026-01-08 - Apprendre-wordpress-en-1-journee-formation-debutant - Cover article.jpg,2026-01-08 - Apprendre-wordpress-en-1-journee-formation-debutant - Cover article.jpg,image/jpeg,mixed_separators,medium,"Melange espaces, tirets et underscores"
1WWns3KnFAhv5_Ug43Fczaavl6WBU98P9,2026-01-03 - Masteriyo-lms-plugin-wordpress-formation-en-ligne - Cover article.jpg,2026-01-03 - Masteriyo-lms-plugin-wordpress-formation-en-ligne - Cover article.jpg,image/jpeg,mixed_separators,medium,"Melange espaces, tirets et underscores"
1uq-ySJ7ygzuuJP0Bs8zO-VQk5hix81Ab,2026-01-03 - Masteriyo-lms-plugin-wordpress-reglages-permaliens-advanced-seo - Cover article.jpg,2026-01-03 - Masteriyo-lms-plugin-wordpress-reglages-permaliens-advanced-seo - Cover article.jpg,image/jpeg,mixed_separators,medium,"Melange espaces, tirets et underscores"
1FFnKHmsWXXjdcUJ8j-BP_rRn-zIuTexS,2026-01-03 - Cours-wordpress-debutant-page-masteriyo-lms - Cover article.jpg,2026-01-03 - Cours-wordpress-debutant-page-masteriyo-lms - Cover article.jpg,image/jpeg,mixed_separators,medium,"Melange espaces, tirets et underscores"
1jbN09Ym_IqCeOM3zW-5SD41hap6CI__J,2026-01-03 - Masteriyo-lms-plugin-wordpress-content-drip-acces-progressif - Cover article.jpg,2026-01-03 - Masteriyo-lms-plugin-wordpress-content-drip-acces-progressif - Cover article.jpg,image/jpeg,mixed_separators,medium,"Melange espaces, tirets et underscores"
1qKPhGUEMyVyZC-ST-R9_KQjI-C8Pkn_3,2026-01-03 - Masteriyo-lms-plugin-wordpress-methodes-paiement-checkout - Cover article.jpg,2026-01-03 - Masteriyo-lms-plugin-wordpress-methodes-paiement-checkout - Cover article.jpg,image/jpeg,mixed_separators,medium,"Melange espaces, tirets et underscores"
1H-TJeDdLJbIHalfAY5I8pIis6IaZby46,2026-01-03 - Quiz-wordpress-debutant-masteriyo-lms-interface-apprenant - Cover article.jpg,2026-01-03 - Quiz-wordpress-debutant-masteriyo-lms-interface-apprenant - Cover article.jpg,image/jpeg,mixed_separators,medium,"Melange espaces, tirets et underscores"
1Isi5xoqJZZ9SeUKar1_IpWgx2LNrCyTN,2026-01-03 - Masteriyo-lms-plugin-wordpress-editeur-questions-quiz-qcm - Cover article.jpg,2026-01-03 - Masteriyo-lms-plugin-wordpress-editeur-questions-quiz-qcm - Cover article.jpg,image/jpeg,mixed_separators,medium,"Melange espaces, tirets et underscores"
1GNedUvG94XtMxZzBmeUTQC5BpVh4HGVJ,2026-01-03 - Masteriyo-lms-plugin-wordpress-types-questions-quiz - Cover article.jpg,2026-01-03 - Masteriyo-lms-plugin-wordpress-types-questions-quiz - Cover article.jpg,image/jpeg,mixed_separators,medium,"Melange espaces, tirets et underscores"
1MsLgOiWI3gbakcNd0LKNekGZHjIf82LH,2026-01-03 - Quiz-wordpress-debutant-masteriyo-lms-plugin-wordpress - Cover article.jpg,2026-01-03 - Quiz-wordpress-debutant-masteriyo-lms-plugin-wordpress - Cover article.jpg,image/jpeg,mixed_separators,medium,"Melange espaces, tirets et underscores"
17O6Bjn47LRugF3clmkWZFdiI8rqr86Ol,2026-01-03 - Masteriyo-lms-plugin-wordpress-builder-modules-cours - Cover article.jpg,2026-01-03 - Masteriyo-lms-plugin-wordpress-builder-modules-cours - Cover article.jpg,image/jpeg,mixed_separators,medium,"Melange espaces, tirets et underscores"
1T7e_vtgvFZSTqGnmCsK3pNcvAae8biB6,2026-01-03 - Masteriyo-lms-plugin-wordpress-choisir-type-lecon - Cover article.jpg,2026-01-03 - Masteriyo-lms-plugin-wordpress-choisir-type-lecon - Cover article.jpg,image/jpeg,mixed_separators,medium,"Melange espaces, tirets et underscores"
1PEe1xPQpmBP9X9MldicUwVsFQvHvg_07,2026-01-03 - Masteriyo-lms-plugin-wordpress-creation-cours-debutants - Cover article.jpg,2026-01-03 - Masteriyo-lms-plugin-wordpress-creation-cours-debutants - Cover article.jpg,image/jpeg,mixed_separators,medium,"Melange espaces, tirets et underscores"
1thP3uKxThXhC5GdqNLOnEh7VpF0kQgsI,2026-01-03 - Masteriyo-lms-avis-site-officiel-cours-en-ligne - Cover article.jpg,2026-01-03 - Masteriyo-lms-avis-site-officiel-cours-en-ligne - Cover article.jpg,image/jpeg,mixed_separators,medium,"Melange espaces, tirets et underscores"
1WJWS4PaC35eQ_mQA9TzX8a_E5arCq4kA,2026-01-03 - Masteriyo-retina-logo - Cover article.png,2026-01-03 - Masteriyo-retina-logo - Cover article.png,image/png,mixed_separators,medium,"Melange espaces, tirets et underscores"
1d08RfSSEI1mvCLYCQKANTxl_JGKYSwKf,2025-12-29 - Linksclub-choix-thematiques-campagne-backlinks-seo - Cover article.jpg,2025-12-29 - Linksclub-choix-thematiques-campagne-backlinks-seo - Cover article.jpg,image/jpeg,mixed_separators,medium,"Melange espaces, tirets et underscores"
1iK_u7DZsSWD7SrFbWJo35iJkun0Bz5hB,2025-12-29 - Linksclub-page-accueil-backlinks-thematiques-seo - Cover article.jpg,2025-12-29 - Linksclub-page-accueil-backlinks-thematiques-seo - Cover article.jpg,image/jpeg,mixed_separators,medium,"Melange espaces, tirets et underscores"
1dZqYIghj2baGOFn-eVjKW4zNY1T0nxYm,2025-12-29 - Linksclub-packs-dilution-amorcage-booster-tarifs - Cover article.jpg,2025-12-29 - Linksclub-packs-dilution-amorcage-booster-tarifs - Cover article.jpg,image/jpeg,mixed_separators,medium,"Melange espaces, tirets et underscores"
1o4EN80AqHENMDWGX9m3d-pqCfKljzrXf,2025-12-29 - Logo-linksclub-by-linksgarden-netlinking - Cover article.jpg,2025-12-29 - Logo-linksclub-by-linksgarden-netlinking - Cover article.jpg,image/jpeg,mixed_separators,medium,"Melange espaces, tirets et underscores"
1i1jP6SS62h_wfc5GGY9rhZnP7-S0dc1a,2025-12-29 - Linksclub-plateforme-netlinking-backlinks - Cover article.jpg,2025-12-29 - Linksclub-plateforme-netlinking-backlinks - Cover article.jpg,image/jpeg,mixed_separators,medium,"Melange espaces, tirets et underscores"
1hmEm_3PXxHIXruL26A0huqDCikzaZ-Dv,2025-12-17 - Ninja-tables-plugin-wordpress-tables-interactives-fluentcart - Cover article.jpg,2025-12-17 - Ninja-tables-plugin-wordpress-tables-interactives-fluentcart - Cover article.jpg,image/jpeg,mixed_separators,medium,"Melange espaces, tirets et underscores"
1zZxbfiBlCuwbyNSZbzvWuprfBii2rqa-,2025-12-16 - Mailerpress-email-marketing-dashboard-wordpress - Cover article.jpg,2025-12-16 - Mailerpress-email-marketing-dashboard-wordpress - Cover article.jpg,image/jpeg,mixed_separators,medium,"Melange espaces, tirets et underscores"
13ugMRA2oKrWCNpgbUV5sT3CVXus7C4Ll,2025-12-16 - Mailerpress-1-1-plugin-wordpress-email-marketing - Cover article.jpg,2025-12-16 - Mailerpress-1-1-plugin-wordpress-email-marketing - Cover article.jpg,image/jpeg,mixed_separators,medium,"Melange espaces, tirets et underscores"
19e5G3O5WUHT-BEUkd41tbNF9-ikYUX0i,2025-12-09 - Metricool-test-complet-avis - Cover article.jpg,2025-12-09 - Metricool-test-complet-avis - Cover article.jpg,image/jpeg,mixed_separators,medium,"Melange espaces, tirets et underscores"
14j7YqsomWQo4j3c_TFdJ45wzwiES3yTL,2025-11-29 - Metricool-avis-outil-gestion-reseaux-sociaux - Cover article.jpg,2025-11-29 - Metricool-avis-outil-gestion-reseaux-sociaux - Cover article.jpg,image/jpeg,mixed_separators,medium,"Melange espaces, tirets et underscores"
1xnvsIF180FPBR_-eXKB8eV9p7F3kHHGs,2025-11-27 - Fluentcart-plugin-wordpress-ecommerce - Cover article.jpg,2025-11-27 - Fluentcart-plugin-wordpress-ecommerce - Cover article.jpg,image/jpeg,mixed_separators,medium,"Melange espaces, tirets et underscores"
1pydiRM16cdAvCmsXP93bU5JwI5gnqFCH,2025-11-27 - Wordpress-6-9-nouveautes-ia-collaboration - Cover article.jpg,2025-11-27 - Wordpress-6-9-nouveautes-ia-collaboration - Cover article.jpg,image/jpeg,mixed_separators,medium,"Melange espaces, tirets et underscores"
1TNTBPFdVcxlHeZk2Mm0OsDrUZsyp7a5F,2025-11-21 - Apprendre-wordpress-difficulte - Cover article.jpg,2025-11-21 - Apprendre-wordpress-difficulte - Cover article.jpg,image/jpeg,mixed_separators,medium,"Melange espaces, tirets et underscores"
1C_LsVxNZ4DnD3jujAQeqTliMPpABXq0h,2025-10-24 - Easycommerce-emails-automatiques-plugin-wordpress - Cover article.jpg,2025-10-24 - Easycommerce-emails-automatiques-plugin-wordpress - Cover article.jpg,image/jpeg,mixed_separators,medium,"Melange espaces, tirets et underscores"
1mBw5ckGz9hAhwRpZ2TJcEET6gJvThf0M,2025-10-24 - Easycommerce-tableau-de-bord-produits-wordpress - Cover article.jpg,2025-10-24 - Easycommerce-tableau-de-bord-produits-wordpress - Cover article.jpg,image/jpeg,mixed_separators,medium,"Melange espaces, tirets et underscores"
1SkdxnmJNZtJQbQGmiboOdSPW6ZLyyhhR,2025-10-24 - Easycommerce-plugin-wordpress-test - Cover article.jpg,2025-10-24 - Easycommerce-plugin-wordpress-test - Cover article.jpg,image/jpeg,mixed_separators,medium,"Melange espaces, tirets et underscores"
1_pEhVhH95ey7VwTsKDD6NztBQpFAqckz,2025-10-21 - Easycommerce-plugin-wordpress-avis - Cover article.jpg,2025-10-21 - Easycommerce-plugin-wordpress-avis - Cover article.jpg,image/jpeg,mixed_separators,medium,"Melange espaces, tirets et underscores"
1u9XPVFMhhmIBjJmYn02-fQ377PQMlTiN,2025-10-17 - Bit-flows-plugin-wordpress-licence-lifetime - Cover article.jpg,2025-10-17 - Bit-flows-plugin-wordpress-licence-lifetime - Cover article.jpg,image/jpeg,mixed_separators,medium,"Melange espaces, tirets et underscores"
1c80KUB7T0inZLUgW3B2UZtXm1OAZ6NM4,2025-10-17 - Bit-flows-plugin-wordpress-tarifs-licences - Cover article.jpg,2025-10-17 - Bit-flows-plugin-wordpress-tarifs-licences - Cover article.jpg,image/jpeg,mixed_separators,medium,"Melange espaces, tirets et underscores"
1FK4bw-t-6To4HSk9eohJG5NhatAlJllY,2025-10-17 - Bit-flows-plugin-wordpress-interface-workflow - Cover article.jpg,2025-10-17 - Bit-flows-plugin-wordpress-interface-workflow - Cover article.jpg,image/jpeg,mixed_separators,medium,"Melange espaces, tirets et underscores"
1jkdWasnZD9pZNAvpBNk_xAPD8VjvFZL9,2025-10-17 - Plugin-sceenshot-7 - Cover article.jpg,2025-10-17 - Plugin-sceenshot-7 - Cover article.jpg,image/jpeg,mixed_separators,medium,"Melange espaces, tirets et underscores"
1m2ym1dNgJph99cABIQoYTOvwd9rb8hjB,2025-10-17 - Bit-flows-plugin-wordpress-creation-workflow - Cover article.jpg,2025-10-17 - Bit-flows-plugin-wordpress-creation-workflow - Cover article.jpg,image/jpeg,mixed_separators,medium,"Melange espaces, tirets et underscores"
1HoTY5F9ujXUWZs243tS32Onn5p3Xok5b,2025-10-17 - Bit-flows-plugin-wordpress-workflow-webhook - Cover article.jpg,2025-10-17 - Bit-flows-plugin-wordpress-workflow-webhook - Cover article.jpg,image/jpeg,mixed_separators,medium,"Melange espaces, tirets et underscores"
1pbZB8HOPoJoeiMzdxMnTxr07UrAS4Na8,2025-10-17 - Bit-flows-plugin-wordpress-zapier-alternative - Cover article.jpg,2025-10-17 - Bit-flows-plugin-wordpress-zapier-alternative - Cover article.jpg,image/jpeg,mixed_separators,medium,"Melange espaces, tirets et underscores"
1v5XGrITtB-DKRrLpBxqCKhG_8pCWDUui,2025-10-17 - Bit-flows-ai-plugin-wordpress-automation - Cover article.jpg,2025-10-17 - Bit-flows-ai-plugin-wordpress-automation - Cover article.jpg,image/jpeg,mixed_separators,medium,"Melange espaces, tirets et underscores"
1jIB17qU8ayJcft_z8GYO2Z0UuFPu7Qpp,2025-10-10 - Bit-flows-plugin-wordpress-automation-avis - Cover article.jpg,2025-10-10 - Bit-flows-plugin-wordpress-automation-avis - Cover article.jpg,image/jpeg,mixed_separators,medium,"Melange espaces, tirets et underscores"
1zGLN4u7wpxDhPfQEPl7ioYUbIO1xcvca,2025-09-25 - Pageradar-robots-txt-monitoring - Cover article.jpg,2025-09-25 - Pageradar-robots-txt-monitoring - Cover article.jpg,image/jpeg,mixed_separators,medium,"Melange espaces, tirets et underscores"
1MBR-MyWQaGjlngQ-HtdoZCoRYEAnP7RN,2025-09-25 - Pageradar-liens-affilies - Cover article.jpg,2025-09-25 - Pageradar-liens-affilies - Cover article.jpg,image/jpeg,mixed_separators,medium,"Melange espaces, tirets et underscores"
1G8exmI1cN8PQj2lPNleB9tNnEruEVcCy,2025-09-25 - Pageradar-html-monitor-details - Cover article.jpg,2025-09-25 - Pageradar-html-monitor-details - Cover article.jpg,image/jpeg,mixed_separators,medium,"Melange espaces, tirets et underscores"
1PnOzn2j8sBdF3LGvcGVbzeIZszf76_CO,2025-09-25 - Pageradar-monitoring-html-seo - Cover article.jpg,2025-09-25 - Pageradar-monitoring-html-seo - Cover article.jpg,image/jpeg,mixed_separators,medium,"Melange espaces, tirets et underscores"
14mVIge1NEN2YG1GftFlVRyQ3Y0G5dPf_,2025-09-25 - Pageradar-core-web-vitals - Cover article.jpg,2025-09-25 - Pageradar-core-web-vitals - Cover article.jpg,image/jpeg,mixed_separators,medium,"Melange espaces, tirets et underscores"
1d371HSjlqd4QvkrzflWdpUDbNeAGZ4r5,2025-09-25 - Pageradar-dashboard-seo - Cover article.jpg,2025-09-25 - Pageradar-dashboard-seo - Cover article.jpg,image/jpeg,mixed_separators,medium,"Melange espaces, tirets et underscores"
1VJjnUb2CYu9nHWoX-xv7gICanEbab0MH,2025-09-25 - Pageradar-seo-alert-tracker - Cover article.jpg,2025-09-25 - Pageradar-seo-alert-tracker - Cover article.jpg,image/jpeg,mixed_separators,medium,"Melange espaces, tirets et underscores"
1NhBbjCP6MiE_Xq-PYjPbhH9gvldAhfm8,2025-09-25 - Pageradar-avis-outil-seo - Cover article.jpg,2025-09-25 - Pageradar-avis-outil-seo - Cover article.jpg,image/jpeg,mixed_separators,medium,"Melange espaces, tirets et underscores"
1GhW9y9HHYJ8BfxXEZyZ3Tv1Fqs_Pxrd9,2025-09-22 - Virfice-plugin-wordpress-woocommerce-notifications - Cover article.jpg,2025-09-22 - Virfice-plugin-wordpress-woocommerce-notifications - Cover article.jpg,image/jpeg,mixed_separators,medium,"Melange espaces, tirets et underscores"
1EnGSV5qhTkG1yGBhhZWApXGqSgysrlzC,2025-09-22 - Virfice-woocommerce-email-personnalisation - Cover article.jpg,2025-09-22 - Virfice-woocommerce-email-personnalisation - Cover article.jpg,image/jpeg,mixed_separators,medium,"Melange espaces, tirets et underscores"
1Db2eItHtllNlyPxRxgC0_mLDTwn2MKdL,2025-09-22 - Virfice-plugin-wordpress-brand-reseaux-sociaux - Cover article.jpg,2025-09-22 - Virfice-plugin-wordpress-brand-reseaux-sociaux - Cover article.jpg,image/jpeg,mixed_separators,medium,"Melange espaces, tirets et underscores"
1EQ3SnuMLaMSBrRdkcYIG1m_3VMU94Tnh,2025-09-22 - Virfice-configuration-email-woocommerce - Cover article.jpg,2025-09-22 - Virfice-configuration-email-woocommerce - Cover article.jpg,image/jpeg,mixed_separators,medium,"Melange espaces, tirets et underscores"
1D2pDpy0McxiEF48ybLKlfpBgGXDdOHsc,2025-09-22 - Virfice-plugin-wordpress-emails-woocommerce - Cover article.jpg,2025-09-22 - Virfice-plugin-wordpress-emails-woocommerce - Cover article.jpg,image/jpeg,mixed_separators,medium,"Melange espaces, tirets et underscores"
1i1ZVwRNZiH5e2TTVa1d4xYCTyxKuuEeU,2025-09-22 - Virfice-avis-plugin-wordpress-woocommerce-emails - Cover article.jpg,2025-09-22 - Virfice-avis-plugin-wordpress-woocommerce-emails - Cover article.jpg,image/jpeg,mixed_separators,medium,"Melange espaces, tirets et underscores"
1FJMcZlm7uY-k1XqlcCpCa7PLWk7G3MHo,2025-09-22 - Virfice-woocommerce-email-builder - Cover article.jpg,2025-09-22 - Virfice-woocommerce-email-builder - Cover article.jpg,image/jpeg,mixed_separators,medium,"Melange espaces, tirets et underscores"
1ED7Ztpo9Lt5rl_47UjwsN379wC7C8g_5,2025-09-13 - Fluentsmtp-email-test-plugin-smtp-wordpress - Cover article.jpg,2025-09-13 - Fluentsmtp-email-test-plugin-smtp-wordpress - Cover article.jpg,image/jpeg,mixed_separators,medium,"Melange espaces, tirets et underscores"
1BAOqmadlRTtuQmzhYIGqwioJxlz3CkeP,2025-09-13 - Fluentsmtp-alertes-notifications-plugin-wordpress - Cover article.jpg,2025-09-13 - Fluentsmtp-alertes-notifications-plugin-wordpress - Cover article.jpg,image/jpeg,mixed_separators,medium,"Melange espaces, tirets et underscores"
1yWgsxsCxwyGhiqGzVtN-4jpknJdhuAah,2025-09-13 - Fluentsmtp-logs-journaux-emails-plugin-wordpress - Cover article.jpg,2025-09-13 - Fluentsmtp-logs-journaux-emails-plugin-wordpress - Cover article.jpg,image/jpeg,mixed_separators,medium,"Melange espaces, tirets et underscores"
1Ognxh85AbUZz6lz64g9ESyFfiX5a4ysp,2025-09-13 - Fluentsmtp-configuration-plugin-wordpress-smtp - Cover article.jpg,2025-09-13 - Fluentsmtp-configuration-plugin-wordpress-smtp - Cover article.jpg,image/jpeg,mixed_separators,medium,"Melange espaces, tirets et underscores"
1W1UhDgOHU62RGtuX7tw88PGfMN0dA739,2025-09-06 - Fluentsmtp-plugin-wordpress-smtp-free - Cover article.jpg,2025-09-06 - Fluentsmtp-plugin-wordpress-smtp-free - Cover article.jpg,image/jpeg,mixed_separators,medium,"Melange espaces, tirets et underscores"
1bX983xHlAud0urQz071nRCElucoTqY4p,2025-09-11 - Fluentsmtp-plugin-wordpress-smtp-gratuit - Cover article.jpg,2025-09-11 - Fluentsmtp-plugin-wordpress-smtp-gratuit - Cover article.jpg,image/jpeg,mixed_separators,medium,"Melange espaces, tirets et underscores"
1XArAUf0aPuhAVhWV5_g15iGZcRmPRXjb,2025-08-30 - Pulse-avis-banniere-article-fiches-produits-ecommerce - Cover article.jpg,2025-08-30 - Pulse-avis-banniere-article-fiches-produits-ecommerce - Cover article.jpg,image/jpeg,mixed_separators,medium,"Melange espaces, tirets et underscores"
1bhPpyfmPrj-JRAIHTuefMMFo7eSwKC41,2025-01-31 - Logo skoatch - Cover article.jpg_large,2025-01-31 - Logo skoatch - Cover article.jpg_large,image/jpeg,mixed_separators,medium,"Melange espaces, tirets et underscores"
1bLfaUV5q_G2sHjlHghvaD1qx9qag5Pzz,2025-01-30 - Concours-schoolswp-skoatch-gagnez-cadeau - Cover article.jpg,2025-01-30 - Concours-schoolswp-skoatch-gagnez-cadeau - Cover article.jpg,image/jpeg,mixed_separators,medium,"Melange espaces, tirets et underscores"
1aePDYzAAYnqjW0ufl_BT2GqqZRkBrnkc,2025-01-24 - Skoatch-performance-redaction-ia - Cover article.jpg,2025-01-24 - Skoatch-performance-redaction-ia - Cover article.jpg,image/jpeg,mixed_separators,medium,"Melange espaces, tirets et underscores"
1ad2BmlwTaSf4VXdbNrx18NX_mJzdiwuf,2025-01-24 - Plans-skoatch-prix-creation-contenu - Cover article.jpg,2025-01-24 - Plans-skoatch-prix-creation-contenu - Cover article.jpg,image/jpeg,mixed_separators,medium,"Melange espaces, tirets et underscores"
1aaADbQGE8WcvltyphI0kKoUT_dIuS3s-,2025-01-24 - Tableau-de-bord-skoatch-schoolswp-seo - Cover article.jpg,2025-01-24 - Tableau-de-bord-skoatch-schoolswp-seo - Cover article.jpg,image/jpeg,mixed_separators,medium,"Melange espaces, tirets et underscores"
1aRBtsWMyrIdP-ET5mr23cw0eFtjxQOG_,2025-01-24 - Interface-skoatch-creation-de-personas - Cover article.jpg,2025-01-24 - Interface-skoatch-creation-de-personas - Cover article.jpg,image/jpeg,mixed_separators,medium,"Melange espaces, tirets et underscores"
1aQcVXGK6ZR6rqsve32SYPnNErxJMCSBP,2025-01-24 - Skoatch-interface-gestion-wordpress - Cover article.jpg,2025-01-24 - Skoatch-interface-gestion-wordpress - Cover article.jpg,image/jpeg,mixed_separators,medium,"Melange espaces, tirets et underscores"
1aOICIQk4YkuN-vSIm3pksKQ984BEXADa,2025-01-24 - Skoatch-inscription-creation-compte-automatisation - Cover article.jpg,2025-01-24 - Skoatch-inscription-creation-compte-automatisation - Cover article.jpg,image/jpeg,mixed_separators,medium,"Melange espaces, tirets et underscores"
1aKlsOaBYczGWZaIkXLHHAj4Gvrz9_ilV,2025-01-23 - Skoatch-generateur-articles-1-clic - Cover article.jpg,2025-01-23 - Skoatch-generateur-articles-1-clic - Cover article.jpg,image/jpeg,mixed_separators,medium,"Melange espaces, tirets et underscores"
1YP__x4Azz3T4iEWmHMS0ecRc50gE-MDw,2025-01-13 - Forfaits-seo-options-loutre - Cover article.jpg,2025-01-13 - Forfaits-seo-options-loutre - Cover article.jpg,image/jpeg,mixed_separators,medium,"Melange espaces, tirets et underscores"
1YN87ChktomA8Mbj_tv1UJYN6WqLSnciV,2025-01-13 - Comparatif-forfaits-seo-traduction-international - Cover article.jpg,2025-01-13 - Comparatif-forfaits-seo-traduction-international - Cover article.jpg,image/jpeg,mixed_separators,medium,"Melange espaces, tirets et underscores"
1YMvFy7qa7ALz2cmXD93GpGmyHZsM2AaB,2025-01-13 - Plugin-traduction-wordpress-seo - Cover article.jpg,2025-01-13 - Plugin-traduction-wordpress-seo - Cover article.jpg,image/jpeg,mixed_separators,medium,"Melange espaces, tirets et underscores"
1YIXm6QfTyko0IRkARYJmXrxtkGoggp-Y,2025-01-11 - Traduire-sans-migraine-plugin-wordpress - Cover article.jpg,2025-01-11 - Traduire-sans-migraine-plugin-wordpress - Cover article.jpg,image/jpeg,mixed_separators,medium,"Melange espaces, tirets et underscores"
1Wbsti0sTYFFBI7f0cxGKNm_8j9-CXpqB,2025-01-10 - Wp-umbrella-rapport-mensuel-maintenance - Cover article.jpg,2025-01-10 - Wp-umbrella-rapport-mensuel-maintenance - Cover article.jpg,image/jpeg,mixed_separators,medium,"Melange espaces, tirets et underscores"
1WTrs4V9zt_tgzmGE-veWms1ZUfyfQfor,2025-01-10 - Rapports-maintenance-mensuels-gestion-schoolswp - Cover article.jpg,2025-01-10 - Rapports-maintenance-mensuels-gestion-schoolswp - Cover article.jpg,image/jpeg,mixed_separators,medium,"Melange espaces, tirets et underscores"
1WMxExxT9sPRHsy0rd1OFq_59SFtN5FkV,2025-01-10 - Gestion-alertes-temps-reel-sites-web - Cover article.jpg,2025-01-10 - Gestion-alertes-temps-reel-sites-web - Cover article.jpg,image/jpeg,mixed_separators,medium,"Melange espaces, tirets et underscores"
1W7iPVvlhDRJZRISexe2X0V_hL3BH08Q2,2025-01-10 - Rapport-securite-wordpress - Cover article.jpg,2025-01-10 - Rapport-securite-wordpress - Cover article.jpg,image/jpeg,mixed_separators,medium,"Melange espaces, tirets et underscores"
1W6kLdYaHNsTqCw1_jzpB-VtJgSKbktIN,2025-01-10 - Gestion-plugins-wordpress-mon-mini-electro - Cover article.jpg,2025-01-10 - Gestion-plugins-wordpress-mon-mini-electro - Cover article.jpg,image/jpeg,mixed_separators,medium,"Melange espaces, tirets et underscores"
1W5C8XJDV3VllH3Q_MU9Y2VSci-uyvDBE,2025-01-10 - Monitoring-uptime-domaine-schoolswp - Cover article.jpg,2025-01-10 - Monitoring-uptime-domaine-schoolswp - Cover article.jpg,image/jpeg,mixed_separators,medium,"Melange espaces, tirets et underscores"
1W3lJXehxovBAiwFVVD9E9twvbhmblokJ,2025-01-10 - Tableau-de-bord-gestion-sites-wordpress - Cover article.jpg,2025-01-10 - Tableau-de-bord-gestion-sites-wordpress - Cover article.jpg,image/jpeg,mixed_separators,medium,"Melange espaces, tirets et underscores"
1W1pI1oeAECWgHC-uxZx5b7I8bpfTWwOA,2025-01-10 - Outil-gestion-wordpress-wp-umbrella - Cover article.jpg,2025-01-10 - Outil-gestion-wordpress-wp-umbrella - Cover article.jpg,image/jpeg,mixed_separators,medium,"Melange espaces, tirets et underscores"
1VWTSLpaYzWqm-3tcYA-rfZx9nzXtGpIi,2025-01-10 - Wp-umbrella-pourquoi-agences-wordpress-adorent - Cover article.jpg,2025-01-10 - Wp-umbrella-pourquoi-agences-wordpress-adorent - Cover article.jpg,image/jpeg,mixed_separators,medium,"Melange espaces, tirets et underscores"
1Q3AfEQsLOBbp3DgHurgheEsAxNULskLF,2025-01-02 - Gutenberg-editeur-wordpress - Cover article.jpg,2025-01-02 - Gutenberg-editeur-wordpress - Cover article.jpg,image/jpeg,mixed_separators,medium,"Melange espaces, tirets et underscores"
1PC7C8_z_1wL30esXLxXxCksY60WexTeq,2025-01-01 - Gutenberg-wordpress-introduction-editeur-blocs - Cover article.jpg,2025-01-01 - Gutenberg-wordpress-introduction-editeur-blocs - Cover article.jpg,image/jpeg,mixed_separators,medium,"Melange espaces, tirets et underscores"
1TdpdtLc6ADVwHC6AXZgBWNuUTP4siY5L,2025-01-09 - Analyse-comparative-seo-concurrents - Cover article.jpg,2025-01-09 - Analyse-comparative-seo-concurrents - Cover article.jpg,image/jpeg,mixed_separators,medium,"Melange espaces, tirets et underscores"
1TcWlLzoRCeP_Ml67ijNmRoL0TXVuRZF-,2025-01-09 - Analyse-seo-score-indicateurs-optimisation - Cover article.jpg,2025-01-09 - Analyse-seo-score-indicateurs-optimisation - Cover article.jpg,image/jpeg,mixed_separators,medium,"Melange espaces, tirets et underscores"
1TSWAzZRloaT7w7ETHglmFUkkkgCQRp7S,2025-01-08 - Optimisation-seo-thot-strategie-maillage-interne - Cover article.jpg,2025-01-08 - Optimisation-seo-thot-strategie-maillage-interne - Cover article.jpg,image/jpeg,mixed_separators,medium,"Melange espaces, tirets et underscores"
1TZotBXJbf7BpAw2UxcuxMC1HUst89sKs,2025-01-08 - Analyse-mots-cles-optimisation-seo - Cover article.jpg,2025-01-08 - Analyse-mots-cles-optimisation-seo - Cover article.jpg,image/jpeg,mixed_separators,medium,"Melange espaces, tirets et underscores"
1TRtGtGsSOqoN6dZaZF5NZSxTB78E3SFr,2025-01-08 - Interface-outil-thot-seo-analyse-mots-cles - Cover article.jpg,2025-01-08 - Interface-outil-thot-seo-analyse-mots-cles - Cover article.jpg,image/jpeg,mixed_separators,medium,"Melange espaces, tirets et underscores"
1T7yEkNC_6RU7GFd2VzNFMx3DcxJ6HxBQ,2025-01-08 - Thot-seo-optimisation-contenu-referencement - Cover article.jpg,2025-01-08 - Thot-seo-optimisation-contenu-referencement - Cover article.jpg,image/jpeg,mixed_separators,medium,"Melange espaces, tirets et underscores"
1T6y_0Z8wUF4bTO536yND4MMH_YuqGimp,2025-01-08 - Interface-thot-seo-analyse-optimisation - Cover article.jpg,2025-01-08 - Interface-thot-seo-analyse-optimisation - Cover article.jpg,image/jpeg,mixed_separators,medium,"Melange espaces, tirets et underscores"
1T-biPxnMtgvwl2cCA0EKbQ48rJt5lw76,2025-01-08 - Logo-thot-seo-expertise-referencement-naturel - Cover article.jpg,2025-01-08 - Logo-thot-seo-expertise-referencement-naturel - Cover article.jpg,image/jpeg,mixed_separators,medium,"Melange espaces, tirets et underscores"
1SvaFVFEozm8_7AHn1v3IDpB7iL24eDa4,2025-01-08 - Thotseo-optimisation-contenu-seo - Cover article.jpg,2025-01-08 - Thotseo-optimisation-contenu-seo - Cover article.jpg,image/jpeg,mixed_separators,medium,"Melange espaces, tirets et underscores"
1OjxKtLCmsEZ5LLVNj9A3lEBLgMBoDeRV,2024-12-27 - Pourquoi-thot-seo-outil-optimisation-semantique-numero-1 - Cover article.jpg,2024-12-27 - Pourquoi-thot-seo-outil-optimisation-semantique-numero-1 - Cover article.jpg,image/jpeg,mixed_separators,medium,"Melange espaces, tirets et underscores"
1LGhZcqZOX3MoD1imq067TPiUM1QvLX7m,2024-12-19 - Fluentcommunity-gestion-communautes-en-ligne-interface - Cover article.jpg,2024-12-19 - Fluentcommunity-gestion-communautes-en-ligne-interface - Cover article.jpg,image/jpeg,mixed_separators,medium,"Melange espaces, tirets et underscores"
1LEY7Mp4DI9Kl4QCqeCKUU-wx579ECbj3,2024-12-19 - Group-1321316680 - Cover article.webp,2024-12-19 - Group-1321316680 - Cover article.webp,image/webp,mixed_separators,medium,"Melange espaces, tirets et underscores"
1LB0dKUWS3C6vI4ayyZMGaDyIr4Z1MHc4,2024-12-19 - Fluentcommunity-plugin-wordpress-rapide-organisations - Cover article.jpg,2024-12-19 - Fluentcommunity-plugin-wordpress-rapide-organisations - Cover article.jpg,image/jpeg,mixed_separators,medium,"Melange espaces, tirets et underscores"
1JVHRnwJg8qn8_jhEmxcj9GwD6BTEoLXs,2024-12-12 - Fluentcommunity-plugin-creer-communaute-wordpress - Cover article.jpg,2024-12-12 - Fluentcommunity-plugin-creer-communaute-wordpress - Cover article.jpg,image/jpeg,mixed_separators,medium,"Melange espaces, tirets et underscores"
1JQGPKx0jyli3UWDC43cKxUMsQdYI61HY,2024-12-12 - Stripe-wordpress-mode-live-test-configuration - Cover article.jpg,2024-12-12 - Stripe-wordpress-mode-live-test-configuration - Cover article.jpg,image/jpeg,mixed_separators,medium,"Melange espaces, tirets et underscores"
1JQ8mICwi6DzgymlsOSRRJEzjJFWNozaX,2024-12-12 - Parametres-stripe-wp-marmite-pay - Cover article.jpg,2024-12-12 - Parametres-stripe-wp-marmite-pay - Cover article.jpg,image/jpeg,mixed_separators,medium,"Melange espaces, tirets et underscores"
1JI5uzt4d4007_TkBuZ8A5Gy0ow4ivYAc,2024-12-12 - Configuration-emails-wordpress-wp-marmite-pay - Cover article.jpg,2024-12-12 - Configuration-emails-wordpress-wp-marmite-pay - Cover article.jpg,image/jpeg,mixed_separators,medium,"Melange espaces, tirets et underscores"
1JHXBPwTYT6N2y6FFBqg7Nsi_y3dk5KMp,2024-12-12 - Reglages-wpmarmite-pay-stripe-api-webhook - Cover article.jpg,2024-12-12 - Reglages-wpmarmite-pay-stripe-api-webhook - Cover article.jpg,image/jpeg,mixed_separators,medium,"Melange espaces, tirets et underscores"
1J3Ys9T0ZJrRb3qFr9bSidV9VuJV4UKn1,2024-12-11 - Vendre-rapidement-wordpress-wpmarmite-pay - Cover article.jpg,2024-12-11 - Vendre-rapidement-wordpress-wpmarmite-pay - Cover article.jpg,image/jpeg,mixed_separators,medium,"Melange espaces, tirets et underscores"
1EdKCrsfpcZCl9avDj1PnO3i-E84siV-P,2024-12-05 - Creation-site-wordpress-sur-mesure-avantages - Cover article.jpg,2024-12-05 - Creation-site-wordpress-sur-mesure-avantages - Cover article.jpg,image/jpeg,mixed_separators,medium,"Melange espaces, tirets et underscores"
1C-v7tNaI6H4-wPxzVdv-C0ASR2GqkcIQ,2024-11-26 - Gestion-themes-wordpress - Cover article.jpg,2024-11-26 - Gestion-themes-wordpress - Cover article.jpg,image/jpeg,mixed_separators,medium,"Melange espaces, tirets et underscores"
1BzOLm0qpIU6B3ed7FLHSW0ZoAuqld3y9,2024-11-26 - Theme-frost-wordpress-page-accueil - Cover article.jpg,2024-11-26 - Theme-frost-wordpress-page-accueil - Cover article.jpg,image/jpeg,mixed_separators,medium,"Melange espaces, tirets et underscores"
1ByVtowHLq-aAzb_CY8YmUyyYJjJ6enH-,2024-11-26 - Gestion-plugins-wordpress - Cover article.jpg,2024-11-26 - Gestion-plugins-wordpress - Cover article.jpg,image/jpeg,mixed_separators,medium,"Melange espaces, tirets et underscores"
1BnUfQ7EdFwL5Vh--p4Y_lnmtc9-Tmrj2,2024-11-26 - Page-accueil-wordpress-playground - Cover article.jpg,2024-11-26 - Page-accueil-wordpress-playground - Cover article.jpg,image/jpeg,mixed_separators,medium,"Melange espaces, tirets et underscores"
1AQrswbA5c_Tfc8rATdf6BQWGxNEF17TO,2024-11-25 - Tableau-de-bord-wordpress-plugin-surecart - Cover article.jpg,2024-11-25 - Tableau-de-bord-wordpress-plugin-surecart - Cover article.jpg,image/jpeg,mixed_separators,medium,"Melange espaces, tirets et underscores"
1BaeaiZC6k3yEFwygaB6LzHmZYJ9WU4QS,2024-11-26 - Preparation-initialisation-wordpress - Cover article.jpg,2024-11-26 - Preparation-initialisation-wordpress - Cover article.jpg,image/jpeg,mixed_separators,medium,"Melange espaces, tirets et underscores"
1Bi47_AT2MErus-wLrDgMYsd5HYfyj13e,2024-11-26 - Activation-plugin-surecart-wordpress - Cover article.jpg,2024-11-26 - Activation-plugin-surecart-wordpress - Cover article.jpg,image/jpeg,mixed_separators,medium,"Melange espaces, tirets et underscores"
1Biquepi2d8CXXy_1M7M_gU9Sxp2Avt--,2024-11-26 - Installation-plugin-surecart-wordpress - Cover article.jpg,2024-11-26 - Installation-plugin-surecart-wordpress - Cover article.jpg,image/jpeg,mixed_separators,medium,"Melange espaces, tirets et underscores"
1AMbM6e5AB0YtrUWvoMBIeBhGl4LxvFNY,2024-11-25 - Configuration-wordpress-6-7-php-8-langue-francaise - Cover article.jpg,2024-11-25 - Configuration-wordpress-6-7-php-8-langue-francaise - Cover article.jpg,image/jpeg,mixed_separators,medium,"Melange espaces, tirets et underscores"
1ALX4X5NVSrtCDUcVP3emvW80uluW6irv,2024-11-25 - Page-accueil-wordpress-hello-world - Cover article.jpg,2024-11-25 - Page-accueil-wordpress-hello-world - Cover article.jpg,image/jpeg,mixed_separators,medium,"Melange espaces, tirets et underscores"
1A85sWHT6bV6R3g_e5K_VhqrVKsLcCXrW,2024-11-25 - Wordpress-playground-cest-quoi - Cover article.jpg,2024-11-25 - Wordpress-playground-cest-quoi - Cover article.jpg,image/jpeg,mixed_separators,medium,"Melange espaces, tirets et underscores"
19aVaW279czFN8xgIbrOU11YdltX4i3hj,2024-11-24 - Link-finder-comparateur-plateformes-netlinking - Cover article.jpg,2024-11-24 - Link-finder-comparateur-plateformes-netlinking - Cover article.jpg,image/jpeg,mixed_separators,medium,"Melange espaces, tirets et underscores"
19L3G9NCPtsm6I_9xWPP4YJJgcpXOCzSY,2024-11-21 - Link-finder-optimisation-netlinking-moindre-cout - Cover article.jpg,2024-11-21 - Link-finder-optimisation-netlinking-moindre-cout - Cover article.jpg,image/jpeg,mixed_separators,medium,"Melange espaces, tirets et underscores"
19CAdHXnHPsMGSu4oHye9YVMqbjAKmD2c,2024-11-21 - Slug-wordpress-importance-seo - Cover article.jpg,2024-11-21 - Slug-wordpress-importance-seo - Cover article.jpg,image/jpeg,mixed_separators,medium,"Melange espaces, tirets et underscores"
198a-tcdDblV2Ci10BiedhqNsRGBdGy10,2024-11-21 - Slug-wordpress-amelioration-seo - Cover article.jpg,2024-11-21 - Slug-wordpress-amelioration-seo - Cover article.jpg,image/jpeg,mixed_separators,medium,"Melange espaces, tirets et underscores"
18YOr4ZrrVUEo8Chp0b3jlN1dT9SE-vG-,2024-11-20 - Slug-wordpress-optimisation-seo - Cover article.jpg,2024-11-20 - Slug-wordpress-optimisation-seo - Cover article.jpg,image/jpeg,mixed_separators,medium,"Melange espaces, tirets et underscores"
11PmHXgge2eIE30XzFdme9Od7AYrI8ZCc,2024-11-06 - Configuration-avancee-site-wordpress-tastewp - Cover article.jpg,2024-11-06 - Configuration-avancee-site-wordpress-tastewp - Cover article.jpg,image/jpeg,mixed_separators,medium,"Melange espaces, tirets et underscores"
11P6MjT-CtTYytAbtGgpE5_QQuFg1Vob0,2024-11-06 - Confirmation-creation-site-wordpress-expiration-tastewp - Cover article.jpg,2024-11-06 - Confirmation-creation-site-wordpress-expiration-tastewp - Cover article.jpg,image/jpeg,mixed_separators,medium,"Melange espaces, tirets et underscores"
11FaVcUmCmhzKlxDFopYKOqX_qeYupfgg,2024-11-06 - Confirmation-creation-site-wordpress-tastewp - Cover article.jpg,2024-11-06 - Confirmation-creation-site-wordpress-tastewp - Cover article.jpg,image/jpeg,mixed_separators,medium,"Melange espaces, tirets et underscores"
11DldGx4fb07sVbWv6GgsqyPT-RXmcHqD,2024-11-06 - Creation-site-wordpress-en-ligne-tastewp - Cover article.jpg,2024-11-06 - Creation-site-wordpress-en-ligne-tastewp - Cover article.jpg,image/jpeg,mixed_separators,medium,"Melange espaces, tirets et underscores"
11MVO7Ekzdz1Geilvnkv-p7ZWH9UP8ABP,2024-11-06 - Tastewp-creation-facile-site-wordpress-en-ligne - Cover article.jpg,2024-11-06 - Tastewp-creation-facile-site-wordpress-en-ligne - Cover article.jpg,image/jpeg,mixed_separators,medium,"Melange espaces, tirets et underscores"
1npdBUFRq0Y7t4YVaCH0GeYD_Erihb2do,2024-08-17 - Creez-site-wordpress-instawp-schoolswp - Cover article.jpg,2024-08-17 - Creez-site-wordpress-instawp-schoolswp - Cover article.jpg,image/jpeg,mixed_separators,medium,"Melange espaces, tirets et underscores"
1XaEg2kTB0NbanRk0LJrEqWxDOdETlBkZ,2024-06-24 - Instawp-construction-site-wordpress-rapide - Cover article.jpg,2024-06-24 - Instawp-construction-site-wordpress-rapide - Cover article.jpg,image/jpeg,mixed_separators,medium,"Melange espaces, tirets et underscores"
1XUNG8hynch0bEN4HsA-WvEW2Rc0Edaeb,2024-06-24 - Instawp-creation-site-wordpress-rapide - Cover article.jpg,2024-06-24 - Instawp-creation-site-wordpress-rapide - Cover article.jpg,image/jpeg,mixed_separators,medium,"Melange espaces, tirets et underscores"
1XnOl2fv3GqWSwWP_vaorrrfAUVvtS7EK,2024-06-25 - Guide-structure-article-wordpress-seo - Cover article.jpg,2024-06-25 - Guide-structure-article-wordpress-seo - Cover article.jpg,image/jpeg,mixed_separators,medium,"Melange espaces, tirets et underscores"
1Xgn6V8neRIKPKldu1tu5LJ29Zfz9L065,2024-06-25 - Diagram 65b1ea4b8ed647b28be61a0e11c3c241 - Cover article.png,2024-06-25 - Diagram 65b1ea4b8ed647b28be61a0e11c3c241 - Cover article.png,image/png,mixed_separators,medium,"Melange espaces, tirets et underscores"
1wBZtJdqMraZ2H8rR0B9Y78QRZUCp7Orx,2024-09-30 - Comparatif-zipwp-vs-instawp-lancer-wordpress-rapidement - Cover article.jpg,2024-09-30 - Comparatif-zipwp-vs-instawp-lancer-wordpress-rapidement - Cover article.jpg,image/jpeg,mixed_separators,medium,"Melange espaces, tirets et underscores"
1wDvNjLy1JH8kOxCSd9VzOepZsO17SUCr,2024-10-02 - Restrict-content-pro-plugin-wordpress-gestion-contenu - Cover article.jpg,2024-10-02 - Restrict-content-pro-plugin-wordpress-gestion-contenu - Cover article.jpg,image/jpeg,mixed_separators,medium,"Melange espaces, tirets et underscores"
1vJQDvg6LuHqPwmbAR8xr74LN5jjX-7mD,2024-09-25 - Suremembers-vs-restrict-content-pro-comparatif-plugins-adhesion - Cover article.jpg,2024-09-25 - Suremembers-vs-restrict-content-pro-comparatif-plugins-adhesion - Cover article.jpg,image/jpeg,mixed_separators,medium,"Melange espaces, tirets et underscores"
1v14CdNhibLMV6wZ8IQbNw-4l07Tb9kRY,2024-09-22 - Wordpress-editeur-styles-personnalisation-typographie - Cover article.jpg,2024-09-22 - Wordpress-editeur-styles-personnalisation-typographie - Cover article.jpg,image/jpeg,mixed_separators,medium,"Melange espaces, tirets et underscores"
1v10rodUzBafwALlkeIN2iMhyGbtRuOMY,2024-09-22 - Wordpress-personnalisation-styles-schoolswp - Cover article.jpg,2024-09-22 - Wordpress-personnalisation-styles-schoolswp - Cover article.jpg,image/jpeg,mixed_separators,medium,"Melange espaces, tirets et underscores"
1uwSR1M8Cr5lqFAH-9E4nlpVlDvOSnSrD,2024-09-22 - Wordpress-modeles-mise-en-page-banniere-tarification-galerie - Cover article.jpg,2024-09-22 - Wordpress-modeles-mise-en-page-banniere-tarification-galerie - Cover article.jpg,image/jpeg,mixed_separators,medium,"Melange espaces, tirets et underscores"
1ull4u7Fdc39ckOayGaletS1Q9IMSqp4A,2024-09-22 - Wordpress-twenty-twenty-four-modeles-pages - Cover article.jpg,2024-09-22 - Wordpress-twenty-twenty-four-modeles-pages - Cover article.jpg,image/jpeg,mixed_separators,medium,"Melange espaces, tirets et underscores"
1uc7B9Zy7wDXpWccIoXXw6dEP6CmabChD,2024-09-22 - Wordpress-section-apparence-personnalisation - Cover article.jpg,2024-09-22 - Wordpress-section-apparence-personnalisation - Cover article.jpg,image/jpeg,mixed_separators,medium,"Melange espaces, tirets et underscores"
1rK2Mapq3u8emp2LVIxVFw3JEdfHylWMM,2024-09-16 - Full-site-editing-fse-maitrise-web-wordpress - Cover article.jpg,2024-09-16 - Full-site-editing-fse-maitrise-web-wordpress - Cover article.jpg,image/jpeg,mixed_separators,medium,"Melange espaces, tirets et underscores"
1q4u3gOMD9Ww5Vhbhrg2JDtO_JIcXwNo5,2024-08-31 - Tableau-de-bord-seokey-score-outils-seo - Cover article.jpg,2024-08-31 - Tableau-de-bord-seokey-score-outils-seo - Cover article.jpg,image/jpeg,mixed_separators,medium,"Melange espaces, tirets et underscores"
1q4FyhlgVmVUpQdwTmbdTPDZq8qg31tNi,2024-08-31 - Audit-seo-hello-world-seokey-wordpress - Cover article.jpg,2024-08-31 - Audit-seo-hello-world-seokey-wordpress - Cover article.jpg,image/jpeg,mixed_separators,medium,"Melange espaces, tirets et underscores"
1q2h-4twtXS5QmC0Yi_xgbdiT1b1lvvdf,2024-08-31 - Gestion-redirections-seokey-wordpress - Cover article.jpg,2024-08-31 - Gestion-redirections-seokey-wordpress - Cover article.jpg,image/jpeg,mixed_separators,medium,"Melange espaces, tirets et underscores"
1pxgbcPMsqgX_u1v9zINoUsDSKk0wR1kl,2024-08-31 - Gestion-textes-alternatifs-seokey-mediatheque-wordpress - Cover article.jpg,2024-08-31 - Gestion-textes-alternatifs-seokey-mediatheque-wordpress - Cover article.jpg,image/jpeg,mixed_separators,medium,"Melange espaces, tirets et underscores"
1pxEWeULy7AGa0HvdErNpDnFCQTW5nbBI,2024-08-31 - Rapport-audit-seo-seokey-problemes-identifies - Cover article.jpg,2024-08-31 - Rapport-audit-seo-seokey-problemes-identifies - Cover article.jpg,image/jpeg,mixed_separators,medium,"Melange espaces, tirets et underscores"
1pvn-DCFS3lmKUpEcq7CTbpCQp8KovXa5,2024-08-31 - Optimisations-seo-automatiques-seokey-wordpress - Cover article.jpg,2024-08-31 - Optimisations-seo-automatiques-seokey-wordpress - Cover article.jpg,image/jpeg,mixed_separators,medium,"Melange espaces, tirets et underscores"
1pqka_xDQzutCucbj-9XOvcf-lcp0iBIn,2024-08-29 - Boost-seo-seokey-wordpress-plugin - Cover article.jpg,2024-08-29 - Boost-seo-seokey-wordpress-plugin - Cover article.jpg,image/jpeg,mixed_separators,medium,"Melange espaces, tirets et underscores"
1mGwKwBY1sbdHFBckAW6_Afrg-v578F0V,2024-08-13 - Wpboutik-plugin-ecommerce-wordpress-simple - Cover article.jpg,2024-08-13 - Wpboutik-plugin-ecommerce-wordpress-simple - Cover article.jpg,image/jpeg,mixed_separators,medium,"Melange espaces, tirets et underscores"
1m4QZxT_8-XmmNdc9zQiaKC58lNHpb4Xz,2024-08-08 - Creation-post-custom-post-types-fluent-forms - Cover article.jpg,2024-08-08 - Creation-post-custom-post-types-fluent-forms - Cover article.jpg,image/jpeg,mixed_separators,medium,"Melange espaces, tirets et underscores"
1m228UEPsXa5sUnQh_9P1Q_OSLJpQmU9o,2024-08-08 - Integration-google-sheets-fluent-forms - Cover article.jpg,2024-08-08 - Integration-google-sheets-fluent-forms - Cover article.jpg,image/jpeg,mixed_separators,medium,"Melange espaces, tirets et underscores"
1m1rEpG67brDVcj5PUUGGR715gAKg3naq,2024-08-08 - Notifications-temps-reel-slack-nouvelles-soumissions - Cover article.jpg,2024-08-08 - Notifications-temps-reel-slack-nouvelles-soumissions - Cover article.jpg,image/jpeg,mixed_separators,medium,"Melange espaces, tirets et underscores"
1m0Wm_5nplNjF0DURkDqymWL5m7WBgIOW,2024-08-08 - Connexion-fluentcrm-wp-fluent-forms - Cover article.jpg,2024-08-08 - Connexion-fluentcrm-wp-fluent-forms - Cover article.jpg,image/jpeg,mixed_separators,medium,"Melange espaces, tirets et underscores"
1lxSpK9nH2jaAdYyB15wyA9U17Mrv8zd9,2024-08-07 - Gestion-modules-fluent-forms - Cover article.jpg,2024-08-07 - Gestion-modules-fluent-forms - Cover article.jpg,image/jpeg,mixed_separators,medium,"Melange espaces, tirets et underscores"
1lu7BPSotixUfUt2OnXbbbGOVWcSEx5Ut,2024-08-07 - Suivi-entrees-fluent-forms - Cover article.jpg,2024-08-07 - Suivi-entrees-fluent-forms - Cover article.jpg,image/jpeg,mixed_separators,medium,"Melange espaces, tirets et underscores"
1lqwG5WX44m9RQlEsqHkTJgXFcZHnsR5K,2024-08-07 - Reglages-google-recaptcha-fluent-forms - Cover article.jpg,2024-08-07 - Reglages-google-recaptcha-fluent-forms - Cover article.jpg,image/jpeg,mixed_separators,medium,"Melange espaces, tirets et underscores"
1lqZKo7u3HkTQd8T3pYkC92GRLi-nraHW,2024-08-07 - Fluent-forms-editeur-champs-formulaires - Cover article.jpg,2024-08-07 - Fluent-forms-editeur-champs-formulaires - Cover article.jpg,image/jpeg,mixed_separators,medium,"Melange espaces, tirets et underscores"
1lqI4f73-uqR55zBIHcF5-EVEt72Wh0mn,2024-08-07 - Fluent-forms-plugin-wordpress-formulaires - Cover article.jpg,2024-08-07 - Fluent-forms-plugin-wordpress-formulaires - Cover article.jpg,image/jpeg,mixed_separators,medium,"Melange espaces, tirets et underscores"
1li4_qfoi2GZev_Oyebj--KBuKST-CIuz,2024-08-07 - Interface-edition-formulaires-fluent-forms - Cover article.jpg,2024-08-07 - Interface-edition-formulaires-fluent-forms - Cover article.jpg,image/jpeg,mixed_separators,medium,"Melange espaces, tirets et underscores"
1lh0aUdWUBsCRUaiw-EZNX6MltnswayXR,2024-08-07 - Interface-selection-modeles-formulaires-fluent-forms - Cover article.jpg,2024-08-07 - Interface-selection-modeles-formulaires-fluent-forms - Cover article.jpg,image/jpeg,mixed_separators,medium,"Melange espaces, tirets et underscores"
1laWjX6xe88Mj-crtb9n4eE2QPPx12cYI,2024-08-07 - Interface-creation-formulaires-fluent-forms - Cover article.jpg,2024-08-07 - Interface-creation-formulaires-fluent-forms - Cover article.jpg,image/jpeg,mixed_separators,medium,"Melange espaces, tirets et underscores"
1lERc51FgzuFIYfYQ_jCMCWhxSHzwK-KI,2024-08-03 - Interface-delegation-commandes-linkuma - Cover article.jpg,2024-08-03 - Interface-delegation-commandes-linkuma - Cover article.jpg,image/jpeg,mixed_separators,medium,"Melange espaces, tirets et underscores"
1l8gU8aiIxTO0YPWJOAzTcAjNRDcx6NqX,2024-08-03 - Interface-utilisateur-commande-redaction-seo-linkuma - Cover article.jpg,2024-08-03 - Interface-utilisateur-commande-redaction-seo-linkuma - Cover article.jpg,image/jpeg,mixed_separators,medium,"Melange espaces, tirets et underscores"
1l4F0t4EjTW0YwVgUOZpvmvDew4D8gL7C,2024-08-03 - Interface-utilisateur-offres-seo-linkuma - Cover article.jpg,2024-08-03 - Interface-utilisateur-offres-seo-linkuma - Cover article.jpg,image/jpeg,mixed_separators,medium,"Melange espaces, tirets et underscores"
1k_V7DV1MQSjp62bAhmU_4MkLPU22Qc2h,2024-08-03 - Linkuma-plateforme-netlinking-accompagnement-personnalise - Cover article.jpg,2024-08-03 - Linkuma-plateforme-netlinking-accompagnement-personnalise - Cover article.jpg,image/jpeg,mixed_separators,medium,"Melange espaces, tirets et underscores"
1k65IokTaemclNikUSKgdc_PeNxA9pwI-,2024-08-03 - Selection-themes-wordpress-populaires - Cover article.jpg,2024-08-03 - Selection-themes-wordpress-populaires - Cover article.jpg,image/jpeg,mixed_separators,medium,"Melange espaces, tirets et underscores"
1k5TFimH6l0Fe4ppdApF0V8BTALqBoM1a,2024-08-03 - Personnalisation-wordpress-schoolswp-michael-kihl-buddyboss-child - Cover article.jpg,2024-08-03 - Personnalisation-wordpress-schoolswp-michael-kihl-buddyboss-child - Cover article.jpg,image/jpeg,mixed_separators,medium,"Melange espaces, tirets et underscores"
1k444mXYt7njbLlNHhff6pjCvPRBiuTka,2024-08-03 - Personnalisation-identite-site-wordpress-schoolswp-michael-kihl - Cover article.jpg,2024-08-03 - Personnalisation-identite-site-wordpress-schoolswp-michael-kihl - Cover article.jpg,image/jpeg,mixed_separators,medium,"Melange espaces, tirets et underscores"
1k315_HPLFL8YKnURh_f5d4tJYT1uRqus,2024-08-03 - Capture-tableau-de-bord-wordpress-buddyboss-child-theme - Cover article.jpg,2024-08-03 - Capture-tableau-de-bord-wordpress-buddyboss-child-theme - Cover article.jpg,image/jpeg,mixed_separators,medium,"Melange espaces, tirets et underscores"
1g5vcO2UPKQ69PbUJysNveeOEsiFc7ucU,2024-07-25 - Plans-tarification-wishlist-member - Cover article.jpg,2024-07-25 - Plans-tarification-wishlist-member - Cover article.jpg,image/jpeg,mixed_separators,medium,"Melange espaces, tirets et underscores"
1g1q7NixuGAldziZHNS4UhrsXMI3kP45t,2024-07-25 - Plans-tarification-suremembres - Cover article.jpg,2024-07-25 - Plans-tarification-suremembres - Cover article.jpg,image/jpeg,mixed_separators,medium,"Melange espaces, tirets et underscores"
1g0kCAPT5L7xctltWnQW2EvIB3MA8i1A2,2024-07-21 - Plugin-wordpress-suremembes-site-adhesion - Cover article.jpg,2024-07-21 - Plugin-wordpress-suremembes-site-adhesion - Cover article.jpg,image/jpeg,mixed_separators,medium,"Melange espaces, tirets et underscores"
1fyy2OLYIOuvRoSnC6_nrzw4R1spPlr9z,2024-07-21 - Suremembers-vs-wishlist-member - Cover article.jpg,2024-07-21 - Suremembers-vs-wishlist-member - Cover article.jpg,image/jpeg,mixed_separators,medium,"Melange espaces, tirets et underscores"
1cgumXhzFOA1yr-wdyxwXx2Zy3S111Kc_,2024-07-21 - Suremembers-vs-wishlist-members-comparaison - Cover article.jpg,2024-07-21 - Suremembers-vs-wishlist-members-comparaison - Cover article.jpg,image/jpeg,mixed_separators,medium,"Melange espaces, tirets et underscores"
1aeAc57fObf1OjLFA7lTonXUa8Xvm3nLn,2024-07-12 - Avis-funnelkit-meilleur-plugin-tunnels-vente-wordpress - Cover article.jpg,2024-07-12 - Avis-funnelkit-meilleur-plugin-tunnels-vente-wordpress - Cover article.jpg,image/jpeg,mixed_separators,medium,"Melange espaces, tirets et underscores"
1abJmIFDCpmKknfBJc3PjRpMuvLCjm0U4,2024-07-12 - Funnelkit-meilleur-plugin-tunnels-de-vente - Cover article.jpg,2024-07-12 - Funnelkit-meilleur-plugin-tunnels-de-vente - Cover article.jpg,image/jpeg,mixed_separators,medium,"Melange espaces, tirets et underscores"
1aTm-R4crMF6ch8gXjJtiFq9Pf_T01OvE,2024-07-11 - Comparaison-plans-tarifaires-funnelkit - Cover article.jpg,2024-07-11 - Comparaison-plans-tarifaires-funnelkit - Cover article.jpg,image/jpeg,mixed_separators,medium,"Melange espaces, tirets et underscores"
1aErJ7cXLLxnQL8ZS3v7O5ILjCL6pa6oV,2024-07-09 - Funnelkit-constructeur-tunnels-vente-wordpress - Cover article.jpg,2024-07-09 - Funnelkit-constructeur-tunnels-vente-wordpress - Cover article.jpg,image/jpeg,mixed_separators,medium,"Melange espaces, tirets et underscores"
1_sV4UmzTjhgK6_qZNbn0a8hhNg0luBC7,2024-07-09 - Funnelkit-avis-plugin-tunnels-de-vente-wordpress - Cover article.jpg,2024-07-09 - Funnelkit-avis-plugin-tunnels-de-vente-wordpress - Cover article.jpg,image/jpeg,mixed_separators,medium,"Melange espaces, tirets et underscores"
182xMDU7GNH7TMDryt3Tv1rYijJsOo5x9,2024-11-14 - SureMembers - Cover article.jpg,2024-11-14 - SureMembers - Cover article.jpg,image/jpeg,mixed_separators,medium,"Melange espaces, tirets et underscores"
1hesNJ-9-LDJvF2TWVur5jQnANIHagT13,2024-07-26 - Groupe-acces-suremembers-wordpress-debutants - Cover article.jpg,2024-07-26 - Groupe-acces-suremembers-wordpress-debutants - Cover article.jpg,image/jpeg,mixed_separators,medium,"Melange espaces, tirets et underscores"
1hRZ7_kRvpC1KgU6gURnJhRYyh-iDDPba,2024-07-26 - Interface-administration-suremembres-configuration-roles-acces - Cover article.jpg,2024-07-26 - Interface-administration-suremembres-configuration-roles-acces - Cover article.jpg,image/jpeg,mixed_separators,medium,"Melange espaces, tirets et underscores"
1hRN97EXSYzrbTp0C4ZDEN2gMRzHThvV0,2024-07-26 - Installation-extension-suremembers-1-10-3 - Cover article.jpg,2024-07-26 - Installation-extension-suremembers-1-10-3 - Cover article.jpg,image/jpeg,mixed_separators,medium,"Melange espaces, tirets et underscores"
1hMtqELUZFSISmfhz310yu0VPqYgfjBIp,2024-07-26 - Installation-extension-surememberson-wordpress - Cover article.jpg,2024-07-26 - Installation-extension-surememberson-wordpress - Cover article.jpg,image/jpeg,mixed_separators,medium,"Melange espaces, tirets et underscores"
1hIeQsrUdaCagS3cr7dL11a8k7N9pqOEs,2024-07-26 - Suremembers-section-telechargements - Cover article.jpg,2024-07-26 - Suremembers-section-telechargements - Cover article.jpg,image/jpeg,mixed_separators,medium,"Melange espaces, tirets et underscores"
1h0R4e9-VmuWghVgU30ONZqwctrA_bQEi,2024-07-26 - Suremembers-plugin-adhesion-wordpress - Cover article.jpg,2024-07-26 - Suremembers-plugin-adhesion-wordpress - Cover article.jpg,image/jpeg,mixed_separators,medium,"Melange espaces, tirets et underscores"
1_ZhSREOzqpnQEVhcUPE5e8njp7TfX7mI,2024-07-08 - Structurer-article-wordpress-lisibilite - Cover article.jpg,2024-07-08 - Structurer-article-wordpress-lisibilite - Cover article.jpg,image/jpeg,mixed_separators,medium,"Melange espaces, tirets et underscores"
1qbzbaUzwIeP6XEcNSIG8c5paaLzPVnXO,2024-06-15 - FluentBooking Tableau de bord - Cover article.jpg,2024-06-15 - FluentBooking Tableau de bord - Cover article.jpg,image/jpeg,mixed_separators,medium,"Melange espaces, tirets et underscores"
1YZquLdecdPpJPAeUBxD-TBrL2g7YflaT,2024-07-04 - Logo-copilhost - Cover article.png,2024-07-04 - Logo-copilhost - Cover article.png,image/png,mixed_separators,medium,"Melange espaces, tirets et underscores"
1YWlObUYtKXeJHVfy2lpjjjDYNZKprct1,2024-07-04 - Copilhost-centre-aide-support-gestion-sites-wordpress - Cover article.jpg,2024-07-04 - Copilhost-centre-aide-support-gestion-sites-wordpress - Cover article.jpg,image/jpeg,mixed_separators,medium,"Melange espaces, tirets et underscores"
1YMMS_Q7IFs0wvH-vJ2G86g1HN1ps-q93,2024-07-04 - Options-abonnement-services-cloud-copilhost - Cover article.jpg,2024-07-04 - Options-abonnement-services-cloud-copilhost - Cover article.jpg,image/jpeg,mixed_separators,medium,"Melange espaces, tirets et underscores"
1YLTbdMwP_8lqG2KiysNZL4uOWiNRsVg-,2024-07-04 - Interface-utilisateur-ajout-cloud-copilhost - Cover article.jpg,2024-07-04 - Interface-utilisateur-ajout-cloud-copilhost - Cover article.jpg,image/jpeg,mixed_separators,medium,"Melange espaces, tirets et underscores"
1YHrpBXHM9KBT0e_ZTjfG35qW6QbVLlsh,2024-07-04 - Interface-utilisateur-service-cloud-copilhost - Cover article.jpg,2024-07-04 - Interface-utilisateur-service-cloud-copilhost - Cover article.jpg,image/jpeg,mixed_separators,medium,"Melange espaces, tirets et underscores"
1YA5FvQpQcWPOiHc3SPs4Ie58XrAfeUYL,2024-07-04 - Formulaire-inscription-copilhost - Cover article.jpg,2024-07-04 - Formulaire-inscription-copilhost - Cover article.jpg,image/jpeg,mixed_separators,medium,"Melange espaces, tirets et underscores"
1Y92P0_f0M90vOovyBgQHVHsBFbcJPRCM,2024-07-04 - Offres-copilhost-hebergement-wordpress-plans-tarifaires-2024 - Cover article.jpg,2024-07-04 - Offres-copilhost-hebergement-wordpress-plans-tarifaires-2024 - Cover article.jpg,image/jpeg,mixed_separators,medium,"Melange espaces, tirets et underscores"
1Y67xsa_GDnJu72lbGOMZF9Ok6LASz7jg,2024-07-04 - Equipe-copilhost-experts-wordpress - Cover article.jpg,2024-07-04 - Equipe-copilhost-experts-wordpress - Cover article.jpg,image/jpeg,mixed_separators,medium,"Melange espaces, tirets et underscores"
1Y-zSzRCm8h2vRiyl4GB2ARYkRqhV3CBW,2024-07-04 - Hebergement-wordpress-rapide-securise-copilhost - Cover article.jpg,2024-07-04 - Hebergement-wordpress-rapide-securise-copilhost - Cover article.jpg,image/jpeg,mixed_separators,medium,"Melange espaces, tirets et underscores"
1XsvLnJhk1yTcOiLyewB0R0vriohXXFPX,2024-07-01 - Hebergement-wordpress-premium-copilhost - Cover article.jpg,2024-07-01 - Hebergement-wordpress-premium-copilhost - Cover article.jpg,image/jpeg,mixed_separators,medium,"Melange espaces, tirets et underscores"
1XpGa0F-_aglZZYibCRGVIBxjl94eUPZT,2024-07-01 - Copilhost-hebergement-wordpress-rapide-securise - Cover article.jpg,2024-07-01 - Copilhost-hebergement-wordpress-rapide-securise - Cover article.jpg,image/jpeg,mixed_separators,medium,"Melange espaces, tirets et underscores"
1YnkLZeF1HLKqAwmVDVcJxMhREmcPu-52,2024-07-05 - Nettoyer-base-donnees-wordpress-guide-complet-plugins - Cover article.jpg,2024-07-05 - Nettoyer-base-donnees-wordpress-guide-complet-plugins - Cover article.jpg,image/jpeg,mixed_separators,medium,"Melange espaces, tirets et underscores"
1Xp6LwTwRjYMZjeehqiwr3mXtt3-RRGfe,2024-06-28 - Nettoyer-base-de-donnees-wordpress-guide-plugins - Cover article.jpg,2024-06-28 - Nettoyer-base-de-donnees-wordpress-guide-plugins - Cover article.jpg,image/jpeg,mixed_separators,medium,"Melange espaces, tirets et underscores"
1XztP4SqgnQPaFnJCGiZ-GT42SZTB5NcR,2024-07-03 - Decouvrez-fluentboards-gestion-projet-wordpress - Cover article.jpg,2024-07-03 - Decouvrez-fluentboards-gestion-projet-wordpress - Cover article.jpg,image/jpeg,mixed_separators,medium,"Melange espaces, tirets et underscores"
1Xw1A9_X0iCBadgaC3xJTcikxPGbiI0aB,2024-07-03 - Fluentboards-plugin-gestion-de-projet-wordpress - Cover article.jpg,2024-07-03 - Fluentboards-plugin-gestion-de-projet-wordpress - Cover article.jpg,image/jpeg,mixed_separators,medium,"Melange espaces, tirets et underscores"
1XtL_8Bgpit8V-sY5Jsbv32MNyUH0NpxD,2024-07-03 - Gestion-projet-wordpress-fluentboards - Cover article.jpg,2024-07-03 - Gestion-projet-wordpress-fluentboards - Cover article.jpg,image/jpeg,mixed_separators,medium,"Melange espaces, tirets et underscores"
1Xt0XopIKnAtKzW_ErLWMeWTnNTsMCnXP,2024-07-03 - Fluentboards-plugin-gestion-projet-wp - Cover article.jpg,2024-07-03 - Fluentboards-plugin-gestion-projet-wp - Cover article.jpg,image/jpeg,mixed_separators,medium,"Melange espaces, tirets et underscores"
1XJctpGboIdKlDg1CEtdFix4jryr3Ntyo,2024-06-23 - Fluentboards-plugin-gestion-projet-wordpress - Cover article.jpg,2024-06-23 - Fluentboards-plugin-gestion-projet-wordpress - Cover article.jpg,image/jpeg,mixed_separators,medium,"Melange espaces, tirets et underscores"
1XAeQL6EF_WTAfgVQJgoxHIVsbI8NCmog,2024-06-23 - Fluentboards-gestion-projet-wordpress - Cover article.jpg,2024-06-23 - Fluentboards-gestion-projet-wordpress - Cover article.jpg,image/jpeg,mixed_separators,medium,"Melange espaces, tirets et underscores"
1X8MUrRgUbHgWwU9sYZEDBmsQmpq6uyaf,2024-06-18 - Fluentboards-outil-gestion-projet-collaboration-equipe - Cover article.jpg,2024-06-18 - Fluentboards-outil-gestion-projet-collaboration-equipe - Cover article.jpg,image/jpeg,mixed_separators,medium,"Melange espaces, tirets et underscores"
1uUAo9cg5YXpk6_tKGh6s4rcykUH1203l,2024-09-22 - Suretriggers-creer-premier-workflow-gmail - Cover article.jpg,2024-09-22 - Suretriggers-creer-premier-workflow-gmail - Cover article.jpg,image/jpeg,mixed_separators,medium,"Melange espaces, tirets et underscores"
1uRvNu6TDfTiQvUtNjRVh6dYquqiijOFJ,2024-09-22 - Suretriggers-connexion-gmail-workflows - Cover article.jpg,2024-09-22 - Suretriggers-connexion-gmail-workflows - Cover article.jpg,image/jpeg,mixed_separators,medium,"Melange espaces, tirets et underscores"
1uJ0w5a-SfEocy4F6OSLlL0HMCZk-jQRt,2024-09-22 - Suretriggers-nouvelle-connexion-applications - Cover article.jpg,2024-09-22 - Suretriggers-nouvelle-connexion-applications - Cover article.jpg,image/jpeg,mixed_separators,medium,"Melange espaces, tirets et underscores"
1uF2fw2d0ooFIiIjKXLxkHi-s_jXV3iar,2024-09-22 - Suretriggers-connexions-integrations-applications - Cover article.jpg,2024-09-22 - Suretriggers-connexions-integrations-applications - Cover article.jpg,image/jpeg,mixed_separators,medium,"Melange espaces, tirets et underscores"
1tqGYULgMyg4py672C9zWL6aHC6PIE_PW,2024-09-22 - Suretriggers-assistant-configuration-automatisation - Cover article.jpg,2024-09-22 - Suretriggers-assistant-configuration-automatisation - Cover article.jpg,image/jpeg,mixed_separators,medium,"Melange espaces, tirets et underscores"
1tuyE9c3QY3j23kAvGlNZ9HL_yjMKaRbM,2024-09-22 - Ajouter-extensions-wordpress-suretriggers-surecart - Cover article.jpg,2024-09-22 - Ajouter-extensions-wordpress-suretriggers-surecart - Cover article.jpg,image/jpeg,mixed_separators,medium,"Melange espaces, tirets et underscores"
14jfT-eCe635P-0Hdskz5QO-RJmZIxQxQ,2025-07-08 - Fluent-support-plugin-wordpress-support-client - Cover article.jpg,2025-07-08 - Fluent-support-plugin-wordpress-support-client - Cover article.jpg,image/jpeg,mixed_separators,medium,"Melange espaces, tirets et underscores"
185OBCv7aq7S2r3Jr1Pmfo04rzGfJVxYF,2024-11-14 - Surecart-plugin-ecommerce-wordpress - Cover article.jpg,2024-11-14 - Surecart-plugin-ecommerce-wordpress - Cover article.jpg,image/jpeg,mixed_separators,medium,"Melange espaces, tirets et underscores"
1cBmiEaYv3yQ_CUrI05-m3nfxJgogloe6,2024-07-21 - Wishlist-member-plugin-wordpress-gestion-membres - Cover article.jpg,2024-07-21 - Wishlist-member-plugin-wordpress-gestion-membres - Cover article.jpg,image/jpeg,mixed_separators,medium,"Melange espaces, tirets et underscores"
16T-K2Ps3vCJNWsWUrSiUHnG8w0JNcwYJ,2026-01-23 - Comparatif-addons-elementor-plugin-wordpress-extensions - Cover article.jpg,2026-01-23 - Comparatif-addons-elementor-plugin-wordpress-extensions - Cover article.jpg,image/jpeg,mixed_separators,medium,"Melange espaces, tirets et underscores"
1HsUahOXhyyHOftW4RTB--HEZGWRYGG_b,2025-07-20 - Spotlightwp-avis-test-plugin-instagram-wordpress - Cover article.jpg,2025-07-20 - Spotlightwp-avis-test-plugin-instagram-wordpress - Cover article.jpg,image/jpeg,mixed_separators,medium,"Melange espaces, tirets et underscores"
1OsKONIpAI-H8RFX3HMEYdApihriHEkXu,2025-07-19 - Spotlightwp-testimonial-instagram-plugin-review - Cover article.jpg,2025-07-19 - Spotlightwp-testimonial-instagram-plugin-review - Cover article.jpg,image/jpeg,mixed_separators,medium,"Melange espaces, tirets et underscores"
1XNsgD4d3KhNhlqAgbUwbmlAS6P9LW5zf,2025-07-19 - Spotlightwp-elementor-widgets-instagram-wordpress - Cover article.jpg,2025-07-19 - Spotlightwp-elementor-widgets-instagram-wordpress - Cover article.jpg,image/jpeg,mixed_separators,medium,"Melange espaces, tirets et underscores"
1pZEF9Nm8cQ0-3i5_YI46dbgQ4lZkXW8j,2025-07-19 - Plugin-spotlightwp-page-accueil-instagram-wordpress - Cover article.jpg,2025-07-19 - Plugin-spotlightwp-page-accueil-instagram-wordpress - Cover article.jpg,image/jpeg,mixed_separators,medium,"Melange espaces, tirets et underscores"
1iBcClfjDPpqmBH0yiywo-z3laThlXyjU,2025-02-18 - Tutor-lms-avis-wordpress - Cover article.jpg,2025-02-18 - Tutor-lms-avis-wordpress - Cover article.jpg,image/jpeg,mixed_separators,medium,"Melange espaces, tirets et underscores"
1hgu31VR4TdJa6FJj9HWBQUwqpp3tf7JX,2025-02-17 - Tutor-lms-addons-extensions-elearning - Cover article.jpg,2025-02-17 - Tutor-lms-addons-extensions-elearning - Cover article.jpg,image/jpeg,mixed_separators,medium,"Melange espaces, tirets et underscores"
1hfuzrjpfQDb5RitT1CGfCWj_rrxjgUz-,2025-02-17 - Tutor-lms-tableau-bord-nouvelles-fonctionnalites - Cover article.jpg,2025-02-17 - Tutor-lms-tableau-bord-nouvelles-fonctionnalites - Cover article.jpg,image/jpeg,mixed_separators,medium,"Melange espaces, tirets et underscores"
1hJo_PWnMg45IlrTUua27Vwfv0ESvF7fM,2025-02-17 - Tutor-lms-solution-elearning-wordpress - Cover article.jpg,2025-02-17 - Tutor-lms-solution-elearning-wordpress - Cover article.jpg,image/jpeg,mixed_separators,medium,"Melange espaces, tirets et underscores"
1guPxrVKZsH8AaH1c-DqeSMQX-ZFzqL04,2025-02-17 - Tutor-lms-logo-plateforme-e-learning-wordpress - Cover article.jpg,2025-02-17 - Tutor-lms-logo-plateforme-e-learning-wordpress - Cover article.jpg,image/jpeg,mixed_separators,medium,"Melange espaces, tirets et underscores"
1ha7CjRrYYS7uH07YosQUuua_U4qm_vra,2025-02-17 - Tutor-lms-configuration-devise-affichage-prix - Cover article.jpg,2025-02-17 - Tutor-lms-configuration-devise-affichage-prix - Cover article.jpg,image/jpeg,mixed_separators,medium,"Melange espaces, tirets et underscores"
1hUY581NWnBq1bcuOK4ZWt7dcPMc2m3h7,2025-02-17 - Tutor-lms-parametres-revenus-paiements - Cover article.jpg,2025-02-17 - Tutor-lms-parametres-revenus-paiements - Cover article.jpg,image/jpeg,mixed_separators,medium,"Melange espaces, tirets et underscores"
1hO8FqClWWZUrUKCA99Uje2Iqlw_RQCb2,2025-02-17 - Tutor-lms-parametres-cours-affichage - Cover article.jpg,2025-02-17 - Tutor-lms-parametres-cours-affichage - Cover article.jpg,image/jpeg,mixed_separators,medium,"Melange espaces, tirets et underscores"
1hO4eGLYE7f3ALNgjxF4sjxxTR_klDzEb,2025-02-17 - Tutor-lms-choix-configuration-elearning - Cover article.jpg,2025-02-17 - Tutor-lms-choix-configuration-elearning - Cover article.jpg,image/jpeg,mixed_separators,medium,"Melange espaces, tirets et underscores"
1hLgaSv0SYppt9Tw-eYBLDUcQxbH68RdU,2025-02-17 - Tutor-lms-ecran-bienvenue-configuration - Cover article.jpg,2025-02-17 - Tutor-lms-ecran-bienvenue-configuration - Cover article.jpg,image/jpeg,mixed_separators,medium,"Melange espaces, tirets et underscores"
1vfwvAGoDiFRqyljJwLoVTtIzyyqfEAJj,2025-04-04 - Theme-wordpress-kava-style-epure-crocoblock - Cover article.jpg,2025-04-04 - Theme-wordpress-kava-style-epure-crocoblock - Cover article.jpg,image/jpeg,mixed_separators,medium,"Melange espaces, tirets et underscores"
1vfalJC174hNFx0DWu2hH_uKkIN9cm2l6,2025-04-04 - Plugin-rendez-vous-wordpress-jetappointment-calendrier - Cover article.jpg,2025-04-04 - Plugin-rendez-vous-wordpress-jetappointment-calendrier - Cover article.jpg,image/jpeg,mixed_separators,medium,"Melange espaces, tirets et underscores"
1vdlsQehqdZHI_KLZ_vpe382SMxV0tZ7m,2025-04-04 - Plugin-reservation-wordpress-jetbooking-calendrier - Cover article.jpg,2025-04-04 - Plugin-reservation-wordpress-jetbooking-calendrier - Cover article.jpg,image/jpeg,mixed_separators,medium,"Melange espaces, tirets et underscores"
1vdQYERRO32EcNunkgp6FQTGkXV22MHBI,2025-04-04 - Plugin-wordpress-jetsmartfilters-interface-filtrage - Cover article.jpg,2025-04-04 - Plugin-wordpress-jetsmartfilters-interface-filtrage - Cover article.jpg,image/jpeg,mixed_separators,medium,"Melange espaces, tirets et underscores"
1vZuhQQ21nCYT9uPZbMmPLmkatgs0E8CS,2025-04-03 - Plugin-jetwoobuilder-woocommerce-pages-produits - Cover article.jpg,2025-04-03 - Plugin-jetwoobuilder-woocommerce-pages-produits - Cover article.jpg,image/jpeg,mixed_separators,medium,"Melange espaces, tirets et underscores"
1vKsaOxVQuJtzybxnws2KnAEwhoeH8Hdf,2025-04-03 - Plugin-jetengine-wordpress-contenu-dynamique - Cover article.jpg,2025-04-03 - Plugin-jetengine-wordpress-contenu-dynamique - Cover article.jpg,image/jpeg,mixed_separators,medium,"Melange espaces, tirets et underscores"
1rVEpux2mSW4n2sYwDNclC9DUrcU0lEoB,2025-03-17 - Crocoblock-jetplugins-wordpress-elementor - Cover article.jpg,2025-03-17 - Crocoblock-jetplugins-wordpress-elementor - Cover article.jpg,image/jpeg,mixed_separators,medium,"Melange espaces, tirets et underscores"
1r50sHNqa1dinNbUxNniH0Qv3zw8uolyV,2025-03-17 - Crocoblock-boost-wordpress-elementor - Cover article.jpg,2025-03-17 - Crocoblock-boost-wordpress-elementor - Cover article.jpg,image/jpeg,mixed_separators,medium,"Melange espaces, tirets et underscores"
1oGy68RHgPUMA84XwnskuTctkbOSoNBh8,2025-03-09 - Tarifs-lifetime-plugin-reservation-amelia - Cover article.jpg,2025-03-09 - Tarifs-lifetime-plugin-reservation-amelia - Cover article.jpg,image/jpeg,mixed_separators,medium,"Melange espaces, tirets et underscores"
1oE7rHm_ykQAAEfMuln351zweO4p-9T5n,2025-03-09 - Tarifs-plugin-reservation-wordpress-amelia - Cover article.jpg,2025-03-09 - Tarifs-plugin-reservation-wordpress-amelia - Cover article.jpg,image/jpeg,mixed_separators,medium,"Melange espaces, tirets et underscores"
1o57DqvkdrF-wxNMnwTk1cMy7rP48fKs0,2025-03-09 - Plugin-reservation-wordpress-amelia - Cover article.jpg,2025-03-09 - Plugin-reservation-wordpress-amelia - Cover article.jpg,image/jpeg,mixed_separators,medium,"Melange espaces, tirets et underscores"
1ZRfUpWxtVzvaHRy1X9I8iMWWo5pi07Y7,2026-01-22 - Rank-math-pro-plugin-wordpress-seo - Cover article.jpg,2026-01-22 - Rank-math-pro-plugin-wordpress-seo - Cover article.jpg,image/jpeg,mixed_separators,medium,"Melange espaces, tirets et underscores"
121RvLXz44OEdWxyulrtBrSAv80u4zX_X,2025-05-10 - Wp-rocket-dark - Cover article.svg,2025-05-10 - Wp-rocket-dark - Cover article.svg,image/svg+xml,mixed_separators,medium,"Melange espaces, tirets et underscores"
11hVChqPq8OKlsIRHCXjMoNO3CdmHbrt3,2025-05-10 - Wp-rocket-plugin-cache-wordpress-performance - Cover article.jpg,2025-05-10 - Wp-rocket-plugin-cache-wordpress-performance - Cover article.jpg,image/jpeg,mixed_separators,medium,"Melange espaces, tirets et underscores"
11ZIXBz33i1JrFAS6VXf6mXQJRiW5AtK9,2025-05-09 - Kadencewp-options-gratuit-a-la-carte-lifetime - Cover article.jpg,2025-05-09 - Kadencewp-options-gratuit-a-la-carte-lifetime - Cover article.jpg,image/jpeg,mixed_separators,medium,"Melange espaces, tirets et underscores"
11YV9ybOV9sFPM8psocTkjTXUktnrb03g,2025-05-09 - Kadencewp-bundles-comparatif-express-plus-ultimate - Cover article.jpg,2025-05-09 - Kadencewp-bundles-comparatif-express-plus-ultimate - Cover article.jpg,image/jpeg,mixed_separators,medium,"Melange espaces, tirets et underscores"
1lYaudc9L5Qts7hc94sSc5ZElw0i3yem-,2025-03-04 - Kadence-wp-avis-test - Cover article.jpg,2025-03-04 - Kadence-wp-avis-test - Cover article.jpg,image/jpeg,mixed_separators,medium,"Melange espaces, tirets et underscores"
1iEjCinJ6T1K4WtJKA0jJIPKFNijj0L0M,2024-07-31 - Interface-segmentation-dynamique-fluentcrm - Cover article.jpg,2024-07-31 - Interface-segmentation-dynamique-fluentcrm - Cover article.jpg,image/jpeg,mixed_separators,medium,"Melange espaces, tirets et underscores"
1iC_ZS5s9vKi4jntJ_wRUBU_p-u_8WQWH,2024-07-31 - Fluentcrm-interface-creation-automatisation - Cover article.jpg,2024-07-31 - Fluentcrm-interface-creation-automatisation - Cover article.jpg,image/jpeg,mixed_separators,medium,"Melange espaces, tirets et underscores"
1iCHpP8Cowml1d34IoSyOBC0Kn_zKXIU1,2024-07-31 - Remarques-activites-contact-fluentcrm - Cover article.jpg,2024-07-31 - Remarques-activites-contact-fluentcrm - Cover article.jpg,image/jpeg,mixed_separators,medium,"Melange espaces, tirets et underscores"
1i7Aj2tda3qtAQLHaQTdxbRoRQZw75hkx,2024-07-31 - Tableau-bord-fluentcrm-gestion-emails-automatisations - Cover article.jpg,2024-07-31 - Tableau-bord-fluentcrm-gestion-emails-automatisations - Cover article.jpg,image/jpeg,mixed_separators,medium,"Melange espaces, tirets et underscores"
1_YS0lw0h1H7YPDP8ln-1cqEN9h6benoR,2024-07-08 - Tunnel-automatisation-fluentcrm-affiliatewp - Cover article.jpg,2024-07-08 - Tunnel-automatisation-fluentcrm-affiliatewp - Cover article.jpg,image/jpeg,mixed_separators,medium,"Melange espaces, tirets et underscores"
1_QlyUEYa6pKycVHXRlTQjO4rp3lpBww3,2024-07-08 - Tunnel-automatisation-fluentcrm-gestion-contacts-automatisation-marketing - Cover article.jpg,2024-07-08 - Tunnel-automatisation-fluentcrm-gestion-contacts-automatisation-marketing - Cover article.jpg,image/jpeg,mixed_separators,medium,"Melange espaces, tirets et underscores"
1_Q-3TH5CbanzKeBZIeKkxgrq1BfggEKS,2024-07-08 - Interface-gestion-automatisations-fluentcrm - Cover article.jpg,2024-07-08 - Interface-gestion-automatisations-fluentcrm - Cover article.jpg,image/jpeg,mixed_separators,medium,"Melange espaces, tirets et underscores"
1_OZpSqcIFWMe5KWAEQjbxKWDkcv589js,2024-07-08 - Formulaire-sondage-constructeurs-pages-wordpress - Cover article.jpg,2024-07-08 - Formulaire-sondage-constructeurs-pages-wordpress - Cover article.jpg,image/jpeg,mixed_separators,medium,"Melange espaces, tirets et underscores"
1_EQveKWZYaJmDxnfEb4cnhzopOHa49Qz,2024-07-08 - Tableau-de-bord-gestion-formulaires-fluentcrm - Cover article.jpg,2024-07-08 - Tableau-de-bord-gestion-formulaires-fluentcrm - Cover article.jpg,image/jpeg,mixed_separators,medium,"Melange espaces, tirets et underscores"
1_B_imFCvc-GLi5f0mdOZXbLv1BykPXm4,2024-07-08 - Creer-site-web-facilement-fluentcrm-michael-kihl - Cover article.jpg,2024-07-08 - Creer-site-web-facilement-fluentcrm-michael-kihl - Cover article.jpg,image/jpeg,mixed_separators,medium,"Melange espaces, tirets et underscores"
1_-bP2C7uuilMzPq7q_aNY6Ggo07PxX9h,2024-07-08 - Fluentcrm-sequence-emails-statistiques - Cover article.jpg,2024-07-08 - Fluentcrm-sequence-emails-statistiques - Cover article.jpg,image/jpeg,mixed_separators,medium,"Melange espaces, tirets et underscores"
1ZvSXFUIYcsa7mEitaFuJiWsjApfdN63s,2024-07-08 - Interface-fluentcrm-listes-sequences-emails - Cover article.jpg,2024-07-08 - Interface-fluentcrm-listes-sequences-emails - Cover article.jpg,image/jpeg,mixed_separators,medium,"Melange espaces, tirets et underscores"
1ZtTJCZi0WazhmHle6oNLKTQu7AqHQsri,2024-07-08 - Fluentcrm-tableau-de-bord-campagnes-email - Cover article.jpg,2024-07-08 - Fluentcrm-tableau-de-bord-campagnes-email - Cover article.jpg,image/jpeg,mixed_separators,medium,"Melange espaces, tirets et underscores"
1ZpZE6cR0ZSg1fr6FdeHNTOKnILht7Gw4,2024-07-08 - Interface-gestion-segments-dynamiques-fluentcrm - Cover article.jpg,2024-07-08 - Interface-gestion-segments-dynamiques-fluentcrm - Cover article.jpg,image/jpeg,mixed_separators,medium,"Melange espaces, tirets et underscores"
1ZpZ77E7nY3Fw-qbucq9OsItkhbNV2CNj,2024-07-08 - Fluentcrm-wordpress-liste-etiquettes - Cover article.jpg,2024-07-08 - Fluentcrm-wordpress-liste-etiquettes - Cover article.jpg,image/jpeg,mixed_separators,medium,"Melange espaces, tirets et underscores"
1ZnpuzChmq2HdxpgnClP7c_Hd7H2rng7b,2024-07-08 - Gestion-listes-contacts-fluentcrm - Cover article.jpg,2024-07-08 - Gestion-listes-contacts-fluentcrm - Cover article.jpg,image/jpeg,mixed_separators,medium,"Melange espaces, tirets et underscores"
1ZPCu2B7jbJ4LAuYA6pNLQ1zj2kPyBtr6,2024-07-07 - Interface-gestion-contacts-fluentcrm - Cover article.jpg,2024-07-07 - Interface-gestion-contacts-fluentcrm - Cover article.jpg,image/jpeg,mixed_separators,medium,"Melange espaces, tirets et underscores"
1Zhup7KaFXSI9Hrf4j8Ff-8W1o7xAdofN,2024-07-07 - Fluentcrm-meilleur-crm-wordpress-automatisation-marketing - Cover article.jpg,2024-07-07 - Fluentcrm-meilleur-crm-wordpress-automatisation-marketing - Cover article.jpg,image/jpeg,mixed_separators,medium,"Melange espaces, tirets et underscores"
1ZNL5XKvNlUy-fE6hbpVk9Jya8BVJuLdp,2024-07-07 - Tableau-de-bord-fluentcrm-gestion-campagnes-emails - Cover article.jpg,2024-07-07 - Tableau-de-bord-fluentcrm-gestion-campagnes-emails - Cover article.jpg,image/jpeg,mixed_separators,medium,"Melange espaces, tirets et underscores"
191vdXdFjAXvatfJXRlPrS6t7TFPVQApk,2025-12-28 - Screenshot 20250714 173324 LinkedIn.jpg,2025-12-28 - Screenshot 20250714 173324 LinkedIn.jpg,image/jpeg,mixed_separators,medium,"Melange espaces, tirets et underscores"
1KYYopDKp_etikMaV6gYBlOuARgcdXyc8,2025-12-28 - Screenshot 20250722 192658 LinkedIn.jpg,2025-12-28 - Screenshot 20250722 192658 LinkedIn.jpg,image/jpeg,mixed_separators,medium,"Melange espaces, tirets et underscores"
1Q-egEfyDjH0KVEBVZVLJcQS_8xo_mm-S,2025-12-28 - Screenshot 20250722 192722 LinkedIn.jpg,2025-12-28 - Screenshot 20250722 192722 LinkedIn.jpg,image/jpeg,mixed_separators,medium,"Melange espaces, tirets et underscores"
12jcgggYyHA-ZwqBJm_Z7WaLZ6AdxkLrB,2025-12-28 - Screenshot 20250725 123128 LinkedIn.jpg,2025-12-28 - Screenshot 20250725 123128 LinkedIn.jpg,image/jpeg,mixed_separators,medium,"Melange espaces, tirets et underscores"
1PfdIEVL-2qq3_-gG6hFFWeGWrsockMKk,2025-12-28 - Screenshot 20250822 101521 LinkedIn.jpg,2025-12-28 - Screenshot 20250822 101521 LinkedIn.jpg,image/jpeg,mixed_separators,medium,"Melange espaces, tirets et underscores"
1Y9RLlewtCYAAopMEcz8E1fffoZPh9RaV,2025-12-28 - Screenshot 20251003 160221 LinkedIn.jpg,2025-12-28 - Screenshot 20251003 160221 LinkedIn.jpg,image/jpeg,mixed_separators,medium,"Melange espaces, tirets et underscores"
1v21v43fk05mUoaCn0BOlbDLamNX_pxAR,2025-12-28 - Screenshot 20251211 111918 YouTube.jpg,2025-12-28 - Screenshot 20251211 111918 YouTube.jpg,image/jpeg,mixed_separators,medium,"Melange espaces, tirets et underscores"
1TSNApcZxzAybc7o6LyE5bPq8t5NRIuzF,2025-12-28 - Screenshot 20251211 112006 YouTube.jpg,2025-12-28 - Screenshot 20251211 112006 YouTube.jpg,image/jpeg,mixed_separators,medium,"Melange espaces, tirets et underscores"
1pD2cOS0yvWgPg51rYl3ye-4uBYAocQUW,2025-12-28 - Screenshot 20251217 192511 YouTube.jpg,2025-12-28 - Screenshot 20251217 192511 YouTube.jpg,image/jpeg,mixed_separators,medium,"Melange espaces, tirets et underscores"
1Wz8FhCBY23IFI-Ns3Nmr_acfiffYmMFA,2025-12-28 - Screenshot 20251217 192540 YouTube.jpg,2025-12-28 - Screenshot 20251217 192540 YouTube.jpg,image/jpeg,mixed_separators,medium,"Melange espaces, tirets et underscores"
17SfR5fOAIZz7k6Fk15UCyc56Igqw6zJd,2025-11-08 - schoolsWP.com Couverture Article Blog (1200 × 675 px).zip,2025-11-08 - schoolsWP.com Couverture Article Blog (1200 × 675 px).zip,application/zip,mixed_separators,medium,"Melange espaces, tirets et underscores"
1RKeCLHLC7FeH2cKCfSJz96OQecPxvEEM,2025-08-01 - PINTEREST.zip,2025-08-01 - PINTEREST.zip,application/zip,mixed_separators,medium,"Melange espaces, tirets et underscores"
1RKeCLHLC7FeH2cKCfSJz96OQecPxvEEM,2025-08-01 - PINTEREST.zip,2025-08-01 - PINTEREST.zip,application/zip,all_caps,low,Nom entierement en majuscules
1D0mWFi8JzXs7ocro9ULbC8qwZOwIX0QS,2025-08-08 - AffiliatePress.txt,2025-08-08 - AffiliatePress.txt,text/plain,mixed_separators,medium,"Melange espaces, tirets et underscores"
1gg5a79FDbkVK0HPGQC-GvQbveIKcXu2v,2025-02-16 - Txt.txt,2025-02-16 - Txt.txt,text/plain,mixed_separators,medium,"Melange espaces, tirets et underscores"
1gax2H3AF8Jd0cgquESO5dIP_dyUvI9aX,2025-02-16 - Txt.txt,2025-02-16 - Txt.txt,text/rtf,mixed_separators,medium,"Melange espaces, tirets et underscores"
1gFjgPh9lgt7ILA6lWwmy3AVAQFp8I7Xw,2025-02-15 - Txt.txt,2025-02-15 - Txt.txt,text/plain,mixed_separators,medium,"Melange espaces, tirets et underscores"
1g7sB2W7FA4n3uFpGKwhcttgswKw2x2nD,2025-02-15 - Txt.txt,2025-02-15 - Txt.txt,text/plain,mixed_separators,medium,"Melange espaces, tirets et underscores"
1fd4FBkQ9A_oYlJZWrnMbD9r9JSFcGpns,2025-02-13 - Txt.txt,2025-02-13 - Txt.txt,text/plain,mixed_separators,medium,"Melange espaces, tirets et underscores"
1fCcye5XQNJ3LaoswGvEqo2wfk2MkUJhJ,2025-02-12 - Txt.txt,2025-02-12 - Txt.txt,text/plain,mixed_separators,medium,"Melange espaces, tirets et underscores"
1eUghdUDycIOxANJgpoOU33jnagU93E1q,2025-02-12 - Txt.txt,2025-02-12 - Txt.txt,text/plain,mixed_separators,medium,"Melange espaces, tirets et underscores"
1eTEjGuyyY-U--TYyixCdZ0IiwBQmside,2025-02-12 - Txt.txt,2025-02-12 - Txt.txt,text/plain,mixed_separators,medium,"Melange espaces, tirets et underscores"
1ePGA6d4KBs7UCRDqgivqKBXzoiH62ZzY,2025-02-12 - Txt.txt,2025-02-12 - Txt.txt,text/plain,mixed_separators,medium,"Melange espaces, tirets et underscores"
1e4c0wmL03aIzFLlmmRw_AUSrw6DE9YNx,2025-02-11 - Txt.txt,2025-02-11 - Txt.txt,text/plain,mixed_separators,medium,"Melange espaces, tirets et underscores"
1dwlmBDvl3vTe_NzVKst9wF66mN4QMAfb,2025-02-10 - Txt.txt,2025-02-10 - Txt.txt,text/plain,mixed_separators,medium,"Melange espaces, tirets et underscores"
1df8DGaTCCW8bDFrCpEFwyv7L4CpPDs-6,2025-02-10 - Txt.txt,2025-02-10 - Txt.txt,text/plain,mixed_separators,medium,"Melange espaces, tirets et underscores"
1i494_V69JxQ2tr7EvNbexSvSIVS559jV,2025-02-18 - Instagram.zip,2025-02-18 - Instagram.zip,application/zip,mixed_separators,medium,"Melange espaces, tirets et underscores"
1n8ZsXD8_yzjIHooTSWzRPhgQePuFZgb0,2024-08-13 - Instagram Publication Portrait Couverture Article Blog (1080 × 1350 px).zip,2024-08-13 - Instagram Publication Portrait Couverture Article Blog (1080 × 1350 px).zip,application/zip,mixed_separators,medium,"Melange espaces, tirets et underscores"
1qsViTkJUxPL8XcpQTf-z93uEb6C6Jvv-,2024-06-15 - Suggestions ubersuggest critique fluentbooking fluentbooking test fluentbooki....csv,2024-06-15 - Suggestions ubersuggest critique fluentbooking fluentbooking test fluentbooki....csv,text/csv,mixed_separators,medium,"Melange espaces, tirets et underscores"
1qmhmFWUv5llYMbogYlFkuVav9BjBimfX,2024-06-15 - Suggestions ubersuggest wordpress fluentbooking plugin wordpress fluentbookin....csv,2024-06-15 - Suggestions ubersuggest wordpress fluentbooking plugin wordpress fluentbookin....csv,text/csv,mixed_separators,medium,"Melange espaces, tirets et underscores"
1qsDKzbNU78tPa0gFMuzF33J32T8KnCEf,2024-06-15 - Suggestions ubersuggest fluentbooking fluent booking plugin fluentbooking.csv,2024-06-15 - Suggestions ubersuggest fluentbooking fluent booking plugin fluentbooking.csv,text/csv,mixed_separators,medium,"Melange espaces, tirets et underscores"
1qg8vokfJowKTU1vrK2RnPvFmjtJtuUTi,2024-06-15 - FAQ.txt,2024-06-15 - FAQ.txt,text/plain,mixed_separators,medium,"Melange espaces, tirets et underscores"
1qg8vokfJowKTU1vrK2RnPvFmjtJtuUTi,2024-06-15 - FAQ.txt,2024-06-15 - FAQ.txt,text/plain,all_caps,low,Nom entierement en majuscules
1tQQ9SJw1OHpREoS588V1uqLy-qFsfu64,2024-09-22 - Thruuu export avis suretriggers 2024-9-22.xlsx,2024-09-22 - Thruuu export avis suretriggers 2024-9-22.xlsx,application/vnd.openxmlformats-officedocument.spreadsheetml.sheet,mixed_separators,medium,"Melange espaces, tirets et underscores"
183NjhsKnmFj6Anlxlcj3EGgYXKwfkYqq,2024-11-14 - Surecart-logo.svg,2024-11-14 - Surecart-logo.svg,text/xml,mixed_separators,medium,"Melange espaces, tirets et underscores"
1Rag474DYqoAc1RrV9MSOAQGAdrNJkiYj,2025-12-19 - schoolsWP.pdf,2025-12-19 - schoolsWP.pdf,application/pdf,mixed_separators,medium,"Melange espaces, tirets et underscores"
115Xkkdv2xMSehmJ6DqB3MRQPaVmZ22pB,2024-11-01 - Analyse data(ThotSEO).csv,2024-11-01 - Analyse data(ThotSEO).csv,text/csv,mixed_separators,medium,"Melange espaces, tirets et underscores"
1-wPKSXsR_hU6jaxHua6rG_A5eUgpl_bi,2026-01-20 - Prompts ChatSEO - Guide,2026-01-20 - Prompts ChatSEO - Guide,application/vnd.openxmlformats-officedocument.wordprocessingml.document,mixed_separators,medium,"Melange espaces, tirets et underscores"
1QJiyuzP2wvcIlfYVutJDZrYumX1nngJuu20uRR7MdRs,README - Organisation des contenus (06_CONTENUS),README - Organisation des contenus (06_CONTENUS),application/vnd.google-apps.document,mixed_separators,medium,"Melange espaces, tirets et underscores"
1ZIKQ3rLYJq4abe8Rm-HiN2p7OL3hPzMm,2026-02-09 - Log-Creation-Structure - Checklist - ADMIN.md,2026-02-09 - Log-Creation-Structure - Checklist - ADMIN.md,text/plain,mixed_separators,medium,"Melange espaces, tirets et underscores"
1Hiic1ghoDlKvXD-Qe8SxPBWTOKADy5j_7F2iGLGZkzw,2026-02-09 - Log-Creation-Structure - Checklist - ADMIN.md,2026-02-09 - Log-Creation-Structure - Checklist - ADMIN.md,application/vnd.google-apps.document,mixed_separators,medium,"Melange espaces, tirets et underscores"
1r4X0EAomgosG2KhGgjbIv7QzHLFlda3jvySVGwXqbBw,2026-01-17 - Nomenclature Regles de Nommage - Checklist - ADMIN - FR,2026-01-17 - Nomenclature Regles de Nommage - Checklist - ADMIN - FR,application/vnd.google-apps.document,mixed_separators,medium,"Melange espaces, tirets et underscores"
1IKZ1PtkvoPlMtFwEJYjgGEkVFp2ogex2,2026-02-09 - Index - Checklist - ADMIN - Global.md,2026-02-09 - Index - Checklist - ADMIN - Global.md,text/plain,mixed_separators,medium,"Melange espaces, tirets et underscores"
1CTSL68B3hgxbThOQ_W9ejPx-5UVTccb2,2026-02-10 - Index - ADMIN - Global.md,2026-02-10 - Index - ADMIN - Global.md,text/plain,mixed_separators,medium,"Melange espaces, tirets et underscores"
1ysXkWYESEmO3L5lsj5Os3S0Rg0Xmxx_3HlumD9nhi28,2026-02-04 - Modele de Prompt Structure - Template - Article - FR,2026-02-04 - Modele de Prompt Structure - Template - Article - FR,application/vnd.google-apps.document,mixed_separators,medium,"Melange espaces, tirets et underscores"
1M0agDoysWVXLdBz2I_aJFqadR0xuProUT-ESaLpNK7w,2026-01-26 - Analyse Intention de Recherche - Template - SEO - SERP,2026-01-26 - Analyse Intention de Recherche - Template - SEO - SERP,application/vnd.google-apps.document,mixed_separators,medium,"Melange espaces, tirets et underscores"
11qprfh0f1C--dVcVyvVGps2odgOEqzSMgiqOWgCn1AE,2022-04-25 - Custom et Dynamic Content Tech Stack (template) - Template,2022-04-25 - Custom et Dynamic Content Tech Stack (template) - Template,application/vnd.google-apps.spreadsheet,mixed_separators,medium,"Melange espaces, tirets et underscores"
1LZVHaCYEkMZd5TJ__pkLKjd0cDXYLlJuySbfTHn-R1c,2022-06-05 - SMMA Buyer Persona Ads Cheat Sheet Attack Angle - Template,2022-06-05 - SMMA Buyer Persona Ads Cheat Sheet Attack Angle - Template,application/vnd.google-apps.spreadsheet,mixed_separators,medium,"Melange espaces, tirets et underscores"
1woQ78RzzSlKqaKNQ_a7f1UlPugNBMidlMSMwLroh_IA,2024-09-17 - ORIGINAL MODELEFACTURE - Template,2024-09-17 - ORIGINAL MODELEFACTURE - Template,application/vnd.google-apps.document,mixed_separators,medium,"Melange espaces, tirets et underscores"
1h15ghA41C4Jb_wWOeEnyhnMXg4YVjEXTitxdNa7xEYU,2022-06-05 - SMMA LeadSourcing Template - Template,2022-06-05 - SMMA LeadSourcing Template - Template,application/vnd.google-apps.spreadsheet,mixed_separators,medium,"Melange espaces, tirets et underscores"
1gVmnTaWaiK4eIaOvU3RbzqZu6n6DXsX6eS3YqIqyMKg,2025-05-09 - Etape 3 Templates Collections - Template,2025-05-09 - Etape 3 Templates Collections - Template,application/vnd.google-apps.spreadsheet,mixed_separators,medium,"Melange espaces, tirets et underscores"
13SgsTXOkXrr0x3r1oLMJ9YR_5AxrvxEf,2025-05-24 - Fluentcrm-automatisation-marketing-wordpress - Template Email.jpg,2025-05-24 - Fluentcrm-automatisation-marketing-wordpress - Template Email.jpg,image/jpeg,mixed_separators,medium,"Melange espaces, tirets et underscores"
13n7RmEiiqWuEVK_9TMjUuIpsVyqZdJ8R,2025-05-24 - Fluentcrm-rapports-avances-tableau-bord-crm - Template Email.jpg,2025-05-24 - Fluentcrm-rapports-avances-tableau-bord-crm - Template Email.jpg,image/jpeg,mixed_separators,medium,"Melange espaces, tirets et underscores"
13rA0otG329kC1xrFjOPis7w9nX9cYVY3,2025-05-24 - Fluentcrm-gestion-contacts-email-wordpress - Template Email.jpg,2025-05-24 - Fluentcrm-gestion-contacts-email-wordpress - Template Email.jpg,image/jpeg,mixed_separators,medium,"Melange espaces, tirets et underscores"
1cse8ShxzcWbkQQdVzolsXZgAPicMAJty,2025-06-05 - Fluentcrm-rabattcode-20-wordpress - Template Email.jpg,2025-06-05 - Fluentcrm-rabattcode-20-wordpress - Template Email.jpg,image/jpeg,mixed_separators,medium,"Melange espaces, tirets et underscores"
1JnWC6PjcHozyddtIyVOeLCwSoTjo5Ph1,2025-11-08 - Newsletter-wordpress-gratuite - Template Email.jpg,2025-11-08 - Newsletter-wordpress-gratuite - Template Email.jpg,image/jpeg,mixed_separators,medium,"Melange espaces, tirets et underscores"
1ZH9ZCHyCVOvfv6m7XsjdQZJbLEtikZ93,2025-10-28 - Fluentsmtp-plugin-wordpress-email-deliverability - Template Email.jpg,2025-10-28 - Fluentsmtp-plugin-wordpress-email-deliverability - Template Email.jpg,image/jpeg,mixed_separators,medium,"Melange espaces, tirets et underscores"
1dsNwfCw_qrk-VQ9AM-rGmOkA0fcXW6f8,2025-10-28 - Fluentcrm-plugin-wordpress-email-marketing - Template Email.jpg,2025-10-28 - Fluentcrm-plugin-wordpress-email-marketing - Template Email.jpg,image/jpeg,mixed_separators,medium,"Melange espaces, tirets et underscores"
1Ze4HYroDBJgQr8Cek1DR7ZEutwRo6mnNeHnN_CYDeuM,2022-11-17 - SONDAGE - Template Email,2022-11-17 - SONDAGE - Template Email,application/vnd.google-apps.spreadsheet,mixed_separators,medium,"Melange espaces, tirets et underscores"
1W1zZNo8OzMxQhNfuIj-09NfF0yCAB-dFYkn_GExZrUw,2021-03-08 - NEWSLETTER - Template Email,2021-03-08 - NEWSLETTER - Template Email,application/vnd.google-apps.spreadsheet,mixed_separators,medium,"Melange espaces, tirets et underscores"
1eumZ9UI_ExtpNRsipqksx_tFQYjj0PKuYYq6jVT9F-c,2022-09-03 - FORMULAIRE - Template Email,2022-09-03 - FORMULAIRE - Template Email,application/vnd.google-apps.spreadsheet,mixed_separators,medium,"Melange espaces, tirets et underscores"
1G6lksqAwR9db_-uhdmw6RC9d5C0cMFfkg3ufpYz7zLQ,2026-02-04 - Master Brief Marketing et Vente - Template - Landing - FR,2026-02-04 - Master Brief Marketing et Vente - Template - Landing - FR,application/vnd.google-apps.document,mixed_separators,medium,"Melange espaces, tirets et underscores"
13S8x4_odsBygRi2awNkeMYUvleKrOe65,2025-12-29 - Customs Instructions GPT A.C.P - Prompt.txt,2025-12-29 - Customs Instructions GPT A.C.P - Prompt.txt,text/plain,mixed_separators,medium,"Melange espaces, tirets et underscores"
1ZS1x5107OLQyLJIcUvPs77Dd8lAoypVf,2025-12-29 - Comparatif prompts google sheets - Prompt.csv,2025-12-29 - Comparatif prompts google sheets - Prompt.csv,text/comma-separated-values,mixed_separators,medium,"Melange espaces, tirets et underscores"
1i_HyQOGR5fSvw7kDFCDi8QApdkLTDuuB,2025-12-29 - Blow DOK GPT CREATE - Prompt.html,2025-12-29 - Blow DOK GPT CREATE - Prompt.html,text/html,mixed_separators,medium,"Melange espaces, tirets et underscores"
1yWr7RZ6GgxR7LtwL3A7yZyzU29h12PlS,2025-12-28 - Screenshot 20251005 152118 ChatGPT - Prompt.jpg,2025-12-28 - Screenshot 20251005 152118 ChatGPT - Prompt.jpg,image/jpeg,mixed_separators,medium,"Melange espaces, tirets et underscores"
1IIEXYpc9I9hTFh1wv9Vw4_xQcBT8m7CLj7Io1Ou59pM,2026-02-02 - Audit Contenu Mismatch SERP - Prompt - SEO - FR.md,2026-02-02 - Audit Contenu Mismatch SERP - Prompt - SEO - FR.md,application/vnd.google-apps.document,mixed_separators,medium,"Melange espaces, tirets et underscores"
1MMcYrXTZuJYm76eYI8-Q8YR025bCni3FbGzAXzka-6o,2026-01-20 - BuddyBoss - Affiliation - Fiches,2026-01-20 - BuddyBoss - Affiliation - Fiches,application/vnd.google-apps.document,mixed_separators,medium,"Melange espaces, tirets et underscores"
17fJtSaY2Q9uk_JWRnn6lXhkP6_hh1YCC6P5ob97SniE,2025-09-04 - Checklist Performance (Google Page Speed Insights) - Checklist,2025-09-04 - Checklist Performance (Google Page Speed Insights) - Checklist,application/vnd.google-apps.spreadsheet,mixed_separators,medium,"Melange espaces, tirets et underscores"
1w3_3oqZucoBoCbvkHvhYxH0wUt4wdhhrl83b1i2wRYM,2025-02-14 - Checklist WebPerf - Checklist,2025-02-14 - Checklist WebPerf - Checklist,application/vnd.google-apps.spreadsheet,mixed_separators,medium,"Melange espaces, tirets et underscores"
16uziOi4IrWgPGfDxzwvIMLxt2zRLyxJzPwdfrPJetO8,2025-08-14 - Checklist Affiliation Formations Gratuites Pages de Capture - Checklist,2025-08-14 - Checklist Affiliation Formations Gratuites Pages de Capture - Checklist,application/vnd.google-apps.spreadsheet,mixed_separators,medium,"Melange espaces, tirets et underscores"
1fwoWMUFw_EzbDmOVyOiIDNX6ZK2KqqKZt8gwiwrjZ5c,2025-08-14 - Checklist Affiliation Formations Gratuites Email Marketing - Checklist,2025-08-14 - Checklist Affiliation Formations Gratuites Email Marketing - Checklist,application/vnd.google-apps.spreadsheet,mixed_separators,medium,"Melange espaces, tirets et underscores"
184Lmb4Yzx47lJgsA0zzDo_o7XTDyyY30,2025-12-29 - Elementor-6772-2025-03-10.json,2025-12-29 - Elementor-6772-2025-03-10.json,application/json,mixed_separators,medium,"Melange espaces, tirets et underscores"
1cGM6h4bpmvooRYgtdV3pjthKdT0tlUz6,2025-02-03 - Latepoint-wordpress-booking-plugin.jpg,2025-02-03 - Latepoint-wordpress-booking-plugin.jpg,image/jpeg,mixed_separators,medium,"Melange espaces, tirets et underscores"
1crs6ghHbkEBYLh36dyIIt_1CW-GVClbl,2025-02-10 - Academy-lms-plugin-wordpress-lms.jpg,2025-02-10 - Academy-lms-plugin-wordpress-lms.jpg,image/jpeg,mixed_separators,medium,"Melange espaces, tirets et underscores"
1dWkxTzQSOkyoMhHINn_W1Wz7RvfBwtiI,2025-02-10 - Academy-lms-plugin-wordpress-cours-en-ligne.jpg,2025-02-10 - Academy-lms-plugin-wordpress-cours-en-ligne.jpg,image/jpeg,mixed_separators,medium,"Melange espaces, tirets et underscores"
1ek7v0VkZn43jHG6I8k_gqeUJTs2m1WMt,2025-02-12 - Parametres-etudiants-academy-lms-wordpress.jpg,2025-02-12 - Parametres-etudiants-academy-lms-wordpress.jpg,image/jpeg,mixed_separators,medium,"Melange espaces, tirets et underscores"
1ekOaDQUbMM8KWM1h9Vn6UhR24XFLjd40,2025-02-12 - Parametres-instructeur-academy-lms-wordpress.jpg,2025-02-12 - Parametres-instructeur-academy-lms-wordpress.jpg,image/jpeg,mixed_separators,medium,"Melange espaces, tirets et underscores"
1evd3UZmQDvzIVYI-YWalRXG-FK2nK9v5,2025-02-12 - Parametres-generaux-academy-lms-wordpress.jpg,2025-02-12 - Parametres-generaux-academy-lms-wordpress.jpg,image/jpeg,mixed_separators,medium,"Melange espaces, tirets et underscores"
1fDACR2IGEdeJJwhdAcqRe2bBG8-Fze3e,2025-02-13 - Academy-lms-gestion-addons-wordpress.jpg,2025-02-13 - Academy-lms-gestion-addons-wordpress.jpg,image/jpeg,mixed_separators,medium,"Melange espaces, tirets et underscores"
1fG95C8DYw3WCw-1oxtgrkx_Lnb7WHG09,2025-02-13 - Plugins-lms-gestion-add-ons-elearning.jpg,2025-02-13 - Plugins-lms-gestion-add-ons-elearning.jpg,image/jpeg,mixed_separators,medium,"Melange espaces, tirets et underscores"
1g6osdkIEhKaUGkiu6-IprTKuPACGZ6L-,2025-02-15 - Academy-lms-creer-vendre-cours-en-ligne-wordpress.jpg,2025-02-15 - Academy-lms-creer-vendre-cours-en-ligne-wordpress.jpg,image/jpeg,mixed_separators,medium,"Melange espaces, tirets et underscores"
1inUbq0kl7bDIMVlLWOP6X-3goXq-cwqP,2025-02-21 - Hebergement-wordpress-rapide-rapyd-cloud.jpg,2025-02-21 - Hebergement-wordpress-rapide-rapyd-cloud.jpg,image/jpeg,mixed_separators,medium,"Melange espaces, tirets et underscores"
1j5RJ3X2Nzj_aE_46VuSpcpdOls-9vIuR,2025-02-21 - Academy-lms-review-wordpress-plugin-online-courses.jpg,2025-02-21 - Academy-lms-review-wordpress-plugin-online-courses.jpg,image/jpeg,mixed_separators,medium,"Melange espaces, tirets et underscores"
1j8-9sz24Wph6u1sKI3Axh2J-QxII4ua6,2025-02-21 - Academy-lms-wordpress-plugin-tutorial.jpg,2025-02-21 - Academy-lms-wordpress-plugin-tutorial.jpg,image/jpeg,mixed_separators,medium,"Melange espaces, tirets et underscores"
1lYe_7HzUhJNByxuEdS11bGrTeGBvQ89k,2025-03-03 - Rapyd-cloud-hebergement-wordpress-interface.jpg,2025-03-03 - Rapyd-cloud-hebergement-wordpress-interface.jpg,image/jpeg,mixed_separators,medium,"Melange espaces, tirets et underscores"
1lvLWtIQNu3UhzAQmM56EfMWg9U-Uui4-,2025-03-03 - Gestion-themes-wordpress-rapyd-cloud.jpg,2025-03-03 - Gestion-themes-wordpress-rapyd-cloud.jpg,image/jpeg,mixed_separators,medium,"Melange espaces, tirets et underscores"
1mNaHiIKoIl8iQIust9S8pJ6ymEEZhWGO,2025-03-03 - Hebergement-wordpress-rapide-securise-rapyd-cloud.jpg,2025-03-03 - Hebergement-wordpress-rapide-securise-rapyd-cloud.jpg,image/jpeg,mixed_separators,medium,"Melange espaces, tirets et underscores"
1mZVztk9E9153HNz-lZzJit1EEinAUAKY,2025-03-03 - Rapyd-cloud-dashboard-gestion-wordpress.jpg,2025-03-03 - Rapyd-cloud-dashboard-gestion-wordpress.jpg,image/jpeg,mixed_separators,medium,"Melange espaces, tirets et underscores"
1mlesb3WdE8NiAIE3Cy2oc1vIp7dc5xCy,2025-03-03 - Rapyd-cloud-cache-wordpress-optimisation-performance.jpg,2025-03-03 - Rapyd-cloud-cache-wordpress-optimisation-performance.jpg,image/jpeg,mixed_separators,medium,"Melange espaces, tirets et underscores"
1mp2iCg0cFd30QaJPBvb5-73UTuk-z-H7,2025-03-03 - Rapyd-cloud-securite-wordpress-protection-malware.jpg,2025-03-03 - Rapyd-cloud-securite-wordpress-protection-malware.jpg,image/jpeg,mixed_separators,medium,"Melange espaces, tirets et underscores"
1n2glRAQA6dszWgy9-5_2hkByLhCry9p6,2025-03-03 - Rapyd-cloud-logs-acces-securite-wordpress.jpg,2025-03-03 - Rapyd-cloud-logs-acces-securite-wordpress.jpg,image/jpeg,mixed_separators,medium,"Melange espaces, tirets et underscores"
1p3jgJ7a4IHLDGWxUYsby6_eItr9nWDka,2025-03-11 - Fluentbooking-amelia-booking-wordpress-comparison.jpg,2025-03-11 - Fluentbooking-amelia-booking-wordpress-comparison.jpg,image/jpeg,mixed_separators,medium,"Melange espaces, tirets et underscores"
1pcjgY5jWy8pNlLqhUTlj0NLLbtDLZaUF,2025-03-12 - Latepoint-intuitives-schnelles-wordpress-buchungs-plugin.jpg,2025-03-12 - Latepoint-intuitives-schnelles-wordpress-buchungs-plugin.jpg,image/jpeg,mixed_separators,medium,"Melange espaces, tirets et underscores"
1qScPsK3ZmhfNITA0St37s88525fLrKwr,2025-03-14 - Link-whisper-plugin-wordpress-maillage-interne.jpg,2025-03-14 - Link-whisper-plugin-wordpress-maillage-interne.jpg,image/jpeg,mixed_separators,medium,"Melange espaces, tirets et underscores"
1svP_AmzMQ0Cc11ZbdOMve_jIzzBOs9f8,2025-03-27 - Rapyd-cloud-wordpress-hosting-schnell.jpg,2025-03-27 - Rapyd-cloud-wordpress-hosting-schnell.jpg,image/jpeg,mixed_separators,medium,"Melange espaces, tirets et underscores"
1tejGedAsixSkJwcLGo_LDTD5nwHGuLbi,2025-03-27 - Rapyd-cloud-wordpress-hosting-tested-reviewed.jpg,2025-03-27 - Rapyd-cloud-wordpress-hosting-tested-reviewed.jpg,image/jpeg,mixed_separators,medium,"Melange espaces, tirets et underscores"
1tog8_eGQOdmYBA997FRM7Xv2y5Xq2TRS,2025-03-31 - Link-whisper-wordpress-plugin-interne-vernetzung.jpg,2025-03-31 - Link-whisper-wordpress-plugin-interne-vernetzung.jpg,image/jpeg,mixed_separators,medium,"Melange espaces, tirets et underscores"
1uBDau8hbR9yQ6v5kz_C_1f9j7Yk07orB,2025-04-03 - Link-whisper-wordpress-internal-linking-plugin.jpg,2025-04-03 - Link-whisper-wordpress-internal-linking-plugin.jpg,image/jpeg,mixed_separators,medium,"Melange espaces, tirets et underscores"
1xcA2E7mgan-rOAet_V__FVQoFDhiuKgB,2025-04-17 - Plugin-learndash-lms-page-accueil-wordpress.jpg,2025-04-17 - Plugin-learndash-lms-page-accueil-wordpress.jpg,image/jpeg,mixed_separators,medium,"Melange espaces, tirets et underscores"
1luR8IX7h5xbJCLZdXOYd8HBoq1ao0z6Z,2025-03-03 - Gestion-plugins-wordpress-rapyd-cloud.jpg,2025-03-03 - Gestion-plugins-wordpress-rapyd-cloud.jpg,image/jpeg,mixed_separators,medium,"Melange espaces, tirets et underscores"
1n3gP6ytKkOU96ECV4fOkOhWU6TuOyajD,2025-03-03 - Gestion-serveur-rapyd-cloud-wordpress.jpg,2025-03-03 - Gestion-serveur-rapyd-cloud-wordpress.jpg,image/jpeg,mixed_separators,medium,"Melange espaces, tirets et underscores"
1vjPD_5YL8bhYJNmMPGQrqxQudwMhAExW,2025-04-05 - Local-wp-vergleich-flywheel-xampp-wordpress.jpg,2025-04-05 - Local-wp-vergleich-flywheel-xampp-wordpress.jpg,image/jpeg,mixed_separators,medium,"Melange espaces, tirets et underscores"
1wkJy0HLTdwq478PAh-PYDuoz45uGW_Hd,2025-04-10 - Fluentbooking-amelia-vergleich-wordpress-plugin.jpg,2025-04-10 - Fluentbooking-amelia-vergleich-wordpress-plugin.jpg,image/jpeg,mixed_separators,medium,"Melange espaces, tirets et underscores"
1xazblJMDq5Cu2mS32pKWEUePI9j7XWMT,2025-04-17 - Learndash-plugin-wordpress-formation-en-ligne.jpg,2025-04-17 - Learndash-plugin-wordpress-formation-en-ligne.jpg,image/jpeg,mixed_separators,medium,"Melange espaces, tirets et underscores"
1---AzZS_ozFKCzn24ipdw_gIv5M3tJpK,2025-05-07 - Learndash-wordpress-plugin-online-schulungen.jpg,2025-05-07 - Learndash-wordpress-plugin-online-schulungen.jpg,image/jpeg,mixed_separators,medium,"Melange espaces, tirets et underscores"
1-SFA1X9yoomc5iG8fFMSaGwmFklvyEDw,2025-05-07 - Learndash-wordpress-plugin-online-courses.jpg,2025-05-07 - Learndash-wordpress-plugin-online-courses.jpg,image/jpeg,mixed_separators,medium,"Melange espaces, tirets et underscores"
10kYk0Chndaz33xaPPQIp1yq7A29a26uv,2025-05-08 - Multisite-wordpress-guide-centralisation-sites.jpg,2025-05-08 - Multisite-wordpress-guide-centralisation-sites.jpg,image/jpeg,mixed_separators,medium,"Melange espaces, tirets et underscores"
10yvmlRuH1lIj_GhtImWR1ncvYSbWv44x,2025-06-16 - Rapyd-cloud-promo-code-wordpress-hosting-rabatt.jpg,2025-06-16 - Rapyd-cloud-promo-code-wordpress-hosting-rabatt.jpg,image/jpeg,mixed_separators,medium,"Melange espaces, tirets et underscores"
12gBE6Hg2PyUVXqgq56VGuu3g7nWcK9T6,2025-05-19 - Outils-o2switch-optimisation-wordpress-ssl-cache.jpg,2025-05-19 - Outils-o2switch-optimisation-wordpress-ssl-cache.jpg,image/jpeg,mixed_separators,medium,"Melange espaces, tirets et underscores"
15y3A8BnW75w5fk9Cb-_DcKLN6IUOjiJ_,2025-06-30 - Fluentcart-interface-ajout-produit-wordpress.jpg,2025-06-30 - Fluentcart-interface-ajout-produit-wordpress.jpg,image/jpeg,mixed_separators,medium,"Melange espaces, tirets et underscores"
1LPBV7SeNLqY2FEJOWrzpVbGm3m03ErJP,2025-06-27 - Fluentcart-avis-alternative-woocommerce.jpg,2025-06-27 - Fluentcart-avis-alternative-woocommerce.jpg,image/jpeg,mixed_separators,medium,"Melange espaces, tirets et underscores"
1LSSPwO22mnG69Y8s5QDxoGfPmWzqawQO,2025-06-30 - Fluentcart-dashboard-interface-vierge-wordpress.jpg,2025-06-30 - Fluentcart-dashboard-interface-vierge-wordpress.jpg,image/jpeg,mixed_separators,medium,"Melange espaces, tirets et underscores"
1NlaWLcqJaySQASDbzM7QuDqTQvZn7uCz,2025-07-01 - Fluentcart-tableau-gestion-licence-plugin.jpg,2025-07-01 - Fluentcart-tableau-gestion-licence-plugin.jpg,image/jpeg,mixed_separators,medium,"Melange espaces, tirets et underscores"
1Qm9wt79hBbsYsSV2Y3H99DbrxHZM_UY_,2025-06-27 - Fluentcart-avis-plugin-ecommerce-wordpress.jpg,2025-06-27 - Fluentcart-avis-plugin-ecommerce-wordpress.jpg,image/jpeg,mixed_separators,medium,"Melange espaces, tirets et underscores"
1T1bRZqVJDoczIZFGZzw_tNnqfLDW0B_B,2025-06-27 - Fluentcart-plugin-ecommerce-wordpress.jpg,2025-06-27 - Fluentcart-plugin-ecommerce-wordpress.jpg,image/jpeg,mixed_separators,medium,"Melange espaces, tirets et underscores"
1UBs2e9EJ5rarUK8_-ZWZiU8Zd8g6XDQt,2025-06-30 - Fluentcart-automation-declencheur-wordpress.jpg,2025-06-30 - Fluentcart-automation-declencheur-wordpress.jpg,image/jpeg,mixed_separators,medium,"Melange espaces, tirets et underscores"
1oFykJzAAwE9VTM-cFNTujgrKEZgoGdqm,2025-06-30 - Fluentcart-ecran-installation-wordpress.jpg,2025-06-30 - Fluentcart-ecran-installation-wordpress.jpg,image/jpeg,mixed_separators,medium,"Melange espaces, tirets et underscores"
1vMdC4oPGohI9NjDsAyeaduDBbTgmwzkK,2025-06-30 - Fluentcart-tableau-bord-ecommerce-wordpress.jpg,2025-06-30 - Fluentcart-tableau-bord-ecommerce-wordpress.jpg,image/jpeg,mixed_separators,medium,"Melange espaces, tirets et underscores"
1wMMdWG59UnajNJlR-pteLbf2QkTz7k_r,2025-06-27 - Fluentcart-avis-adopter-boutique-wordpress.jpg,2025-06-27 - Fluentcart-avis-adopter-boutique-wordpress.jpg,image/jpeg,mixed_separators,medium,"Melange espaces, tirets et underscores"
1xgxsIeWADA7Dv4ff30oALjTl12yfsFue,2025-04-17 - Learndash-plugin-lms-prix-1-site-wordpress.jpg,2025-04-17 - Learndash-plugin-lms-prix-1-site-wordpress.jpg,image/jpeg,mixed_separators,medium,"Melange espaces, tirets et underscores"
1xhGVwA9UuunnycxCiALvKPMzjrOzPiYE,2025-04-17 - Learndash-plugin-lms-prix-10-sites-wordpress.jpg,2025-04-17 - Learndash-plugin-lms-prix-10-sites-wordpress.jpg,image/jpeg,mixed_separators,medium,"Melange espaces, tirets et underscores"
1xrUn8dD6Dgi_Fg0UJrLkojDiYZB80ZPg,2025-04-17 - Learndash-plugin-lms-prix-unlimited-wordpress.jpg,2025-04-17 - Learndash-plugin-lms-prix-unlimited-wordpress.jpg,image/jpeg,mixed_separators,medium,"Melange espaces, tirets et underscores"
1yalr7SIlVXhETNK5aU7ym8_MwlzF_IBN,2025-06-30 - Interface-fluentcart-fiche-produit-wordpress.jpg,2025-06-30 - Interface-fluentcart-fiche-produit-wordpress.jpg,image/jpeg,mixed_separators,medium,"Melange espaces, tirets et underscores"
1zQ3xo0ZPPpAQP5r3dpLuCKSXC1nvuazD,2025-06-30 - Fluentcart-methodes-paiement-plugin-ecommerce.jpg,2025-06-30 - Fluentcart-methodes-paiement-plugin-ecommerce.jpg,image/jpeg,mixed_separators,medium,"Melange espaces, tirets et underscores"
1zp_zVUJFuReXDdyeF34N_8vZ-EQgXl0B,2025-05-02 - Apprendre-wordpress-guide-debutant-autonome.jpg,2025-05-02 - Apprendre-wordpress-guide-debutant-autonome.jpg,image/jpeg,mixed_separators,medium,"Melange espaces, tirets et underscores"
18ig73IVuQZLvobIIuV8TEG2SHSu7gDrk,2025-08-09 - Fluent-support-plugin-kundensupport-wordpress.jpg,2025-08-09 - Fluent-support-plugin-kundensupport-wordpress.jpg,image/jpeg,mixed_separators,medium,"Melange espaces, tirets et underscores"
1I5VqMCSXIz8Mf2FBuni-BMpiB4Erl6IJ,2025-07-01 - Fluentcart-tableau-bord-gestion-commandes-wordpress.jpg,2025-07-01 - Fluentcart-tableau-bord-gestion-commandes-wordpress.jpg,image/jpeg,mixed_separators,medium,"Melange espaces, tirets et underscores"
1XrYNGMkFf_wRmequqXz-oyQO34Vqsw_J,2025-07-01 - Fluentcart-blocs-ecommerce-gutenberg.jpg,2025-07-01 - Fluentcart-blocs-ecommerce-gutenberg.jpg,image/jpeg,mixed_separators,medium,"Melange espaces, tirets et underscores"
1YBfdY0K5jiQpZNR-Jk7xOy5n4Ri8MA9-,2025-07-01 - Fluentcart-parametres-licence-plugin-wordpress.jpg,2025-07-01 - Fluentcart-parametres-licence-plugin-wordpress.jpg,image/jpeg,mixed_separators,medium,"Melange espaces, tirets et underscores"
1ea03MPR5jTLFesP3ujIw_kB9Y7WCWjhv,2025-08-09 - Fluentbooking-wordpress-loesung-buchungen.jpg,2025-08-09 - Fluentbooking-wordpress-loesung-buchungen.jpg,image/jpeg,mixed_separators,medium,"Melange espaces, tirets et underscores"
1f2gMTlfI6xE7VC-jS21dJpDU78uw94x2,2025-07-06 - Fluentcart-test-wordpress-shop-erfahrungen.jpg,2025-07-06 - Fluentcart-test-wordpress-shop-erfahrungen.jpg,image/jpeg,mixed_separators,medium,"Melange espaces, tirets et underscores"
10BxUrmxgFeAFFlS1D2loZEXCEKwiX1ik,2025-10-25 - How-to-structure-article-wordpress-readability.jpg,2025-10-25 - How-to-structure-article-wordpress-readability.jpg,image/jpeg,mixed_separators,medium,"Melange espaces, tirets et underscores"
10IInWWAFVrBI9KQCFhK7xhJhrpAIXm9Q,2025-10-28 - Fluentbooking-plugin-wordpress-reservation.jpg,2025-10-28 - Fluentbooking-plugin-wordpress-reservation.jpg,image/jpeg,mixed_separators,medium,"Melange espaces, tirets et underscores"
10TirvHh9l5Xz0fdCpFSVKZiccnQDKJAw,2025-10-28 - Fluentcommunity-plugin-wordpress-communaute.jpg,2025-10-28 - Fluentcommunity-plugin-wordpress-communaute.jpg,image/jpeg,mixed_separators,medium,"Melange espaces, tirets et underscores"
13V27YyylQTsYcqlawG5k0xznfeZgAIKK,2025-10-25 - Meilleures-offres-wordpress-black-friday.jpg,2025-10-25 - Meilleures-offres-wordpress-black-friday.jpg,image/jpeg,mixed_separators,medium,"Melange espaces, tirets et underscores"
1P4__FXQh5VPo3HQ-M5-1uRvxw8ryE1Yb,2025-10-28 - Academy-lms-plugin-wordpress-elearning.jpg,2025-10-28 - Academy-lms-plugin-wordpress-elearning.jpg,image/jpeg,mixed_separators,medium,"Melange espaces, tirets et underscores"
1QKADs7ACDTmCQHQouxTjgH27n3VZEGuf,2025-09-18 - Pulse-wordpress-plugin-product-listing.jpg,2025-09-18 - Pulse-wordpress-plugin-product-listing.jpg,image/jpeg,mixed_separators,medium,"Melange espaces, tirets et underscores"
1kfrGhm6UlU8TG78ZulDbSKc9j3-PzccK,2025-10-28 - Fluentforms-plugin-wordpress-formulaires.jpg,2025-10-28 - Fluentforms-plugin-wordpress-formulaires.jpg,image/jpeg,mixed_separators,medium,"Melange espaces, tirets et underscores"
1nOoXynzr2Fey82Egyk4OspDALf1aA48Z,2025-08-21 - Flyingpress-vs-wp-rocket-wordpress-cache-plugin.jpg,2025-08-21 - Flyingpress-vs-wp-rocket-wordpress-cache-plugin.jpg,image/jpeg,mixed_separators,medium,"Melange espaces, tirets et underscores"
1zN86PrUV-lMGgal-XxwHz871p3FV3ZdP,2025-10-25 - Fluentcart-black-friday-plugin-wordpress-ecommerce.jpg,2025-10-25 - Fluentcart-black-friday-plugin-wordpress-ecommerce.jpg,image/jpeg,mixed_separators,medium,"Melange espaces, tirets et underscores"
1SC0F_G6Z5Ncdiyt8071-G2_nRUgpHmju,2024-03-05 - Kwfinder freelance site web wordpress export.csv,2024-03-05 - Kwfinder freelance site web wordpress export.csv,text/csv,mixed_separators,medium,"Melange espaces, tirets et underscores"
1GFXf387PZ9HujH8r4upVp__ZdnMw1Dcf,2024-03-05 - Kwfinder prestataire site web wordpress export.csv,2024-03-05 - Kwfinder prestataire site web wordpress export.csv,text/csv,mixed_separators,medium,"Melange espaces, tirets et underscores"
15x-CcWNXvJ2TKwO6OMme5oGRNVHA1wwm,2024-03-05 - Kwfinder createur de site web wordpress export.csv,2024-03-05 - Kwfinder createur de site web wordpress export.csv,text/csv,mixed_separators,medium,"Melange espaces, tirets et underscores"
1j-Ss-JaNJCTovgMTacqC7VshPFId5sJx,2025-12-29 - Ticket Caisse VG-479754.pdf,2025-12-29 - Ticket Caisse VG-479754.pdf,application/pdf,mixed_separators,medium,"Melange espaces, tirets et underscores"
1HCjCM7DLU5lJahEGYdWZVURMSNXWQHL3,2025-12-29 - Pi.pdf,2025-12-29 - Pi.pdf,application/pdf,mixed_separators,medium,"Melange espaces, tirets et underscores"
1QBQcuKlKbzGsZeIG-qLD-A4JbQE2m-qn,2025-12-29 - Diplome doliplume.pdf,2025-12-29 - Diplome doliplume.pdf,application/pdf,mixed_separators,medium,"Melange espaces, tirets et underscores"
1J-9R07DD6aIJSxCXzUAbJ4gBXnE7cieB,2025-12-29 - AvisCfe 881547962 93a36200b8f211f0539c0ef6d117e07b.pdf,2025-12-29 - AvisCfe 881547962 93a36200b8f211f0539c0ef6d117e07b.pdf,application/pdf,mixed_separators,medium,"Melange espaces, tirets et underscores"
1kdgT32L2ykFy9f0PbvDO2qmu6xd2aB8e,2025-12-28 - KIHL baloo2025121215966363.PDF,2025-12-28 - KIHL baloo2025121215966363.PDF,application/pdf,mixed_separators,medium,"Melange espaces, tirets et underscores"
1hSl4Zrzgc6yQgjUQM3rvdtrH7pM-yx-m,2025-12-28 - KIHL MICHAEL VM REPRISE le 09122025 A 15H30.pdf,2025-12-28 - KIHL MICHAEL VM REPRISE le 09122025 A 15H30.pdf,application/pdf,mixed_separators,medium,"Melange espaces, tirets et underscores"
1fqEDxeONJcPq4oSC9Dfe1s8h9qv-jsJz,2025-11-06 - Katoen Natie Flyers 08 10 25.pdf,2025-11-06 - Katoen Natie Flyers 08 10 25.pdf,application/pdf,mixed_separators,medium,"Melange espaces, tirets et underscores"
1eVXp1Zo993tIAlo-0lq2c9Psb3DVKq1K,2025-11-01 - Catch-Booking YPTB0021194845.pdf,2025-11-01 - Catch-Booking YPTB0021194845.pdf,application/pdf,mixed_separators,medium,"Melange espaces, tirets et underscores"
1v3149QppXVIaf-z-0KwwDsBqrx0WpBpS,2025-06-16 - Label-OL1206178000.pdf,2025-06-16 - Label-OL1206178000.pdf,application/pdf,mixed_separators,medium,"Melange espaces, tirets et underscores"
119R_X060wnIQ43LjySGD7Y7RJ_X5tiJp,2025-07-16 - 2025-03-07-EMG.pdf,2025-07-16 - 2025-03-07-EMG.pdf,application/pdf,mixed_separators,medium,"Melange espaces, tirets et underscores"
119R_X060wnIQ43LjySGD7Y7RJ_X5tiJp,2025-07-16 - 2025-03-07-EMG.pdf,2025-07-16 - 2025-03-07-EMG.pdf,application/pdf,all_caps,low,Nom entierement en majuscules
1fptV2iSPjCC1DFKuC-QWuDHlKiGabgjz,2025-07-16 - KIHL.pdf,2025-07-16 - KIHL.pdf,application/pdf,mixed_separators,medium,"Melange espaces, tirets et underscores"
1fptV2iSPjCC1DFKuC-QWuDHlKiGabgjz,2025-07-16 - KIHL.pdf,2025-07-16 - KIHL.pdf,application/pdf,all_caps,low,Nom entierement en majuscules
1osw2SBMearv-Hc7yA2ttsu4SkqzZNl2Z,2025-07-16 - KIHL.MICHAEL 2025-05-09.PDF,2025-07-16 - KIHL.MICHAEL 2025-05-09.PDF,application/pdf,mixed_separators,medium,"Melange espaces, tirets et underscores"
1osw2SBMearv-Hc7yA2ttsu4SkqzZNl2Z,2025-07-16 - KIHL.MICHAEL 2025-05-09.PDF,2025-07-16 - KIHL.MICHAEL 2025-05-09.PDF,application/pdf,all_caps,low,Nom entierement en majuscules
1rTKpARiCKZCUfWgk642HBcGSxjFuZxEM,2025-07-16 - CR CS du 10 04 2024.pdf,2025-07-16 - CR CS du 10 04 2024.pdf,application/pdf,mixed_separators,medium,"Melange espaces, tirets et underscores"
1awNlCC2V5C7E3L0h4VChYA6KnGqZwaYa,2025-07-16 - CR CS du 10 09 24.pdf,2025-07-16 - CR CS du 10 09 24.pdf,application/pdf,mixed_separators,medium,"Melange espaces, tirets et underscores"
1RZPtXLiTqrwTq8nxLXyeyye1bTV2GqPb,2025-07-16 - HOLTER ECG.PDF,2025-07-16 - HOLTER ECG.PDF,application/pdf,mixed_separators,medium,"Melange espaces, tirets et underscores"
1RZPtXLiTqrwTq8nxLXyeyye1bTV2GqPb,2025-07-16 - HOLTER ECG.PDF,2025-07-16 - HOLTER ECG.PDF,application/pdf,all_caps,low,Nom entierement en majuscules
1EfqY8j9cxlx6edUZrKpXptIG6TCQ-ylM,2025-07-16 - CONSULT CARDIO KIHL MICHAEL 17 04 2024.PDF,2025-07-16 - CONSULT CARDIO KIHL MICHAEL 17 04 2024.PDF,application/pdf,mixed_separators,medium,"Melange espaces, tirets et underscores"
1EfqY8j9cxlx6edUZrKpXptIG6TCQ-ylM,2025-07-16 - CONSULT CARDIO KIHL MICHAEL 17 04 2024.PDF,2025-07-16 - CONSULT CARDIO KIHL MICHAEL 17 04 2024.PDF,application/pdf,all_caps,low,Nom entierement en majuscules
1y-ZkbxGbCQCP-i8EV9rpHsP-_LrifhLX,2025-07-16 - 1997-10-20-D-Eyer.pdf,2025-07-16 - 1997-10-20-D-Eyer.pdf,application/pdf,mixed_separators,medium,"Melange espaces, tirets et underscores"
1XcGHSWAH9XwZerOCXQoTgbAIGdmq6VXr,2025-07-16 - 2001-10-30-A-Randrianjohany.pdf,2025-07-16 - 2001-10-30-A-Randrianjohany.pdf,application/pdf,mixed_separators,medium,"Melange espaces, tirets et underscores"
1swy5lvH72RZU7gyhCn1pz_gCbbxf8tep,2025-07-16 - 2002-02-13-A-Randrianjohany.pdf,2025-07-16 - 2002-02-13-A-Randrianjohany.pdf,application/pdf,mixed_separators,medium,"Melange espaces, tirets et underscores"
11FFN18Zpjw9ssehTP7VErDBaG1yia7pV,2025-07-16 - 2002-03-07-A-Randrianjohany.pdf,2025-07-16 - 2002-03-07-A-Randrianjohany.pdf,application/pdf,mixed_separators,medium,"Melange espaces, tirets et underscores"
1Gk1nousoKDcx9YJnRVZpdeKSpRO0Ispq,2025-07-16 - 2002-04-25-A-Randrianjohany.pdf,2025-07-16 - 2002-04-25-A-Randrianjohany.pdf,application/pdf,mixed_separators,medium,"Melange espaces, tirets et underscores"
1COKIZKbkhV7KdJ1gqc6bmCLj2uPY-15W,2025-07-16 - 2002-07-02-A-Randrianjohany.pdf,2025-07-16 - 2002-07-02-A-Randrianjohany.pdf,application/pdf,mixed_separators,medium,"Melange espaces, tirets et underscores"
1n_8iVMSNPfASTd4f-h8__oVSuxMW8fw7,2025-07-16 - 2003-01-10-A-Laugros.pdf,2025-07-16 - 2003-01-10-A-Laugros.pdf,application/pdf,mixed_separators,medium,"Melange espaces, tirets et underscores"
19wWoWBZLZfX8ghzvD2N51vTBuFNroIeZ,2025-07-16 - 26-06-03-Randrianjohany.pdf,2025-07-16 - 26-06-03-Randrianjohany.pdf,application/pdf,mixed_separators,medium,"Melange espaces, tirets et underscores"
19wWoWBZLZfX8ghzvD2N51vTBuFNroIeZ,2025-07-16 - 26-06-03-Randrianjohany.pdf,2025-07-16 - 26-06-03-Randrianjohany.pdf,application/pdf,date_format,medium,Format de date non standard (preferer YYYY-MM-DD)
1cwxq1q9W-Hv4qNUGASVDI9a59T3tDUSO,2025-07-16 - 2008-10-21-F-Labaki.pdf,2025-07-16 - 2008-10-21-F-Labaki.pdf,application/pdf,mixed_separators,medium,"Melange espaces, tirets et underscores"
1O4Qw8hjhzfLH0X5_WjQhBCq0669Kb03i,2025-07-16 - 2008-11-06-A-Laugros.pdf,2025-07-16 - 2008-11-06-A-Laugros.pdf,application/pdf,mixed_separators,medium,"Melange espaces, tirets et underscores"
1FYQ-_pQHNpzv_1nTHr5v9xSKDg9StsA8,2025-07-16 - A-Laugros.pdf,2025-07-16 - A-Laugros.pdf,application/pdf,mixed_separators,medium,"Melange espaces, tirets et underscores"
1x1cCruWnQaREBRpZeAR00uY5An4oiGscFB3c5cbe6tI,2026-01-01 - Strategie schoolsWP - Etude Marche,2026-01-01 - Strategie schoolsWP - Etude Marche,application/vnd.google-apps.document,mixed_separators,medium,"Melange espaces, tirets et underscores"
1f7fEnLZKAabr4IklxoHdGwuPU4KnRfZpXw7oIi4jqh0,2023-11-24 - Bertha AI Le meilleur assistant d’ecriture IA pour WordPress - Article - FR,2023-11-24 - Bertha AI Le meilleur assistant d’ecriture IA pour WordPress - Article - FR,application/vnd.google-apps.document,mixed_separators,medium,"Melange espaces, tirets et underscores"
1patIGLI4xHOTHJltlJRqNOrA5WZINzXfXTe_A4LCQn8,2025-01-23 - Skoatch Performance et Efficacite de la Redaction IA - Article - FR,2025-01-23 - Skoatch Performance et Efficacite de la Redaction IA - Article - FR,application/vnd.google-apps.document,mixed_separators,medium,"Melange espaces, tirets et underscores"
1Hi_WA_NwNOMDUQYBIzg2J4RGKWaULImjWiAvacKYro0,2024-12-12 - FluentCommunity Construisez rapidement une communaute WordPress avec ce plugin - Article - FR,2024-12-12 - FluentCommunity Construisez rapidement une communaute WordPress avec ce plugin - Article - FR,application/vnd.google-apps.document,mixed_separators,medium,"Melange espaces, tirets et underscores"
1WgTMi_ugMW9qvoCrmeaZUa8t2rQCG1rR9Lw0j1pARh8,2024-11-21 - Link Finder optimisez votre strategie de netlinking a moindre cout - Article - FR,2024-11-21 - Link Finder optimisez votre strategie de netlinking a moindre cout - Article - FR,application/vnd.google-apps.document,mixed_separators,medium,"Melange espaces, tirets et underscores"
1cOevXGlUUI2-zoRXGhJfg-xOdCOR2moCdH1gaqJ8MS0,2024-10-26 - TasteWP Decouvrez Comment Creer Facilement Votre Site WordPress - Article - FR,2024-10-26 - TasteWP Decouvrez Comment Creer Facilement Votre Site WordPress - Article - FR,application/vnd.google-apps.document,mixed_separators,medium,"Melange espaces, tirets et underscores"
1vBJEjxa2osZrOWOSsXBGISX5n6YVaZuySR3CBBsRxwM,2024-09-16 - Full Site Editing (FSE) WordPress Maitrise Le Futur Du Web WordPress - Article - FR,2024-09-16 - Full Site Editing (FSE) WordPress Maitrise Le Futur Du Web WordPress - Article - FR,application/vnd.google-apps.document,mixed_separators,medium,"Melange espaces, tirets et underscores"
1QK_MkROtNXGqJtgXbuDx3GgnE5ci_93vDzqdzPGs9qo,2024-08-13 - WPBoutik reinvente le commerce en ligne sur WordPress - Article - FR,2024-08-13 - WPBoutik reinvente le commerce en ligne sur WordPress - Article - FR,application/vnd.google-apps.document,mixed_separators,medium,"Melange espaces, tirets et underscores"
1hOAImEBfAFSFuSvw47R0tX6Af1IBd-jfo-tMoa6Rba8,2024-08-03 - Avis sur Linkuma est-elle la reference du netlinking - Article - FR,2024-08-03 - Avis sur Linkuma est-elle la reference du netlinking - Article - FR,application/vnd.google-apps.document,mixed_separators,medium,"Melange espaces, tirets et underscores"
1oYGxsoTra_TG5cdRutPSFt7nH9ZBST5eZ48lUjk9lZE,2024-07-26 - Suremembers decouvrez le meilleur plugin d’adhesion pour WordPress - Article - FR,2024-07-26 - Suremembers decouvrez le meilleur plugin d’adhesion pour WordPress - Article - FR,application/vnd.google-apps.document,mixed_separators,medium,"Melange espaces, tirets et underscores"
1kLK3BQYn38SDrG4gJyGCEcpWlZ0_WBzRkeVPDnSEt30,2024-06-29 - Copilhost Hebergement Rapide et Securise pour WordPress v2 - Article - FR,2024-06-29 - Copilhost Hebergement Rapide et Securise pour WordPress v2 - Article - FR,application/vnd.google-apps.document,mixed_separators,medium,"Melange espaces, tirets et underscores"
18G8GRboe_E5K8PEBBPN45gZ_vnMKJyqWy3ZZexbs-_c,2024-10-21 - Nettoyer base de donnees WordPress guide complet et plugins - Article - FR,2024-10-21 - Nettoyer base de donnees WordPress guide complet et plugins - Article - FR,application/vnd.google-apps.document,mixed_separators,medium,"Melange espaces, tirets et underscores"
1DQN5qmopOe3HKb1okPlp6zUSmGiVUO2UHamYPeCSqF4,2024-06-18 - FluentBoards Decouvrez tout sur ce plugin de gestion de projet pour WordPress - Article - FR,2024-06-18 - FluentBoards Decouvrez tout sur ce plugin de gestion de projet pour WordPress - Article - FR,application/vnd.google-apps.document,mixed_separators,medium,"Melange espaces, tirets et underscores"
1hWMzIFzZip3EoiontYKsm70-h9HCpAZ_9KLrHZyznWg,2024-05-03 - Creer une plateforme de formation en ligne avec WordPress - Article - FR,2024-05-03 - Creer une plateforme de formation en ligne avec WordPress - Article - FR,application/vnd.google-apps.document,mixed_separators,medium,"Melange espaces, tirets et underscores"
1w_TZiqxBVfqksWwcHddpljP8TkLPHhvs1qAO2SX4mRc,2024-10-20 - ZipWP Revolutionnez la creation de sites WordPress en IA - Article - FR,2024-10-20 - ZipWP Revolutionnez la creation de sites WordPress en IA - Article - FR,application/vnd.google-apps.document,mixed_separators,medium,"Melange espaces, tirets et underscores"
1_37iiYa6a7iPhHFuMfYsyLxVA8AULYWjVKKaDjuQGeo,2024-09-22 - SureTriggers La Revolution de l’Automatisation et de l’Integration sur WordPress - Article - FR,2024-09-22 - SureTriggers La Revolution de l’Automatisation et de l’Integration sur WordPress - Article - FR,application/vnd.google-apps.document,mixed_separators,medium,"Melange espaces, tirets et underscores"
1va47TnhoPjLxEtb5czOdBTq9xMQPxMj6-FtvgqaXgYw,2023-11-10 - Le plug in AliDropship en details - Article - FR,2023-11-10 - Le plug in AliDropship en details - Article - FR,application/vnd.google-apps.document,mixed_separators,medium,"Melange espaces, tirets et underscores"
1eJDX-cvsVO83yCCMzQjWdPR1Ze51RxGDJ9RgwWRo1Ps,2023-11-10 - ClickFunnels peut-il etre utile a votre business - Article - FR,2023-11-10 - ClickFunnels peut-il etre utile a votre business - Article - FR,application/vnd.google-apps.document,mixed_separators,medium,"Melange espaces, tirets et underscores"
1vGoGrfUeKrjG0U2H5lHKGq0Ic899GorZ9cS0PBmTju8,2023-11-10 - 6 Facons de Booster votre Blog WordPress - Article - FR,2023-11-10 - 6 Facons de Booster votre Blog WordPress - Article - FR,application/vnd.google-apps.document,mixed_separators,medium,"Melange espaces, tirets et underscores"
1tB9iseMrQCbZ4drD7w292U9_DDMBVvcDO07CTeGn9Mc,2023-11-24 - Microthemer Editeur CSS visuel pour WordPress - Personnalisez facilement votr... - Article - FR,2023-11-24 - Microthemer Editeur CSS visuel pour WordPress - Personnalisez facilement votr... - Article - FR,application/vnd.google-apps.document,mixed_separators,medium,"Melange espaces, tirets et underscores"
1EnzRqd542K_-y4JcYSxXA2qqiTQKwziIlTEem4HFHSg,2023-11-24 - Ninja Tables Avis Decouvrez le meilleur plugin de tableau pour WordPress - Article - FR,2023-11-24 - Ninja Tables Avis Decouvrez le meilleur plugin de tableau pour WordPress - Article - FR,application/vnd.google-apps.document,mixed_separators,medium,"Melange espaces, tirets et underscores"
1wwDwIUuf88nBy9eRMYB-7qWEMtyZdQ4uNl4tzHW7VFQ,2023-11-24 - StoreBuilder - La meilleure alternative a Shopify - Article - FR,2023-11-24 - StoreBuilder - La meilleure alternative a Shopify - Article - FR,application/vnd.google-apps.document,mixed_separators,medium,"Melange espaces, tirets et underscores"
1ldcfKh3ORmULvQc8k0C8tjbBFMRIm5qd1TiJbqXxJF0,2023-11-22 - CodeaProd Le site pour avoir un blog d’affiliation cle en main - Article - FR,2023-11-22 - CodeaProd Le site pour avoir un blog d’affiliation cle en main - Article - FR,application/vnd.google-apps.document,mixed_separators,medium,"Melange espaces, tirets et underscores"
1jskkfpU3ft_jM5HFVMManISuek6yBgnKAJnLARu7dRM,2023-11-24 - WP Funnels est une alternative parfaite a Clickfunnels - Article - FR,2023-11-24 - WP Funnels est une alternative parfaite a Clickfunnels - Article - FR,application/vnd.google-apps.document,mixed_separators,medium,"Melange espaces, tirets et underscores"
10ndGO1Jr0RlRnFF1VyJ9fd9K9-9CYWUWxm67iA7qxEU,2023-11-21 - Creer sa plateforme de formation en ligne avec Tutor LMS - Article - FR,2023-11-21 - Creer sa plateforme de formation en ligne avec Tutor LMS - Article - FR,application/vnd.google-apps.document,mixed_separators,medium,"Melange espaces, tirets et underscores"
1TTTgV0cLSOuE2dnlr1KmT40ZDKVAZ6qFiJfh8Z7E4do,2023-11-21 - Crocoblock Decouvrez la boite a outils indispensable pour ameliorer votre sit... - Article - FR,2023-11-21 - Crocoblock Decouvrez la boite a outils indispensable pour ameliorer votre sit... - Article - FR,application/vnd.google-apps.document,mixed_separators,medium,"Melange espaces, tirets et underscores"
1Xv-eztNm1OAME0DVOGYgg6r9iai2unRGOWiaJnNVIh0,2023-11-17 - Systeme de reservations et rendez-vous avec AmeliaWP - Article - FR,2023-11-17 - Systeme de reservations et rendez-vous avec AmeliaWP - Article - FR,application/vnd.google-apps.document,mixed_separators,medium,"Melange espaces, tirets et underscores"
1DqxJQ9BjLE5YmVWOHMyqQLMq2KD0Sxlk9iPFqn1fxg0,2023-11-17 - Decouvrez GetResponse Campagnes Email et Automatisation - Article - FR,2023-11-17 - Decouvrez GetResponse Campagnes Email et Automatisation - Article - FR,application/vnd.google-apps.document,mixed_separators,medium,"Melange espaces, tirets et underscores"
1m17OcH32H_2HXeVtFJ5b0RFZwmLKvBtG2kJMkZKxPzI,2023-11-10 - CartFlows Creez des Tunnels de Vente WordPress Puissants avec WooCommerce - Article - FR,2023-11-10 - CartFlows Creez des Tunnels de Vente WordPress Puissants avec WooCommerce - Article - FR,application/vnd.google-apps.document,mixed_separators,medium,"Melange espaces, tirets et underscores"
1jjVbDhGtkMLH1d-nhraLo7U4jADaYCKVmJEek6mHNsI,2023-11-12 - Ce qu’il faut savoir sur le referencement Google - Article - FR,2023-11-12 - Ce qu’il faut savoir sur le referencement Google - Article - FR,application/vnd.google-apps.document,mixed_separators,medium,"Melange espaces, tirets et underscores"
1vuf5MW1C9_EvpYQXxDkDQEUigldhkDdf0q6DElRMlqU,2024-12-03 - Suremembers Entdecken Sie das beste Mitgliedschafts-Plugin fur WordPress - Article - EN,2024-12-03 - Suremembers Entdecken Sie das beste Mitgliedschafts-Plugin fur WordPress - Article - EN,application/vnd.google-apps.document,mixed_separators,medium,"Melange espaces, tirets et underscores"
1Z-uJsqqYC-_rX3TorcaZgwOSmPQ0JeTzUuiYo5XFXRw,2024-10-22 - FluentBoards Erfahren Sie alles uber dieses Projektmanagement-Plugin fur Word... - Article - DE,2024-10-22 - FluentBoards Erfahren Sie alles uber dieses Projektmanagement-Plugin fur Word... - Article - DE,application/vnd.google-apps.document,mixed_separators,medium,"Melange espaces, tirets et underscores"
1vIS87z734Xca_UZd8waJDTjO6g01ABWFa4VwsRXVB2Y,"2024-11-09 - SEOKEY, das essentielle SEO-Plugin fur WordPress - Article - DE","2024-11-09 - SEOKEY, das essentielle SEO-Plugin fur WordPress - Article - DE",application/vnd.google-apps.document,mixed_separators,medium,"Melange espaces, tirets et underscores"
1qdHSenU0Vi1IafvEe_O0N8D6h2e69JYbA-grdQtHZX8,2025-09-11 - TBL WEEK-END Monetisation et Techniques SEO - SEO,2025-09-11 - TBL WEEK-END Monetisation et Techniques SEO - SEO,application/vnd.google-apps.presentation,mixed_separators,medium,"Melange espaces, tirets et underscores"
1cK2jdnqEY0EoWYJudIINQrfs0gFEcCM84OB8vAPWiqk,2025-05-26 - Strategie SEO base sur les Clusters - SEO,2025-05-26 - Strategie SEO base sur les Clusters - SEO,application/vnd.google-apps.document,mixed_separators,medium,"Melange espaces, tirets et underscores"
16K1D37FGpAdHdkyFv7xA1M88EIBB8y935_P1D8B0Zuw,2023-10-04 - IG Summit 2023 Attendee Guide,2023-10-04 - IG Summit 2023 Attendee Guide,application/vnd.google-apps.presentation,mixed_separators,medium,"Melange espaces, tirets et underscores"
1lj2yvRUXENawRmXgSFwrucnsjL9Hk3YaY0QQlPZPYoc,2020-04-11 - ManyChat Audience,2020-04-11 - ManyChat Audience,application/vnd.google-apps.spreadsheet,mixed_separators,medium,"Melange espaces, tirets et underscores"
1JVTpk2gEOxDqVjKbgQu6IJ_gMzthhwlEdGraltz94CU,2022-09-12 - Amazon Operation Loterie avec Instant Gagnant,2022-09-12 - Amazon Operation Loterie avec Instant Gagnant,application/vnd.google-apps.spreadsheet,mixed_separators,medium,"Melange espaces, tirets et underscores"
1vTuQqrlz7jS51aeApht5_lF2r0zsKrYDVf-4GHllVNk,2021-11-26 - Nomenclature Amazon,2021-11-26 - Nomenclature Amazon,application/vnd.google-apps.spreadsheet,mixed_separators,medium,"Melange espaces, tirets et underscores"
1LhH_AncnL6Ss4Hg-pDVgb5IqgQZBZwnlRC6DK_dj1JU,2021-09-27 - Code Coupon Manychat,2021-09-27 - Code Coupon Manychat,application/vnd.google-apps.spreadsheet,mixed_separators,medium,"Melange espaces, tirets et underscores"
1L4IehGz7bvYE_qkYvsYKd0po2vnIXR4WcogYt_YtFkg,2024-12-27 - Apify Make Instagram Comptes (Task),2024-12-27 - Apify Make Instagram Comptes (Task),application/vnd.google-apps.spreadsheet,mixed_separators,medium,"Melange espaces, tirets et underscores"
1dSpI_dVWjbpHtYJEkursc-mG_Lz3bkipf19u4wDa2lI,README - Monetisation schoolsWP,README - Monetisation schoolsWP,application/vnd.google-apps.document,mixed_separators,medium,"Melange espaces, tirets et underscores"
17QgRiOxya150v8pT5ov9VgIH446ImBhCfL-5wQTNFlE,Checklist - Publication → Monetisation (schoolsWP),Checklist - Publication → Monetisation (schoolsWP),application/vnd.google-apps.document,mixed_separators,medium,"Melange espaces, tirets et underscores"
1DWOxnW6dG5N-T_5WiAgnaMYGoFyaX-yg,2025-07-31 - Interface-animation-pixel-art-communaute-creative.jpg,2025-07-31 - Interface-animation-pixel-art-communaute-creative.jpg,image/jpeg,mixed_separators,medium,"Melange espaces, tirets et underscores"
1rdCJK8WQG3DsbwopjCUBE9Q6-016qwuc,2024-09-16 - Full Site Editing (FSE) WordPress Maitrise Le Futur Du Web WordPress- le pl....jpg,2024-09-16 - Full Site Editing (FSE) WordPress Maitrise Le Futur Du Web WordPress- le pl....jpg,image/jpeg,mixed_separators,medium,"Melange espaces, tirets et underscores"
1DmVkXJHJem5bwlfm6giSKAF_M0Gl0smp,2025-10-28 - EasyCommerce Meinung 2025 Das WordPress KI-E-Commerce-Plugin der nachsten Gen... - Cover article.jpg,2025-10-28 - EasyCommerce Meinung 2025 Das WordPress KI-E-Commerce-Plugin der nachsten Gen... - Cover article.jpg,image/jpeg,mixed_separators,medium,"Melange espaces, tirets et underscores"
11NvThTTV1emYMdUREffOffD1u-oghgDM,2024-11-06 - Creer un site WordPress sans installation avec TasteWP - Cover article.jpg,2024-11-06 - Creer un site WordPress sans installation avec TasteWP - Cover article.jpg,image/jpeg,mixed_separators,medium,"Melange espaces, tirets et underscores"
1XNmE6lRrvwSquN_tJGUv7Twf3s8GMx_S,2024-06-24 - Comment-creer-article-blog-wordpress - Cover article.jpg,2024-06-24 - Comment-creer-article-blog-wordpress - Cover article.jpg,image/jpeg,mixed_separators,medium,"Melange espaces, tirets et underscores"
1qm3xmJwLABA4uyMJeF2M1l8_llzTctzR,2024-06-15 - Comparaison FluentBooking vs Amelia Booking Choix de Plugin de Reservation po... - Cover article.jpg,2024-06-15 - Comparaison FluentBooking vs Amelia Booking Choix de Plugin de Reservation po... - Cover article.jpg,image/jpeg,mixed_separators,medium,"Melange espaces, tirets et underscores"
1qKC2Ha3hHqwbUBIrYcV2Vgcgac2syITY,2024-06-15 - FluentBooking WordPress Plugin Maximisez vos reservations en ligne - Cover article.jpg,2024-06-15 - FluentBooking WordPress Plugin Maximisez vos reservations en ligne - Cover article.jpg,image/jpeg,mixed_separators,medium,"Melange espaces, tirets et underscores"
1qLSGqdM59wmDhis4S56DwXoGhPK-Lgsv,2024-06-15 - FluentBooking pour WordPress Simplifiez vos reservations en ligne - Cover article.jpg,2024-06-15 - FluentBooking pour WordPress Simplifiez vos reservations en ligne - Cover article.jpg,image/jpeg,mixed_separators,medium,"Melange espaces, tirets et underscores"
1qEiK2RxWtB4gAkaccTSNPHTo8kWk6_JW,2024-06-15 - FluentBooking-ajout-disponibilite-horaires - Cover article.jpg,2024-06-15 - FluentBooking-ajout-disponibilite-horaires - Cover article.jpg,image/jpeg,mixed_separators,medium,"Melange espaces, tirets et underscores"
1qvchZrIF-U-t8g_GMNtcFoAg3tpzq6Cs,2024-06-15 - FluentBooking-Tableau-de-bord-Ajout-Disponibilite - Cover article.jpg,2024-06-15 - FluentBooking-Tableau-de-bord-Ajout-Disponibilite - Cover article.jpg,image/jpeg,mixed_separators,medium,"Melange espaces, tirets et underscores"
1qsl1vVErvf7Hgw2kVwID5v-xHBSAj7A3,2024-06-15 - FluentBooking-Tableau-de-bord-Disponibilite - Cover article.jpg,2024-06-15 - FluentBooking-Tableau-de-bord-Disponibilite - Cover article.jpg,image/jpeg,mixed_separators,medium,"Melange espaces, tirets et underscores"
1qXa4to44kwJ5OKswV3XDkYQHIsVagGne,2024-06-15 - FluentBooking- La Solution Ultime pour Optimiser la Planification et les Rese... - Cover article.jpg,2024-06-15 - FluentBooking- La Solution Ultime pour Optimiser la Planification et les Rese... - Cover article.jpg,image/jpeg,mixed_separators,medium,"Melange espaces, tirets et underscores"
1nX4DRzzRnTm3jue34ghtTDWXk6EHzuO3hltObxLgRms,2025-03-31 - Pinterest Epingle,2025-03-31 - Pinterest Epingle,application/vnd.google-apps.spreadsheet,mixed_separators,medium,"Melange espaces, tirets et underscores"
14H1BbBqzz709Qgc2kxcMBpK3gRgc7N-1JMNwYNslLEA,2024-08-24 - DataTwitter,2024-08-24 - DataTwitter,application/vnd.google-apps.spreadsheet,mixed_separators,medium,"Melange espaces, tirets et underscores"
1JlcEXwLN6FiAhYa7HFtNN_AxGyIQ3DenzOi0CsAOhow,2024-07-14 - Alexis Fichou DataLinkedIn,2024-07-14 - Alexis Fichou DataLinkedIn,application/vnd.google-apps.spreadsheet,mixed_separators,medium,"Melange espaces, tirets et underscores"
1d_ljRuOEcOS-AMBZ3Q85HIudzFLMOYuGaptAdxScLrA,2024-07-14 - DataLinkedIn Alex Borto,2024-07-14 - DataLinkedIn Alex Borto,application/vnd.google-apps.spreadsheet,mixed_separators,medium,"Melange espaces, tirets et underscores"
1ObOjtc7NuEimzojJuWegZw_KroXXp3K7Vwedh2Wamw0,2023-03-03 - Tableaux,2023-03-03 - Tableaux,application/vnd.google-apps.spreadsheet,mixed_separators,medium,"Melange espaces, tirets et underscores"
1qL9xNE8xi17yHkn14S-Cr-022nEfKGi_6TDyUpwlQ4w,2025-10-10 - Bit Flows Avis 2025 - L’automatisation WordPress sans limites,2025-10-10 - Bit Flows Avis 2025 - L’automatisation WordPress sans limites,application/vnd.google-apps.document,mixed_separators,medium,"Melange espaces, tirets et underscores"
1Ad_5ys5XrHvj3wQ_R8Bdwe-jfx1du5DuXz1NgDQyGNw,2025-08-30 - Pulse avis - Faut-il adopter cet outil pour vos fiches produits e-commerce en...,2025-08-30 - Pulse avis - Faut-il adopter cet outil pour vos fiches produits e-commerce en...,application/vnd.google-apps.document,mixed_separators,medium,"Melange espaces, tirets et underscores"
1OqSbxNhsZ0RU2nu55SYBYWLGtz0goYP9_t9wOVK9svA,2025-08-21 - Linksgarden avis 2025 test complet de la plateforme de netlinking,2025-08-21 - Linksgarden avis 2025 test complet de la plateforme de netlinking,application/vnd.google-apps.document,mixed_separators,medium,"Melange espaces, tirets et underscores"
1EkGjUq8GDja7RwzV7-xp_NoQ2fDNMWZR754smhxR1K0,2025-08-10 - AffiliatePress avis mon test complet du plugin d’affiliation WordPress,2025-08-10 - AffiliatePress avis mon test complet du plugin d’affiliation WordPress,application/vnd.google-apps.document,mixed_separators,medium,"Melange espaces, tirets et underscores"
1-bDmQAsOa07cutAaHbIgxpfJK9gO2iMZedSn7Oc5Xlg,2025-07-28 - Why Droip Is the WordPress Builder We All Have Been Waiting For,2025-07-28 - Why Droip Is the WordPress Builder We All Have Been Waiting For,application/vnd.google-apps.document,mixed_separators,medium,"Melange espaces, tirets et underscores"
1kWJCCLrBe0jOx2say_h2TOy5fF300FxZdmTmqBksJVU,2024-03-11 - FluentBooking La Solution Ultime pour Optimiser la Planification et les Reser...,2024-03-11 - FluentBooking La Solution Ultime pour Optimiser la Planification et les Reser...,application/vnd.google-apps.document,mixed_separators,medium,"Melange espaces, tirets et underscores"
18OwhJOZlAAaFzOQKqD4wqJj4oyGZdMm7RpLWjviQF2g,2024-04-09 - Maintenance WordPress Guide Complet pour un Site Toujours Operationnel,2024-04-09 - Maintenance WordPress Guide Complet pour un Site Toujours Operationnel,application/vnd.google-apps.document,mixed_separators,medium,"Melange espaces, tirets et underscores"
1e81ULwQ6J6zcAktLg0FF6SrfbTSmhDTynzeoFbxIM9M,2025-07-18 - Instagram scripts,2025-07-18 - Instagram scripts,application/vnd.google-apps.spreadsheet,mixed_separators,medium,"Melange espaces, tirets et underscores"
1-TUjM7Wg8pkHVFXQPrSP66Knewh9gcjWSvB03fTiCgc,2025-07-18 - Videos Youtube Automatisees,2025-07-18 - Videos Youtube Automatisees,application/vnd.google-apps.spreadsheet,mixed_separators,medium,"Melange espaces, tirets et underscores"
1ezcIaDk1avyMji8IFNXnxO6g6qHY0fqa_jyO9taPpOI,2025-07-18 - YouTube Thumbnails,2025-07-18 - YouTube Thumbnails,application/vnd.google-apps.spreadsheet,mixed_separators,medium,"Melange espaces, tirets et underscores"
1hcXf6guf90rNole0X2QCS3x1V41mknZo5Fo7M2_OPK8,2024-10-14 - schoolsWP,2024-10-14 - schoolsWP,application/vnd.google-apps.spreadsheet,mixed_separators,medium,"Melange espaces, tirets et underscores"
1vxGqr7_Kqr3pFr-7oE31XoNprCjRGRNsocv-s9-R3kI,2026-01-26 - Framework schoolsWP Keyword → Intention → Page → Conversion,2026-01-26 - Framework schoolsWP Keyword → Intention → Page → Conversion,application/vnd.google-apps.spreadsheet,mixed_separators,medium,"Melange espaces, tirets et underscores"
1onesXa0JMa1p_Dec3qyVNyTfj512O8eZXmYKW6EVr6M,2024-05-04 - URL SCHOOLSWP,2024-05-04 - URL SCHOOLSWP,application/vnd.google-apps.spreadsheet,mixed_separators,medium,"Melange espaces, tirets et underscores"
1onesXa0JMa1p_Dec3qyVNyTfj512O8eZXmYKW6EVr6M,2024-05-04 - URL SCHOOLSWP,2024-05-04 - URL SCHOOLSWP,application/vnd.google-apps.spreadsheet,all_caps,low,Nom entierement en majuscules
1_oFuh8079yOktRGyrO9GCDn562sxIkY9-_-ieDI96Ro,2026-02-03 - Recherche Mots-cles - Template - SEO - schoolsWP.md,2026-02-03 - Recherche Mots-cles - Template - SEO - schoolsWP.md,application/vnd.google-apps.document,mixed_separators,medium,"Melange espaces, tirets et underscores"
1nFEmkr5qGKapRN8_2modY3k_dlJzS2G0_qt3z12602c,2026-02-03 - Prompts Generation Visuels - Template - Asset - GPT-5.md,2026-02-03 - Prompts Generation Visuels - Template - Asset - GPT-5.md,application/vnd.google-apps.document,mixed_separators,medium,"Melange espaces, tirets et underscores"
1KVNK-JclD9-ym2hXD8nT_kELCr1HM9CQct5KQqfcKFI,2026-02-03 - Systeme Contenu LinkedIn - Template - Social - schoolsWP.md,2026-02-03 - Systeme Contenu LinkedIn - Template - Social - schoolsWP.md,application/vnd.google-apps.document,mixed_separators,medium,"Melange espaces, tirets et underscores"
1queWioMuag8Qx1rcnshKIiD0saYQQG-Jrjxxz-rFvmY,2024-12-16 - EAYCREA Sequence email de vente - Template Email,2024-12-16 - EAYCREA Sequence email de vente - Template Email,application/vnd.google-apps.document,mixed_separators,medium,"Melange espaces, tirets et underscores"
1G7ZO2pArCN2t_Vcc4Ia9bpDLT4COElouR48XAdGrsNM,2022-08-31 - SIO Realise tes premieres ventes - Template Email,2022-08-31 - SIO Realise tes premieres ventes - Template Email,application/vnd.google-apps.spreadsheet,mixed_separators,medium,"Melange espaces, tirets et underscores"
1pjQKLR2cGS00rEQOd4Y3BNo36P0k4h7_fwuGIeFRPA8,2025-05-22 - Email Marketing Brunelia Francais - Template Email,2025-05-22 - Email Marketing Brunelia Francais - Template Email,application/vnd.google-apps.spreadsheet,mixed_separators,medium,"Melange espaces, tirets et underscores"
1YFthh_rlRCI2y9w7BOl_od_eIv2CuvmL3uH3KA4eU7o,2024-09-09 - Prompt ChatGPT pour generer un article de blog qui RANKE sur Google en quelqu... - Prompt,2024-09-09 - Prompt ChatGPT pour generer un article de blog qui RANKE sur Google en quelqu... - Prompt,application/vnd.google-apps.document,mixed_separators,medium,"Melange espaces, tirets et underscores"
1MfBFfe_dCpBOqTZd3KUsGbJLSp4iVxH2,2025-12-29 - Securite Renforcee de NOM DE TON GPT - Prompt.json,2025-12-29 - Securite Renforcee de NOM DE TON GPT - Prompt.json,application/json,mixed_separators,medium,"Melange espaces, tirets et underscores"
1FuntSov6sPJgrOtRbfpjikmURUGzJmRiZH4aAABfUIs,2023-09-18 - GPT Creation de contenu 10 langues - Prompt,2023-09-18 - GPT Creation de contenu 10 langues - Prompt,application/vnd.google-apps.spreadsheet,mixed_separators,medium,"Melange espaces, tirets et underscores"
1rAqN08J9qeEkWxep4vFWSMVpTxMgeJz3oIFR_3fgCTw,"2023-01-03 - Comment utiliser ChatGPT pour automatiser la creation de tes contenus, et red... - Prompt","2023-01-03 - Comment utiliser ChatGPT pour automatiser la creation de tes contenus, et red... - Prompt",application/vnd.google-apps.document,mixed_separators,medium,"Melange espaces, tirets et underscores"
1IBvqa4a886jtqUWL_lGUosAsnUG_jnao830eK7N8BQM,2025-05-02 - Etude Chat GPT Fournisseurs de dropshipping (Maison et Decoration) - Prompt,2025-05-02 - Etude Chat GPT Fournisseurs de dropshipping (Maison et Decoration) - Prompt,application/vnd.google-apps.document,mixed_separators,medium,"Melange espaces, tirets et underscores"
1cX1hDnU0DwIiXqXJRpJNeywNk5Iu6q0M5PT3rPanKiw,Nomenclature et regles de nommage - Prompts schoolsWP (Michael KIHL),Nomenclature et regles de nommage - Prompts schoolsWP (Michael KIHL),application/vnd.google-apps.document,mixed_separators,medium,"Melange espaces, tirets et underscores"
1wW6efkEVN1Ah49B0tBg9RdnmkRd5-kBYKa-H8RX-MZA,Nomenclature et regles de nommage - Prompts schoolsWP (Michael KIHL),Nomenclature et regles de nommage - Prompts schoolsWP (Michael KIHL),application/vnd.google-apps.document,mixed_separators,medium,"Melange espaces, tirets et underscores"
1-7QoxRQIAoUfb26zO-wOhMAMZPk_dl8-uGQ48NYCoko,Suivi Affilies Plugins (RSS-Promos),Suivi Affilies Plugins (RSS-Promos),application/vnd.google-apps.spreadsheet,mixed_separators,medium,"Melange espaces, tirets et underscores"
1JSbWHeZZ5BnNY_1Ii0NhVBVIXbltRAglBZU3IHsdsqY,2023-10-12 - Check-list complete WordPress - Checklist,2023-10-12 - Check-list complete WordPress - Checklist,application/vnd.google-apps.document,mixed_separators,medium,"Melange espaces, tirets et underscores"
1UDiY20HValA26wQ5wou0ekGXIiXRbTJXo5Bj6n0B-7w,2025-09-11 - Ressources formation Cold Mailing,2025-09-11 - Ressources formation Cold Mailing,application/vnd.google-apps.document,mixed_separators,medium,"Melange espaces, tirets et underscores"
1nYDd9tZoY5V3jGc65tCYyS5Bpk30WclxhrfG3_Q2p4k,2025-06-09 - WORKBOOK Diogale Formation offerte 5 jours,2025-06-09 - WORKBOOK Diogale Formation offerte 5 jours,application/vnd.google-apps.document,mixed_separators,medium,"Melange espaces, tirets et underscores"
1rZTJjIHnbw6TZP8WM0L7KWX5LoJrfBGwqfj5_c1-n9g,2025-06-12 - YouTube To Facebook Post,2025-06-12 - YouTube To Facebook Post,application/vnd.google-apps.spreadsheet,mixed_separators,medium,"Melange espaces, tirets et underscores"
1p-LB1XR_rTAKPcvfFqiLB6uLdUKuZ-brGq18TlQYUMA,2023-08-17 - Microthemer Editeur CSS visuel pour WordPress Personnalisez facilement votre ...,2023-08-17 - Microthemer Editeur CSS visuel pour WordPress Personnalisez facilement votre ...,application/vnd.google-apps.document,mixed_separators,medium,"Melange espaces, tirets et underscores"
1cygZwJxpJq20ARJZgzR_d39CCqclmDLh0F4vPC4GH9A,2024-09-03 - Formation WordPress en ligne Maitrisez WordPress en 2024,2024-09-03 - Formation WordPress en ligne Maitrisez WordPress en 2024,application/vnd.google-apps.document,mixed_separators,medium,"Melange espaces, tirets et underscores"
11K_L_VWyJzm01oJntuWppmuMlYEZuFs9jZQDwKUS0Js,2025-09-26 - schoolsWP Plan de Taggage,2025-09-26 - schoolsWP Plan de Taggage,application/vnd.google-apps.spreadsheet,mixed_separators,medium,"Melange espaces, tirets et underscores"
1XT_ol_lzz8h3eGt51UzS2BUH9jR8nGQY9Qg7PoZ0eDw,2025-09-26 - schoolsWP Plan de Mesure,2025-09-26 - schoolsWP Plan de Mesure,application/vnd.google-apps.spreadsheet,mixed_separators,medium,"Melange espaces, tirets et underscores"
1JjTi0KHc-LOPgi03TTPn4grwHeUBpgbnhsol-OBZZ40,2025-09-02 - Lecon 8 Module 2 Identifier les contenus a consolider,2025-09-02 - Lecon 8 Module 2 Identifier les contenus a consolider,application/vnd.google-apps.document,mixed_separators,medium,"Melange espaces, tirets et underscores"
1_gfuRa4eOiyacL1b8B3Hb5-2MRmssnzaD8OHYhc6sAE,2025-09-02 - Lecon 6 Module 2 Identifier les contenus a garder et a ameliorer,2025-09-02 - Lecon 6 Module 2 Identifier les contenus a garder et a ameliorer,application/vnd.google-apps.document,mixed_separators,medium,"Melange espaces, tirets et underscores"
1_R-rBjva6DcUwFtfEMnWYgsJPFNKwRQSrTIdpLGkgFU,2025-09-02 - Lecon 3 Module 2 Extraire les URL indexables et collecter les donnees via Sc...,2025-09-02 - Lecon 3 Module 2 Extraire les URL indexables et collecter les donnees via Sc...,application/vnd.google-apps.document,mixed_separators,medium,"Melange espaces, tirets et underscores"
1YpLIsOsMrwBqb60B2v7Y0UiuTs0HgOJ1PB81lPtgh_8,2025-09-02 - Lecon 9 Module 2 Identifier les contenus a desindexer et a supprimer,2025-09-02 - Lecon 9 Module 2 Identifier les contenus a desindexer et a supprimer,application/vnd.google-apps.document,mixed_separators,medium,"Melange espaces, tirets et underscores"
1o9x-2KMKr6wptkkhnywOlRuTHsRzte88g1uFRbn59CE,2023-11-17 - Configuration WP Auto,2023-11-17 - Configuration WP Auto,application/vnd.google-apps.document,mixed_separators,medium,"Melange espaces, tirets et underscores"
14pGRyjTOndXEuaR8c4UzXNBAcTiF6eieaSLFqHtwMp4,2025-07-06 - Cluster Formation WordPress,2025-07-06 - Cluster Formation WordPress,application/vnd.google-apps.spreadsheet,mixed_separators,medium,"Melange espaces, tirets et underscores"
1JJuAaUPBT7TNS4d6MeVU8S3XuwQE0wzK4bM2LcyJ55k,2025-06-18 - YouTube vers Article WordPress,2025-06-18 - YouTube vers Article WordPress,application/vnd.google-apps.spreadsheet,mixed_separators,medium,"Melange espaces, tirets et underscores"
14NXRUx9aavt1n4xHlWQQPKOQBGma64YVqVpjYUwouXo,2025-03-29 - Flux RSS WordPress,2025-03-29 - Flux RSS WordPress,application/vnd.google-apps.spreadsheet,mixed_separators,medium,"Melange espaces, tirets et underscores"
1kTjibvKs1uSU3HqJPtYPMSQ-Qrn3AlsWBU7GNMLpdH4,2024-07-19 - schoolsWP Article de blog en francais,2024-07-19 - schoolsWP Article de blog en francais,application/vnd.google-apps.spreadsheet,mixed_separators,medium,"Melange espaces, tirets et underscores"
1_RJBBHjG1H_sxnfJqHB8hm74cYsWNTaWEbWOqNhZpp8,2024-03-25 - schoolsWP Twitter (X),2024-03-25 - schoolsWP Twitter (X),application/vnd.google-apps.spreadsheet,mixed_separators,medium,"Melange espaces, tirets et underscores"
1IIMPhaIRkyi6-CNMROIdhlfw3x7PsnOrYqki3F4DIrQ,2025-07-18 - Automatiser Creation Contenu,2025-07-18 - Automatiser Creation Contenu,application/vnd.google-apps.spreadsheet,mixed_separators,medium,"Melange espaces, tirets et underscores"
1C0qyf6Mrp6XRz8y3t8ik-bh6m2ze2ZJKMV5jmzyFO_k,2024-03-18 - Flux RSS Hebergement Wordpress,2024-03-18 - Flux RSS Hebergement Wordpress,application/vnd.google-apps.spreadsheet,mixed_separators,medium,"Melange espaces, tirets et underscores"
1Ion8RDm6STLmY52ZRb0uxRRb7fXjvk5C,2025-12-29 - Bilan-periodique-KIHL-Mae-2024-2025-S1.pdf,2025-12-29 - Bilan-periodique-KIHL-Mae-2024-2025-S1.pdf,application/pdf,mixed_separators,medium,"Melange espaces, tirets et underscores"
1s0MIib8ZRc6i7grhW9_q8y9dykfOiLjt,2025-07-16 - RDV26Aout-neurologie-Michael-KIHL.pdf,2025-07-16 - RDV26Aout-neurologie-Michael-KIHL.pdf,application/pdf,mixed_separators,medium,"Melange espaces, tirets et underscores"
1jeSXclPTAmpXzp22DF89WiBUQmi9-2ar,2025-07-16 - RDV25mars-neurologie-Michael-KIHL.pdf,2025-07-16 - RDV25mars-neurologie-Michael-KIHL.pdf,application/pdf,mixed_separators,medium,"Melange espaces, tirets et underscores"
1-2r4AOJsdp4wz6DGJCMrTmoUve6BypyF,2025-07-16 - IRM CEREBRALE.pdf,2025-07-16 - IRM CEREBRALE.pdf,application/pdf,mixed_separators,medium,"Melange espaces, tirets et underscores"
1-2r4AOJsdp4wz6DGJCMrTmoUve6BypyF,2025-07-16 - IRM CEREBRALE.pdf,2025-07-16 - IRM CEREBRALE.pdf,application/pdf,all_caps,low,Nom entierement en majuscules
1hJ1T52zVgMFjdMdY49_6stIoqFay4pr1,2025-07-16 - MICHAEL KIHL CONSULTATION NEUROLOGIE.pdf,2025-07-16 - MICHAEL KIHL CONSULTATION NEUROLOGIE.pdf,application/pdf,mixed_separators,medium,"Melange espaces, tirets et underscores"
1hJ1T52zVgMFjdMdY49_6stIoqFay4pr1,2025-07-16 - MICHAEL KIHL CONSULTATION NEUROLOGIE.pdf,2025-07-16 - MICHAEL KIHL CONSULTATION NEUROLOGIE.pdf,application/pdf,all_caps,low,Nom entierement en majuscules
1k6Xr6nCvPgbjkywWu9fzk9VYws6Ur0FtF5CwW0y2HGM,"2023-11-14 - Nouveautes 2021 chez EasyHoster securite, backups, performances, SEO et plus - Article - FR","2023-11-14 - Nouveautes 2021 chez EasyHoster securite, backups, performances, SEO et plus - Article - FR",application/vnd.google-apps.document,mixed_separators,medium,"Melange espaces, tirets et underscores"
1CiZxUDrJA4Tfn92-Fu1O7QefYfOMfBaYSxZG4WY7RHI,2023-10-16 - Analyse approfondie de thruuu Loutil de scraping et danalyse de la SERP - Article - FR,2023-10-16 - Analyse approfondie de thruuu Loutil de scraping et danalyse de la SERP - Article - FR,application/vnd.google-apps.document,mixed_separators,medium,"Melange espaces, tirets et underscores"
1ZuE_IpcYjpsKkBGb_83q4sYRJb2hcnJNuZ2xLMhtkjA,2024-10-20 - FluentBooking vs Amelia Booking pour WordPress quel plugin choisir - Article - FR,2024-10-20 - FluentBooking vs Amelia Booking pour WordPress quel plugin choisir - Article - FR,application/vnd.google-apps.document,mixed_separators,medium,"Melange espaces, tirets et underscores"
1ZRnFLgSQg5B506ugBvZsrn5BtHDpkqdNCogve7v8LNI,2024-09-21 - Suretriggers vs Zapier trouvez la meilleure solution dautomation - Article - FR,2024-09-21 - Suretriggers vs Zapier trouvez la meilleure solution dautomation - Article - FR,application/vnd.google-apps.document,mixed_separators,medium,"Melange espaces, tirets et underscores"
1C8CLgSgm9wQ7H870wc6bCy0V6vlSe1yT59PgJAX3yyg,2024-06-07 - Launchflows vs cartflows lequel choisir pour votre funnel WordPress - Article - FR,2024-06-07 - Launchflows vs cartflows lequel choisir pour votre funnel WordPress - Article - FR,application/vnd.google-apps.document,mixed_separators,medium,"Melange espaces, tirets et underscores"
1I9Bm9nKGMFaHRAj0ie6u-TWl5974_s-92dLsbaByuxM,2024-11-11 - SureForms Createur de Formulaires WordPress Alimente par lIA - Article - FR,2024-11-11 - SureForms Createur de Formulaires WordPress Alimente par lIA - Article - FR,application/vnd.google-apps.document,mixed_separators,medium,"Melange espaces, tirets et underscores"
1vRiux3InVmkMiww6ePcyu7wZ-XIjKLLpMk7UGClTols,2025-01-16 - LatePoint Plugin de reservation WordPress intuitif et rapide - Article - FR,2025-01-16 - LatePoint Plugin de reservation WordPress intuitif et rapide - Article - FR,application/vnd.google-apps.document,mixed_separators,medium,"Melange espaces, tirets et underscores"
1rNrNmKdUaWMTbMHP31mmR6hUTGzXgm9YIoeJRoulNo0,2025-01-11 - WP Umbrella Pourquoi les Agences WordPress ladorent - Article - FR,2025-01-11 - WP Umbrella Pourquoi les Agences WordPress ladorent - Article - FR,application/vnd.google-apps.document,mixed_separators,medium,"Melange espaces, tirets et underscores"
1BTsTGhJQWddxASd006fhmhbc3epQxnLMvPyOAQ1JUR8,2025-01-09 - Pourquoi Thot SEO est-il l’outil d’optimisation semantique n°1 - Article - FR,2025-01-09 - Pourquoi Thot SEO est-il l’outil d’optimisation semantique n°1 - Article - FR,application/vnd.google-apps.document,mixed_separators,medium,"Melange espaces, tirets et underscores"
1_6AlLP1p8Ztxi2XIgVD3wN0AdS-m9FU6f_7T36b0QRw,2024-12-06 - Qu’est-ce que la creation de site WordPress sur mesure et ses avantages - Article - FR,2024-12-06 - Qu’est-ce que la creation de site WordPress sur mesure et ses avantages - Article - FR,application/vnd.google-apps.document,mixed_separators,medium,"Melange espaces, tirets et underscores"
1qA4KpyzPRNc-njR_tapM9YpPfU1m5uzF1IbUAhZXrkk,2024-11-25 - WordPress Playground cest quoi et comment lutiliser - Article - FR,2024-11-25 - WordPress Playground cest quoi et comment lutiliser - Article - FR,application/vnd.google-apps.document,mixed_separators,medium,"Melange espaces, tirets et underscores"
1E7UvyZ3Bha2FyFRMTJNtiibfQo5qikOWfCerpcXxlck,2024-11-20 - Un slug dans WordPress cest quoi - Article - FR,2024-11-20 - Un slug dans WordPress cest quoi - Article - FR,application/vnd.google-apps.document,mixed_separators,medium,"Melange espaces, tirets et underscores"
13d7d2Vu-1STagh_-c3hZ4CMncAc5IDUP5RmSEbcNieM,2024-05-04 - Comment creer un article de blog sur WordPress - Article - FR,2024-05-04 - Comment creer un article de blog sur WordPress - Article - FR,application/vnd.google-apps.document,mixed_separators,medium,"Melange espaces, tirets et underscores"
1JZpIm5yv8bi9dwcWxc4BWC6VXrfNHFZR4H-_fqRMXRg,2024-10-08 - ZipWP vs InstaWP quel est le meilleur pour lancer WordPress rapidement - Article - FR,2024-10-08 - ZipWP vs InstaWP quel est le meilleur pour lancer WordPress rapidement - Article - FR,application/vnd.google-apps.document,mixed_separators,medium,"Melange espaces, tirets et underscores"
1jhFJjQDVJnvBwbFoc8v9-shE4rfm3g8_CZrrTauV8XU,2024-09-30 - SureMembers vs Restrict Content Pro comparatif des plugins dadhesion - Article - FR,2024-09-30 - SureMembers vs Restrict Content Pro comparatif des plugins dadhesion - Article - FR,application/vnd.google-apps.document,mixed_separators,medium,"Melange espaces, tirets et underscores"
1r-WFq-A85DKDn-xysXDRmH4UQcJ3SALCWoNHh1jG5eQ,2024-08-02 - Quest-ce quun theme WordPress Guide complet et utilisation - Article - FR,2024-08-02 - Quest-ce quun theme WordPress Guide complet et utilisation - Article - FR,application/vnd.google-apps.document,mixed_separators,medium,"Melange espaces, tirets et underscores"
1_jj2fnk-pNmTMQW2vFxp1kR43UKn7jRdEePewaN6ezM,2024-07-09 - Funnelkit avis le meilleur plugin pour creer des tunnels de vente - Article - FR,2024-07-09 - Funnelkit avis le meilleur plugin pour creer des tunnels de vente - Article - FR,application/vnd.google-apps.document,mixed_separators,medium,"Melange espaces, tirets et underscores"
1BAZkoPtiZsxQSIXNnSG2biL8inoU_pdTTfJTQjyS0DI,2024-07-08 - Comment structurer un article sur WordPress pour ameliorer la lisibilite - Article - FR,2024-07-08 - Comment structurer un article sur WordPress pour ameliorer la lisibilite - Article - FR,application/vnd.google-apps.document,mixed_separators,medium,"Melange espaces, tirets et underscores"
1GRcHh_8vb08mvEpNpZDfoGUtVasamjGFoMTgUleRhvQ,"2024-08-01 - FlyingPress, avis 2024 devriez-vous l’adopter plutot que WP Rocket - Article - FR","2024-08-01 - FlyingPress, avis 2024 devriez-vous l’adopter plutot que WP Rocket - Article - FR",application/vnd.google-apps.document,mixed_separators,medium,"Melange espaces, tirets et underscores"
1VNz5xCpHRzR0BPclDwXWll41U8CK4KhpJp84Wi4Q46Y,2024-10-21 - Qu’est-ce qu’un plugin WordPress et comment fonctionne-t-il - Article - FR,2024-10-21 - Qu’est-ce qu’un plugin WordPress et comment fonctionne-t-il - Article - FR,application/vnd.google-apps.document,mixed_separators,medium,"Melange espaces, tirets et underscores"
1_uIIHjHsTuGmnOmVifzqhJLVcsiyVJhtZMAe1GZCPAA,2023-11-24 - Comment creer un site web professionnel en utilisant WordPress - Article - FR,2023-11-24 - Comment creer un site web professionnel en utilisant WordPress - Article - FR,application/vnd.google-apps.document,mixed_separators,medium,"Melange espaces, tirets et underscores"
1czeYoKXuNJzjvsCsJuTAAvtfLntnwEdiXyoJTD1DzjQ,2023-11-24 - Brief “Qu’est-ce que WP Social Ninja ” Mot-cle cible wp social ninja Extrait... - Article - FR,2023-11-24 - Brief “Qu’est-ce que WP Social Ninja ” Mot-cle cible wp social ninja Extrait... - Article - FR,application/vnd.google-apps.document,mixed_separators,medium,"Melange espaces, tirets et underscores"
1EA0Viy3paZL5TSHX2vmDx8RJfBIzgWNZdzkPFS6coEc,2023-11-24 - Qu’est-ce que WP Social Ninja - Article - FR,2023-11-24 - Qu’est-ce que WP Social Ninja - Article - FR,application/vnd.google-apps.document,mixed_separators,medium,"Melange espaces, tirets et underscores"
1xvgbBx60HS50gF4K-kFGJPZr7l7R9tAnJCstLdR0oDk,2023-11-24 - Presto Player - Le meilleur lecteur video pour WordPress - Article - FR,2023-11-24 - Presto Player - Le meilleur lecteur video pour WordPress - Article - FR,application/vnd.google-apps.document,mixed_separators,medium,"Melange espaces, tirets et underscores"
1UjYuZwlAxPmnL1oYFEv4nY21sYCLpt_WAX2DvCsrfcI,"2023-11-21 - Missinglettr, l’outil qui travaille pour vous - Article - FR","2023-11-21 - Missinglettr, l’outil qui travaille pour vous - Article - FR",application/vnd.google-apps.document,mixed_separators,medium,"Melange espaces, tirets et underscores"
1iJ0sZLOKUSFs9KHIvcARyx_4GP0pvePw5bhaHlBLkJc,2023-11-22 - WooFunnels Funnel Builder est-il un bon choix - Article - FR,2023-11-22 - WooFunnels Funnel Builder est-il un bon choix - Article - FR,application/vnd.google-apps.document,mixed_separators,medium,"Melange espaces, tirets et underscores"
1B2zDYYQlqD2HKuxJOaU1RgKkOv30AZpWbGlmIktEnB0,"2023-11-21 - Divi Machine, le plugin Divi qu’il vous faut - Article - FR","2023-11-21 - Divi Machine, le plugin Divi qu’il vous faut - Article - FR",application/vnd.google-apps.document,mixed_separators,medium,"Melange espaces, tirets et underscores"
1heYiYkH-BkYs-meAaKUaEfGw1ZesBjY9pc519xVqUKo,2023-11-14 - Devez-vous installer Rank Math PRO - Article - FR,2023-11-14 - Devez-vous installer Rank Math PRO - Article - FR,application/vnd.google-apps.document,mixed_separators,medium,"Melange espaces, tirets et underscores"
10mWoYewpH5CZqu2URD0DU91qTOvDWT-PkRNnZ_YdWps,"2023-11-14 - Qui est Pierre-Eliott Lallemant, le createur de Skeall - Article - FR","2023-11-14 - Qui est Pierre-Eliott Lallemant, le createur de Skeall - Article - FR",application/vnd.google-apps.document,mixed_separators,medium,"Melange espaces, tirets et underscores"
1usEQYOR3JAMGW_8noIhNtGreXdr6sERXjB1pYaSPJNs,2023-11-14 - Qui est Frank Houbre - Article - FR,2023-11-14 - Qui est Frank Houbre - Article - FR,application/vnd.google-apps.document,mixed_separators,medium,"Melange espaces, tirets et underscores"
1jMP4m3NFDkmbqTlUrufl2eRtEfEgioaHUtkJxEiS9pA,2023-11-14 - Qu’est-ce que l’AMP de Google - Article - FR,2023-11-14 - Qu’est-ce que l’AMP de Google - Article - FR,application/vnd.google-apps.document,mixed_separators,medium,"Melange espaces, tirets et underscores"
1y8Yz7VLKLPzPhQXMFI-nHjyLSR7D3TWZEwCZpYHkm7Y,2023-11-14 - Qu’est-ce que l’affiliation marketing - Article - FR,2023-11-14 - Qu’est-ce que l’affiliation marketing - Article - FR,application/vnd.google-apps.document,mixed_separators,medium,"Melange espaces, tirets et underscores"
1gWTvJxiNbodgq8rIqfKvqiirT0XHWSfjOTfPRKVpcWc,2023-11-13 - Qu’est-ce que WP Rocket Plugin - Article - FR,2023-11-13 - Qu’est-ce que WP Rocket Plugin - Article - FR,application/vnd.google-apps.document,mixed_separators,medium,"Melange espaces, tirets et underscores"
19AyMFF0WQqd6bnCPshkTq38cwMBrwzeoiFTWSeeZC70,"2023-11-14 - Semrush, l’outil SEO le plus performant - Article - FR","2023-11-14 - Semrush, l’outil SEO le plus performant - Article - FR",application/vnd.google-apps.document,mixed_separators,medium,"Melange espaces, tirets et underscores"
10e1v0JK2AYU7eueUsyXw6zzh7sskhYaw4ifC-h_ghdA,2023-11-13 - FluentCRM est-il le meilleur CRM WordPress - Article - FR,2023-11-13 - FluentCRM est-il le meilleur CRM WordPress - Article - FR,application/vnd.google-apps.document,mixed_separators,medium,"Melange espaces, tirets et underscores"
1HnerNL1DAW11OLu0nIotpZpXQ0LLJsmPzg7BjFFuakA,"2023-11-14 - Beaver Builder, le meilleur constructeur de pages WordPress - Article - FR","2023-11-14 - Beaver Builder, le meilleur constructeur de pages WordPress - Article - FR",application/vnd.google-apps.document,mixed_separators,medium,"Melange espaces, tirets et underscores"
1v3fbwB0SgDPC3WXQigFuww2M1hTJVnY4,"2024-03-03 - Perfmatters, l’optimisation WordPress pour ameliorer la vitesse de son site - Article - FR.docx","2024-03-03 - Perfmatters, l’optimisation WordPress pour ameliorer la vitesse de son site - Article - FR.docx",application/vnd.openxmlformats-officedocument.wordprocessingml.document,mixed_separators,medium,"Melange espaces, tirets et underscores"
1MDQ-iXX5r9Ut1DZwnlSV6mmQwuIrfVf7VdHZGWiAPEo,"2023-11-24 - Perfmatters, l’optimisation WordPress pour ameliorer la vitesse de son site - Article - FR","2023-11-24 - Perfmatters, l’optimisation WordPress pour ameliorer la vitesse de son site - Article - FR",application/vnd.google-apps.document,mixed_separators,medium,"Melange espaces, tirets et underscores"
1vqC06YSzSnoHQ40vvVn2MRJkoi_fAQxXet5wmkWzl1M,2024-12-16 - WordPress Playground what is it and how do I use it - Article - EN,2024-12-16 - WordPress Playground what is it and how do I use it - Article - EN,application/vnd.google-apps.document,mixed_separators,medium,"Melange espaces, tirets et underscores"
1TCYoSoNwBB4D9Hmv81MMpZdj5cMsQb_GPDEie1yUNhQ,2025-01-11 - WP Umbrella Why do WordPress agencies love it - Article - EN,2025-01-11 - WP Umbrella Why do WordPress agencies love it - Article - EN,application/vnd.google-apps.document,mixed_separators,medium,"Melange espaces, tirets et underscores"
1SFhqJmtZ2xMRcf35JdWWieQeBecLogjF7z7JD765esk,2024-10-22 - SureMembers vs Wishlist Member which extension to choose - Article - EN,2024-10-22 - SureMembers vs Wishlist Member which extension to choose - Article - EN,application/vnd.google-apps.document,mixed_separators,medium,"Melange espaces, tirets et underscores"
1wzQw8d5oK2NYgUoeo_tbSGqEsqMS2TsAjazequm3gME,2024-12-09 - What is custom WordPress website design and its benefits - Article - EN,2024-12-09 - What is custom WordPress website design and its benefits - Article - EN,application/vnd.google-apps.document,mixed_separators,medium,"Melange espaces, tirets et underscores"
1elyzTZWUNx-Q7LVIUm9tyHnZodT0uyEuA1V60EO4NUU,2024-11-12 - Meinungen uber Linkuma Ist sie die Referenz fur Netlinking - Article - DE,2024-11-12 - Meinungen uber Linkuma Ist sie die Referenz fur Netlinking - Article - DE,application/vnd.google-apps.document,mixed_separators,medium,"Melange espaces, tirets et underscores"
1kdHf2zXCOQF293DJXr7iUbOqVOxfVEbuIxbO0Z3vCXY,2024-10-25 - ZipWP vs InstaWP Was ist besser fur schnelles Starten einer WordPress-Website - Article - DE,2024-10-25 - ZipWP vs InstaWP Was ist besser fur schnelles Starten einer WordPress-Website - Article - DE,application/vnd.google-apps.document,mixed_separators,medium,"Melange espaces, tirets et underscores"
10nEYB3PAE2nZ-d75IIaLm7_8QhAaQrY887Iy-i5Li6E,2025-03-20 - ORIGINAL SERP Scraper et Keyword Grouper SammySEO - SEO,2025-03-20 - ORIGINAL SERP Scraper et Keyword Grouper SammySEO - SEO,application/vnd.google-apps.spreadsheet,mixed_separators,medium,"Melange espaces, tirets et underscores"
1RAI7nzsOBDvmKZ7mpLK37YsU2ZdFtGMxPQ3dBuzwiNQ,2024-03-08 - ORIGINAL Mes requetes SEO - SEO,2024-03-08 - ORIGINAL Mes requetes SEO - SEO,application/vnd.google-apps.spreadsheet,mixed_separators,medium,"Melange espaces, tirets et underscores"
1l5CcxU97IRPUBffkX33LL-Gm_4Ad40O9dzVD0A3_f6c,2024-11-28 - ORIGINAL Ressource Romain SEO Garden Party - SEO,2024-11-28 - ORIGINAL Ressource Romain SEO Garden Party - SEO,application/vnd.google-apps.spreadsheet,mixed_separators,medium,"Melange espaces, tirets et underscores"
1SVYPSjgAotjiCWQZHpyZXfCzNLFGla6zMRvwxqQCEdM,2024-10-15 - ORIGINAL Mettre en place ton plan d’action SEO - SEO,2024-10-15 - ORIGINAL Mettre en place ton plan d’action SEO - SEO,application/vnd.google-apps.document,mixed_separators,medium,"Melange espaces, tirets et underscores"
1eNgZGLwg7qUERaLYY2Zyx5Se7G-d5UGW9isp6EzGcG0,2024-10-15 - ORIGINAL Collaborations backlinks - SEO,2024-10-15 - ORIGINAL Collaborations backlinks - SEO,application/vnd.google-apps.spreadsheet,mixed_separators,medium,"Melange espaces, tirets et underscores"
1KGQNtV2KQo0GvTiOfxPLJqMimqmyiFfzlGV89Zhf7eM,2024-10-15 - ORIGINAL Redaction article SEO thematique - SEO,2024-10-15 - ORIGINAL Redaction article SEO thematique - SEO,application/vnd.google-apps.document,mixed_separators,medium,"Melange espaces, tirets et underscores"
1fu1o3z962HaoGoAA6mNdU024hczjDo5rXe-yT8A9wao,2024-10-14 - ORIGINAL Structurer une page a propos en SEO local - SEO,2024-10-14 - ORIGINAL Structurer une page a propos en SEO local - SEO,application/vnd.google-apps.document,mixed_separators,medium,"Melange espaces, tirets et underscores"
1HN8Af_rDD3Zzyia_mn4FD91ja-FAzfqkJDIuh0DLwgQ,2024-10-14 - ORIGINAL Exemple SEO local - SEO,2024-10-14 - ORIGINAL Exemple SEO local - SEO,application/vnd.google-apps.spreadsheet,mixed_separators,medium,"Melange espaces, tirets et underscores"
1mimRFbJRGqfn7EBm3TXjMcnEg5LDnnd9mb7Jrit5tZ0,2024-10-05 - ORIGINAL Les 50 backlinks offerts - SEO,2024-10-05 - ORIGINAL Les 50 backlinks offerts - SEO,application/vnd.google-apps.document,mixed_separators,medium,"Melange espaces, tirets et underscores"
1jf619SPvytcMC0hPSrXAXfFJoHXbVNoIhB27gUuW2pg,2024-03-08 - ORIGINAL Calcul de similarite SEO - SEO,2024-03-08 - ORIGINAL Calcul de similarite SEO - SEO,application/vnd.google-apps.spreadsheet,mixed_separators,medium,"Melange espaces, tirets et underscores"
16FYYuQfn1lNoKq5L3_4rV4isIzqymcyy_9wwf08flaw,2024-03-28 - ORIGINAL Trouver une niche Challenge SEO - SEO,2024-03-28 - ORIGINAL Trouver une niche Challenge SEO - SEO,application/vnd.google-apps.spreadsheet,mixed_separators,medium,"Melange espaces, tirets et underscores"
1TsTofLheaNrJs2ezFTD1AR1RTeu0eR0AooqKIBB9vH0,2024-03-18 - ORIGINAL Referentiel Debutant SEO Mayboutik - SEO,2024-03-18 - ORIGINAL Referentiel Debutant SEO Mayboutik - SEO,application/vnd.google-apps.spreadsheet,mixed_separators,medium,"Melange espaces, tirets et underscores"
1n7gj1RrMXMoAA3iB9nQbNv8Qm4d0kZKnzSlp-nN9wUk,2024-02-16 - ORIGINAL Paul Grillet SEO Garden Party octobre 2023 - SEO,2024-02-16 - ORIGINAL Paul Grillet SEO Garden Party octobre 2023 - SEO,application/vnd.google-apps.presentation,mixed_separators,medium,"Melange espaces, tirets et underscores"
1EptfW65dExvs55IX05EQ9hIEF_y5RGFY,2025-08-09 - FireShot Capture 1268 AFFILIATEPRESS WORDPRESS PLUGIN Home wpaffiliatepressp... - Affiliation.jpg,2025-08-09 - FireShot Capture 1268 AFFILIATEPRESS WORDPRESS PLUGIN Home wpaffiliatepressp... - Affiliation.jpg,image/jpeg,mixed_separators,medium,"Melange espaces, tirets et underscores"
1c5QfuqQARL8zgwtseMi0OeIojw14mkh_,2025-08-09 - FireShot Capture 1265 AffiliatePress I The Ultimate WordPres affiliatepress... - Affiliation.jpg,2025-08-09 - FireShot Capture 1265 AffiliatePress I The Ultimate WordPres affiliatepress... - Affiliation.jpg,image/jpeg,mixed_separators,medium,"Melange espaces, tirets et underscores"
1epCAisqTIYXUWglZiY-J2xHBlE0f5U0B,2025-08-09 - FireShot Capture 1267 AffiliatePress Community I Facebook www.facebook.com - Affiliation.jpg,2025-08-09 - FireShot Capture 1267 AffiliatePress Community I Facebook www.facebook.com - Affiliation.jpg,image/jpeg,mixed_separators,medium,"Melange espaces, tirets et underscores"
1lWcYkMz1uAoKT_1NnSzB9n37RTe9OhDG,2025-08-09 - FireShot Capture 1266 Affiliatepress I WordPress Affiliate M affiliatepress... - Affiliation.jpg,2025-08-09 - FireShot Capture 1266 Affiliatepress I WordPress Affiliate M affiliatepress... - Affiliation.jpg,image/jpeg,mixed_separators,medium,"Melange espaces, tirets et underscores"
1uoQl06eZwpaVCiogzwJNl0vRnfbJCGs1vfDGwCSy4KE,2024-06-11 - ORIGINAL Prompts PRO Entreprenneur Produits - Affiliation,2024-06-11 - ORIGINAL Prompts PRO Entreprenneur Produits - Affiliation,application/vnd.google-apps.spreadsheet,mixed_separators,medium,"Melange espaces, tirets et underscores"
1w4fr9IX5kDAWBwGhRoEohkB9ffrUUzvA,2024-09-30 - SureMembers vs Restrict Content Pro comparatif des plugins dadhesionvs Zapie... - Thumbnail Pinterest.jpg,2024-09-30 - SureMembers vs Restrict Content Pro comparatif des plugins dadhesionvs Zapie... - Thumbnail Pinterest.jpg,image/jpeg,mixed_separators,medium,"Melange espaces, tirets et underscores"
1jg3MU6iObydjqmhgkLTYG2apRBCyW7Nl,2024-08-03 - Definition-choix-optimisation-theme-wordpress - Thumbnail Pinterest.jpg,2024-08-03 - Definition-choix-optimisation-theme-wordpress - Thumbnail Pinterest.jpg,image/jpeg,mixed_separators,medium,"Melange espaces, tirets et underscores"
1jg3MU6iObydjqmhgkLTYG2apRBCyW7Nl,2024-08-03 - Definition-choix-optimisation-theme-wordpress - Thumbnail Pinterest.jpg,2024-08-03 - Definition-choix-optimisation-theme-wordpress - Thumbnail Pinterest.jpg,image/jpeg,version_chaos,high,"Version non standard (final, copie, def...)"
1jd6-gu2sUFTGdL0lUzED5OvP3U0ko338,2024-08-03 - Theme-wordpress-definition - Thumbnail Pinterest.jpg,2024-08-03 - Theme-wordpress-definition - Thumbnail Pinterest.jpg,image/jpeg,mixed_separators,medium,"Melange espaces, tirets et underscores"
1jd6-gu2sUFTGdL0lUzED5OvP3U0ko338,2024-08-03 - Theme-wordpress-definition - Thumbnail Pinterest.jpg,2024-08-03 - Theme-wordpress-definition - Thumbnail Pinterest.jpg,image/jpeg,version_chaos,high,"Version non standard (final, copie, def...)"
1zR8src48-fb7KHbnoC2hmpAKcPNiBYyf,2025-12-28 - Messenger creation 4EFE9D2D-47E1-46F7-AEF0-4FA937DEF6D8.jpeg,2025-12-28 - Messenger creation 4EFE9D2D-47E1-46F7-AEF0-4FA937DEF6D8.jpeg,image/jpeg,mixed_separators,medium,"Melange espaces, tirets et underscores"
1zR8src48-fb7KHbnoC2hmpAKcPNiBYyf,2025-12-28 - Messenger creation 4EFE9D2D-47E1-46F7-AEF0-4FA937DEF6D8.jpeg,2025-12-28 - Messenger creation 4EFE9D2D-47E1-46F7-AEF0-4FA937DEF6D8.jpeg,image/jpeg,version_chaos,high,"Version non standard (final, copie, def...)"
1DuyEg8c1Sbzlzk9Bno1bQcMTT3GyMPLA,2024-12-03 - SureMembers WordPress membership plugin Earn more.jpg,2024-12-03 - SureMembers WordPress membership plugin Earn more.jpg,image/jpeg,mixed_separators,medium,"Melange espaces, tirets et underscores"
19-BsH3QGI7v3OUX7013mYyKRezZFvO7r,2024-11-20 - Slug-wordpress-definition-optimisation.jpg,2024-11-20 - Slug-wordpress-definition-optimisation.jpg,image/jpeg,mixed_separators,medium,"Melange espaces, tirets et underscores"
19-BsH3QGI7v3OUX7013mYyKRezZFvO7r,2024-11-20 - Slug-wordpress-definition-optimisation.jpg,2024-11-20 - Slug-wordpress-definition-optimisation.jpg,image/jpeg,version_chaos,high,"Version non standard (final, copie, def...)"
1vzNVMTps0AwN31QVcRRFkuVx1bcI2yDI,2024-09-30 - SureMembers vs Restrict Content Pro comparatif des plugins dadhesion.jpg,2024-09-30 - SureMembers vs Restrict Content Pro comparatif des plugins dadhesion.jpg,image/jpeg,mixed_separators,medium,"Melange espaces, tirets et underscores"
1rgLiKrbKMfQ6iWsoDxlL92epV82H8MLh,"2024-09-16 - WordPress Full Site Editing (FSE) Personnalisez tout, sans code.jpg","2024-09-16 - WordPress Full Site Editing (FSE) Personnalisez tout, sans code.jpg",image/jpeg,mixed_separators,medium,"Melange espaces, tirets et underscores"
1k04Sv9KKbfk-CTwq4vXIBLsb0Q7-D9xh,2024-08-03 - Theme-wordpress-definition-choix-optimisation-facile.jpg,2024-08-03 - Theme-wordpress-definition-choix-optimisation-facile.jpg,image/jpeg,mixed_separators,medium,"Melange espaces, tirets et underscores"
1k04Sv9KKbfk-CTwq4vXIBLsb0Q7-D9xh,2024-08-03 - Theme-wordpress-definition-choix-optimisation-facile.jpg,2024-08-03 - Theme-wordpress-definition-choix-optimisation-facile.jpg,image/jpeg,version_chaos,high,"Version non standard (final, copie, def...)"
1WLJbrqfhE1cB4pVrwq21ab6Q7_vVg23H,2024-06-15 - WordPress.com vs WordPress.org Choisissez la meilleure option - Cover article.jpg,2024-06-15 - WordPress.com vs WordPress.org Choisissez la meilleure option - Cover article.jpg,image/jpeg,mixed_separators,medium,"Melange espaces, tirets et underscores"
1VeIlVASXkWe_SvyoEmnpV4pGb86orS2G,2024-06-08 - Comparatif Launchflows vs Cartflows Boostez Vos Ventes - Cover article.jpg,2024-06-08 - Comparatif Launchflows vs Cartflows Boostez Vos Ventes - Cover article.jpg,image/jpeg,mixed_separators,medium,"Melange espaces, tirets et underscores"
1_my6536wOsB6CvxycvMZdat1Iy6g6do9,2025-10-24 - Easycommerce-ai-copy-writer-plugin-wordpress - Cover article.jpg,2025-10-24 - Easycommerce-ai-copy-writer-plugin-wordpress - Cover article.jpg,image/jpeg,mixed_separators,medium,"Melange espaces, tirets et underscores"
1_my6536wOsB6CvxycvMZdat1Iy6g6do9,2025-10-24 - Easycommerce-ai-copy-writer-plugin-wordpress - Cover article.jpg,2025-10-24 - Easycommerce-ai-copy-writer-plugin-wordpress - Cover article.jpg,image/jpeg,version_chaos,high,"Version non standard (final, copie, def...)"
1jJgQnrFgKwgh-vk2bTFmZ7jrZ-r4vDiT,2024-08-02 - Definition-theme-wordpress - Cover article.jpg,2024-08-02 - Definition-theme-wordpress - Cover article.jpg,image/jpeg,mixed_separators,medium,"Melange espaces, tirets et underscores"
1jJgQnrFgKwgh-vk2bTFmZ7jrZ-r4vDiT,2024-08-02 - Definition-theme-wordpress - Cover article.jpg,2024-08-02 - Definition-theme-wordpress - Cover article.jpg,image/jpeg,version_chaos,high,"Version non standard (final, copie, def...)"
1XM2MGx6iyv3gG4X9fSBIBxD8p-MsN9WD,2024-06-24 - 222-Modifier-l’article-«-WordPress.com-vs-WordPress.org- -(cut)-Choix-»-... - Cover article.jpg,2024-06-24 - 222-Modifier-l’article-«-WordPress.com-vs-WordPress.org- -(cut)-Choix-»-... - Cover article.jpg,image/jpeg,mixed_separators,medium,"Melange espaces, tirets et underscores"
1u89yFGOw67aFvVipbtjyDGVemiNJRqM3,2024-09-22 - Suretriggers-etape-finale-connexion-compte - Cover article.jpg,2024-09-22 - Suretriggers-etape-finale-connexion-compte - Cover article.jpg,image/jpeg,mixed_separators,medium,"Melange espaces, tirets et underscores"
1u89yFGOw67aFvVipbtjyDGVemiNJRqM3,2024-09-22 - Suretriggers-etape-finale-connexion-compte - Cover article.jpg,2024-09-22 - Suretriggers-etape-finale-connexion-compte - Cover article.jpg,image/jpeg,version_chaos,high,"Version non standard (final, copie, def...)"
1ms1IYbxzdBCjS4RNUz4S10jvp0wmZ-PfqOfq6ZIWJIE,2022-12-18 - ASTUCE CARROUSEL Canva Bulk,2022-12-18 - ASTUCE CARROUSEL Canva Bulk,application/vnd.google-apps.spreadsheet,mixed_separators,medium,"Melange espaces, tirets et underscores"
1gEUB1b7E7ilBDJug_EoIB9hUq7Hki4Rn7PMWdzfzxIo,2023-07-12 - Pabbly Google Sheet Vers Twitter,2023-07-12 - Pabbly Google Sheet Vers Twitter,application/vnd.google-apps.spreadsheet,mixed_separators,medium,"Melange espaces, tirets et underscores"
1WlLKPnQePnzGV4aru9lt3rIkPoDgTPQObOoB2Ei82ks,2023-03-03 - Formation Pin Lemonade Tableau de suivi gestion Pinterest,2023-03-03 - Formation Pin Lemonade Tableau de suivi gestion Pinterest,application/vnd.google-apps.spreadsheet,mixed_separators,medium,"Melange espaces, tirets et underscores"
1qrfI5pUMO3ydkJ3fF25XU6gpAZ2vCFE0Bjs3IRQcnzA,2025-09-12 - FluentSMTP avis 2025 le meilleur plugin SMTP gratuit pour WordPress,2025-09-12 - FluentSMTP avis 2025 le meilleur plugin SMTP gratuit pour WordPress,application/vnd.google-apps.document,mixed_separators,medium,"Melange espaces, tirets et underscores"
1tXLmjAiVjABtIqAS9geGI15Xh0WFMfN-PTDQUZeVxh4,2024-02-07 - Qu’est-ce que WP Rocket Plugin - Audio,2024-02-07 - Qu’est-ce que WP Rocket Plugin - Audio,application/vnd.google-apps.document,mixed_separators,medium,"Melange espaces, tirets et underscores"
1e7cCZHILFB3fTFDli-yCruVwCiXGOFua16jVq7pnCbY,2024-05-01 - ORIGINAL Tableau de suivi gestion Pinterest,2024-05-01 - ORIGINAL Tableau de suivi gestion Pinterest,application/vnd.google-apps.spreadsheet,mixed_separators,medium,"Melange espaces, tirets et underscores"
1m5I-lykho_tqKnfcdkTVaZGl7Z4NGx2nys5Domp2HOo,2026-01-22 - ORIGINAL Espionner chaines Youtube,2026-01-22 - ORIGINAL Espionner chaines Youtube,application/vnd.google-apps.spreadsheet,mixed_separators,medium,"Melange espaces, tirets et underscores"
1FBZ5ajaY0qMbbVb-XiFoY5RpKZ3VRjb1u5J5U40lL2Q,2024-03-14 - Reseau Social Pinterest vers Google Sheets schoolsWP,2024-03-14 - Reseau Social Pinterest vers Google Sheets schoolsWP,application/vnd.google-apps.spreadsheet,mixed_separators,medium,"Melange espaces, tirets et underscores"
1TWjjuIRhVJyKz733K7Mwf7XULqkH4IHHei564S0TMUc,2024-03-14 - Reseau Social Pinterest vers Google Sheets Michael KIHL,2024-03-14 - Reseau Social Pinterest vers Google Sheets Michael KIHL,application/vnd.google-apps.spreadsheet,mixed_separators,medium,"Melange espaces, tirets et underscores"
1Peb-NuALjt0LYZVUzJhvke30NeJkt1l_I27Ed4Udf20,2024-03-14 - Reseau Social Pinterest vers Google Sheets mon-mini-electro,2024-03-14 - Reseau Social Pinterest vers Google Sheets mon-mini-electro,application/vnd.google-apps.spreadsheet,mixed_separators,medium,"Melange espaces, tirets et underscores"
1xHXY6EbDUMVNVuGOlWXcOI7F0yOC5ZrMaWMXIwNgF_8,2026-01-30 - ORIGINAL Prompt Template Service Page - Template,2026-01-30 - ORIGINAL Prompt Template Service Page - Template,application/vnd.google-apps.document,mixed_separators,medium,"Melange espaces, tirets et underscores"
1sT6-afFjkdAOzc_H84qyziPmaQFv0-R4jmZbqqt9xSI,2025-09-05 - Modele de Suivi des Positions Creer une Copie pour Editer - Template,2025-09-05 - Modele de Suivi des Positions Creer une Copie pour Editer - Template,application/vnd.google-apps.spreadsheet,mixed_separators,medium,"Melange espaces, tirets et underscores"
1sT6-afFjkdAOzc_H84qyziPmaQFv0-R4jmZbqqt9xSI,2025-09-05 - Modele de Suivi des Positions Creer une Copie pour Editer - Template,2025-09-05 - Modele de Suivi des Positions Creer une Copie pour Editer - Template,application/vnd.google-apps.spreadsheet,version_chaos,high,"Version non standard (final, copie, def...)"
1RJZ59Fkw0vsSu8geOYpchmG8CsB34yFDpAmCXuX664E,2025-09-04 - Modele de Strategie de Contenu Creer une Copie pour Editer - Template,2025-09-04 - Modele de Strategie de Contenu Creer une Copie pour Editer - Template,application/vnd.google-apps.spreadsheet,mixed_separators,medium,"Melange espaces, tirets et underscores"
1RJZ59Fkw0vsSu8geOYpchmG8CsB34yFDpAmCXuX664E,2025-09-04 - Modele de Strategie de Contenu Creer une Copie pour Editer - Template,2025-09-04 - Modele de Strategie de Contenu Creer une Copie pour Editer - Template,application/vnd.google-apps.spreadsheet,version_chaos,high,"Version non standard (final, copie, def...)"
133_DzwYKm0VLjeYdCkdm7Sbor7vG4ByGq4w_ea-T_pY,2025-09-04 - Modele de Strategie de Mots-cles (VIDE) Creer une Copie pour Editer - Template,2025-09-04 - Modele de Strategie de Mots-cles (VIDE) Creer une Copie pour Editer - Template,application/vnd.google-apps.spreadsheet,mixed_separators,medium,"Melange espaces, tirets et underscores"
133_DzwYKm0VLjeYdCkdm7Sbor7vG4ByGq4w_ea-T_pY,2025-09-04 - Modele de Strategie de Mots-cles (VIDE) Creer une Copie pour Editer - Template,2025-09-04 - Modele de Strategie de Mots-cles (VIDE) Creer une Copie pour Editer - Template,application/vnd.google-apps.spreadsheet,version_chaos,high,"Version non standard (final, copie, def...)"
1p9LGdiRT-5fi-OcPZb7ihyGS1_M2dOxE67coFuizHbE,2025-09-04 - Modele de Strategie de Mots-cles (REMPLI) Creer une Copie pour Editer - Template,2025-09-04 - Modele de Strategie de Mots-cles (REMPLI) Creer une Copie pour Editer - Template,application/vnd.google-apps.spreadsheet,mixed_separators,medium,"Melange espaces, tirets et underscores"
1p9LGdiRT-5fi-OcPZb7ihyGS1_M2dOxE67coFuizHbE,2025-09-04 - Modele de Strategie de Mots-cles (REMPLI) Creer une Copie pour Editer - Template,2025-09-04 - Modele de Strategie de Mots-cles (REMPLI) Creer une Copie pour Editer - Template,application/vnd.google-apps.spreadsheet,version_chaos,high,"Version non standard (final, copie, def...)"
1EWk5H1AdcdCgrO_w7-GdT3plF8Jf0bmY63ndcbBgtLc,2025-09-04 - Modele de Migration de Site Creer une Copie pour Editer - Template,2025-09-04 - Modele de Migration de Site Creer une Copie pour Editer - Template,application/vnd.google-apps.spreadsheet,mixed_separators,medium,"Melange espaces, tirets et underscores"
1EWk5H1AdcdCgrO_w7-GdT3plF8Jf0bmY63ndcbBgtLc,2025-09-04 - Modele de Migration de Site Creer une Copie pour Editer - Template,2025-09-04 - Modele de Migration de Site Creer une Copie pour Editer - Template,application/vnd.google-apps.spreadsheet,version_chaos,high,"Version non standard (final, copie, def...)"
1F58VGDvsf4m21Q2h7laKbilniJYwEIgyoVPnC4033Cw,2025-09-04 - Modele de Rapport dAudit Technique Creer une Copie pour Editer - Template,2025-09-04 - Modele de Rapport dAudit Technique Creer une Copie pour Editer - Template,application/vnd.google-apps.presentation,mixed_separators,medium,"Melange espaces, tirets et underscores"
1F58VGDvsf4m21Q2h7laKbilniJYwEIgyoVPnC4033Cw,2025-09-04 - Modele de Rapport dAudit Technique Creer une Copie pour Editer - Template,2025-09-04 - Modele de Rapport dAudit Technique Creer une Copie pour Editer - Template,application/vnd.google-apps.presentation,version_chaos,high,"Version non standard (final, copie, def...)"
173dl1Y8N9ytxa-uPNmP6MBf2NHrxsZmeibVHKcb0dD8,2025-09-04 - Modele dAudit SEO Technique Creer une Copie pour Editer - Template,2025-09-04 - Modele dAudit SEO Technique Creer une Copie pour Editer - Template,application/vnd.google-apps.spreadsheet,mixed_separators,medium,"Melange espaces, tirets et underscores"
173dl1Y8N9ytxa-uPNmP6MBf2NHrxsZmeibVHKcb0dD8,2025-09-04 - Modele dAudit SEO Technique Creer une Copie pour Editer - Template,2025-09-04 - Modele dAudit SEO Technique Creer une Copie pour Editer - Template,application/vnd.google-apps.spreadsheet,version_chaos,high,"Version non standard (final, copie, def...)"
1DMIBFPKBmsvJGCXbr3d_97xt2UBTdzi0FQPx33SBkTI,2025-09-02 - Modele Automatise pour lAudit de Contenu Creer une Copie pour Editer - Template,2025-09-02 - Modele Automatise pour lAudit de Contenu Creer une Copie pour Editer - Template,application/vnd.google-apps.spreadsheet,mixed_separators,medium,"Melange espaces, tirets et underscores"
1DMIBFPKBmsvJGCXbr3d_97xt2UBTdzi0FQPx33SBkTI,2025-09-02 - Modele Automatise pour lAudit de Contenu Creer une Copie pour Editer - Template,2025-09-02 - Modele Automatise pour lAudit de Contenu Creer une Copie pour Editer - Template,application/vnd.google-apps.spreadsheet,version_chaos,high,"Version non standard (final, copie, def...)"
1KAPJgSmz_arRjbjlQ9pqZmDS1sOsCOI-IPejWQMBPGo,2025-09-02 - Modele Plan de Mesure CREER UNE COPIE POUR EDITER - Template,2025-09-02 - Modele Plan de Mesure CREER UNE COPIE POUR EDITER - Template,application/vnd.google-apps.spreadsheet,mixed_separators,medium,"Melange espaces, tirets et underscores"
1KAPJgSmz_arRjbjlQ9pqZmDS1sOsCOI-IPejWQMBPGo,2025-09-02 - Modele Plan de Mesure CREER UNE COPIE POUR EDITER - Template,2025-09-02 - Modele Plan de Mesure CREER UNE COPIE POUR EDITER - Template,application/vnd.google-apps.spreadsheet,version_chaos,high,"Version non standard (final, copie, def...)"
1ef3_7by5KBhwtXiY54BFPRu5qO0PS8UqIOAMsQ1qv2U,2024-11-27 - ORIGINAL Modele de Rapport SEO (GSheet) Maitrise ton SEO - Template,2024-11-27 - ORIGINAL Modele de Rapport SEO (GSheet) Maitrise ton SEO - Template,application/vnd.google-apps.spreadsheet,mixed_separators,medium,"Melange espaces, tirets et underscores"
1QUCB1x5wVB8k7Ta5j2QNcRs61SMggif1cSAb3eEEgl4,2024-10-17 - ORIGINAL Modele Social Media Metricool 2024 - Template,2024-10-17 - ORIGINAL Modele Social Media Metricool 2024 - Template,application/vnd.google-apps.spreadsheet,mixed_separators,medium,"Melange espaces, tirets et underscores"
1lWL-yDpHe4euY3rg0obPKnwIOnLyioadbYcLlhnntBc,2024-10-15 - ORIGINAL Template article dactualite - Template,2024-10-15 - ORIGINAL Template article dactualite - Template,application/vnd.google-apps.document,mixed_separators,medium,"Melange espaces, tirets et underscores"
1BXKScwoJJDSlzVAJSwVQynGZ-ejeQjm5oop3be6BiU4,2024-10-14 - ORIGINAL Template Article Local - Template,2024-10-14 - ORIGINAL Template Article Local - Template,application/vnd.google-apps.document,mixed_separators,medium,"Melange espaces, tirets et underscores"
1MBdIY4X-mqIR6Z5ySOuRJxfWwFyHDC53ZHoTlomR8g4,2024-09-17 - ORIGINAL Template Analyse Top Contenus Concurrents agenceonze - Template,2024-09-17 - ORIGINAL Template Analyse Top Contenus Concurrents agenceonze - Template,application/vnd.google-apps.spreadsheet,mixed_separators,medium,"Melange espaces, tirets et underscores"
1C9f7CTktrRdJJp7lb8OVz62u43cHYaohi9JVj9TJMHU,2024-03-31 - ORIGINAL 3 - Template,2024-03-31 - ORIGINAL 3 - Template,application/vnd.google-apps.document,mixed_separators,medium,"Melange espaces, tirets et underscores"
1ivKOFruP54YgiEHkznLxsJKKq7XrYhVY9VHzU0NpNsI,2024-03-31 - ORIGINAL 4 - Template,2024-03-31 - ORIGINAL 4 - Template,application/vnd.google-apps.document,mixed_separators,medium,"Melange espaces, tirets et underscores"
1109YJNG_ArmGLKCpNhUpbGss7Bijxy6OA6QyGNPnIVA,2024-03-30 - ORIGINAL 2 - Template,2024-03-30 - ORIGINAL 2 - Template,application/vnd.google-apps.document,mixed_separators,medium,"Melange espaces, tirets et underscores"
13F4g04p-93a8LNjD6kQxltKpJ9_QRGVjCp0_sQAArl0,2025-04-12 - ORIGINAL Modele de devis SEO - Template,2025-04-12 - ORIGINAL Modele de devis SEO - Template,application/vnd.google-apps.spreadsheet,mixed_separators,medium,"Melange espaces, tirets et underscores"
1Em3PVCdj0myFpmvrQyWqH6AOrWQy4XXT9TPRZQBrrqg,2024-04-28 - ORIGINAL 1 - Template,2024-04-28 - ORIGINAL 1 - Template,application/vnd.google-apps.document,mixed_separators,medium,"Melange espaces, tirets et underscores"
1A5yTVd4y3Y4GqnepWp8N4ngm9K1o8qTxVqS-CACHsFo,2024-04-28 - ORIGINAL Modeles Newsletters KSTB - Template,2024-04-28 - ORIGINAL Modeles Newsletters KSTB - Template,application/vnd.google-apps.document,mixed_separators,medium,"Melange espaces, tirets et underscores"
1NHlowwCp-2ENfpQfqOn90Jv6sFV0POa35OL_hHF_5EQ,2024-03-28 - ORIGINAL 1 - Template,2024-03-28 - ORIGINAL 1 - Template,application/vnd.google-apps.document,mixed_separators,medium,"Melange espaces, tirets et underscores"
17hIT8iXWFpjdauORznEuw8TKdhahrpQbywBCdr3xEX0,2024-10-04 - Templates PodPack COULISSES - Template,2024-10-04 - Templates PodPack COULISSES - Template,application/vnd.google-apps.document,mixed_separators,medium,"Melange espaces, tirets et underscores"
1pHoaZy05hLjoeJyY_5aLD7q6frzEuIMMn6ZP03RJo40,2024-10-04 - Templates PodPack AUTRES - Template,2024-10-04 - Templates PodPack AUTRES - Template,application/vnd.google-apps.document,mixed_separators,medium,"Melange espaces, tirets et underscores"
1hJy69wVNE4bmq8IsL-CKJTatXJEusn45NE3WD59e4lA,2024-10-04 - Templates PodPack BONUS - Template,2024-10-04 - Templates PodPack BONUS - Template,application/vnd.google-apps.document,mixed_separators,medium,"Melange espaces, tirets et underscores"
1oiy2GKL8TQKnp2U029ciBXS5paqDpid4KHIM19ViDqo,2024-10-04 - Templates PodPack COLLABORATIF - Template,2024-10-04 - Templates PodPack COLLABORATIF - Template,application/vnd.google-apps.document,mixed_separators,medium,"Melange espaces, tirets et underscores"
17tpokHa9LMC4DANO6nacEjWselvBL8q6UsA514LU3gU,2024-10-04 - Templates PodPack EXPERTISE - Template,2024-10-04 - Templates PodPack EXPERTISE - Template,application/vnd.google-apps.document,mixed_separators,medium,"Melange espaces, tirets et underscores"
1HctD8f12iNwrrMfZoJ94ugot-Gdsfj7c5AHXMe45k7I,2024-10-04 - Templates PodPack (PRE) LANCEMENT - Template,2024-10-04 - Templates PodPack (PRE) LANCEMENT - Template,application/vnd.google-apps.document,mixed_separators,medium,"Melange espaces, tirets et underscores"
1XNci1UauyjUFN1UO8ZuqHDmdXucGRCG7RSCGo9_CHco,2023-03-02 - IMPE Exemples email newsletter - Template Email,2023-03-02 - IMPE Exemples email newsletter - Template Email,application/vnd.google-apps.document,mixed_separators,medium,"Melange espaces, tirets et underscores"
1hi9UKuV5tK1c2Vn8oby9NkgOvM6JsDc4znxJmGwmaYk,2021-11-21 - ConvertKit Free Plan Email Swipe Copy - Template Email,2021-11-21 - ConvertKit Free Plan Email Swipe Copy - Template Email,application/vnd.google-apps.document,mixed_separators,medium,"Melange espaces, tirets et underscores"
1hi9UKuV5tK1c2Vn8oby9NkgOvM6JsDc4znxJmGwmaYk,2021-11-21 - ConvertKit Free Plan Email Swipe Copy - Template Email,2021-11-21 - ConvertKit Free Plan Email Swipe Copy - Template Email,application/vnd.google-apps.document,version_chaos,high,"Version non standard (final, copie, def...)"
1ubxyRMjpSErQCmQ-5ROmm8DOyfgwxGUALjgbzfBVZng,2022-03-13 - EBOOK Je gagne ma vie avec mon blog Aurelien AMACKER - Template Email,2022-03-13 - EBOOK Je gagne ma vie avec mon blog Aurelien AMACKER - Template Email,application/vnd.google-apps.spreadsheet,mixed_separators,medium,"Melange espaces, tirets et underscores"
1pNH5qMkMa3Sa_nHbv96eCC9GpGA-8R66FSUTBFXTz10,2022-03-13 - EBOOK Lindependance financiere pour tous Aurelien AMACKER - Template Email,2022-03-13 - EBOOK Lindependance financiere pour tous Aurelien AMACKER - Template Email,application/vnd.google-apps.spreadsheet,mixed_separators,medium,"Melange espaces, tirets et underscores"
1L1f51xrbvgRfH2Pv2p5Ft6x_vqYL59v5WzidMtGhzIM,2025-04-29 - Resume de la Newsletter par lAgent - Template Email,2025-04-29 - Resume de la Newsletter par lAgent - Template Email,application/vnd.google-apps.spreadsheet,mixed_separators,medium,"Melange espaces, tirets et underscores"
1qfGJx_8FYm7p4em_rq4ptiF3oEVbv3HuSnsISkUGuIU,2024-02-10 - Michael KIHL Creation Site Internet Conception Web Tunnel De Vente,2024-02-10 - Michael KIHL Creation Site Internet Conception Web Tunnel De Vente,application/vnd.google-apps.spreadsheet,mixed_separators,medium,"Melange espaces, tirets et underscores"
1MiMAx6f_Mt1Nxh_y-2gpzp6Fo6Ut59Gp0iD5kApzJY0,2023-02-25 - Automatiser le copywriting de ses pubs et PDV avec chat GPT - Prompt,2023-02-25 - Automatiser le copywriting de ses pubs et PDV avec chat GPT - Prompt,application/vnd.google-apps.document,mixed_separators,medium,"Melange espaces, tirets et underscores"
1MiMAx6f_Mt1Nxh_y-2gpzp6Fo6Ut59Gp0iD5kApzJY0,2023-02-25 - Automatiser le copywriting de ses pubs et PDV avec chat GPT - Prompt,2023-02-25 - Automatiser le copywriting de ses pubs et PDV avec chat GPT - Prompt,application/vnd.google-apps.document,version_chaos,high,"Version non standard (final, copie, def...)"
151vy_osunZ3xM3kpTXckitJpVvRmpyzxCtwtlduZbGk,2023-08-02 - ORIGINAL Prompts PRO Vendeur Amazon - Prompt,2023-08-02 - ORIGINAL Prompts PRO Vendeur Amazon - Prompt,application/vnd.google-apps.spreadsheet,mixed_separators,medium,"Melange espaces, tirets et underscores"
1UqNjk_91KTtMiii25Fu3YrGtf42cVbJJ8D_2x8rIec8,2024-04-26 - ORIGINAL Prompts PRO Vendeur Amazon - Prompt,2024-04-26 - ORIGINAL Prompts PRO Vendeur Amazon - Prompt,application/vnd.google-apps.spreadsheet,mixed_separators,medium,"Melange espaces, tirets et underscores"
1ddyRr61rVKJgpkSPISWxNag-2pDh_-y4cqTh7aadqpo,2025-04-08 - ORIGINAL WP Sensei Prompt Affiliation Amazon - Prompt,2025-04-08 - ORIGINAL WP Sensei Prompt Affiliation Amazon - Prompt,application/vnd.google-apps.presentation,mixed_separators,medium,"Melange espaces, tirets et underscores"
1XT7MpS_9tw5AjX7Z4hM85Wk3Tv5lO70JNGfEtirL1Tk,2023-08-02 - ORIGINAL Gestionnaire de Prompts - Prompt,2023-08-02 - ORIGINAL Gestionnaire de Prompts - Prompt,application/vnd.google-apps.spreadsheet,mixed_separators,medium,"Melange espaces, tirets et underscores"
1zsIeH2Sa8JX1GsICbhr6in0qyAyGm1cpkAelnGSTQeQ,TEMPLATE PROMPT MASTER BRIEF - PACK MARKETING VENTE (schoolsWP),TEMPLATE PROMPT MASTER BRIEF - PACK MARKETING VENTE (schoolsWP),application/vnd.google-apps.document,mixed_separators,medium,"Melange espaces, tirets et underscores"
18AWnURxEeDsTvf9i2jYE1LIpdRW2s4HqxjprG7518yk,Prompt schoolsWP - Analyse dIntention de Recherche (SERP-first),Prompt schoolsWP - Analyse dIntention de Recherche (SERP-first),application/vnd.google-apps.document,mixed_separators,medium,"Melange espaces, tirets et underscores"
1XA7uXYRp9ax2STS2atrpvSHamLi5UTKB1u-gJFiP75Y,TEMPLATE PROMPT MASTER BRIEF - PACK MARKETING VENTE (schoolsWP),TEMPLATE PROMPT MASTER BRIEF - PACK MARKETING VENTE (schoolsWP),application/vnd.google-apps.document,mixed_separators,medium,"Melange espaces, tirets et underscores"
1RjJsmEv5tU_V04Fwp321sgWMvZb3GlWU466PuiagZjY,Prompt schoolsWP - Analyse dIntention de Recherche (SERP-first),Prompt schoolsWP - Analyse dIntention de Recherche (SERP-first),application/vnd.google-apps.document,mixed_separators,medium,"Melange espaces, tirets et underscores"
1jHOPf-UOu-AtRJUmDBdMbw5cyDMuFa-swWb_qDNDjis,2024-10-05 - ORIGINAL Roadmap Check-List Amazon Incubator AMZ ACADEMY - Checklist,2024-10-05 - ORIGINAL Roadmap Check-List Amazon Incubator AMZ ACADEMY - Checklist,application/vnd.google-apps.spreadsheet,mixed_separators,medium,"Melange espaces, tirets et underscores"
1_-RJhN2_DCMO1LAb1TpGa_Qp11BxxDvWIReNP1ofOaY,2025-09-04 - Checklist de pre-redaction de contenu Creer une Copie pour Editer - Checklist,2025-09-04 - Checklist de pre-redaction de contenu Creer une Copie pour Editer - Checklist,application/vnd.google-apps.spreadsheet,mixed_separators,medium,"Melange espaces, tirets et underscores"
1_-RJhN2_DCMO1LAb1TpGa_Qp11BxxDvWIReNP1ofOaY,2025-09-04 - Checklist de pre-redaction de contenu Creer une Copie pour Editer - Checklist,2025-09-04 - Checklist de pre-redaction de contenu Creer une Copie pour Editer - Checklist,application/vnd.google-apps.spreadsheet,version_chaos,high,"Version non standard (final, copie, def...)"
1Gr8uClJjdQ6fTW2yXa6WK9TEbBzkwKEe,2023-06-10 - CheckList TBL Analyse niche DEMO - Checklist.csv,2023-06-10 - CheckList TBL Analyse niche DEMO - Checklist.csv,text/csv,mixed_separators,medium,"Melange espaces, tirets et underscores"
1hWV7CI84pmPCoTt57wB8GNClgbclZmJmCO8m_aFi56A,2024-03-18 - ORIGINAL Check-list SEO ultime pour rediger un article B2B - Checklist,2024-03-18 - ORIGINAL Check-list SEO ultime pour rediger un article B2B - Checklist,application/vnd.google-apps.spreadsheet,mixed_separators,medium,"Melange espaces, tirets et underscores"
1j6hdx8Q_T_5ApRvvtoweMUsZ8hOTLy92yzmDT_rx-KE,2022-08-07 - Flux RSS Produits Formations,2022-08-07 - Flux RSS Produits Formations,application/vnd.google-apps.spreadsheet,mixed_separators,medium,"Melange espaces, tirets et underscores"
18rtaPQVcLdsVNFCQCOpPBRjmCM1s57k4mhkk28ALJwU,2025-09-04 - Generateur de Strategie de Contenu Creer une Copie pour Editer,2025-09-04 - Generateur de Strategie de Contenu Creer une Copie pour Editer,application/vnd.google-apps.spreadsheet,mixed_separators,medium,"Melange espaces, tirets et underscores"
18rtaPQVcLdsVNFCQCOpPBRjmCM1s57k4mhkk28ALJwU,2025-09-04 - Generateur de Strategie de Contenu Creer une Copie pour Editer,2025-09-04 - Generateur de Strategie de Contenu Creer une Copie pour Editer,application/vnd.google-apps.spreadsheet,version_chaos,high,"Version non standard (final, copie, def...)"
1ttkd77DVuRzeGnMi8e997Djjtr_7Deire3v9rd_ILek,2025-09-02 - Synthese de laudit de contenu,2025-09-02 - Synthese de laudit de contenu,application/vnd.google-apps.document,mixed_separators,medium,"Melange espaces, tirets et underscores"
1IMRCcaZIDTWcTmdH2FdCkj4HOr8KbeTV9FLfCqWmG18,2025-09-02 - Lecon 10 Module 2 Rediger le rapport daudit de contenu,2025-09-02 - Lecon 10 Module 2 Rediger le rapport daudit de contenu,application/vnd.google-apps.document,mixed_separators,medium,"Melange espaces, tirets et underscores"
1SCRpa9Biyze_CcdMRroBIIrIlbYxmZBRq0bgwKuxQe4,2024-03-20 - Reseau Social schoolsWP Article vers Facebook,2024-03-20 - Reseau Social schoolsWP Article vers Facebook,application/vnd.google-apps.spreadsheet,mixed_separators,medium,"Melange espaces, tirets et underscores"
1bXzosrzOVaLkNFbIRzm_mTmI_cZt6DimzhlgqZMEcpY,2024-02-10 - Flux RSS WordPress Reseaux Sociaux,2024-02-10 - Flux RSS WordPress Reseaux Sociaux,application/vnd.google-apps.spreadsheet,mixed_separators,medium,"Melange espaces, tirets et underscores"
1Lrk8F7RLtC2i4MC2q2o_hmjDTYQA8VU55LctomhppnM,2023-09-18 - DU CONTENU DANS 10 LANGUES EN 3 MINUTES,2023-09-18 - DU CONTENU DANS 10 LANGUES EN 3 MINUTES,application/vnd.google-apps.document,mixed_separators,medium,"Melange espaces, tirets et underscores"
1Lrk8F7RLtC2i4MC2q2o_hmjDTYQA8VU55LctomhppnM,2023-09-18 - DU CONTENU DANS 10 LANGUES EN 3 MINUTES,2023-09-18 - DU CONTENU DANS 10 LANGUES EN 3 MINUTES,application/vnd.google-apps.document,all_caps,low,Nom entierement en majuscules
1CG4bSkLQxOiNtLrRcG1KzsH11P3zGcLg9BpQLrsMncg,2026-01-30 - ORIGINAL PLUGIN QUEL CANAPE (Creer une copie),2026-01-30 - ORIGINAL PLUGIN QUEL CANAPE (Creer une copie),application/vnd.google-apps.document,mixed_separators,medium,"Melange espaces, tirets et underscores"
1CG4bSkLQxOiNtLrRcG1KzsH11P3zGcLg9BpQLrsMncg,2026-01-30 - ORIGINAL PLUGIN QUEL CANAPE (Creer une copie),2026-01-30 - ORIGINAL PLUGIN QUEL CANAPE (Creer une copie),application/vnd.google-apps.document,version_chaos,high,"Version non standard (final, copie, def...)"
1kRn7f_7Fg5itiGth9B2XatF6pw0bIQY3aQ2mPBQCAMs,2025-03-31 - Generation de contenu par lIA,2025-03-31 - Generation de contenu par lIA,application/vnd.google-apps.spreadsheet,mixed_separators,medium,"Melange espaces, tirets et underscores"
1Ij9NPuv0ne69lE44lPty3NkmMro2zVX2,2025-07-16 - 20240607 CR dimagerie medicale KIHL MICHAEL 022406070007.pdf,2025-07-16 - 20240607 CR dimagerie medicale KIHL MICHAEL 022406070007.pdf,application/pdf,mixed_separators,medium,"Melange espaces, tirets et underscores"
1Yw4rphZNtWeePPsQvy4OoiYOltt2MpB_zwA9ZnoAhNU,schoolsWP - YouTube Competitor Analysis,schoolsWP - YouTube Competitor Analysis,application/vnd.google-apps.spreadsheet,mixed_separators,medium,"Melange espaces, tirets et underscores"
13UfJcyQBufNSXj1Txir4L0PJCqbEEAolzgjawembKmI,schoolsWP - Espionner chaines Youtube,schoolsWP - Espionner chaines Youtube,application/vnd.google-apps.spreadsheet,mixed_separators,medium,"Melange espaces, tirets et underscores"
16SsBrnYMnJaxyL_ZX-3b3qWx0FGzp6Fjy6-CNX3MAgo,2024-01-16 - systeme-io-avis - article - fr,2024-01-16 - systeme-io-avis - article - fr,application/vnd.google-apps.document,mixed_separators,medium,"Melange espaces, tirets et underscores"
1Y00fAlW_iXgh5DtCFV655N7mgG3xH2X6,Mon Mini Électro,02_PROJETS/Mon Mini Électro,application/vnd.google-apps.folder,accents,medium,Contient des accents
1wkB4kipeiMtAALohh_PFGefgzKWu6ZVl,Michaël KIHL,02_PROJETS/Michaël KIHL,application/vnd.google-apps.folder,accents,medium,Contient des accents
1FiyfrZDY9ayFqWQpkHkeCUwuI-Gm4kuB,Maé KIHL,02_PROJETS/Maé KIHL,application/vnd.google-apps.folder,accents,medium,Contient des accents
1jSoymMpuLleALZ4RlsS-TnlavaZ7MLNu,99_ARCHIVES,01_ADMIN/99_ARCHIVES,application/vnd.google-apps.folder,all_caps,low,Nom entierement en majuscules
1bc64Ug-T2_0Go376kEKQSgZqDYa9F7NZ,06_Monétisation,02_PROJETS/schoolsWP/06_Monétisation,application/vnd.google-apps.folder,accents,medium,Contient des accents
1QwHLKJ8QTmCvUU08WRJiPENVgxr671XN,02_SEO,02_PROJETS/schoolsWP/02_SEO,application/vnd.google-apps.folder,all_caps,low,Nom entierement en majuscules
1D_zHa1kJs4Pz_v3hsja0BI9GuViI5QJR,2023-03-30 - Wordpress-topic-research-20200411.xlsx,02_PROJETS/Michaël KIHL/2023-03-30 - Wordpress-topic-research-20200411.xlsx,application/vnd.openxmlformats-officedocument.spreadsheetml.sheet,mixed_separators,medium,"Melange espaces, tirets et underscores"
1dvi27qXUecfP3cYKC2nTUGxSFAEbkZE8GBdaMQlwvnk,2023-11-09 - WP Rocket Optimisez votre site WordPress avec le meilleur plugin de cache - Article - FR,02_PROJETS/Michaël KIHL/2023-11-09 - WP Rocket Optimisez votre site WordPress avec le meilleur plugin de cache - Article - FR,application/vnd.google-apps.document,mixed_separators,medium,"Melange espaces, tirets et underscores"
1vjT0n5nzZapRKjpjC9xFUjUVkKv0KzVvEbOua1dXOE0,2023-11-09 - ClickWhale Gestionnaire de Liens d’Affiliation SEO pour WordPress - Mon Avis ... - Article - FR,02_PROJETS/Michaël KIHL/2023-11-09 - ClickWhale Gestionnaire de Liens d’Affiliation SEO pour WordPress - Mon Avis ... - Article - FR,application/vnd.google-apps.document,mixed_separators,medium,"Melange espaces, tirets et underscores"
1mkzXeGAZIQSt1c6yyDKQCIjR0-AeAzJpzclbHVQVHa8,"2023-11-09 - Comment GetGenie, l’assistant de contenu AI, peut aider les entrepreneurs solos - Article - FR","02_PROJETS/Michaël KIHL/2023-11-09 - Comment GetGenie, l’assistant de contenu AI, peut aider les entrepreneurs solos - Article - FR",application/vnd.google-apps.document,mixed_separators,medium,"Melange espaces, tirets et underscores"
1RSFdIrPUpTt0W1EDM_2sa024quta4Txf-duButLkjDM,2023-11-09 - Surecart La revolution de la vente de services en ligne - Article - FR,02_PROJETS/Michaël KIHL/2023-11-09 - Surecart La revolution de la vente de services en ligne - Article - FR,application/vnd.google-apps.document,mixed_separators,medium,"Melange espaces, tirets et underscores"
1KdXP46MLiYQ_B37QsJFjEqukA20l4tsYhT2_w8IWnBE,2023-11-09 - SureMembers Un Moyen Simple de Limiter l’acces au Contenu de votre Site Web - Article - FR,02_PROJETS/Michaël KIHL/2023-11-09 - SureMembers Un Moyen Simple de Limiter l’acces au Contenu de votre Site Web - Article - FR,application/vnd.google-apps.document,mixed_separators,medium,"Melange espaces, tirets et underscores"
1GLPQSTwWrWr8GGLAC9t7aCVFemG1PK3FduurtZ5UL7k,2023-11-09 - Creer un tunnel de vente avec Cartflows - Article - FR,02_PROJETS/Michaël KIHL/2023-11-09 - Creer un tunnel de vente avec Cartflows - Article - FR,application/vnd.google-apps.document,mixed_separators,medium,"Melange espaces, tirets et underscores"
1UZjuhnDiXsAW5S2SAij9aXvktvfcMrRIIH5WgtL1WdI,2023-11-09 - Pourquoi Utiliser WordPress pour la Creation de Sites Web - Article - FR,02_PROJETS/Michaël KIHL/2023-11-09 - Pourquoi Utiliser WordPress pour la Creation de Sites Web - Article - FR,application/vnd.google-apps.document,mixed_separators,medium,"Melange espaces, tirets et underscores"
1_Dq2zABoH-tomV8wVKRknAwwn8OzAZrX,99_ARCHIVES,01_ADMIN/05_Contrats/99_ARCHIVES,application/vnd.google-apps.folder,all_caps,low,Nom entierement en majuscules
1rHzvBSxoZNteH9GoJvtxNca08IInIBac,99_ARCHIVES,01_ADMIN/04_Factures/99_ARCHIVES,application/vnd.google-apps.folder,all_caps,low,Nom entierement en majuscules
1--CAuIfLCaFj0xEpjc6vNZs7T-uIZlyp,99_ARCHIVES,01_ADMIN/03_Banque/99_ARCHIVES,application/vnd.google-apps.folder,all_caps,low,Nom entierement en majuscules
1JTdz-T8HDWflxJJcdiHZmgR7UG9Uat4I,99_ARCHIVES,02_PROJETS/schoolsWP/06_Monétisation/99_ARCHIVES,application/vnd.google-apps.folder,all_caps,low,Nom entierement en majuscules
1elUgdHqA72kPxDriXsBwUgJPtJM4AiMg,99_ARCHIVES,02_PROJETS/schoolsWP/05_Contenus/99_ARCHIVES,application/vnd.google-apps.folder,all_caps,low,Nom entierement en majuscules
1VuU-Os3zWyeV1JtQE4W4LvXL0rBT51aD,99_ARCHIVES,02_PROJETS/schoolsWP/01_Assets/99_ARCHIVES,application/vnd.google-apps.folder,all_caps,low,Nom entierement en majuscules
