id,name,current_path,target_path,action,status,notes,mime_type,size
1UN4eMO5ntVwcO9V2ETANEO5QjRvWI6uiKwYX410RV8M,schoolsWP – Index Global,schoolsWP – Index Global,01_Projets/schoolsWP,MOVE,READY,Fichier volant racine -> destination,application/vnd.google-apps.spreadsheet,8785
1P8aQ4C3wZGsuXygbJi-Tz4UMD-MaoyvT1h5E4XsppoA,schoolsWP – Mapping Migration,schoolsWP – Mapping Migration,99_Archives/2026-02-09_Backup-Drive,MOVE,READY,Fichier volant racine -> destination,application/vnd.google-apps.spreadsheet,3119
1zohIPX3uvDDoVoEwHposDfOluS6l14wbjN8XnXp0ZTVbS7UhI6A_YrRG,schoolsWP Drive Organizer,schoolsWP Drive Organizer,99_Archives/2026-02-09_Backup-Drive,MOVE,READY,Fichier volant racine -> destination,application/vnd.google-apps.script,
1GHeRHhW4Quw3Y4_w4-ae5l2YcrFLBLMRd3eV4eefuYo,schoolsWP – Full Drive Index,schoolsWP – Full Drive Index,99_Archives/2026-02-09_Backup-Drive,MOVE,READY,Fichier volant racine -> destination,application/vnd.google-apps.spreadsheet,114991
1t3aMmMD-cn_pQKjxorJliwoYWyoWv_4D-LUqu0WJTB0,schoolsWP-linkedin-reboot.md,schoolsWP-linkedin-reboot.md,01_Projets/schoolsWP/02_Contenu/04_Reseaux-Sociaux/LinkedIn,MOVE,READY,Fichier volant racine -> destination,application/vnd.google-apps.document,18157
1J-YjfMBtuieDcIkSEGMwMMNIZItoIYay700qLRqpiJQ,schoolsWP – Archive Migration,schoolsWP – Archive Migration,99_Archives/2026-02-09_Backup-Drive,MOVE,READY,Fichier volant racine -> destination,application/vnd.google-apps.spreadsheet,116056
16QHdxwkKGrAyawst69iZ7fU3Dujghn2vaFeCQPJDCvQ,schoolsWP – Full Drive Mapping,schoolsWP – Full Drive Mapping,99_Archives/2026-02-09_Backup-Drive,MOVE,READY,Fichier volant racine -> destination,application/vnd.google-apps.spreadsheet,122001
1I10kkvrlEFJt1-3EpfUQkDoMYNclBWuy,_schoolsWP_audit_data.json,_schoolsWP_audit_data.json,99_Archives/2026-02-09_Backup-Drive,MOVE,READY,Fichier volant racine -> destination,application/json,1854113
1kpMBF9y7GCVDxy9EDFW21epJf-yjRFSL,_BACKUP_DRIVE_2026-02-09,_BACKUP_DRIVE_2026-02-09,99_Archives/2026-02-09_Backup-Drive,MOVE,READY,Dossier special -> structure cible,application/vnd.google-apps.folder,
1sjLD3jYNxhwRJ-daUMzv7r63Q7DMc31P,99_ARCHIVES,99_ARCHIVES,99_Archives,RENAME_MOVE,READY,Systeme A -> 99_Archives,application/vnd.google-apps.folder,
14ncGGGt0od-vTiRPaUzqvO5FxSCxbIUi,06_CONTENUS,06_CONTENUS,01_Projets/schoolsWP/02_Contenu,RENAME_MOVE,READY,Systeme A -> 01_Projets/schoolsWP/02_Contenu,application/vnd.google-apps.folder,
18p0Tfa9RVVVDdefIEI5tRaaaGaSHVexO,04_ASSETS,04_ASSETS,01_Projets/schoolsWP/04_Assets,RENAME_MOVE,READY,Systeme A -> 01_Projets/schoolsWP/04_Assets,application/vnd.google-apps.folder,
1o3pXPjYCAHgpSQ-KGm9HujSmNWJ-KvMQ,01_ADMIN,01_ADMIN,03_Admin,RENAME_MOVE,READY,Systeme A -> 03_Admin,application/vnd.google-apps.folder,
1YTHvexGrsZgsTPTlnNfPuIimCbnyn7Nw,00_START-HERE,00_START-HERE,02_Ressources/Organisation,RENAME_MOVE,READY,Systeme A -> 02_Ressources/Organisation,application/vnd.google-apps.folder,
1aDp2laOrZOzJqPZvy9R8LL5m2KrzluRa,PROMPTS_schoolsWP,PROMPTS_schoolsWP,01_Projets/schoolsWP/08_IA-et-Prompts,MOVE,READY,Dossier special -> structure cible,application/vnd.google-apps.folder,
1XF0H02yebsgF20l0_puGE555hfBVP2Y7PjpsqYzMweI,Guide ultime pour vendre des sites web,Guide ultime pour vendre des sites web,01_Projets/schoolsWP/05_Marketing,MOVE,READY,Fichier volant racine -> destination,application/vnd.google-apps.document,13843
1BQj9o5QG5Dl_znc4nBosnuY3TFz2fw3bTf_m2WfjKx8,https://schoolswp.com/-Performance-on-Search-2026-02-06,https://schoolswp.com/-Performance-on-Search-2026-02-06,01_Projets/schoolsWP/10_Analytics,MOVE,READY,Fichier volant racine -> destination,application/vnd.google-apps.spreadsheet,55437
1qyug6URbI652jf1w31QAJqP-5HaHPgZs,Adobe Scan 05 févr. 2026.pdf,Adobe Scan 05 févr. 2026.pdf,00_Inbox,MOVE,READY,Fichier volant racine -> destination,application/pdf,475359
1yzyYv9Fmuw_EJA7GLKAF6bk-KPNrlvXK,newsletter,newsletter,01_Projets/schoolsWP/02_Contenu/02_Newsletter,MOVE,READY,Orphelin schoolsWP -> structure cible,application/vnd.google-apps.folder,
1Z0ZcVo9zZNDfIkHBHF42FRUU2z7FzOzK,blog,blog,01_Projets/schoolsWP/02_Contenu/01_Blog,MOVE,READY,Orphelin schoolsWP -> structure cible,application/vnd.google-apps.folder,
1FUmQTspHVWCHQ-rffRofZ2XhPUH6PU7a,facebook,facebook,01_Projets/schoolsWP/02_Contenu/04_Reseaux-Sociaux/Facebook,MOVE,READY,Orphelin schoolsWP -> structure cible,application/vnd.google-apps.folder,
1ER4zZLSB5F4ai0oAkUsCqmLzV-rXAoJ5,linkedin,linkedin,01_Projets/schoolsWP/02_Contenu/04_Reseaux-Sociaux/LinkedIn,MOVE,READY,Orphelin schoolsWP -> structure cible,application/vnd.google-apps.folder,
1exJjUzhHDgiMBwQvK6uhduAbp-rghOBS,outils,outils,02_Ressources/Outils,MOVE,READY,Orphelin schoolsWP -> structure cible,application/vnd.google-apps.folder,
1sTsLz7Qm0MKCVxnW3Zj7D3RbjpDfaiez,medias,medias,01_Projets/schoolsWP/04_Assets,MOVE,READY,Orphelin schoolsWP -> structure cible,application/vnd.google-apps.folder,
1sFIAf7TVPssTGRCnMsc842Ma4O1EXLmW,templates,templates,01_Projets/schoolsWP/08_IA-et-Prompts/02_Templates,MOVE,READY,Orphelin schoolsWP -> structure cible,application/vnd.google-apps.folder,
1naNgWQv3dIriuqomEZz0W-GTIo2WIwBU,branding,branding,01_Projets/schoolsWP/04_Assets/01_Branding,MOVE,READY,Orphelin schoolsWP -> structure cible,application/vnd.google-apps.folder,
10HdfIJKTzup5lr90TtQqM3SNcS1BiyvF,concurrence,concurrence,01_Projets/schoolsWP/09_Veille,MOVE,READY,Orphelin schoolsWP -> structure cible,application/vnd.google-apps.folder,
1roi00q9cC7-jKdTahv8Atm1SYqeDHrZk,automatisation,automatisation,01_Projets/schoolsWP/07_Automatisation,MOVE,READY,Orphelin schoolsWP -> structure cible,application/vnd.google-apps.folder,
1rltPvPHXF75urnRFv0jMiD_gfaBOesDc,wordpress,wordpress,01_Projets/schoolsWP/06_Technique,MOVE,READY,Orphelin schoolsWP -> structure cible,application/vnd.google-apps.folder,
1C458ErbbY_hcM_tdhms-sodjwmy5PRfE,ia_llm_seo,ia_llm_seo,01_Projets/schoolsWP/08_IA-et-Prompts,MOVE,READY,Orphelin schoolsWP -> structure cible,application/vnd.google-apps.folder,
1DgfowNlBSRMYqlylO2RV3jzUfTW-Citu,07_personnel,07_personnel,04_Personnel,RENAME_MOVE,READY,Systeme A -> 04_Personnel,application/vnd.google-apps.folder,
16unWwtxLgpQmYWl2bq2NKncToQDyu8bV,06_archive,06_archive,99_Archives,MOVE,READY,Systeme B 06_archive -> 99_Archives,application/vnd.google-apps.folder,
1NJSVFCk8lTAmP5b9WBiFoEnaqaa28M7J,05_formations,05_formations,02_Ressources/Formations,MOVE,READY,Systeme B 05_formations -> 02_Ressources/Formations,application/vnd.google-apps.folder,
1IoMdC07kfC7AewRLi4Zr0-gVl68-FCxP,04_admin_legal,04_admin_legal,03_Admin,MOVE,READY,Systeme B 04_admin_legal -> 03_Admin,application/vnd.google-apps.folder,
16HhBhGUsWqLxBjejz1a3OQ2Fsad17Un9,03_contenus,03_contenus,01_Projets/schoolsWP/02_Contenu,MOVE,READY,Systeme B 03_contenus -> 01_Projets/schoolsWP/02_Contenu,application/vnd.google-apps.folder,
1Gr9pAy6ZPdJt6oOB8o6Lbedemcz86d0Q,02_ressources_transverses,02_ressources_transverses,02_Ressources,MOVE,READY,Systeme B 02_ressources_transverses -> 02_Ressources,application/vnd.google-apps.folder,
1O6AHfTqaPeBlnfLKzyerNm2i-RYsMwev,01_projets_actifs,01_projets_actifs,01_Projets,MOVE,READY,Systeme B 01_projets_actifs -> 01_Projets,application/vnd.google-apps.folder,
199RBB-rwUQMPy2QCCZu0SPxlI9NKxFJi,00_boite_de_reception,00_boite_de_reception,00_Inbox,MOVE,READY,Systeme B 00_boite_de_reception -> 00_Inbox,application/vnd.google-apps.folder,
1-7QoxRQIAoUfb26zO-wOhMAMZPk_dl8-uGQ48NYCoko,Suivi Affiliés Plugins (RSS-Promos),Suivi Affiliés Plugins (RSS-Promos),01_Projets/schoolsWP/05_Marketing/01_Affiliation,MOVE,READY,Fichier volant racine -> destination,application/vnd.google-apps.spreadsheet,9249
1Yw4rphZNtWeePPsQvy4OoiYOltt2MpB_zwA9ZnoAhNU,schoolsWP - YouTube Competitor Analysis,schoolsWP - YouTube Competitor Analysis,01_Projets/schoolsWP/09_Veille,MOVE,READY,Fichier volant racine -> destination,application/vnd.google-apps.spreadsheet,7834
1KZGv-nWZ1kiH-vdEexOjpa72wZJMzmlW,PROJET PSE LOGIFARE.pdf,PROJET PSE LOGIFARE.pdf,00_Inbox,MOVE,READY,Fichier volant racine -> destination,application/pdf,1222838
10DO-s2uFeRxYARHKDLVNV3y9zoMkQ4b4,"Avocat - January 21, 2026-esv2-90p-bg-10p.mp3","Avocat - January 21, 2026-esv2-90p-bg-10p.mp3",04_Personnel,MOVE,READY,Fichier volant racine -> destination,audio/mpeg,32760428
1MMcYrXTZuJYm76eYI8-Q8YR025bCni3FbGzAXzka-6o,2026-01-20 – BuddyBoss – Affiliation – Fiches,2026-01-20 – BuddyBoss – Affiliation – Fiches,01_Projets/schoolsWP/05_Marketing/01_Affiliation,MOVE,READY,Fichier volant racine -> destination,application/vnd.google-apps.document,6285
1PgTi3-Mw2200rd764lCc3oAquKiMRIzZ,05_CLIENTS,05_CLIENTS,99_Archives/Clients,RENAME_MOVE,READY,Systeme A -> 99_Archives/Clients,application/vnd.google-apps.folder,
1uFixijDb_AiHXcr9oaO6BT-JGpK8uTqD,03_RESSOURCES,03_RESSOURCES,02_Ressources,RENAME_MOVE,READY,Systeme A -> 02_Ressources,application/vnd.google-apps.folder,
1CDsfA0QoN21_-X2A1KPxpGl8FNEQ6LGk,02_PROJETS,02_PROJETS,01_Projets,RENAME_MOVE,READY,Systeme A -> 01_Projets,application/vnd.google-apps.folder,
1phxPRTZrNAv4lQEsMXsI_Yml3Kpd_k31,MÉDICALE,MÉDICALE,04_Personnel/Medical,MOVE,READY,Dossier special -> structure cible,application/vnd.google-apps.folder,
1wTuTHMt906d8mk_nS86z5jjLJZ89zZFj-rCNTmox4JE,2026-01-01 – Stratégie schoolsWP – Étude Marché.md,_BACKUP_DRIVE_2026-02-09/2026-01-01 – Stratégie schoolsWP – Étude Marché.md,99_Archives/2026-02-09_Backup-Drive/2026-01-01 – Stratégie schoolsWP – Étude Marché.md,MOVE,READY,Backup -> Archives,application/vnd.google-apps.document,19025
1ZnrmVKq51bROMtLm_b9d2jqoLZ6nNvGF,99_ARCHIVES,06_CONTENUS/99_ARCHIVES,01_Projets/schoolsWP/02_Contenu/99_Archive,MOVE,READY,06_CONTENUS redistribue,application/vnd.google-apps.folder,
1JU6lpgyAOdUOyNAgRMdxboJIdJbTJ1ho,07_Scripts-video-audio,06_CONTENUS/07_Scripts-video-audio,01_Projets/schoolsWP/02_Contenu/03_YouTube,MOVE,READY,06_CONTENUS redistribue,application/vnd.google-apps.folder,
1YwENXSo-bT4rNCUNIZ6cyOIIDWl4_cV_,06_Newsletters,06_CONTENUS/06_Newsletters,01_Projets/schoolsWP/02_Contenu/02_Newsletter,MOVE,READY,06_CONTENUS redistribue,application/vnd.google-apps.folder,
1Srek1K3NeAlf0xzxXrurD6EL9OdD0KUh,05_Lead-magnets,06_CONTENUS/05_Lead-magnets,01_Projets/schoolsWP/02_Contenu/05_Lead-magnets,MOVE,READY,06_CONTENUS redistribue,application/vnd.google-apps.folder,
1vfjpduTXcDxswep8Z49DtnjsKDCkeRwh,04_Publies,06_CONTENUS/04_Publies,01_Projets/schoolsWP/02_Contenu/01_Blog/04_Publies,MOVE,READY,06_CONTENUS redistribue,application/vnd.google-apps.folder,
1HJVSNOmXAd4CNWHBQVZ_Ix0i52H3v2f5,03_A-optimiser,06_CONTENUS/03_A-optimiser,01_Projets/schoolsWP/02_Contenu/01_Blog/03_A-optimiser,MOVE,READY,06_CONTENUS redistribue,application/vnd.google-apps.folder,
1PzxebkJ357G6-0Nbl2AUhKDGbxMZ0hUH,02_En-cours,06_CONTENUS/02_En-cours,01_Projets/schoolsWP/02_Contenu/01_Blog/02_En-cours,MOVE,READY,06_CONTENUS redistribue,application/vnd.google-apps.folder,
1hAaWEcJcBPVo-eK_XngFqYuniB9XhstY,01_Backlog,06_CONTENUS/01_Backlog,01_Projets/schoolsWP/02_Contenu/01_Blog/01_Backlog,MOVE,READY,06_CONTENUS redistribue,application/vnd.google-apps.folder,
1K79_Aes6HDAaGvbP6sgcbgjxTPIUkie7,99_ARCHIVES,04_ASSETS/99_ARCHIVES,01_Projets/schoolsWP/04_Assets/99_Archive,MOVE,READY,04_ASSETS redistribue,application/vnd.google-apps.folder,
15FHBHazIVvlsjfSf6KubKUKEVegpA6Rr,05_Canva-Figma-PSD,04_ASSETS/05_Canva-Figma-PSD,01_Projets/schoolsWP/04_Assets/05_Sources-Design,MOVE,READY,04_ASSETS redistribue,application/vnd.google-apps.folder,
115pNB_oNuRM8nXE0jysDaYQEWKf5uYwA,04_PDF-Documents,04_ASSETS/04_PDF-Documents,01_Projets/schoolsWP/04_Assets/07_PDF,MOVE,READY,04_ASSETS redistribue,application/vnd.google-apps.folder,
1gjZX5Vnyygr2cMAvCy-m4jnHJP1tba9x,03_Videos,04_ASSETS/03_Videos,01_Projets/schoolsWP/04_Assets/06_Videos,MOVE,READY,04_ASSETS redistribue,application/vnd.google-apps.folder,
1VgfmZ8shXMeQ1f_aAlzUNsBDd-5yAkyG,02_Images,04_ASSETS/02_Images,01_Projets/schoolsWP/04_Assets/03_Illustrations,MOVE,READY,04_ASSETS redistribue,application/vnd.google-apps.folder,
1sHPyaFUWXbHQ6eooEvyxZSD117VgseMZ,01_Logos-Branding,04_ASSETS/01_Logos-Branding,01_Projets/schoolsWP/04_Assets/01_Branding,MOVE,READY,04_ASSETS redistribue,application/vnd.google-apps.folder,
1eRcn_JhZRFiYd-50oMl2bItTrEpHQ-0_,99_ARCHIVES,01_ADMIN/99_ARCHIVES,03_Admin/99_ARCHIVES,MOVE,READY,01_ADMIN -> 03_Admin,application/vnd.google-apps.folder,
1Tm1nCgj8btWnqKMlaEB9B63WobiZTaxs,06_Impots-Fiscal,01_ADMIN/06_Impots-Fiscal,03_Admin/06_Impots-Fiscal,MOVE,READY,01_ADMIN -> 03_Admin,application/vnd.google-apps.folder,
1Ijk3QX_kXg75rY7Qm1BToFi1pZwcBYgQ,05_Contrats,01_ADMIN/05_Contrats,03_Admin/05_Contrats,MOVE,READY,01_ADMIN -> 03_Admin,application/vnd.google-apps.folder,
1Xr2HVPJTjOhxsuXxsSkHc9Qs8ghiUiMX,04_Factures,01_ADMIN/04_Factures,03_Admin/04_Factures,MOVE,READY,01_ADMIN -> 03_Admin,application/vnd.google-apps.folder,
1GTRm8oGnLGDu-RfxFzfTOK-RuKjZ4b2N,03_Banque,01_ADMIN/03_Banque,03_Admin/03_Banque,MOVE,READY,01_ADMIN -> 03_Admin,application/vnd.google-apps.folder,
1c-P8M589vJBTbJAb0ulV0BMD0Gah3z57,02_Assurances,01_ADMIN/02_Assurances,03_Admin/02_Assurances,MOVE,READY,01_ADMIN -> 03_Admin,application/vnd.google-apps.folder,
11z_EenS-iA5sGqyzI8JD2t_BHXY1v5kF,01_Identite,01_ADMIN/01_Identite,03_Admin/01_Identite,MOVE,READY,01_ADMIN -> 03_Admin,application/vnd.google-apps.folder,
1NZYAI7AI6bjQD_xcjWXcdSGg7LmhXUWP,04_Onboarding,00_START-HERE/04_Onboarding,02_Ressources/Organisation/04_Onboarding,MOVE,READY,00_START-HERE -> 02_Ressources/Organisation,application/vnd.google-apps.folder,
1IEzLiYvqwQiBj3edohulrlPpHzPehjua,03_Templates-et-modeles,00_START-HERE/03_Templates-et-modeles,02_Ressources/Organisation/03_Templates-et-modeles,MOVE,READY,00_START-HERE -> 02_Ressources/Organisation,application/vnd.google-apps.folder,
1edjNbie7Cu-bi0h80PJXFA8y4i3d9lh5,02_Conventions-de-nommage,00_START-HERE/02_Conventions-de-nommage,02_Ressources/Organisation/02_Conventions-de-nommage,MOVE,READY,00_START-HERE -> 02_Ressources/Organisation,application/vnd.google-apps.folder,
1Up_zGvuRpPb5RQw1WOTTBAgiBlzdfdqE,01_Organisation-du-Drive,00_START-HERE/01_Organisation-du-Drive,02_Ressources/Organisation/01_Organisation-du-Drive,MOVE,READY,00_START-HERE -> 02_Ressources/Organisation,application/vnd.google-apps.folder,
1SQt3xYfA8qlnwIbA4AE92Y5txQXWh2-n,_BACKUP_2026-02-10,PROMPTS_schoolsWP/_BACKUP_2026-02-10,01_Projets/schoolsWP/08_IA-et-Prompts/_BACKUP_2026-02-10,MOVE,READY,PROMPTS_schoolsWP -> IA-et-Prompts,application/vnd.google-apps.folder,
1CHPG6m7lNfQTKte-ClJW34KtSzUY3w_n,_BACKUP_2026-02-09,PROMPTS_schoolsWP/_BACKUP_2026-02-09,01_Projets/schoolsWP/08_IA-et-Prompts/_BACKUP_2026-02-09,MOVE,READY,PROMPTS_schoolsWP -> IA-et-Prompts,application/vnd.google-apps.folder,
17TmIR_Br5dRHIRbcdHrsNZlaHUBJb6KT,99_ARCHIVES,PROMPTS_schoolsWP/99_ARCHIVES,01_Projets/schoolsWP/08_IA-et-Prompts/99_ARCHIVES,MOVE,READY,PROMPTS_schoolsWP -> IA-et-Prompts,application/vnd.google-apps.folder,
1QakeLnj-LhJN0t-88C2lVKOULEAA1CUw,07_AUTOMATION,PROMPTS_schoolsWP/07_AUTOMATION,01_Projets/schoolsWP/08_IA-et-Prompts/07_AUTOMATION,MOVE,READY,PROMPTS_schoolsWP -> IA-et-Prompts,application/vnd.google-apps.folder,
1cDzHTYf-tbImsFikBG6dLEZxXzGHXKGl,06_SCHOOLS_WP_EDITORIAL,PROMPTS_schoolsWP/06_SCHOOLS_WP_EDITORIAL,01_Projets/schoolsWP/08_IA-et-Prompts/06_SCHOOLS_WP_EDITORIAL,MOVE,READY,PROMPTS_schoolsWP -> IA-et-Prompts,application/vnd.google-apps.folder,
1iNOEfTdCHqP50--qsvwyZEx_Grsi42JS,05_MONETISATION,PROMPTS_schoolsWP/05_MONETISATION,01_Projets/schoolsWP/08_IA-et-Prompts/05_MONETISATION,MOVE,READY,PROMPTS_schoolsWP -> IA-et-Prompts,application/vnd.google-apps.folder,
1duIXPI5P0bAaCO8IFK0gqw4g16ipHwvh,04_ASSETS,PROMPTS_schoolsWP/04_ASSETS,01_Projets/schoolsWP/08_IA-et-Prompts/04_ASSETS,MOVE,READY,PROMPTS_schoolsWP -> IA-et-Prompts,application/vnd.google-apps.folder,
1h407DlDF-j5Lu-8SanNtRgkfXH6fP0db,03_PROMPTS,PROMPTS_schoolsWP/03_PROMPTS,01_Projets/schoolsWP/08_IA-et-Prompts/03_PROMPTS,MOVE,READY,PROMPTS_schoolsWP -> IA-et-Prompts,application/vnd.google-apps.folder,
1CzL0myFZwmEl71cdXrhW9rVjTsnOs9FX,02_TEMPLATES,PROMPTS_schoolsWP/02_TEMPLATES,01_Projets/schoolsWP/08_IA-et-Prompts/02_TEMPLATES,MOVE,READY,PROMPTS_schoolsWP -> IA-et-Prompts,application/vnd.google-apps.folder,
1C4r3OoUxDnE4BZM4taCiIT4kbdkZioAq,01_ADMIN,PROMPTS_schoolsWP/01_ADMIN,01_Projets/schoolsWP/08_IA-et-Prompts/01_ADMIN,MOVE,READY,PROMPTS_schoolsWP -> IA-et-Prompts,application/vnd.google-apps.folder,
1YfO72WGVuLpzTtNQjTHm4x7M_gjFnzw4,Photos,07_personnel/Photos,04_Personnel/Photos,MOVE,READY,07_personnel -> 04_Personnel,application/vnd.google-apps.folder,
14v5cP1yihKEl3M7h4b_dBGdnTcpLKTHi,2026,06_archive/2026,99_Archives/2026,MOVE,READY,Systeme B 06_archive -> 99_Archives,application/vnd.google-apps.folder,
1AdY4fQv6XoNLoe8EhGiIoinmK768fCiH,2025,06_archive/2025,99_Archives/2025,MOVE,READY,Systeme B 06_archive -> 99_Archives,application/vnd.google-apps.folder,
1iliRVlGzQ_EtnZKl-UUSTUrkkKJwhOaW,2024,06_archive/2024,99_Archives/2024,MOVE,READY,Systeme B 06_archive -> 99_Archives,application/vnd.google-apps.folder,
1WfmGzkra29HKvxasPPW8T_0oXiViBKKw,terminees,05_formations/terminees,02_Ressources/Formations/terminees,MOVE,READY,Systeme B 05_formations -> 02_Ressources/Formations,application/vnd.google-apps.folder,
1vdw6qBF843gE9vtY8BYky7RmiOdJzrCF,en_cours,05_formations/en_cours,02_Ressources/Formations/en_cours,MOVE,READY,Systeme B 05_formations -> 02_Ressources/Formations,application/vnd.google-apps.folder,
1xGzIrQ6aYKLnEPcm089PT1PS4aqfcPDo,assurances,04_admin_legal/assurances,03_Admin/assurances,MOVE,READY,Systeme B 04_admin_legal -> 03_Admin,application/vnd.google-apps.folder,
1SokF0w_ffn5gXbD9A8Evgm70nY3lg4yp,banque,04_admin_legal/banque,03_Admin/banque,MOVE,READY,Systeme B 04_admin_legal -> 03_Admin,application/vnd.google-apps.folder,
1RnEW6jc--DK1EL3_xYE8bC3AjTgxL4vV,comptabilite,04_admin_legal/comptabilite,03_Admin/comptabilite,MOVE,READY,Systeme B 04_admin_legal -> 03_Admin,application/vnd.google-apps.folder,
124LqOSarCpokJ7nJTNB7o6d5ujBO73rt,entreprise,04_admin_legal/entreprise,03_Admin/entreprise,MOVE,READY,Systeme B 04_admin_legal -> 03_Admin,application/vnd.google-apps.folder,
1QWeYzjtiEuaGnuTfseVKeh-YCnjPkoaF,01_ADMIN,04_admin_legal/01_ADMIN,03_Admin/01_ADMIN,MOVE,READY,Systeme B 04_admin_legal -> 03_Admin,application/vnd.google-apps.folder,
1W6lruxmVRaU-e6zgp4hFk7fLtDVKP6eE,newsletter,03_contenus/newsletter,01_Projets/schoolsWP/02_Contenu/newsletter,MOVE,READY,Systeme B 03_contenus -> 01_Projets/schoolsWP/02_Contenu,application/vnd.google-apps.folder,
1eR5keeQxw0CTgEEZglPgWkaNTwoJpSQA,blog,03_contenus/blog,01_Projets/schoolsWP/02_Contenu/blog,MOVE,READY,Systeme B 03_contenus -> 01_Projets/schoolsWP/02_Contenu,application/vnd.google-apps.folder,
1r49NmkSXl0ZRAxxG-17SNZg1PGz8s9GV,facebook,03_contenus/facebook,01_Projets/schoolsWP/02_Contenu/facebook,MOVE,READY,Systeme B 03_contenus -> 01_Projets/schoolsWP/02_Contenu,application/vnd.google-apps.folder,
1nrvHxs1JUGsB66WPVZUwQnDPUnTC7cf3,youtube,03_contenus/youtube,01_Projets/schoolsWP/02_Contenu/youtube,MOVE,READY,Systeme B 03_contenus -> 01_Projets/schoolsWP/02_Contenu,application/vnd.google-apps.folder,
13pfCIFcUF8X_pBNU5x2StauijjKAGHMw,linkedin,03_contenus/linkedin,01_Projets/schoolsWP/02_Contenu/linkedin,MOVE,READY,Systeme B 03_contenus -> 01_Projets/schoolsWP/02_Contenu,application/vnd.google-apps.folder,
1Xq13oByhwP233qOPdyUOmhAdPrfU8O5n,06_CONTENUS,03_contenus/06_CONTENUS,01_Projets/schoolsWP/02_Contenu/06_CONTENUS,MOVE,READY,Systeme B 03_contenus -> 01_Projets/schoolsWP/02_Contenu,application/vnd.google-apps.folder,
16DC1-9jHhPLTFBJCNwbo4kzCtFLjbI6C,veille,02_ressources_transverses/veille,02_Ressources/veille,MOVE,READY,Systeme B 02_ressources_transverses -> 02_Ressources,application/vnd.google-apps.folder,
1fSH_QkO3OdA1Eb7rF1xaFDxFNjfhYKSk,outils,02_ressources_transverses/outils,02_Ressources/outils,MOVE,READY,Systeme B 02_ressources_transverses -> 02_Ressources,application/vnd.google-apps.folder,
160MVXqL68OPrN88uUiWWO-_RkfPXiMEk,medias,02_ressources_transverses/medias,02_Ressources/medias,MOVE,READY,Systeme B 02_ressources_transverses -> 02_Ressources,application/vnd.google-apps.folder,
1lZmCdVWxyt5_GvXrm_qHtp8hX4bU_lHH,templates,02_ressources_transverses/templates,02_Ressources/templates,MOVE,READY,Systeme B 02_ressources_transverses -> 02_Ressources,application/vnd.google-apps.folder,
1V8aVbzfTQ2u51uCwhl34hta78hG1klB4,branding,02_ressources_transverses/branding,02_Ressources/branding,MOVE,READY,Systeme B 02_ressources_transverses -> 02_Ressources,application/vnd.google-apps.folder,
1QM5qz1BVHly1aQ2SoRBTMA0at1PBYQYx,04_ASSETS,02_ressources_transverses/04_ASSETS,02_Ressources/04_ASSETS,MOVE,READY,Systeme B 02_ressources_transverses -> 02_Ressources,application/vnd.google-apps.folder,
1fdxOLEBdhyZxozh_8fX9ON5Br1n7Lc2Q,schoolswp,01_projets_actifs/schoolswp,01_Projets/schoolswp,MOVE,READY,Systeme B 01_projets_actifs -> 01_Projets,application/vnd.google-apps.folder,
1a_rwkWjBSThdnb3PxEq_Q5D4y9lDhbgCY1DJod4YIwc,[ORIGINAL] 15 exemples de messages LinkedIn,00_boite_de_reception/[ORIGINAL] 15 exemples de messages LinkedIn,00_Inbox/[ORIGINAL] 15 exemples de messages LinkedIn,MOVE,READY,Systeme B 00_boite_de_reception -> 00_Inbox,application/vnd.google-apps.document,4975
1lfjXiyfFEOVAneyHDrNAappODR60AW17,a_trier,00_boite_de_reception/a_trier,00_Inbox/a_trier,MOVE,READY,Systeme B 00_boite_de_reception -> 00_Inbox,application/vnd.google-apps.folder,
1v3V2k2g_G5dYsdqFdx0MKHqOMMD_tRqmPV_LE9RXIvc,2021-01-03 – CERES – Ressource,05_CLIENTS/2021-01-03 – CERES – Ressource,99_Archives/Clients/2021-01-03 – CERES – Ressource,MOVE,READY,05_CLIENTS -> 99_Archives/Clients,application/vnd.google-apps.document,
17U7IExE6J2kuGfFXFqJsaCp3N9PkmmDw,_Template-Client,05_CLIENTS/_Template-Client,99_Archives/Clients/_Template-Client,MOVE,READY,05_CLIENTS -> 99_Archives/Clients,application/vnd.google-apps.folder,
1Vk7T4dCuMcys5sEKC0T4FcpzxKcDxx4aO8DLVh7_cuk,Guide Complet : Comment trouver facilement et rapidement des clients sur LinkedIn,03_RESSOURCES/Guide Complet : Comment trouver facilement et rapidement des clients sur LinkedIn,02_Ressources/Guide Complet : Comment trouver facilement et rapidement des clients sur LinkedIn,MOVE,READY,03_RESSOURCES -> 02_Ressources,application/vnd.google-apps.document,7536
1FYQ-_pQHNpzv_1nTHr5v9xSKDg9StsA8,2025-07-16 – A-Laugros – Ressource.pdf,03_RESSOURCES/2025-07-16 – A-Laugros – Ressource.pdf,02_Ressources/2025-07-16 – A-Laugros – Ressource.pdf,MOVE,READY,03_RESSOURCES -> 02_Ressources,application/pdf,50294
1O4Qw8hjhzfLH0X5_WjQhBCq0669Kb03i,2025-07-16 – 06-11-2008-A-Laugros – Ressource.pdf,03_RESSOURCES/2025-07-16 – 06-11-2008-A-Laugros – Ressource.pdf,02_Ressources/2025-07-16 – 06-11-2008-A-Laugros – Ressource.pdf,MOVE,READY,03_RESSOURCES -> 02_Ressources,application/pdf,120657
1cwxq1q9W-Hv4qNUGASVDI9a59T3tDUSO,2025-07-16 – 21-10-2008-F-Labaki – Ressource.pdf,03_RESSOURCES/2025-07-16 – 21-10-2008-F-Labaki – Ressource.pdf,02_Ressources/2025-07-16 – 21-10-2008-F-Labaki – Ressource.pdf,MOVE,READY,03_RESSOURCES -> 02_Ressources,application/pdf,111281
19wWoWBZLZfX8ghzvD2N51vTBuFNroIeZ,2025-07-16 – 26-06-03-Randrianjohany – Ressource.pdf,03_RESSOURCES/2025-07-16 – 26-06-03-Randrianjohany – Ressource.pdf,02_Ressources/2025-07-16 – 26-06-03-Randrianjohany – Ressource.pdf,MOVE,READY,03_RESSOURCES -> 02_Ressources,application/pdf,91773
1n_8iVMSNPfASTd4f-h8__oVSuxMW8fw7,2025-07-16 – 10-01-2003-A-Laugros – Ressource.pdf,03_RESSOURCES/2025-07-16 – 10-01-2003-A-Laugros – Ressource.pdf,02_Ressources/2025-07-16 – 10-01-2003-A-Laugros – Ressource.pdf,MOVE,READY,03_RESSOURCES -> 02_Ressources,application/pdf,83921
1COKIZKbkhV7KdJ1gqc6bmCLj2uPY-15W,2025-07-16 – 02-07-2002-A-Randrianjohany – Ressource.pdf,03_RESSOURCES/2025-07-16 – 02-07-2002-A-Randrianjohany – Ressource.pdf,02_Ressources/2025-07-16 – 02-07-2002-A-Randrianjohany – Ressource.pdf,MOVE,READY,03_RESSOURCES -> 02_Ressources,application/pdf,81968
1Gk1nousoKDcx9YJnRVZpdeKSpRO0Ispq,2025-07-16 – 25-04-2002-A-Randrianjohany – Ressource.pdf,03_RESSOURCES/2025-07-16 – 25-04-2002-A-Randrianjohany – Ressource.pdf,02_Ressources/2025-07-16 – 25-04-2002-A-Randrianjohany – Ressource.pdf,MOVE,READY,03_RESSOURCES -> 02_Ressources,application/pdf,84241
11FFN18Zpjw9ssehTP7VErDBaG1yia7pV,2025-07-16 – 07-03-2002-A-Randrianjohany – Ressource.pdf,03_RESSOURCES/2025-07-16 – 07-03-2002-A-Randrianjohany – Ressource.pdf,02_Ressources/2025-07-16 – 07-03-2002-A-Randrianjohany – Ressource.pdf,MOVE,READY,03_RESSOURCES -> 02_Ressources,application/pdf,84073
1swy5lvH72RZU7gyhCn1pz_gCbbxf8tep,2025-07-16 – 13-02-2002-A-Randrianjohany – Ressource.pdf,03_RESSOURCES/2025-07-16 – 13-02-2002-A-Randrianjohany – Ressource.pdf,02_Ressources/2025-07-16 – 13-02-2002-A-Randrianjohany – Ressource.pdf,MOVE,READY,03_RESSOURCES -> 02_Ressources,application/pdf,179152
1XcGHSWAH9XwZerOCXQoTgbAIGdmq6VXr,2025-07-16 – 30-10-2001-A-Randrianjohany – Ressource.pdf,03_RESSOURCES/2025-07-16 – 30-10-2001-A-Randrianjohany – Ressource.pdf,02_Ressources/2025-07-16 – 30-10-2001-A-Randrianjohany – Ressource.pdf,MOVE,READY,03_RESSOURCES -> 02_Ressources,application/pdf,90300
1y-ZkbxGbCQCP-i8EV9rpHsP-_LrifhLX,2025-07-16 – 20-10-1997-D-Eyer – Ressource.pdf,03_RESSOURCES/2025-07-16 – 20-10-1997-D-Eyer – Ressource.pdf,02_Ressources/2025-07-16 – 20-10-1997-D-Eyer – Ressource.pdf,MOVE,READY,03_RESSOURCES -> 02_Ressources,application/pdf,260222
1EfqY8j9cxlx6edUZrKpXptIG6TCQ-ylM,2025-07-16 – CONSULT CARDIO KIHL MICHAEL 17 04 2024 – Ressource.PDF,03_RESSOURCES/2025-07-16 – CONSULT CARDIO KIHL MICHAEL 17 04 2024 – Ressource.PDF,02_Ressources/2025-07-16 – CONSULT CARDIO KIHL MICHAEL 17 04 2024 – Ressource.PDF,MOVE,READY,03_RESSOURCES -> 02_Ressources,application/pdf,65862
1RZPtXLiTqrwTq8nxLXyeyye1bTV2GqPb,2025-07-16 – HOLTER ECG – Ressource.PDF,03_RESSOURCES/2025-07-16 – HOLTER ECG – Ressource.PDF,02_Ressources/2025-07-16 – HOLTER ECG – Ressource.PDF,MOVE,READY,03_RESSOURCES -> 02_Ressources,application/pdf,86622
1hJ1T52zVgMFjdMdY49_6stIoqFay4pr1,2025-07-16 – MICHAËL KIHL CONSULTATION NEUROLOGIE – Ressource.pdf,03_RESSOURCES/2025-07-16 – MICHAËL KIHL CONSULTATION NEUROLOGIE – Ressource.pdf,02_Ressources/2025-07-16 – MICHAËL KIHL CONSULTATION NEUROLOGIE – Ressource.pdf,MOVE,READY,03_RESSOURCES -> 02_Ressources,application/pdf,491622
1awNlCC2V5C7E3L0h4VChYA6KnGqZwaYa,2025-07-16 – CR CS du 10 09 24 – Ressource.pdf,03_RESSOURCES/2025-07-16 – CR CS du 10 09 24 – Ressource.pdf,02_Ressources/2025-07-16 – CR CS du 10 09 24 – Ressource.pdf,MOVE,READY,03_RESSOURCES -> 02_Ressources,application/pdf,123474
1rTKpARiCKZCUfWgk642HBcGSxjFuZxEM,2025-07-16 – CR CS du 10 04 2024 – Ressource.pdf,03_RESSOURCES/2025-07-16 – CR CS du 10 04 2024 – Ressource.pdf,02_Ressources/2025-07-16 – CR CS du 10 04 2024 – Ressource.pdf,MOVE,READY,03_RESSOURCES -> 02_Ressources,application/pdf,152817
1-2r4AOJsdp4wz6DGJCMrTmoUve6BypyF,2025-07-16 – IRM CÉRÉBRALE – Ressource.pdf,03_RESSOURCES/2025-07-16 – IRM CÉRÉBRALE – Ressource.pdf,02_Ressources/2025-07-16 – IRM CÉRÉBRALE – Ressource.pdf,MOVE,READY,03_RESSOURCES -> 02_Ressources,application/pdf,1098701
1Ij9NPuv0ne69lE44lPty3NkmMro2zVX2,2025-07-16 – 20240607 CR d'imagerie médicale KIHL MICHAEL 022406070007 – Ressource.pdf,03_RESSOURCES/2025-07-16 – 20240607 CR d'imagerie médicale KIHL MICHAEL 022406070007 – Ressource.pdf,02_Ressources/2025-07-16 – 20240607 CR d'imagerie médicale KIHL MICHAEL 022406070007 – Ressource.pdf,MOVE,READY,03_RESSOURCES -> 02_Ressources,application/pdf,166261
1osw2SBMearv-Hc7yA2ttsu4SkqzZNl2Z,2025-07-16 – KIHL.MICHAEL 09.05.2025 – Ressource.PDF,03_RESSOURCES/2025-07-16 – KIHL.MICHAEL 09.05.2025 – Ressource.PDF,02_Ressources/2025-07-16 – KIHL.MICHAEL 09.05.2025 – Ressource.PDF,MOVE,READY,03_RESSOURCES -> 02_Ressources,application/pdf,33337
1fptV2iSPjCC1DFKuC-QWuDHlKiGabgjz,2025-07-16 – KIHL – Ressource.pdf,03_RESSOURCES/2025-07-16 – KIHL – Ressource.pdf,02_Ressources/2025-07-16 – KIHL – Ressource.pdf,MOVE,READY,03_RESSOURCES -> 02_Ressources,application/pdf,444853
1jeSXclPTAmpXzp22DF89WiBUQmi9-2ar,2025-07-16 – RDV25mars-neurologie-Michaël-KIHL – Ressource.pdf,03_RESSOURCES/2025-07-16 – RDV25mars-neurologie-Michaël-KIHL – Ressource.pdf,02_Ressources/2025-07-16 – RDV25mars-neurologie-Michaël-KIHL – Ressource.pdf,MOVE,READY,03_RESSOURCES -> 02_Ressources,application/pdf,17963
1s0MIib8ZRc6i7grhW9_q8y9dykfOiLjt,2025-07-16 – RDV26Aout-neurologie-Michaël-KIHL – Ressource.pdf,03_RESSOURCES/2025-07-16 – RDV26Aout-neurologie-Michaël-KIHL – Ressource.pdf,02_Ressources/2025-07-16 – RDV26Aout-neurologie-Michaël-KIHL – Ressource.pdf,MOVE,READY,03_RESSOURCES -> 02_Ressources,application/pdf,28028
119R_X060wnIQ43LjySGD7Y7RJ_X5tiJp,2025-07-16 – 07-03-2025-EMG – Ressource.pdf,03_RESSOURCES/2025-07-16 – 07-03-2025-EMG – Ressource.pdf,02_Ressources/2025-07-16 – 07-03-2025-EMG – Ressource.pdf,MOVE,READY,03_RESSOURCES -> 02_Ressources,application/pdf,455519
1v3149QppXVIaf-z-0KwwDsBqrx0WpBpS,2025-06-16 – Label-OL1206178000 – Ressource.pdf,03_RESSOURCES/2025-06-16 – Label-OL1206178000 – Ressource.pdf,02_Ressources/2025-06-16 – Label-OL1206178000 – Ressource.pdf,MOVE,READY,03_RESSOURCES -> 02_Ressources,application/pdf,143238
1eVXp1Zo993tIAlo-0lq2c9Psb3DVKq1K,2025-11-01 – Catch-Booking YPTB0021194845 – Ressource.pdf,03_RESSOURCES/2025-11-01 – Catch-Booking YPTB0021194845 – Ressource.pdf,02_Ressources/2025-11-01 – Catch-Booking YPTB0021194845 – Ressource.pdf,MOVE,READY,03_RESSOURCES -> 02_Ressources,application/pdf,167311
1fqEDxeONJcPq4oSC9Dfe1s8h9qv-jsJz,2025-11-06 – Katoen Natie Flyers 08 10 25 – Ressource.pdf,03_RESSOURCES/2025-11-06 – Katoen Natie Flyers 08 10 25 – Ressource.pdf,02_Ressources/2025-11-06 – Katoen Natie Flyers 08 10 25 – Ressource.pdf,MOVE,READY,03_RESSOURCES -> 02_Ressources,application/pdf,936494
1hSl4Zrzgc6yQgjUQM3rvdtrH7pM-yx-m,2025-12-28 – KIHL MICHAEL VM REPRISE le 09122025 A 15H30 – Ressource.pdf,03_RESSOURCES/2025-12-28 – KIHL MICHAEL VM REPRISE le 09122025 A 15H30 – Ressource.pdf,02_Ressources/2025-12-28 – KIHL MICHAEL VM REPRISE le 09122025 A 15H30 – Ressource.pdf,MOVE,READY,03_RESSOURCES -> 02_Ressources,application/pdf,85837
1kdgT32L2ykFy9f0PbvDO2qmu6xd2aB8e,2025-12-28 – KIHL baloo2025121215966363 – Ressource.PDF,03_RESSOURCES/2025-12-28 – KIHL baloo2025121215966363 – Ressource.PDF,02_Ressources/2025-12-28 – KIHL baloo2025121215966363 – Ressource.PDF,MOVE,READY,03_RESSOURCES -> 02_Ressources,application/pdf,395386
1Ion8RDm6STLmY52ZRb0uxRRb7fXjvk5C,2025-12-29 – Bilan-periodique-KIHL-Maé-2024-2025-S1 – Ressource.pdf,03_RESSOURCES/2025-12-29 – Bilan-periodique-KIHL-Maé-2024-2025-S1 – Ressource.pdf,02_Ressources/2025-12-29 – Bilan-periodique-KIHL-Maé-2024-2025-S1 – Ressource.pdf,MOVE,READY,03_RESSOURCES -> 02_Ressources,application/pdf,108684
1J-9R07DD6aIJSxCXzUAbJ4gBXnE7cieB,2025-12-29 – AvisCfe 881547962 93a36200b8f211f0539c0ef6d117e07b – Ressource.pdf,03_RESSOURCES/2025-12-29 – AvisCfe 881547962 93a36200b8f211f0539c0ef6d117e07b – Ressource.pdf,02_Ressources/2025-12-29 – AvisCfe 881547962 93a36200b8f211f0539c0ef6d117e07b – Ressource.pdf,MOVE,READY,03_RESSOURCES -> 02_Ressources,application/pdf,229478
1QBQcuKlKbzGsZeIG-qLD-A4JbQE2m-qn,2025-12-29 – Diplome doliplume – Ressource.pdf,03_RESSOURCES/2025-12-29 – Diplome doliplume – Ressource.pdf,02_Ressources/2025-12-29 – Diplome doliplume – Ressource.pdf,MOVE,READY,03_RESSOURCES -> 02_Ressources,application/pdf,692691
1HCjCM7DLU5lJahEGYdWZVURMSNXWQHL3,2025-12-29 – Pi – Ressource.pdf,03_RESSOURCES/2025-12-29 – Pi – Ressource.pdf,02_Ressources/2025-12-29 – Pi – Ressource.pdf,MOVE,READY,03_RESSOURCES -> 02_Ressources,application/pdf,119033
1j-Ss-JaNJCTovgMTacqC7VshPFId5sJx,2025-12-29 – Ticket Caisse VG-479754 – Ressource.pdf,03_RESSOURCES/2025-12-29 – Ticket Caisse VG-479754 – Ressource.pdf,02_Ressources/2025-12-29 – Ticket Caisse VG-479754 – Ressource.pdf,MOVE,READY,03_RESSOURCES -> 02_Ressources,application/pdf,70461
1N9mNoW4M74ilcr2VJtDGhgoDVF4w-Jlj,05_Outils-Documentation,03_RESSOURCES/05_Outils-Documentation,02_Ressources/05_Outils-Documentation,MOVE,READY,03_RESSOURCES -> 02_Ressources,application/vnd.google-apps.folder,
1V3TK-GwE9a37tmPjrwO3oXg1fvaxpgKj,04_Methodes,03_RESSOURCES/04_Methodes,02_Ressources/04_Methodes,MOVE,READY,03_RESSOURCES -> 02_Ressources,application/vnd.google-apps.folder,
1emzhPeLv8m7uXkkCa8DEX4QKLwHHlXtS,03_Prompts-IA,03_RESSOURCES/03_Prompts-IA,02_Ressources/03_Prompts-IA,MOVE,READY,03_RESSOURCES -> 02_Ressources,application/vnd.google-apps.folder,
15Lmn8zMtArBBQYoBNWeYxPrgCms_M1z2,04_Methodes_ et _Formations,03_RESSOURCES/04_Methodes_ et _Formations,,DELETE,READY,Doublon vide dans 03_RESSOURCES,application/vnd.google-apps.folder,
1q5ZPCeCxjkqesHMCQQrD6Vf9ZntdvKve,05_Outils_ et _Docs_Techniques,03_RESSOURCES/05_Outils_ et _Docs_Techniques,,DELETE,READY,Doublon vide dans 03_RESSOURCES,application/vnd.google-apps.folder,
1n8AlWTr9SRHiaR5WT6V3qHZNal5XuBX0,99_Archives,03_RESSOURCES/99_Archives,02_Ressources/99_Archives,MOVE,READY,03_RESSOURCES -> 02_Ressources,application/vnd.google-apps.folder,
16rjdFfC983vhkxEolMj6XJ7H28U4BfWe,06_Inspirations,03_RESSOURCES/06_Inspirations,99_Archives/Inspirations,MOVE,READY,Inspirations (2.1 Go) -> archive,application/vnd.google-apps.folder,
1tfNgnljHJtMXlWff6F_kzTmHSRSrI-Sg,03_Prompts_IA,03_RESSOURCES/03_Prompts_IA,,DELETE,READY,Doublon vide dans 03_RESSOURCES,application/vnd.google-apps.folder,
1pGhY8dNsxVGB_SRFky_WVKy7loZZHguo,02_Templates,03_RESSOURCES/02_Templates,02_Ressources/02_Templates,MOVE,READY,03_RESSOURCES -> 02_Ressources,application/vnd.google-apps.folder,
1UcKB4ymbgU68YnmxBBki111AHEWAdcxi,01_Checklists,03_RESSOURCES/01_Checklists,02_Ressources/01_Checklists,MOVE,READY,03_RESSOURCES -> 02_Ressources,application/vnd.google-apps.folder,
1uydkGasxMDgpB4mUCrdP9LFqgJOdVN-Q,michaelkihl-fr,02_PROJETS/michaelkihl-fr,01_Projets/michaelkihl-fr,MOVE,READY,02_PROJETS -> 01_Projets,application/vnd.google-apps.folder,
1FiyfrZDY9ayFqWQpkHkeCUwuI-Gm4kuB,Maé KIHL,02_PROJETS/Maé KIHL,01_Projets/Maé KIHL,MOVE,READY,02_PROJETS -> 01_Projets,application/vnd.google-apps.folder,
1m81_uoDzU9IKoWTVEFbM3-4yj1EtUeUc,Vanessa PIVEC,02_PROJETS/Vanessa PIVEC,01_Projets/Vanessa PIVEC,MOVE,READY,02_PROJETS -> 01_Projets,application/vnd.google-apps.folder,
1wkB4kipeiMtAALohh_PFGefgzKWu6ZVl,Michaël KIHL,02_PROJETS/Michaël KIHL,01_Projets/Michaël KIHL,MOVE,READY,02_PROJETS -> 01_Projets,application/vnd.google-apps.folder,
1Y00fAlW_iXgh5DtCFV655N7mgG3xH2X6,Mon Mini Electro,02_PROJETS/Mon Mini Electro,01_Projets/Mon Mini Electro,MOVE,READY,02_PROJETS -> 01_Projets,application/vnd.google-apps.folder,
1Iw6htjboAuciMF1GU6z-YgPQkMFQw327,Petit Papier Magique,02_PROJETS/Petit Papier Magique,01_Projets/Petit Papier Magique,MOVE,READY,02_PROJETS -> 01_Projets,application/vnd.google-apps.folder,
1sbHX7tNe9De9SdXbUducRdqlGXcXNExJ,schoolsWP,02_PROJETS/schoolsWP,01_Projets/schoolsWP,MOVE,READY,02_PROJETS -> 01_Projets,application/vnd.google-apps.folder,
1rKXbe35JTgjwupIO5XK9O2waWvlp9XVv,HOPITAL,MÉDICALE/HOPITAL,04_Personnel/Medical/HOPITAL,MOVE,READY,MEDICALE -> 04_Personnel/Medical,application/vnd.google-apps.folder,
1WxNKlaS6o1RBr1XUe2nR1oicWbaX2en9,‍ LABORATOIRE,MÉDICALE/‍ LABORATOIRE,04_Personnel/Medical/‍ LABORATOIRE,MOVE,READY,MEDICALE -> 04_Personnel/Medical,application/vnd.google-apps.folder,
1BaMZHoI1ic952QGTyYnNDsutB8S8uWMr,MAÉ,MÉDICALE/MAÉ,04_Personnel/Medical/MAÉ,MOVE,READY,MEDICALE -> 04_Personnel/Medical,application/vnd.google-apps.folder,
1TOsNEfdb0WjwcxhxwsXJXdH3ckY5t1iw,Cr M KIHL.pdf,MÉDICALE/Cr M KIHL.pdf,04_Personnel/Medical/Cr M KIHL.pdf,MOVE,READY,MEDICALE -> 04_Personnel/Medical,application/pdf,833507
1wEZF84wpXg4GkAa0TJ5heJtHWv8LWLK6,Ordo Médicament Bizone Neuro.pdf,MÉDICALE/Ordo Médicament Bizone Neuro.pdf,04_Personnel/Medical/Ordo Médicament Bizone Neuro.pdf,MOVE,READY,MEDICALE -> 04_Personnel/Medical,application/pdf,89568
16A6eZFL7eHQXkk6zTgnpmJGq0hBOvzEf,neurologie-medicaments.pdf,MÉDICALE/neurologie-medicaments.pdf,04_Personnel/Medical/neurologie-medicaments.pdf,MOVE,READY,MEDICALE -> 04_Personnel/Medical,application/pdf,64429
1x0xDiOO7pgtxs1AJa65v2INAiFG8w4Sk,KIHL Michaël - Dermatologue.pdf,MÉDICALE/KIHL Michaël - Dermatologue.pdf,04_Personnel/Medical/KIHL Michaël - Dermatologue.pdf,MOVE,READY,MEDICALE -> 04_Personnel/Medical,application/pdf,68613
1s5Gfojo5ELQhkAziiMCeMEPm5p3076_9,MDPH,MÉDICALE/MDPH,04_Personnel/Medical/MDPH,MOVE,READY,MEDICALE -> 04_Personnel/Medical,application/vnd.google-apps.folder,
1vpyjjuijFZjmW4i7lNplLdEMSsqfYYQ0,99_ARCHIVES,01_ADMIN/05_Contrats/99_ARCHIVES,03_Admin/05_Contrats/99_ARCHIVES,MOVE,READY,01_ADMIN -> 03_Admin,application/vnd.google-apps.folder,
15OCAnclIeS9W_WZ-4XfQ8EgPtn0-F1_6,03_Partenaires,01_ADMIN/05_Contrats/03_Partenaires,03_Admin/05_Contrats/03_Partenaires,MOVE,READY,01_ADMIN -> 03_Admin,application/vnd.google-apps.folder,
1WprjfXyh5xQ3zjlEbFkl5MNSnhPAiBlG,02_Prestataires,01_ADMIN/05_Contrats/02_Prestataires,03_Admin/05_Contrats/02_Prestataires,MOVE,READY,01_ADMIN -> 03_Admin,application/vnd.google-apps.folder,
1EkgmOGyTHy38TKGk5AlKqUmaK4dGWa2D,01_Clients,01_ADMIN/05_Contrats/01_Clients,03_Admin/05_Contrats/01_Clients,MOVE,READY,01_ADMIN -> 03_Admin,application/vnd.google-apps.folder,
1_HJgqbiOxoIbOJ1f9FqPe43j8Lir9SUV,99_ARCHIVES,01_ADMIN/04_Factures/99_ARCHIVES,03_Admin/04_Factures/99_ARCHIVES,MOVE,READY,01_ADMIN -> 03_Admin,application/vnd.google-apps.folder,
1gAh3JS4IPf6YIbGqelu95ndgmPVW9pG0,02_Recues,01_ADMIN/04_Factures/02_Recues,03_Admin/04_Factures/02_Recues,MOVE,READY,01_ADMIN -> 03_Admin,application/vnd.google-apps.folder,
1UcFNRJ7BULbVc4TB43gaUEJPCPP5LCel,01_Emises,01_ADMIN/04_Factures/01_Emises,03_Admin/04_Factures/01_Emises,MOVE,READY,01_ADMIN -> 03_Admin,application/vnd.google-apps.folder,
1rrVYrxlOb4_tAGutfU74cJIWb5iCDlf-,99_ARCHIVES,01_ADMIN/03_Banque/99_ARCHIVES,03_Admin/03_Banque/99_ARCHIVES,MOVE,READY,01_ADMIN -> 03_Admin,application/vnd.google-apps.folder,
1R12PU7fcr5ZtchEGrh4Ohp0-PsK7771p,02_Justificatifs,01_ADMIN/03_Banque/02_Justificatifs,03_Admin/03_Banque/02_Justificatifs,MOVE,READY,01_ADMIN -> 03_Admin,application/vnd.google-apps.folder,
1zQt36_3npZYKfE3MnGKvFUKnT-f81Umh,01_Releves,01_ADMIN/03_Banque/01_Releves,03_Admin/03_Banque/01_Releves,MOVE,READY,01_ADMIN -> 03_Admin,application/vnd.google-apps.folder,
1wW6efkEVN1Ah49B0tBg9RdnmkRd5-kBYKa-H8RX-MZA,Nomenclature et règles de nommage — Prompts schoolsWP (Michaël KIHL),PROMPTS_schoolsWP/_BACKUP_2026-02-09/Nomenclature et règles de nommage — Prompts schoolsWP (Michaël KIHL),01_Projets/schoolsWP/08_IA-et-Prompts/_BACKUP_2026-02-09/Nomenclature et règles de nommage — Prompts schoolsWP (Michaël KIHL),MOVE,READY,PROMPTS_schoolsWP -> IA-et-Prompts,application/vnd.google-apps.document,8003
1RjJsmEv5tU_V04Fwp321sgWMvZb3GlWU466PuiagZjY,Prompt schoolsWP — Analyse d'Intention de Recherche (SERP-first),PROMPTS_schoolsWP/_BACKUP_2026-02-09/Prompt schoolsWP — Analyse d'Intention de Recherche (SERP-first),01_Projets/schoolsWP/08_IA-et-Prompts/_BACKUP_2026-02-09/Prompt schoolsWP — Analyse d'Intention de Recherche (SERP-first),MOVE,READY,PROMPTS_schoolsWP -> IA-et-Prompts,application/vnd.google-apps.document,7475
1XA7uXYRp9ax2STS2atrpvSHamLi5UTKB1u-gJFiP75Y,[TEMPLATE] PROMPT MASTER BRIEF — PACK MARKETING & VENTE (schoolsWP),PROMPTS_schoolsWP/_BACKUP_2026-02-09/[TEMPLATE] PROMPT MASTER BRIEF — PACK MARKETING & VENTE (schoolsWP),01_Projets/schoolsWP/08_IA-et-Prompts/_BACKUP_2026-02-09/[TEMPLATE] PROMPT MASTER BRIEF — PACK MARKETING & VENTE (schoolsWP),MOVE,READY,PROMPTS_schoolsWP -> IA-et-Prompts,application/vnd.google-apps.document,5903
1CfvrK1HWemt_eDmtDD8hT__Q8K6vZFCgSp3Awm9Q4Ws,Modèle de Prompt Structuré Ultime (pour IA),PROMPTS_schoolsWP/_BACKUP_2026-02-09/Modèle de Prompt Structuré Ultime (pour IA),01_Projets/schoolsWP/08_IA-et-Prompts/_BACKUP_2026-02-09/Modèle de Prompt Structuré Ultime (pour IA),MOVE,READY,PROMPTS_schoolsWP -> IA-et-Prompts,application/vnd.google-apps.document,3359
1cX1hDnU0DwIiXqXJRpJNeywNk5Iu6q0M5PT3rPanKiw,Nomenclature et règles de nommage — Prompts schoolsWP (Michaël KIHL),PROMPTS_schoolsWP/_BACKUP_2026-02-09/Nomenclature et règles de nommage — Prompts schoolsWP (Michaël KIHL),01_Projets/schoolsWP/08_IA-et-Prompts/_BACKUP_2026-02-09/Nomenclature et règles de nommage — Prompts schoolsWP (Michaël KIHL),MOVE,READY,PROMPTS_schoolsWP -> IA-et-Prompts,application/vnd.google-apps.document,8003
18AWnURxEeDsTvf9i2jYE1LIpdRW2s4HqxjprG7518yk,Prompt schoolsWP — Analyse d'Intention de Recherche (SERP-first),PROMPTS_schoolsWP/_BACKUP_2026-02-09/Prompt schoolsWP — Analyse d'Intention de Recherche (SERP-first),01_Projets/schoolsWP/08_IA-et-Prompts/_BACKUP_2026-02-09/Prompt schoolsWP — Analyse d'Intention de Recherche (SERP-first),MOVE,READY,PROMPTS_schoolsWP -> IA-et-Prompts,application/vnd.google-apps.document,7475
1zsIeH2Sa8JX1GsICbhr6in0qyAyGm1cpkAelnGSTQeQ,[TEMPLATE] PROMPT MASTER BRIEF — PACK MARKETING & VENTE (schoolsWP),PROMPTS_schoolsWP/_BACKUP_2026-02-09/[TEMPLATE] PROMPT MASTER BRIEF — PACK MARKETING & VENTE (schoolsWP),01_Projets/schoolsWP/08_IA-et-Prompts/_BACKUP_2026-02-09/[TEMPLATE] PROMPT MASTER BRIEF — PACK MARKETING & VENTE (schoolsWP),MOVE,READY,PROMPTS_schoolsWP -> IA-et-Prompts,application/vnd.google-apps.document,5903
1tXuEO5PkMx5IHRbBodUtpvvArWVQ1I7KSljSzT4PyFU,Modèle de Prompt Structuré Ultime (pour IA),PROMPTS_schoolsWP/_BACKUP_2026-02-09/Modèle de Prompt Structuré Ultime (pour IA),01_Projets/schoolsWP/08_IA-et-Prompts/_BACKUP_2026-02-09/Modèle de Prompt Structuré Ultime (pour IA),MOVE,READY,PROMPTS_schoolsWP -> IA-et-Prompts,application/vnd.google-apps.document,3359
15prkdY45_dg0PiWnlN0bssaC8We_fpfK,03_Scripts,PROMPTS_schoolsWP/07_AUTOMATION/03_Scripts,01_Projets/schoolsWP/08_IA-et-Prompts/07_AUTOMATION/03_Scripts,MOVE,READY,PROMPTS_schoolsWP -> IA-et-Prompts,application/vnd.google-apps.folder,
1Pz-Mk24j3f7KEgQU-5eDoCm-lV0TvLUZ,02_SOP,PROMPTS_schoolsWP/07_AUTOMATION/02_SOP,01_Projets/schoolsWP/08_IA-et-Prompts/07_AUTOMATION/02_SOP,MOVE,READY,PROMPTS_schoolsWP -> IA-et-Prompts,application/vnd.google-apps.folder,
17xsTzIXhmCkZDzoIRn6fZgO4_DWImpA1,01_n8n-Make-Zapier,PROMPTS_schoolsWP/07_AUTOMATION/01_n8n-Make-Zapier,01_Projets/schoolsWP/08_IA-et-Prompts/07_AUTOMATION/01_n8n-Make-Zapier,MOVE,READY,PROMPTS_schoolsWP -> IA-et-Prompts,application/vnd.google-apps.folder,
1EUK9MuRaJ-odrTGbWW3HPyBKNVg6BznG,04_Meta-FAQ-SERP,PROMPTS_schoolsWP/06_SCHOOLS_WP_EDITORIAL/04_Meta-FAQ-SERP,01_Projets/schoolsWP/08_IA-et-Prompts/06_SCHOOLS_WP_EDITORIAL/04_Meta-FAQ-SERP,MOVE,READY,PROMPTS_schoolsWP -> IA-et-Prompts,application/vnd.google-apps.folder,
1EvAY6EmeLCwqLfk1VaDdbwHCLLwpdP-W,03_Clusters,PROMPTS_schoolsWP/06_SCHOOLS_WP_EDITORIAL/03_Clusters,01_Projets/schoolsWP/08_IA-et-Prompts/06_SCHOOLS_WP_EDITORIAL/03_Clusters,MOVE,READY,PROMPTS_schoolsWP -> IA-et-Prompts,application/vnd.google-apps.folder,
1YSyYpITja8XmKUL8bdI5ZAyFD_KT_ms4,02_Plans,PROMPTS_schoolsWP/06_SCHOOLS_WP_EDITORIAL/02_Plans,01_Projets/schoolsWP/08_IA-et-Prompts/06_SCHOOLS_WP_EDITORIAL/02_Plans,MOVE,READY,PROMPTS_schoolsWP -> IA-et-Prompts,application/vnd.google-apps.folder,
12jNz9u12vQr_Emx2PbkBUkFxscIIMDiR,01_Briefs,PROMPTS_schoolsWP/06_SCHOOLS_WP_EDITORIAL/01_Briefs,01_Projets/schoolsWP/08_IA-et-Prompts/06_SCHOOLS_WP_EDITORIAL/01_Briefs,MOVE,READY,PROMPTS_schoolsWP -> IA-et-Prompts,application/vnd.google-apps.folder,
1dJ22mcevn7PYke8N97rAfJupNgAboYNP,04_Sequences_Email,PROMPTS_schoolsWP/05_MONETISATION/04_Sequences_Email,01_Projets/schoolsWP/08_IA-et-Prompts/05_MONETISATION/04_Sequences_Email,MOVE,READY,PROMPTS_schoolsWP -> IA-et-Prompts,application/vnd.google-apps.folder,
1olLMExU-QFgz4UQ3VlXf0F509XDkzpC6,03_Dashboards-Reporting,PROMPTS_schoolsWP/05_MONETISATION/03_Dashboards-Reporting,01_Projets/schoolsWP/08_IA-et-Prompts/05_MONETISATION/03_Dashboards-Reporting,MOVE,READY,PROMPTS_schoolsWP -> IA-et-Prompts,application/vnd.google-apps.folder,
1TXXJuH9TEKFUUo7sLHa_ghW1eFBZco8G,02_Partenariats,PROMPTS_schoolsWP/05_MONETISATION/02_Partenariats,01_Projets/schoolsWP/08_IA-et-Prompts/05_MONETISATION/02_Partenariats,MOVE,READY,PROMPTS_schoolsWP -> IA-et-Prompts,application/vnd.google-apps.folder,
1jfswSgwMlHzIRVaWx0WOPtZrZnSAqzKu,01_Affiliation,PROMPTS_schoolsWP/05_MONETISATION/01_Affiliation,01_Projets/schoolsWP/08_IA-et-Prompts/05_MONETISATION/01_Affiliation,MOVE,READY,PROMPTS_schoolsWP -> IA-et-Prompts,application/vnd.google-apps.folder,
1kFLluRjsQnPFRSk2p8kqK2iui9XBfe0U,04_Illustrations,PROMPTS_schoolsWP/04_ASSETS/04_Illustrations,01_Projets/schoolsWP/08_IA-et-Prompts/04_ASSETS/04_Illustrations,MOVE,READY,PROMPTS_schoolsWP -> IA-et-Prompts,application/vnd.google-apps.folder,
1XUOP11H9ZpxRKFVX-gV8BCcZi0-uEdKx,03_Banners,PROMPTS_schoolsWP/04_ASSETS/03_Banners,01_Projets/schoolsWP/08_IA-et-Prompts/04_ASSETS/03_Banners,MOVE,READY,PROMPTS_schoolsWP -> IA-et-Prompts,application/vnd.google-apps.folder,
1nG4-FUGjJnN-yizPwcgkO0Wf0077Cqr3,02_Thumbnails,PROMPTS_schoolsWP/04_ASSETS/02_Thumbnails,01_Projets/schoolsWP/08_IA-et-Prompts/04_ASSETS/02_Thumbnails,MOVE,READY,PROMPTS_schoolsWP -> IA-et-Prompts,application/vnd.google-apps.folder,
1smMxRbrVPA4bSGdplBvpniFJepGgjLTp,01_Logos-Brand,PROMPTS_schoolsWP/04_ASSETS/01_Logos-Brand,01_Projets/schoolsWP/08_IA-et-Prompts/04_ASSETS/01_Logos-Brand,MOVE,READY,PROMPTS_schoolsWP -> IA-et-Prompts,application/vnd.google-apps.folder,
1KLnM1X4w2Ii5COumI3KWVeGn5Na_7Z77,06_Automation,PROMPTS_schoolsWP/03_PROMPTS/06_Automation,01_Projets/schoolsWP/08_IA-et-Prompts/03_PROMPTS/06_Automation,MOVE,READY,PROMPTS_schoolsWP -> IA-et-Prompts,application/vnd.google-apps.folder,
185VoGR4-7GNlm8GUyZycy5o2eCUstd4v,05_Assets,PROMPTS_schoolsWP/03_PROMPTS/05_Assets,01_Projets/schoolsWP/08_IA-et-Prompts/03_PROMPTS/05_Assets,MOVE,READY,PROMPTS_schoolsWP -> IA-et-Prompts,application/vnd.google-apps.folder,
1R_55pBRiq3pQez0pgTWklda8ABg8IqL4,04_Affiliation,PROMPTS_schoolsWP/03_PROMPTS/04_Affiliation,01_Projets/schoolsWP/08_IA-et-Prompts/03_PROMPTS/04_Affiliation,MOVE,READY,PROMPTS_schoolsWP -> IA-et-Prompts,application/vnd.google-apps.folder,
1yGycfGkvVOElB__v385Osq8L42lW3ZBS,03_Conversion,PROMPTS_schoolsWP/03_PROMPTS/03_Conversion,01_Projets/schoolsWP/08_IA-et-Prompts/03_PROMPTS/03_Conversion,MOVE,READY,PROMPTS_schoolsWP -> IA-et-Prompts,application/vnd.google-apps.folder,
1r760eRT6tYiOU_CTqKcBF7LiC_rLlYwx,02_Email_CRM,PROMPTS_schoolsWP/03_PROMPTS/02_Email_CRM,01_Projets/schoolsWP/08_IA-et-Prompts/03_PROMPTS/02_Email_CRM,MOVE,READY,PROMPTS_schoolsWP -> IA-et-Prompts,application/vnd.google-apps.folder,
1Vu7h7jp5cvTF6S98vmUb8gs96Xpolz2J,01_Editorial_SEO,PROMPTS_schoolsWP/03_PROMPTS/01_Editorial_SEO,01_Projets/schoolsWP/08_IA-et-Prompts/03_PROMPTS/01_Editorial_SEO,MOVE,READY,PROMPTS_schoolsWP -> IA-et-Prompts,application/vnd.google-apps.folder,
115Q9Imb9AH1sGYc499W_0HG-NNVqG89z,06_Automation_SOP,PROMPTS_schoolsWP/02_TEMPLATES/06_Automation_SOP,01_Projets/schoolsWP/08_IA-et-Prompts/02_TEMPLATES/06_Automation_SOP,MOVE,READY,PROMPTS_schoolsWP -> IA-et-Prompts,application/vnd.google-apps.folder,
17jsqBJZwcU0Ssy0eoRbsUmAkziYDOpbD,05_Affiliation_Monetisation,PROMPTS_schoolsWP/02_TEMPLATES/05_Affiliation_Monetisation,01_Projets/schoolsWP/08_IA-et-Prompts/02_TEMPLATES/05_Affiliation_Monetisation,MOVE,READY,PROMPTS_schoolsWP -> IA-et-Prompts,application/vnd.google-apps.folder,
1naJ3yq3vFdoHO3963krqcCo0AAZ6VN3n,04_YouTube_Social,PROMPTS_schoolsWP/02_TEMPLATES/04_YouTube_Social,01_Projets/schoolsWP/08_IA-et-Prompts/02_TEMPLATES/04_YouTube_Social,MOVE,READY,PROMPTS_schoolsWP -> IA-et-Prompts,application/vnd.google-apps.folder,
1W8MI-L5uv6-YZWdapDtqvMBsFU5UlaN3,03_Conversion_Landing,PROMPTS_schoolsWP/02_TEMPLATES/03_Conversion_Landing,01_Projets/schoolsWP/08_IA-et-Prompts/02_TEMPLATES/03_Conversion_Landing,MOVE,READY,PROMPTS_schoolsWP -> IA-et-Prompts,application/vnd.google-apps.folder,
1QiROnACYxbb1MWNdxP--KFdIgkvX2HsY,02_Email_CRM_FluentCRM,PROMPTS_schoolsWP/02_TEMPLATES/02_Email_CRM_FluentCRM,01_Projets/schoolsWP/08_IA-et-Prompts/02_TEMPLATES/02_Email_CRM_FluentCRM,MOVE,READY,PROMPTS_schoolsWP -> IA-et-Prompts,application/vnd.google-apps.folder,
1P-qOFuTSVjX_e4p2L8JRo94LyLg1z4p5,01_Editorial_SEO,PROMPTS_schoolsWP/02_TEMPLATES/01_Editorial_SEO,01_Projets/schoolsWP/08_IA-et-Prompts/02_TEMPLATES/01_Editorial_SEO,MOVE,READY,PROMPTS_schoolsWP -> IA-et-Prompts,application/vnd.google-apps.folder,
1UzBOgqVsBwEbzg63R7ADbP4TPJyTUr40,02_Checklists-Qualite,PROMPTS_schoolsWP/01_ADMIN/02_Checklists-Qualite,01_Projets/schoolsWP/08_IA-et-Prompts/01_ADMIN/02_Checklists-Qualite,MOVE,READY,PROMPTS_schoolsWP -> IA-et-Prompts,application/vnd.google-apps.folder,
1PY792WS23SPfC0dRa0fmoe4sJz9v7Jc7,01_Regles-et-Index,PROMPTS_schoolsWP/01_ADMIN/01_Regles-et-Index,01_Projets/schoolsWP/08_IA-et-Prompts/01_ADMIN/01_Regles-et-Index,MOVE,READY,PROMPTS_schoolsWP -> IA-et-Prompts,application/vnd.google-apps.folder,
1TkeXmLhcPz8h4eQzTmQBE6dwKcS8CHcd,Noël 2025,07_personnel/Photos/Noël 2025,04_Personnel/Photos/Noël 2025,MOVE,READY,07_personnel -> 04_Personnel,application/vnd.google-apps.folder,
1IptyKEePEt0anQUnVv99KiSMFUa0cfM7,KATOEN NATIE,07_personnel/Photos/KATOEN NATIE,04_Personnel/Photos/KATOEN NATIE,MOVE,READY,07_personnel -> 04_Personnel,application/vnd.google-apps.folder,
1EHhTFZEfZ-xlwjQI_mVH4pblHDcp-WEE,Anniversaire Vanessa 2025,07_personnel/Photos/Anniversaire Vanessa 2025,04_Personnel/Photos/Anniversaire Vanessa 2025,MOVE,READY,07_personnel -> 04_Personnel,application/vnd.google-apps.folder,
1v2KDdawvHecQSNQlKI5qvNwkUmcIrIbO,Messenger_creation_0FFB2038-FA78-46B9-B4FF-91080D4C003C.jpeg,07_personnel/Photos/Messenger_creation_0FFB2038-FA78-46B9-B4FF-91080D4C003C.jpeg,04_Personnel/Photos/Messenger_creation_0FFB2038-FA78-46B9-B4FF-91080D4C003C.jpeg,MOVE,READY,07_personnel -> 04_Personnel,image/jpeg,278013
1ON3pQ1pAFvuZ5gnQO6pAZ4Pdqo71mxFf,Messenger_creation_4BE32F6D-86F0-434B-B5BD-73CBAFA0578C.jpeg,07_personnel/Photos/Messenger_creation_4BE32F6D-86F0-434B-B5BD-73CBAFA0578C.jpeg,04_Personnel/Photos/Messenger_creation_4BE32F6D-86F0-434B-B5BD-73CBAFA0578C.jpeg,MOVE,READY,07_personnel -> 04_Personnel,image/jpeg,283047
1U4jNI01NehUkiIMvIUrvlmdAU6WMvQpF,Messenger_creation_4DBC9A2B-39BC-43AD-A5D7-39A4A010630D.jpeg,07_personnel/Photos/Messenger_creation_4DBC9A2B-39BC-43AD-A5D7-39A4A010630D.jpeg,04_Personnel/Photos/Messenger_creation_4DBC9A2B-39BC-43AD-A5D7-39A4A010630D.jpeg,MOVE,READY,07_personnel -> 04_Personnel,image/jpeg,164058
1hq0g4-NhH5h3GqaVZqFFOXiYveV0uMWW,Messenger_creation_4EE812E8-E81D-4827-B50E-E9FBAACB77C6.jpeg,07_personnel/Photos/Messenger_creation_4EE812E8-E81D-4827-B50E-E9FBAACB77C6.jpeg,04_Personnel/Photos/Messenger_creation_4EE812E8-E81D-4827-B50E-E9FBAACB77C6.jpeg,MOVE,READY,07_personnel -> 04_Personnel,image/jpeg,177351
10fMkF7OH2_0DG0C6kfbxYcw3zAa3KOXz,Messenger_creation_0BDA2169-FB9A-4492-9E56-30BF825F083B.jpeg,07_personnel/Photos/Messenger_creation_0BDA2169-FB9A-4492-9E56-30BF825F083B.jpeg,04_Personnel/Photos/Messenger_creation_0BDA2169-FB9A-4492-9E56-30BF825F083B.jpeg,MOVE,READY,07_personnel -> 04_Personnel,image/jpeg,154615
1USro_Qlmaae-cqWuU7RxNaJ9X5WllId2,Messenger_creation_2B2C1D3E-4F3D-4333-86D7-F20C441A6BE7.jpeg,07_personnel/Photos/Messenger_creation_2B2C1D3E-4F3D-4333-86D7-F20C441A6BE7.jpeg,04_Personnel/Photos/Messenger_creation_2B2C1D3E-4F3D-4333-86D7-F20C441A6BE7.jpeg,MOVE,READY,07_personnel -> 04_Personnel,image/jpeg,168527
1x-_18ikBOtcWsFaIyBfrgZr58t57ScZ-,Messenger_creation_1F5962E7-47D0-4E7D-8BBA-EA88EE155E8B.jpeg,07_personnel/Photos/Messenger_creation_1F5962E7-47D0-4E7D-8BBA-EA88EE155E8B.jpeg,04_Personnel/Photos/Messenger_creation_1F5962E7-47D0-4E7D-8BBA-EA88EE155E8B.jpeg,MOVE,READY,07_personnel -> 04_Personnel,image/jpeg,91380
1TEHr1RX02AJl48WW4Ta7GS21mQZyIs0n,Messenger_creation_1C6A2BDD-E724-4CFF-90C6-9816FAA35062.jpeg,07_personnel/Photos/Messenger_creation_1C6A2BDD-E724-4CFF-90C6-9816FAA35062.jpeg,04_Personnel/Photos/Messenger_creation_1C6A2BDD-E724-4CFF-90C6-9816FAA35062.jpeg,MOVE,READY,07_personnel -> 04_Personnel,image/jpeg,124904
1EjoYa2Rvy-5gRS9IaAq-Xvq2xU_HRin5,Messenger_creation_1DCC7340-1D76-4B36-93B7-A34B37F65FFB.jpeg,07_personnel/Photos/Messenger_creation_1DCC7340-1D76-4B36-93B7-A34B37F65FFB.jpeg,04_Personnel/Photos/Messenger_creation_1DCC7340-1D76-4B36-93B7-A34B37F65FFB.jpeg,MOVE,READY,07_personnel -> 04_Personnel,image/jpeg,125632
1LOWGFtXz0yqb_laMFllvQGuvLzZhTbzB,Messenger_creation_4D929E6A-FF52-4342-980D-6AE77E884D4C.jpeg,07_personnel/Photos/Messenger_creation_4D929E6A-FF52-4342-980D-6AE77E884D4C.jpeg,04_Personnel/Photos/Messenger_creation_4D929E6A-FF52-4342-980D-6AE77E884D4C.jpeg,MOVE,READY,07_personnel -> 04_Personnel,image/jpeg,170814
1XYKerbRvaj4npkajN_EBlB51gp5sGoJZ,Messenger_creation_02B493F3-0997-40BD-87ED-0E7837ED4E77.png,07_personnel/Photos/Messenger_creation_02B493F3-0997-40BD-87ED-0E7837ED4E77.png,04_Personnel/Photos/Messenger_creation_02B493F3-0997-40BD-87ED-0E7837ED4E77.png,MOVE,READY,07_personnel -> 04_Personnel,image/jpeg,157490
1QX2RJYZxIIq3Q_Kd3Vtzdu0t28d2HouG,Messenger_creation_0BB89154-A547-4FA1-AD65-D0B95D47F621.jpeg,07_personnel/Photos/Messenger_creation_0BB89154-A547-4FA1-AD65-D0B95D47F621.jpeg,04_Personnel/Photos/Messenger_creation_0BB89154-A547-4FA1-AD65-D0B95D47F621.jpeg,MOVE,READY,07_personnel -> 04_Personnel,image/jpeg,247184
1HZG5lor8JdRKVRJv0fkOCEPur-OsM2v1,Messenger_creation_4B0774CE-95FD-43AE-9A91-E13C411292B0.jpeg,07_personnel/Photos/Messenger_creation_4B0774CE-95FD-43AE-9A91-E13C411292B0.jpeg,04_Personnel/Photos/Messenger_creation_4B0774CE-95FD-43AE-9A91-E13C411292B0.jpeg,MOVE,READY,07_personnel -> 04_Personnel,image/jpeg,143688
1-pV-PTYRvI8VFNBEos_-F0vPQAjiicp2,Messenger_creation_1E50EC3B-563D-42C1-B651-569A127C4C0E.jpeg,07_personnel/Photos/Messenger_creation_1E50EC3B-563D-42C1-B651-569A127C4C0E.jpeg,04_Personnel/Photos/Messenger_creation_1E50EC3B-563D-42C1-B651-569A127C4C0E.jpeg,MOVE,READY,07_personnel -> 04_Personnel,image/jpeg,111008
1XtBqV1DQ82Zb2lQxvz5b-VofH2Qk_Qj9,Messenger_creation_3BD69093-2A48-426B-B3BC-82DF5B8F4EA8.jpeg,07_personnel/Photos/Messenger_creation_3BD69093-2A48-426B-B3BC-82DF5B8F4EA8.jpeg,04_Personnel/Photos/Messenger_creation_3BD69093-2A48-426B-B3BC-82DF5B8F4EA8.jpeg,MOVE,READY,07_personnel -> 04_Personnel,image/jpeg,171500
1bA2YEdYbITrF-_wVSysZs5ZEokVJzK2W,Messenger_creation_3A76AFC0-1904-427C-9C28-09F403EBF3C1.jpeg,07_personnel/Photos/Messenger_creation_3A76AFC0-1904-427C-9C28-09F403EBF3C1.jpeg,04_Personnel/Photos/Messenger_creation_3A76AFC0-1904-427C-9C28-09F403EBF3C1.jpeg,MOVE,READY,07_personnel -> 04_Personnel,image/jpeg,166929
1ZpXuRm_NimlZlBrtG8RG6VXb_k8UXzh0,Messenger_creation_00E7D1E3-1DF4-4D21-BE3B-378330A33B62.jpeg,07_personnel/Photos/Messenger_creation_00E7D1E3-1DF4-4D21-BE3B-378330A33B62.jpeg,04_Personnel/Photos/Messenger_creation_00E7D1E3-1DF4-4D21-BE3B-378330A33B62.jpeg,MOVE,READY,07_personnel -> 04_Personnel,image/jpeg,200767
1vZKCRM5EmKex64wQaxrixR6ZSGDd9S-o,FB_IMG_1756630212773.jpg,07_personnel/Photos/FB_IMG_1756630212773.jpg,04_Personnel/Photos/FB_IMG_1756630212773.jpg,MOVE,READY,07_personnel -> 04_Personnel,image/jpeg,360494
131DYfgOvC_RCLRflEES0TDQ1a31KWDRY,FB_IMG_1756630226172.jpg,07_personnel/Photos/FB_IMG_1756630226172.jpg,04_Personnel/Photos/FB_IMG_1756630226172.jpg,MOVE,READY,07_personnel -> 04_Personnel,image/jpeg,356849
1QAfS06g4Y0M9QKCQiufcAqvai895a7Bf,FB_IMG_1756630248296.jpg,07_personnel/Photos/FB_IMG_1756630248296.jpg,04_Personnel/Photos/FB_IMG_1756630248296.jpg,MOVE,READY,07_personnel -> 04_Personnel,image/jpeg,331949
1YfPgZLdA71NVM-gWDPmB3ilT_TvD-Hli,20250908_161636.jpg,07_personnel/Photos/20250908_161636.jpg,04_Personnel/Photos/20250908_161636.jpg,MOVE,READY,07_personnel -> 04_Personnel,image/jpeg,1967648
15B3Fg3F0grJp8Qmsv8LxnrctHcGUb2Re,20250914_134442.jpg,07_personnel/Photos/20250914_134442.jpg,04_Personnel/Photos/20250914_134442.jpg,MOVE,READY,07_personnel -> 04_Personnel,image/jpeg,2422476
1GOMcqVtY8huJyy7b-vhRiwBruebdpklX,17574254359021.jpg,07_personnel/Photos/17574254359021.jpg,04_Personnel/Photos/17574254359021.jpg,MOVE,READY,07_personnel -> 04_Personnel,image/jpeg,597475
137X7RGTh4PyC-2r7-tcaEwlo1UNq_3eI,20250927_114209.jpg,07_personnel/Photos/20250927_114209.jpg,04_Personnel/Photos/20250927_114209.jpg,MOVE,READY,07_personnel -> 04_Personnel,image/jpeg,1551728
1PhOk0-23diztqPO4eqdWL8obnZAHTNp9,20250923_075253.jpg,07_personnel/Photos/20250923_075253.jpg,04_Personnel/Photos/20250923_075253.jpg,MOVE,READY,07_personnel -> 04_Personnel,image/jpeg,3729580
1ho-GwwxeZs9at7-u3NlNaLwnM_e9a6il,FB_IMG_1759066886024.jpg,07_personnel/Photos/FB_IMG_1759066886024.jpg,04_Personnel/Photos/FB_IMG_1759066886024.jpg,MOVE,READY,07_personnel -> 04_Personnel,image/jpeg,362998
1i1FU-24OYsGgDsS9lwp5WKSMcDPI-9NW,20251001_124134.jpg,07_personnel/Photos/20251001_124134.jpg,04_Personnel/Photos/20251001_124134.jpg,MOVE,READY,07_personnel -> 04_Personnel,image/jpeg,1823397
1D2yCOnh6Z9x53CST-XLEbnmNAVEVyu-g,20251015_102058.jpg,07_personnel/Photos/20251015_102058.jpg,04_Personnel/Photos/20251015_102058.jpg,MOVE,READY,07_personnel -> 04_Personnel,image/jpeg,2048605
1F98-G7e0Z8sLifJLh6J6H58_JluRf7JW,Screenshot_20251011_191359_Snapchat1.jpg,07_personnel/Photos/Screenshot_20251011_191359_Snapchat1.jpg,04_Personnel/Photos/Screenshot_20251011_191359_Snapchat1.jpg,MOVE,READY,07_personnel -> 04_Personnel,image/jpeg,503805
1nUoE0VK_h8EGzXF8w7cXolX_cl7ZPq-h,20251017_120910.jpg,07_personnel/Photos/20251017_120910.jpg,04_Personnel/Photos/20251017_120910.jpg,MOVE,READY,07_personnel -> 04_Personnel,image/jpeg,3804027
1JDwKvLP0R7T66_QxoQ98lzUfEwBLFs3q,20251017_120903.jpg,07_personnel/Photos/20251017_120903.jpg,04_Personnel/Photos/20251017_120903.jpg,MOVE,READY,07_personnel -> 04_Personnel,image/jpeg,3766692
1V2-s_05calOqXghnyiR949KPyWk6_212,20251015_101520.jpg,07_personnel/Photos/20251015_101520.jpg,04_Personnel/Photos/20251015_101520.jpg,MOVE,READY,07_personnel -> 04_Personnel,image/jpeg,1934507
1KlaQXT9tAoyGFcG4UJMUWCsiZjCrJ7M6,20251018_183237.jpg,07_personnel/Photos/20251018_183237.jpg,04_Personnel/Photos/20251018_183237.jpg,MOVE,READY,07_personnel -> 04_Personnel,image/jpeg,2180777
1GtspZTs1HkIJxG-d6ZCB6cywH2IhBaiR,20251017_163354.jpg,07_personnel/Photos/20251017_163354.jpg,04_Personnel/Photos/20251017_163354.jpg,MOVE,READY,07_personnel -> 04_Personnel,image/jpeg,3081783
13lkihRknN6x9tPlOPZDd0xaICzOqmB23,20251019_093401.jpg,07_personnel/Photos/20251019_093401.jpg,04_Personnel/Photos/20251019_093401.jpg,MOVE,READY,07_personnel -> 04_Personnel,image/jpeg,3529002
1aNs_bxWSVdv_DK9_KcnX9Dq5QFOdC53m,20251018_185144.jpg,07_personnel/Photos/20251018_185144.jpg,04_Personnel/Photos/20251018_185144.jpg,MOVE,READY,07_personnel -> 04_Personnel,image/jpeg,5082390
1qX2wn2OqcOFBvxgfUeNeNrQ70JkUuYDY,20251018_184646.jpg,07_personnel/Photos/20251018_184646.jpg,04_Personnel/Photos/20251018_184646.jpg,MOVE,READY,07_personnel -> 04_Personnel,image/jpeg,2683066
1ydWDWvpNC4xE2XPgQER3wQp-kBjQxtg7,20251017_131329.jpg,07_personnel/Photos/20251017_131329.jpg,04_Personnel/Photos/20251017_131329.jpg,MOVE,READY,07_personnel -> 04_Personnel,image/jpeg,1789886
1UKr5uisTkA-FWZA-5lt26OKbDpVhid1L,20251019_093503.jpg,07_personnel/Photos/20251019_093503.jpg,04_Personnel/Photos/20251019_093503.jpg,MOVE,READY,07_personnel -> 04_Personnel,image/jpeg,3061951
1TI9J53fgJlkeAHtz9XQmyGwDEvYO3zEp,20251028_094040.jpg,07_personnel/Photos/20251028_094040.jpg,04_Personnel/Photos/20251028_094040.jpg,MOVE,READY,07_personnel -> 04_Personnel,image/jpeg,4023850
1NIkOERdGGFQV1ElCBhgQyBukWG4D_o8v,20251031_202437.jpg,07_personnel/Photos/20251031_202437.jpg,04_Personnel/Photos/20251031_202437.jpg,MOVE,READY,07_personnel -> 04_Personnel,image/jpeg,2549959
12jLzOGWUh5WxEhIPLlyBTSJA9Ag6Cx83,20251031_203128.jpg,07_personnel/Photos/20251031_203128.jpg,04_Personnel/Photos/20251031_203128.jpg,MOVE,READY,07_personnel -> 04_Personnel,image/jpeg,2610365
1q7X4UR12BFkEhNZgUFJfC6AQMk4mE2AO,20251025_204737.jpg,07_personnel/Photos/20251025_204737.jpg,04_Personnel/Photos/20251025_204737.jpg,MOVE,READY,07_personnel -> 04_Personnel,image/jpeg,1637189
1uGMrAvcK0QaOGT4zqPF5JrmHJY8nToTy,IMG-20251108-WA0002.jpg,07_personnel/Photos/IMG-20251108-WA0002.jpg,04_Personnel/Photos/IMG-20251108-WA0002.jpg,MOVE,READY,07_personnel -> 04_Personnel,image/jpeg,361413
1AjEr2y79_WwCcWCROGioIzW7VjkVnnWX,IMG-20251108-WA0005.jpg,07_personnel/Photos/IMG-20251108-WA0005.jpg,04_Personnel/Photos/IMG-20251108-WA0005.jpg,MOVE,READY,07_personnel -> 04_Personnel,image/jpeg,291241
11ygZq27Nt-IB8hNHf489DLCF5WF9houB,20251114_153803.jpg,07_personnel/Photos/20251114_153803.jpg,04_Personnel/Photos/20251114_153803.jpg,MOVE,READY,07_personnel -> 04_Personnel,image/jpeg,3639210
1fyxeXH_dPKxN_ht1yUvVG7WZVJUbJom3,FB_IMG_1762714702010.jpg,07_personnel/Photos/FB_IMG_1762714702010.jpg,04_Personnel/Photos/FB_IMG_1762714702010.jpg,MOVE,READY,07_personnel -> 04_Personnel,image/jpeg,373586
1xBJ-shOCGMLJbFTESwMbctO4yJnIp_0b,FB_IMG_1763320146784.jpg,07_personnel/Photos/FB_IMG_1763320146784.jpg,04_Personnel/Photos/FB_IMG_1763320146784.jpg,MOVE,READY,07_personnel -> 04_Personnel,image/jpeg,157272
1M7ofHCUyg-y1bDc0McL4ftX1ivHMpBSW,20251127_120632.jpg,07_personnel/Photos/20251127_120632.jpg,04_Personnel/Photos/20251127_120632.jpg,MOVE,READY,07_personnel -> 04_Personnel,image/jpeg,3109503
1xSFIBkokj6VaOl4jBhelLQjRBOKR1SkP,20251128_194433.jpg,07_personnel/Photos/20251128_194433.jpg,04_Personnel/Photos/20251128_194433.jpg,MOVE,READY,07_personnel -> 04_Personnel,image/jpeg,3347500
1bh11QZld27j5_YEHvIkPGwqJrqEA6jNs,20251203_075127.jpg,07_personnel/Photos/20251203_075127.jpg,04_Personnel/Photos/20251203_075127.jpg,MOVE,READY,07_personnel -> 04_Personnel,image/jpeg,3137509
1xgum20w_TvZRRCpe6Om8qWmzGBhHWg-a,20251204_170415.jpg,07_personnel/Photos/20251204_170415.jpg,04_Personnel/Photos/20251204_170415.jpg,MOVE,READY,07_personnel -> 04_Personnel,image/jpeg,3083253
1zRZvykGMQgUoPO5tqsM7RqcxYdnpaJzh,IMG_20251208_125227_164.jpg,07_personnel/Photos/IMG_20251208_125227_164.jpg,04_Personnel/Photos/IMG_20251208_125227_164.jpg,MOVE,READY,07_personnel -> 04_Personnel,image/jpeg,224789
1U1tvcVMc7Wuit52UpLUlINkbDGNJzzsE,20251208_210219.jpg,07_personnel/Photos/20251208_210219.jpg,04_Personnel/Photos/20251208_210219.jpg,MOVE,READY,07_personnel -> 04_Personnel,image/jpeg,2439647
1Dwy8IfH6Av_8p6xJ96sDqJEvFBO-IuaE,20251209_195214.jpg,07_personnel/Photos/20251209_195214.jpg,04_Personnel/Photos/20251209_195214.jpg,MOVE,READY,07_personnel -> 04_Personnel,image/jpeg,2582990
1JcCaOzfw4DnhrXXqnBd03UP10ipixWl2,20251211_163729.jpg,07_personnel/Photos/20251211_163729.jpg,04_Personnel/Photos/20251211_163729.jpg,MOVE,READY,07_personnel -> 04_Personnel,image/jpeg,2508147
1HUwH27q9XEDEButKG807MP4qJY2LJJ4l,20251211_171844.jpg,07_personnel/Photos/20251211_171844.jpg,04_Personnel/Photos/20251211_171844.jpg,MOVE,READY,07_personnel -> 04_Personnel,image/jpeg,2041420
1yCqr2qC2aX7kzZ3e7ZtalAN2K8ooFq9I,20251216_190238.jpg,07_personnel/Photos/20251216_190238.jpg,04_Personnel/Photos/20251216_190238.jpg,MOVE,READY,07_personnel -> 04_Personnel,image/jpeg,3757768
1Vp8tZp7192-k6Emn_B3i7k5NZb7CTg_l,20251213_221006.jpg,07_personnel/Photos/20251213_221006.jpg,04_Personnel/Photos/20251213_221006.jpg,MOVE,READY,07_personnel -> 04_Personnel,image/jpeg,1584860
1QL2ZEx4XA3aCDnKmLgXTfITcTsV6LAC9,20251216_190237.jpg,07_personnel/Photos/20251216_190237.jpg,04_Personnel/Photos/20251216_190237.jpg,MOVE,READY,07_personnel -> 04_Personnel,image/jpeg,3354820
1MJaZvyfaImqx7ongL0UM67yjT7gmbwKA,20251216_190239.jpg,07_personnel/Photos/20251216_190239.jpg,04_Personnel/Photos/20251216_190239.jpg,MOVE,READY,07_personnel -> 04_Personnel,image/jpeg,3168556
181y-MTZb_x9oRVp-TzPR2iwzmMgI37yW,20251220_121404.jpg,07_personnel/Photos/20251220_121404.jpg,04_Personnel/Photos/20251220_121404.jpg,MOVE,READY,07_personnel -> 04_Personnel,image/jpeg,2264213
1JgKUEfAwjtukn9q2-rlpsS_aMLaEzJcf,20251220_121432.jpg,07_personnel/Photos/20251220_121432.jpg,04_Personnel/Photos/20251220_121432.jpg,MOVE,READY,07_personnel -> 04_Personnel,image/jpeg,2313359
13JX62ilnMWOc-SMopbkCouEGFFIyQ0Ar,20251220_121440.jpg,07_personnel/Photos/20251220_121440.jpg,04_Personnel/Photos/20251220_121440.jpg,MOVE,READY,07_personnel -> 04_Personnel,image/jpeg,2459302
1RAsWU3z3-n26vV_H5RgM9FqkPiFK4Z06,20251220_152924.jpg,07_personnel/Photos/20251220_152924.jpg,04_Personnel/Photos/20251220_152924.jpg,MOVE,READY,07_personnel -> 04_Personnel,image/jpeg,3171218
12aC5v2amD0QIY2CahhxfE1nqv9-w7bEH,20251220_121434.jpg,07_personnel/Photos/20251220_121434.jpg,04_Personnel/Photos/20251220_121434.jpg,MOVE,READY,07_personnel -> 04_Personnel,image/jpeg,2460403
1oXSkeD76AIB7tnoNGcVV7OBy4dMFYWuq,20251220_181956.jpg,07_personnel/Photos/20251220_181956.jpg,04_Personnel/Photos/20251220_181956.jpg,MOVE,READY,07_personnel -> 04_Personnel,image/jpeg,3441580
17zAd6dX0sSJaHCypNaZack4P8L0Z8WZg,20251220_183241.jpg,07_personnel/Photos/20251220_183241.jpg,04_Personnel/Photos/20251220_183241.jpg,MOVE,READY,07_personnel -> 04_Personnel,image/jpeg,5851743
1iuZ8ibYd3Z-0Dz5hnywoxV8IlvphTfvh,20251220_182002.jpg,07_personnel/Photos/20251220_182002.jpg,04_Personnel/Photos/20251220_182002.jpg,MOVE,READY,07_personnel -> 04_Personnel,image/jpeg,3470512
1HtbomaASS2d1QR79-N4iFFJz8F5M-Kew,20251220_182022.jpg,07_personnel/Photos/20251220_182022.jpg,04_Personnel/Photos/20251220_182022.jpg,MOVE,READY,07_personnel -> 04_Personnel,image/jpeg,3170658
1_SuokHwoN6LYY4mWSsmFrkHJXADlNWWf,20251222_122245.jpg,07_personnel/Photos/20251222_122245.jpg,04_Personnel/Photos/20251222_122245.jpg,MOVE,READY,07_personnel -> 04_Personnel,image/jpeg,1934317
14HDre3bHpS_SEfYqZnqA7qaEyJOrjcAQ,FB_IMG_1766481951561.jpg,07_personnel/Photos/FB_IMG_1766481951561.jpg,04_Personnel/Photos/FB_IMG_1766481951561.jpg,MOVE,READY,07_personnel -> 04_Personnel,image/jpeg,305594
1GsnPnf2tDPEl58tqhpsaLOlv8eRXxo1O,IMG-20251224-WA0001.jpeg,07_personnel/Photos/IMG-20251224-WA0001.jpeg,04_Personnel/Photos/IMG-20251224-WA0001.jpeg,MOVE,READY,07_personnel -> 04_Personnel,image/jpeg,1375133
1vp8kRF7P1RH8KGlD8kFu8FGANhhAaS8_,IMG-20251225-WA0000.jpeg,07_personnel/Photos/IMG-20251225-WA0000.jpeg,04_Personnel/Photos/IMG-20251225-WA0000.jpeg,MOVE,READY,07_personnel -> 04_Personnel,image/jpeg,643870
12YGZu8QSNwSQoYdrP1_kxRYyUp0Uspqx,597843838_1406206477964521_245362417513554571_n.jpg,07_personnel/Photos/597843838_1406206477964521_245362417513554571_n.jpg,04_Personnel/Photos/597843838_1406206477964521_245362417513554571_n.jpg,MOVE,READY,07_personnel -> 04_Personnel,image/jpeg,655762
1apcuGOJ_L2nISV1z9UYqwuNaqiJZoqLT,Scolaire-Seingbouse-2025-58.jpg,07_personnel/Photos/Scolaire-Seingbouse-2025-58.jpg,04_Personnel/Photos/Scolaire-Seingbouse-2025-58.jpg,MOVE,READY,07_personnel -> 04_Personnel,image/jpeg,7770567
1JuOaQjmKXIB7MY9yqzIhEgu7dHQMs352,13754fc5-2875-4322-80a7-c3cff98e1577.jfif,07_personnel/Photos/13754fc5-2875-4322-80a7-c3cff98e1577.jfif,04_Personnel/Photos/13754fc5-2875-4322-80a7-c3cff98e1577.jfif,MOVE,READY,07_personnel -> 04_Personnel,image/jpeg,171656
13uHLitsKoQbwIKALsgy6sbFqfxfUPq5D,99_ARCHIVES,06_archive/2025/99_ARCHIVES,99_Archives/2025/99_ARCHIVES,MOVE,READY,Systeme B 06_archive -> 99_Archives,application/vnd.google-apps.folder,
1qGLVfBadlhL4kuQWzLOnEZ7SgoGl_6uY,06_Impots,04_admin_legal/01_ADMIN/06_Impots,03_Admin/01_ADMIN/06_Impots,MOVE,READY,Systeme B 04_admin_legal -> 03_Admin,application/vnd.google-apps.folder,
17b4BW1X6s0J2tIjPzMi-U1mDSQT2xcTD,05_Contrats,04_admin_legal/01_ADMIN/05_Contrats,03_Admin/01_ADMIN/05_Contrats,MOVE,READY,Systeme B 04_admin_legal -> 03_Admin,application/vnd.google-apps.folder,
1dPRIQcIg9ct7yhyJ4RKIuKE5FFfoEdso,04_Factures,04_admin_legal/01_ADMIN/04_Factures,03_Admin/01_ADMIN/04_Factures,MOVE,READY,Systeme B 04_admin_legal -> 03_Admin,application/vnd.google-apps.folder,
1CsuhzZRLd6EjmeL-We8Lo-iQX1H-8ISp,03_Banque,04_admin_legal/01_ADMIN/03_Banque,03_Admin/01_ADMIN/03_Banque,MOVE,READY,Systeme B 04_admin_legal -> 03_Admin,application/vnd.google-apps.folder,
1CSBoyA7xjZq5To8NjFOpmXS_OXvr4IjF,02_Administratif,04_admin_legal/01_ADMIN/02_Administratif,03_Admin/01_ADMIN/02_Administratif,MOVE,READY,Systeme B 04_admin_legal -> 03_Admin,application/vnd.google-apps.folder,
1YMrkC5F7EglUhprzwCjZ5GIov5WuGjm1,01_Identité,04_admin_legal/01_ADMIN/01_Identité,03_Admin/01_ADMIN/01_Identité,MOVE,READY,Systeme B 04_admin_legal -> 03_Admin,application/vnd.google-apps.folder,
1ux8-I9hsRI7JePsXWtcwGkw3N8-vUybtpPoN7wf_U5Q,Plan de formation : Apprendre les bases de WordPress pour créer un site vitrine simple,03_contenus/06_CONTENUS/Plan de formation : Apprendre les bases de WordPress pour créer un site vitrine simple,01_Projets/schoolsWP/02_Contenu/06_CONTENUS/Plan de formation : Apprendre les bases de WordPress pour créer un site vitrine simple,MOVE,READY,Systeme B 03_contenus -> 01_Projets/schoolsWP/02_Contenu,application/vnd.google-apps.document,8331
15t2hCj689UfwGShl7IZ8nFVyqUhsJp19,01_Idees_ et _Backlog,03_contenus/06_CONTENUS/01_Idees_ et _Backlog,01_Projets/schoolsWP/02_Contenu/06_CONTENUS/01_Idees_ et _Backlog,MOVE,READY,Systeme B 03_contenus -> 01_Projets/schoolsWP/02_Contenu,application/vnd.google-apps.folder,
1QJiyuzP2wvcIlfYVutJDZrYumX1nngJuu20uRR7MdRs,README – Organisation des contenus (06_CONTENUS),03_contenus/06_CONTENUS/README – Organisation des contenus (06_CONTENUS),01_Projets/schoolsWP/02_Contenu/06_CONTENUS/README – Organisation des contenus (06_CONTENUS),MOVE,READY,Systeme B 03_contenus -> 01_Projets/schoolsWP/02_Contenu,application/vnd.google-apps.document,4779
1-wPKSXsR_hU6jaxHua6rG_A5eUgpl_bi,2026-01-20 – Prompts ChatSEO – Guide,03_contenus/06_CONTENUS/2026-01-20 – Prompts ChatSEO – Guide,01_Projets/schoolsWP/02_Contenu/06_CONTENUS/2026-01-20 – Prompts ChatSEO – Guide,MOVE,READY,Systeme B 03_contenus -> 01_Projets/schoolsWP/02_Contenu,application/vnd.openxmlformats-officedocument.wordprocessingml.document,67075
1YUxIf5w_EFPOf5-kRlQsJ--_fMrdAj_o,99_Archives,03_contenus/06_CONTENUS/99_Archives,01_Projets/schoolsWP/02_Contenu/06_CONTENUS/99_Archives,MOVE,READY,Systeme B 03_contenus -> 01_Projets/schoolsWP/02_Contenu,application/vnd.google-apps.folder,
1CLbJRH2-TgBejK-vaS_Wn5ObyX2ms69D,"07_Scripts (Video, Audio)","03_contenus/06_CONTENUS/07_Scripts (Video, Audio)","01_Projets/schoolsWP/02_Contenu/06_CONTENUS/07_Scripts (Video, Audio)",MOVE,READY,Systeme B 03_contenus -> 01_Projets/schoolsWP/02_Contenu,application/vnd.google-apps.folder,
1MlBNSKu7YooOiDvpCZH0dtEP_qyHfk-p,06_Newsletters,03_contenus/06_CONTENUS/06_Newsletters,01_Projets/schoolsWP/02_Contenu/06_CONTENUS/06_Newsletters,MOVE,READY,Systeme B 03_contenus -> 01_Projets/schoolsWP/02_Contenu,application/vnd.google-apps.folder,
1Vy9jTbkDemrT9kLUPWkdMTg050T983ix,05_Lead_Magnets,03_contenus/06_CONTENUS/05_Lead_Magnets,01_Projets/schoolsWP/02_Contenu/06_CONTENUS/05_Lead_Magnets,MOVE,READY,Systeme B 03_contenus -> 01_Projets/schoolsWP/02_Contenu,application/vnd.google-apps.folder,
15eI_AL5s2gZ9T3WsQQ1-P3Fa1fkH4ax-,04_Publies,03_contenus/06_CONTENUS/04_Publies,01_Projets/schoolsWP/02_Contenu/06_CONTENUS/04_Publies,MOVE,READY,Systeme B 03_contenus -> 01_Projets/schoolsWP/02_Contenu,application/vnd.google-apps.folder,
1aIGgUV0rxrnYXX2urZzqiX1XRX55ZpgO,03_A_Optimiser,03_contenus/06_CONTENUS/03_A_Optimiser,01_Projets/schoolsWP/02_Contenu/06_CONTENUS/03_A_Optimiser,MOVE,READY,Systeme B 03_contenus -> 01_Projets/schoolsWP/02_Contenu,application/vnd.google-apps.folder,
18-ExkgcjS4uTaSOEL0P94l25zoKyOdGO,02_En_Cours,03_contenus/06_CONTENUS/02_En_Cours,01_Projets/schoolsWP/02_Contenu/06_CONTENUS/02_En_Cours,MOVE,READY,Systeme B 03_contenus -> 01_Projets/schoolsWP/02_Contenu,application/vnd.google-apps.folder,
1K824UJeU3AKN1iI5TsTyEeulargKtZvj,00_START-HERE,02_ressources_transverses/templates/00_START-HERE,02_Ressources/templates/00_START-HERE,MOVE,READY,Systeme B 02_ressources_transverses -> 02_Ressources,application/vnd.google-apps.folder,
1wqu5R2fH4_Zdlp9tVVmbO0cDZmm5Ty0u,01_Logos_ et _Branding,02_ressources_transverses/04_ASSETS/01_Logos_ et _Branding,02_Ressources/04_ASSETS/01_Logos_ et _Branding,MOVE,READY,Systeme B 02_ressources_transverses -> 02_Ressources,application/vnd.google-apps.folder,
1D96C81arI8w8XPbpg1fz-DEuziZe98o9,04_PDF_ et _Documents,02_ressources_transverses/04_ASSETS/04_PDF_ et _Documents,02_Ressources/04_ASSETS/04_PDF_ et _Documents,MOVE,READY,Systeme B 02_ressources_transverses -> 02_Ressources,application/vnd.google-apps.folder,
1Yokrdp-vsYNBlYrLsmydmTNC_LsF6opj,99_Archives,02_ressources_transverses/04_ASSETS/99_Archives,02_Ressources/04_ASSETS/99_Archives,MOVE,READY,Systeme B 02_ressources_transverses -> 02_Ressources,application/vnd.google-apps.folder,
1ZRBqZCJ-E3QhHY5u4L8oVijGlaLwlF7c,"05_Fichiers_Design (Canva, PSD, Figma…)","02_ressources_transverses/04_ASSETS/05_Fichiers_Design (Canva, PSD, Figma…)","02_Ressources/04_ASSETS/05_Fichiers_Design (Canva, PSD, Figma…)",MOVE,READY,Systeme B 02_ressources_transverses -> 02_Ressources,application/vnd.google-apps.folder,
117HI_xnagDz6i7NQeuSx9B5xaMh2P02A,03_Videos,02_ressources_transverses/04_ASSETS/03_Videos,02_Ressources/04_ASSETS/03_Videos,MOVE,READY,Systeme B 02_ressources_transverses -> 02_Ressources,application/vnd.google-apps.folder,
1a4fssWD1aCQ7as8rm9bmwtwfK2V66gN4,02_Images,02_ressources_transverses/04_ASSETS/02_Images,02_Ressources/04_ASSETS/02_Images,MOVE,READY,Systeme B 02_ressources_transverses -> 02_Ressources,application/vnd.google-apps.folder,
1WFtTasoGtUZQNAamCgehum16sYl5ZpqQ,_archive,01_projets_actifs/schoolswp/_archive,01_Projets/schoolswp/_archive,MOVE,READY,Systeme B 01_projets_actifs -> 01_Projets,application/vnd.google-apps.folder,
1iwxpAT3gvD1xj6h7ZiddNgwetmT7njmS,05_admin,01_projets_actifs/schoolswp/05_admin,01_Projets/schoolswp/05_admin,MOVE,READY,Systeme B 01_projets_actifs -> 01_Projets,application/vnd.google-apps.folder,
1HqUCcdke76PhYoNJ5CeKy6X0fvzsDZbz,04_livrables,01_projets_actifs/schoolswp/04_livrables,01_Projets/schoolswp/04_livrables,MOVE,READY,Systeme B 01_projets_actifs -> 01_Projets,application/vnd.google-apps.folder,
1G3WTdWsehCtErVIyqb-8isKgb8roCO_V,03_assets,01_projets_actifs/schoolswp/03_assets,01_Projets/schoolswp/03_assets,MOVE,READY,Systeme B 01_projets_actifs -> 01_Projets,application/vnd.google-apps.folder,
10UQyDO927_uS9zOmkMzzvvikJ9AQ_nGf,02_production,01_projets_actifs/schoolswp/02_production,01_Projets/schoolswp/02_production,MOVE,READY,Systeme B 01_projets_actifs -> 01_Projets,application/vnd.google-apps.folder,
1_cYiBVcl5vtOhHziu7OYSxNyAHYTGwvz,01_strategie,01_projets_actifs/schoolswp/01_strategie,01_Projets/schoolswp/01_strategie,MOVE,READY,Systeme B 01_projets_actifs -> 01_Projets,application/vnd.google-apps.folder,
14ki4kkTVfgNXADQG_-ZRZWIppQjiuv1s,00_brief,01_projets_actifs/schoolswp/00_brief,01_Projets/schoolswp/00_brief,MOVE,READY,Systeme B 01_projets_actifs -> 01_Projets,application/vnd.google-apps.folder,
1I-upcmOi6NHX_i7pR00x1bEBNFCDycHG,99_ARCHIVES,05_CLIENTS/_Template-Client/99_ARCHIVES,99_Archives/Clients/_Template-Client/99_ARCHIVES,MOVE,READY,05_CLIENTS -> 99_Archives/Clients,application/vnd.google-apps.folder,
1ZJX7bgSzZRbUOn-CXJNvKe12Qs8RFyn1,04_Factures,05_CLIENTS/_Template-Client/04_Factures,99_Archives/Clients/_Template-Client/04_Factures,MOVE,READY,05_CLIENTS -> 99_Archives/Clients,application/vnd.google-apps.folder,
1tG36TGQ4OveZgPkiW5uHkEIDPDCgZzip,03_Communication,05_CLIENTS/_Template-Client/03_Communication,99_Archives/Clients/_Template-Client/03_Communication,MOVE,READY,05_CLIENTS -> 99_Archives/Clients,application/vnd.google-apps.folder,
1FkoLTiQlyngEipICzAnkn_GLfoC1AHZt,02_Livrables,05_CLIENTS/_Template-Client/02_Livrables,99_Archives/Clients/_Template-Client/02_Livrables,MOVE,READY,05_CLIENTS -> 99_Archives/Clients,application/vnd.google-apps.folder,
1qlY10MHCeDG4cHM_bDlcI-fs64ZJAgi5,01_Brief,05_CLIENTS/_Template-Client/01_Brief,99_Archives/Clients/_Template-Client/01_Brief,MOVE,READY,05_CLIENTS -> 99_Archives/Clients,application/vnd.google-apps.folder,
1cNU-44v7oE_NbLdqCf8JZBodyfTY7br-9UsEqY0CpCA,2021-12-09 – Flux RSS Plugin Wordpress – Ressource,03_RESSOURCES/05_Outils-Documentation/2021-12-09 – Flux RSS Plugin Wordpress – Ressource,02_Ressources/05_Outils-Documentation/2021-12-09 – Flux RSS Plugin Wordpress – Ressource,MOVE,READY,03_RESSOURCES -> 02_Ressources,application/vnd.google-apps.spreadsheet,10748
1C0qyf6Mrp6XRz8y3t8ik-bh6m2ze2ZJKMV5jmzyFO_k,2024-03-18 – Flux RSS Hébergement Wordpress – Ressource,03_RESSOURCES/05_Outils-Documentation/2024-03-18 – Flux RSS Hébergement Wordpress – Ressource,02_Ressources/05_Outils-Documentation/2024-03-18 – Flux RSS Hébergement Wordpress – Ressource,MOVE,READY,03_RESSOURCES -> 02_Ressources,application/vnd.google-apps.spreadsheet,1024
1kRn7f_7Fg5itiGth9B2XatF6pw0bIQY3aQ2mPBQCAMs,2025-03-31 – Génération de contenu par l'IA – Ressource,03_RESSOURCES/05_Outils-Documentation/2025-03-31 – Génération de contenu par l'IA – Ressource,02_Ressources/05_Outils-Documentation/2025-03-31 – Génération de contenu par l'IA – Ressource,MOVE,READY,03_RESSOURCES -> 02_Ressources,application/vnd.google-apps.spreadsheet,1024
1IIMPhaIRkyi6-CNMROIdhlfw3x7PsnOrYqki3F4DIrQ,2025-07-18 – Automatiser Création Contenu – Ressource,03_RESSOURCES/05_Outils-Documentation/2025-07-18 – Automatiser Création Contenu – Ressource,02_Ressources/05_Outils-Documentation/2025-07-18 – Automatiser Création Contenu – Ressource,MOVE,READY,03_RESSOURCES -> 02_Ressources,application/vnd.google-apps.spreadsheet,1024
1_RJBBHjG1H_sxnfJqHB8hm74cYsWNTaWEbWOqNhZpp8,2024-03-25 – schoolsWP Twitter (X) – Ressource,03_RESSOURCES/05_Outils-Documentation/2024-03-25 – schoolsWP Twitter (X) – Ressource,02_Ressources/05_Outils-Documentation/2024-03-25 – schoolsWP Twitter (X) – Ressource,MOVE,READY,03_RESSOURCES -> 02_Ressources,application/vnd.google-apps.spreadsheet,1024
1kTjibvKs1uSU3HqJPtYPMSQ-Qrn3AlsWBU7GNMLpdH4,2024-07-19 – schoolsWP Article de blog en français – Ressource,03_RESSOURCES/05_Outils-Documentation/2024-07-19 – schoolsWP Article de blog en français – Ressource,02_Ressources/05_Outils-Documentation/2024-07-19 – schoolsWP Article de blog en français – Ressource,MOVE,READY,03_RESSOURCES -> 02_Ressources,application/vnd.google-apps.spreadsheet,1024
14NXRUx9aavt1n4xHlWQQPKOQBGma64YVqVpjYUwouXo,2025-03-29 – Flux RSS WordPress – Ressource,03_RESSOURCES/05_Outils-Documentation/2025-03-29 – Flux RSS WordPress – Ressource,02_Ressources/05_Outils-Documentation/2025-03-29 – Flux RSS WordPress – Ressource,MOVE,READY,03_RESSOURCES -> 02_Ressources,application/vnd.google-apps.spreadsheet,1024
1JJuAaUPBT7TNS4d6MeVU8S3XuwQE0wzK4bM2LcyJ55k,2025-06-18 – YouTube vers Article WordPress – Ressource,03_RESSOURCES/05_Outils-Documentation/2025-06-18 – YouTube vers Article WordPress – Ressource,02_Ressources/05_Outils-Documentation/2025-06-18 – YouTube vers Article WordPress – Ressource,MOVE,READY,03_RESSOURCES -> 02_Ressources,application/vnd.google-apps.spreadsheet,1024
14pGRyjTOndXEuaR8c4UzXNBAcTiF6eieaSLFqHtwMp4,2025-07-06 – Cluster Formation WordPress – Ressource,03_RESSOURCES/05_Outils-Documentation/2025-07-06 – Cluster Formation WordPress – Ressource,02_Ressources/05_Outils-Documentation/2025-07-06 – Cluster Formation WordPress – Ressource,MOVE,READY,03_RESSOURCES -> 02_Ressources,application/vnd.google-apps.spreadsheet,1024
1CG4bSkLQxOiNtLrRcG1KzsH11P3zGcLg9BpQLrsMncg,2026-01-30 – [ORIGINAL] PLUGIN QUEL CANAPE (Créer une copie) – Ressource,03_RESSOURCES/05_Outils-Documentation/2026-01-30 – [ORIGINAL] PLUGIN QUEL CANAPE (Créer une copie) – Ressource,02_Ressources/05_Outils-Documentation/2026-01-30 – [ORIGINAL] PLUGIN QUEL CANAPE (Créer une copie) – Ressource,MOVE,READY,03_RESSOURCES -> 02_Ressources,application/vnd.google-apps.document,82936
1Lrk8F7RLtC2i4MC2q2o_hmjDTYQA8VU55LctomhppnM,2023-09-18 – DU CONTENU DANS +10 LANGUES EN 3 MINUTES – Ressource,03_RESSOURCES/05_Outils-Documentation/2023-09-18 – DU CONTENU DANS +10 LANGUES EN 3 MINUTES – Ressource,02_Ressources/05_Outils-Documentation/2023-09-18 – DU CONTENU DANS +10 LANGUES EN 3 MINUTES – Ressource,MOVE,READY,03_RESSOURCES -> 02_Ressources,application/vnd.google-apps.document,7086
1o9x-2KMKr6wptkkhnywOlRuTHsRzte88g1uFRbn59CE,2023-11-17 – Configuration WP Auto – Ressource,03_RESSOURCES/05_Outils-Documentation/2023-11-17 – Configuration WP Auto – Ressource,02_Ressources/05_Outils-Documentation/2023-11-17 – Configuration WP Auto – Ressource,MOVE,READY,03_RESSOURCES -> 02_Ressources,application/vnd.google-apps.document,5726
1bXzosrzOVaLkNFbIRzm_mTmI_cZt6DimzhlgqZMEcpY,2024-02-10 – Flux RSS | WordPress Réseaux Sociaux – Ressource,03_RESSOURCES/05_Outils-Documentation/2024-02-10 – Flux RSS | WordPress Réseaux Sociaux – Ressource,02_Ressources/05_Outils-Documentation/2024-02-10 – Flux RSS | WordPress Réseaux Sociaux – Ressource,MOVE,READY,03_RESSOURCES -> 02_Ressources,application/vnd.google-apps.spreadsheet,1024
15x-CcWNXvJ2TKwO6OMme5oGRNVHA1wwm,2024-03-05 – Kwfinder createur de site web wordpress export – Ressource.csv,03_RESSOURCES/05_Outils-Documentation/2024-03-05 – Kwfinder createur de site web wordpress export – Ressource.csv,02_Ressources/05_Outils-Documentation/2024-03-05 – Kwfinder createur de site web wordpress export – Ressource.csv,MOVE,READY,03_RESSOURCES -> 02_Ressources,text/csv,9096
1GFXf387PZ9HujH8r4upVp__ZdnMw1Dcf,2024-03-05 – Kwfinder prestataire site web wordpress export – Ressource.csv,03_RESSOURCES/05_Outils-Documentation/2024-03-05 – Kwfinder prestataire site web wordpress export – Ressource.csv,02_Ressources/05_Outils-Documentation/2024-03-05 – Kwfinder prestataire site web wordpress export – Ressource.csv,MOVE,READY,03_RESSOURCES -> 02_Ressources,text/csv,4060
1SC0F_G6Z5Ncdiyt8071-G2_nRUgpHmju,2024-03-05 – Kwfinder freelance site web wordpress export – Ressource.csv,03_RESSOURCES/05_Outils-Documentation/2024-03-05 – Kwfinder freelance site web wordpress export – Ressource.csv,02_Ressources/05_Outils-Documentation/2024-03-05 – Kwfinder freelance site web wordpress export – Ressource.csv,MOVE,READY,03_RESSOURCES -> 02_Ressources,text/csv,3223
1SCRpa9Biyze_CcdMRroBIIrIlbYxmZBRq0bgwKuxQe4,2024-03-20 – [Réseau Social] schoolsWP | Article vers Facebook – Ressource,03_RESSOURCES/05_Outils-Documentation/2024-03-20 – [Réseau Social] schoolsWP | Article vers Facebook – Ressource,02_Ressources/05_Outils-Documentation/2024-03-20 – [Réseau Social] schoolsWP | Article vers Facebook – Ressource,MOVE,READY,03_RESSOURCES -> 02_Ressources,application/vnd.google-apps.spreadsheet,1024
1YpLIsOsMrwBqb60B2v7Y0UiuTs0HgOJ1PB81lPtgh_8,2025-09-02 – Leçon 9 Module 2 Identifier les contenus à désindexer et à supprimer – Ressource,03_RESSOURCES/05_Outils-Documentation/2025-09-02 – Leçon 9 Module 2 Identifier les contenus à désindexer et à supprimer – Ressource,02_Ressources/05_Outils-Documentation/2025-09-02 – Leçon 9 Module 2 Identifier les contenus à désindexer et à supprimer – Ressource,MOVE,READY,03_RESSOURCES -> 02_Ressources,application/vnd.google-apps.document,11123
1_R-rBjva6DcUwFtfEMnWYgsJPFNKwRQSrTIdpLGkgFU,2025-09-02 – Leçon 3 Module 2 Extraire les URL indexables et collecter les données via Sc... – Ressource,03_RESSOURCES/05_Outils-Documentation/2025-09-02 – Leçon 3 Module 2 Extraire les URL indexables et collecter les données via Sc... – Ressource,02_Ressources/05_Outils-Documentation/2025-09-02 – Leçon 3 Module 2 Extraire les URL indexables et collecter les données via Sc... – Ressource,MOVE,READY,03_RESSOURCES -> 02_Ressources,application/vnd.google-apps.document,8880
1_gfuRa4eOiyacL1b8B3Hb5-2MRmssnzaD8OHYhc6sAE,2025-09-02 – Leçon 6 Module 2 Identifier les contenus à garder et à améliorer – Ressource,03_RESSOURCES/05_Outils-Documentation/2025-09-02 – Leçon 6 Module 2 Identifier les contenus à garder et à améliorer – Ressource,02_Ressources/05_Outils-Documentation/2025-09-02 – Leçon 6 Module 2 Identifier les contenus à garder et à améliorer – Ressource,MOVE,READY,03_RESSOURCES -> 02_Ressources,application/vnd.google-apps.document,10327
1JjTi0KHc-LOPgi03TTPn4grwHeUBpgbnhsol-OBZZ40,2025-09-02 – Leçon 8 Module 2 Identifier les contenus à consolider – Ressource,03_RESSOURCES/05_Outils-Documentation/2025-09-02 – Leçon 8 Module 2 Identifier les contenus à consolider – Ressource,02_Ressources/05_Outils-Documentation/2025-09-02 – Leçon 8 Module 2 Identifier les contenus à consolider – Ressource,MOVE,READY,03_RESSOURCES -> 02_Ressources,application/vnd.google-apps.document,9781
1IMRCcaZIDTWcTmdH2FdCkj4HOr8KbeTV9FLfCqWmG18,2025-09-02 – Leçon 10 Module 2 Rédiger le rapport d'audit de contenu – Ressource,03_RESSOURCES/05_Outils-Documentation/2025-09-02 – Leçon 10 Module 2 Rédiger le rapport d'audit de contenu – Ressource,02_Ressources/05_Outils-Documentation/2025-09-02 – Leçon 10 Module 2 Rédiger le rapport d'audit de contenu – Ressource,MOVE,READY,03_RESSOURCES -> 02_Ressources,application/vnd.google-apps.document,11867
1ttkd77DVuRzeGnMi8e997Djjtr_7Deire3v9rd_ILek,2025-09-02 – Synthèse de l'audit de contenu – Ressource,03_RESSOURCES/05_Outils-Documentation/2025-09-02 – Synthèse de l'audit de contenu – Ressource,02_Ressources/05_Outils-Documentation/2025-09-02 – Synthèse de l'audit de contenu – Ressource,MOVE,READY,03_RESSOURCES -> 02_Ressources,application/vnd.google-apps.document,10313
1XT_ol_lzz8h3eGt51UzS2BUH9jR8nGQY9Qg7PoZ0eDw,2025-09-26 – schoolsWP Plan de Mesure – Ressource,03_RESSOURCES/05_Outils-Documentation/2025-09-26 – schoolsWP Plan de Mesure – Ressource,02_Ressources/05_Outils-Documentation/2025-09-26 – schoolsWP Plan de Mesure – Ressource,MOVE,READY,03_RESSOURCES -> 02_Ressources,application/vnd.google-apps.spreadsheet,5691
11K_L_VWyJzm01oJntuWppmuMlYEZuFs9jZQDwKUS0Js,2025-09-26 – schoolsWP Plan de Taggage – Ressource,03_RESSOURCES/05_Outils-Documentation/2025-09-26 – schoolsWP Plan de Taggage – Ressource,02_Ressources/05_Outils-Documentation/2025-09-26 – schoolsWP Plan de Taggage – Ressource,MOVE,READY,03_RESSOURCES -> 02_Ressources,application/vnd.google-apps.spreadsheet,1024
1zN86PrUV-lMGgal-XxwHz871p3FV3ZdP,2025-10-25 – Fluentcart-black-friday-plugin-wordpress-ecommerce – Ressource.jpg,03_RESSOURCES/05_Outils-Documentation/2025-10-25 – Fluentcart-black-friday-plugin-wordpress-ecommerce – Ressource.jpg,02_Ressources/05_Outils-Documentation/2025-10-25 – Fluentcart-black-friday-plugin-wordpress-ecommerce – Ressource.jpg,MOVE,READY,03_RESSOURCES -> 02_Ressources,image/jpeg,64393
1nOoXynzr2Fey82Egyk4OspDALf1aA48Z,2025-08-21 – Flyingpress-vs-wp-rocket-wordpress-cache-plugin – Ressource.jpg,03_RESSOURCES/05_Outils-Documentation/2025-08-21 – Flyingpress-vs-wp-rocket-wordpress-cache-plugin – Ressource.jpg,02_Ressources/05_Outils-Documentation/2025-08-21 – Flyingpress-vs-wp-rocket-wordpress-cache-plugin – Ressource.jpg,MOVE,READY,03_RESSOURCES -> 02_Ressources,image/jpeg,303886
1kfrGhm6UlU8TG78ZulDbSKc9j3-PzccK,2025-10-28 – Fluentforms-plugin-wordpress-formulaires – Ressource.jpg,03_RESSOURCES/05_Outils-Documentation/2025-10-28 – Fluentforms-plugin-wordpress-formulaires – Ressource.jpg,02_Ressources/05_Outils-Documentation/2025-10-28 – Fluentforms-plugin-wordpress-formulaires – Ressource.jpg,MOVE,READY,03_RESSOURCES -> 02_Ressources,image/jpeg,67242
1QKADs7ACDTmCQHQouxTjgH27n3VZEGuf,2025-09-18 – Pulse-wordpress-plugin-product-listing – Ressource.jpg,03_RESSOURCES/05_Outils-Documentation/2025-09-18 – Pulse-wordpress-plugin-product-listing – Ressource.jpg,02_Ressources/05_Outils-Documentation/2025-09-18 – Pulse-wordpress-plugin-product-listing – Ressource.jpg,MOVE,READY,03_RESSOURCES -> 02_Ressources,image/jpeg,267465
1P4__FXQh5VPo3HQ-M5-1uRvxw8ryE1Yb,2025-10-28 – Academy-lms-plugin-wordpress-elearning – Ressource.jpg,03_RESSOURCES/05_Outils-Documentation/2025-10-28 – Academy-lms-plugin-wordpress-elearning – Ressource.jpg,02_Ressources/05_Outils-Documentation/2025-10-28 – Academy-lms-plugin-wordpress-elearning – Ressource.jpg,MOVE,READY,03_RESSOURCES -> 02_Ressources,image/jpeg,80972
13V27YyylQTsYcqlawG5k0xznfeZgAIKK,2025-10-25 – Meilleures-offres-wordpress-black-friday – Ressource.jpg,03_RESSOURCES/05_Outils-Documentation/2025-10-25 – Meilleures-offres-wordpress-black-friday – Ressource.jpg,02_Ressources/05_Outils-Documentation/2025-10-25 – Meilleures-offres-wordpress-black-friday – Ressource.jpg,MOVE,READY,03_RESSOURCES -> 02_Ressources,image/jpeg,263428
10TirvHh9l5Xz0fdCpFSVKZiccnQDKJAw,2025-10-28 – Fluentcommunity-plugin-wordpress-communaute – Ressource.jpg,03_RESSOURCES/05_Outils-Documentation/2025-10-28 – Fluentcommunity-plugin-wordpress-communaute – Ressource.jpg,02_Ressources/05_Outils-Documentation/2025-10-28 – Fluentcommunity-plugin-wordpress-communaute – Ressource.jpg,MOVE,READY,03_RESSOURCES -> 02_Ressources,image/jpeg,64909
10IInWWAFVrBI9KQCFhK7xhJhrpAIXm9Q,2025-10-28 – Fluentbooking-plugin-wordpress-reservation – Ressource.jpg,03_RESSOURCES/05_Outils-Documentation/2025-10-28 – Fluentbooking-plugin-wordpress-reservation – Ressource.jpg,02_Ressources/05_Outils-Documentation/2025-10-28 – Fluentbooking-plugin-wordpress-reservation – Ressource.jpg,MOVE,READY,03_RESSOURCES -> 02_Ressources,image/jpeg,70171
10BxUrmxgFeAFFlS1D2loZEXCEKwiX1ik,2025-10-25 – How-to-structure-article-wordpress-readability – Ressource.jpg,03_RESSOURCES/05_Outils-Documentation/2025-10-25 – How-to-structure-article-wordpress-readability – Ressource.jpg,02_Ressources/05_Outils-Documentation/2025-10-25 – How-to-structure-article-wordpress-readability – Ressource.jpg,MOVE,READY,03_RESSOURCES -> 02_Ressources,image/jpeg,289611
1f2gMTlfI6xE7VC-jS21dJpDU78uw94x2,2025-07-06 – Fluentcart-test-wordpress-shop-erfahrungen – Ressource.jpg,03_RESSOURCES/05_Outils-Documentation/2025-07-06 – Fluentcart-test-wordpress-shop-erfahrungen – Ressource.jpg,02_Ressources/05_Outils-Documentation/2025-07-06 – Fluentcart-test-wordpress-shop-erfahrungen – Ressource.jpg,MOVE,READY,03_RESSOURCES -> 02_Ressources,image/jpeg,276473
1ea03MPR5jTLFesP3ujIw_kB9Y7WCWjhv,2025-08-09 – Fluentbooking-wordpress-loesung-buchungen – Ressource.jpg,03_RESSOURCES/05_Outils-Documentation/2025-08-09 – Fluentbooking-wordpress-loesung-buchungen – Ressource.jpg,02_Ressources/05_Outils-Documentation/2025-08-09 – Fluentbooking-wordpress-loesung-buchungen – Ressource.jpg,MOVE,READY,03_RESSOURCES -> 02_Ressources,image/jpeg,260188
1YBfdY0K5jiQpZNR-Jk7xOy5n4Ri8MA9-,2025-07-01 – Fluentcart-parametres-licence-plugin-wordpress – Ressource.jpg,03_RESSOURCES/05_Outils-Documentation/2025-07-01 – Fluentcart-parametres-licence-plugin-wordpress – Ressource.jpg,02_Ressources/05_Outils-Documentation/2025-07-01 – Fluentcart-parametres-licence-plugin-wordpress – Ressource.jpg,MOVE,READY,03_RESSOURCES -> 02_Ressources,image/jpeg,237145
1XrYNGMkFf_wRmequqXz-oyQO34Vqsw_J,2025-07-01 – Fluentcart-blocs-ecommerce-gutenberg – Ressource.jpg,03_RESSOURCES/05_Outils-Documentation/2025-07-01 – Fluentcart-blocs-ecommerce-gutenberg – Ressource.jpg,02_Ressources/05_Outils-Documentation/2025-07-01 – Fluentcart-blocs-ecommerce-gutenberg – Ressource.jpg,MOVE,READY,03_RESSOURCES -> 02_Ressources,image/jpeg,107978
1I5VqMCSXIz8Mf2FBuni-BMpiB4Erl6IJ,2025-07-01 – Fluentcart-tableau-bord-gestion-commandes-wordpress – Ressource.jpg,03_RESSOURCES/05_Outils-Documentation/2025-07-01 – Fluentcart-tableau-bord-gestion-commandes-wordpress – Ressource.jpg,02_Ressources/05_Outils-Documentation/2025-07-01 – Fluentcart-tableau-bord-gestion-commandes-wordpress – Ressource.jpg,MOVE,READY,03_RESSOURCES -> 02_Ressources,image/jpeg,250646
18ig73IVuQZLvobIIuV8TEG2SHSu7gDrk,2025-08-09 – Fluent-support-plugin-kundensupport-wordpress – Ressource.jpg,03_RESSOURCES/05_Outils-Documentation/2025-08-09 – Fluent-support-plugin-kundensupport-wordpress – Ressource.jpg,02_Ressources/05_Outils-Documentation/2025-08-09 – Fluent-support-plugin-kundensupport-wordpress – Ressource.jpg,MOVE,READY,03_RESSOURCES -> 02_Ressources,image/jpeg,268070
1zp_zVUJFuReXDdyeF34N_8vZ-EQgXl0B,2025-05-02 – Apprendre-wordpress-guide-debutant-autonome – Ressource.jpg,03_RESSOURCES/05_Outils-Documentation/2025-05-02 – Apprendre-wordpress-guide-debutant-autonome – Ressource.jpg,02_Ressources/05_Outils-Documentation/2025-05-02 – Apprendre-wordpress-guide-debutant-autonome – Ressource.jpg,MOVE,READY,03_RESSOURCES -> 02_Ressources,image/jpeg,301820
1zQ3xo0ZPPpAQP5r3dpLuCKSXC1nvuazD,2025-06-30 – Fluentcart-methodes-paiement-plugin-ecommerce – Ressource.jpg,03_RESSOURCES/05_Outils-Documentation/2025-06-30 – Fluentcart-methodes-paiement-plugin-ecommerce – Ressource.jpg,02_Ressources/05_Outils-Documentation/2025-06-30 – Fluentcart-methodes-paiement-plugin-ecommerce – Ressource.jpg,MOVE,READY,03_RESSOURCES -> 02_Ressources,image/jpeg,297918
1yalr7SIlVXhETNK5aU7ym8_MwlzF_IBN,2025-06-30 – Interface-fluentcart-fiche-produit-wordpress – Ressource.jpg,03_RESSOURCES/05_Outils-Documentation/2025-06-30 – Interface-fluentcart-fiche-produit-wordpress – Ressource.jpg,02_Ressources/05_Outils-Documentation/2025-06-30 – Interface-fluentcart-fiche-produit-wordpress – Ressource.jpg,MOVE,READY,03_RESSOURCES -> 02_Ressources,image/jpeg,401335
1xrUn8dD6Dgi_Fg0UJrLkojDiYZB80ZPg,2025-04-17 – Learndash-plugin-lms-prix-unlimited-wordpress – Ressource.jpg,03_RESSOURCES/05_Outils-Documentation/2025-04-17 – Learndash-plugin-lms-prix-unlimited-wordpress – Ressource.jpg,02_Ressources/05_Outils-Documentation/2025-04-17 – Learndash-plugin-lms-prix-unlimited-wordpress – Ressource.jpg,MOVE,READY,03_RESSOURCES -> 02_Ressources,image/jpeg,158576
1xhGVwA9UuunnycxCiALvKPMzjrOzPiYE,2025-04-17 – Learndash-plugin-lms-prix-10-sites-wordpress – Ressource.jpg,03_RESSOURCES/05_Outils-Documentation/2025-04-17 – Learndash-plugin-lms-prix-10-sites-wordpress – Ressource.jpg,02_Ressources/05_Outils-Documentation/2025-04-17 – Learndash-plugin-lms-prix-10-sites-wordpress – Ressource.jpg,MOVE,READY,03_RESSOURCES -> 02_Ressources,image/jpeg,158404
1xgxsIeWADA7Dv4ff30oALjTl12yfsFue,2025-04-17 – Learndash-plugin-lms-prix-1-site-wordpress – Ressource.jpg,03_RESSOURCES/05_Outils-Documentation/2025-04-17 – Learndash-plugin-lms-prix-1-site-wordpress – Ressource.jpg,02_Ressources/05_Outils-Documentation/2025-04-17 – Learndash-plugin-lms-prix-1-site-wordpress – Ressource.jpg,MOVE,READY,03_RESSOURCES -> 02_Ressources,image/jpeg,158137
1wMMdWG59UnajNJlR-pteLbf2QkTz7k_r,2025-06-27 – Fluentcart-avis-adopter-boutique-wordpress – Ressource.jpg,03_RESSOURCES/05_Outils-Documentation/2025-06-27 – Fluentcart-avis-adopter-boutique-wordpress – Ressource.jpg,02_Ressources/05_Outils-Documentation/2025-06-27 – Fluentcart-avis-adopter-boutique-wordpress – Ressource.jpg,MOVE,READY,03_RESSOURCES -> 02_Ressources,image/jpeg,129239
1vMdC4oPGohI9NjDsAyeaduDBbTgmwzkK,2025-06-30 – Fluentcart-tableau-bord-ecommerce-wordpress – Ressource.jpg,03_RESSOURCES/05_Outils-Documentation/2025-06-30 – Fluentcart-tableau-bord-ecommerce-wordpress – Ressource.jpg,02_Ressources/05_Outils-Documentation/2025-06-30 – Fluentcart-tableau-bord-ecommerce-wordpress – Ressource.jpg,MOVE,READY,03_RESSOURCES -> 02_Ressources,image/jpeg,497992
1oFykJzAAwE9VTM-cFNTujgrKEZgoGdqm,2025-06-30 – Fluentcart-ecran-installation-wordpress – Ressource.jpg,03_RESSOURCES/05_Outils-Documentation/2025-06-30 – Fluentcart-ecran-installation-wordpress – Ressource.jpg,02_Ressources/05_Outils-Documentation/2025-06-30 – Fluentcart-ecran-installation-wordpress – Ressource.jpg,MOVE,READY,03_RESSOURCES -> 02_Ressources,image/jpeg,92473
1UBs2e9EJ5rarUK8_-ZWZiU8Zd8g6XDQt,2025-06-30 – Fluentcart-automation-declencheur-wordpress – Ressource.jpg,03_RESSOURCES/05_Outils-Documentation/2025-06-30 – Fluentcart-automation-declencheur-wordpress – Ressource.jpg,02_Ressources/05_Outils-Documentation/2025-06-30 – Fluentcart-automation-declencheur-wordpress – Ressource.jpg,MOVE,READY,03_RESSOURCES -> 02_Ressources,image/jpeg,142626
1T1bRZqVJDoczIZFGZzw_tNnqfLDW0B_B,2025-06-27 – Fluentcart-plugin-ecommerce-wordpress – Ressource.jpg,03_RESSOURCES/05_Outils-Documentation/2025-06-27 – Fluentcart-plugin-ecommerce-wordpress – Ressource.jpg,02_Ressources/05_Outils-Documentation/2025-06-27 – Fluentcart-plugin-ecommerce-wordpress – Ressource.jpg,MOVE,READY,03_RESSOURCES -> 02_Ressources,image/jpeg,134321
1Qm9wt79hBbsYsSV2Y3H99DbrxHZM_UY_,2025-06-27 – Fluentcart-avis-plugin-ecommerce-wordpress – Ressource.jpg,03_RESSOURCES/05_Outils-Documentation/2025-06-27 – Fluentcart-avis-plugin-ecommerce-wordpress – Ressource.jpg,02_Ressources/05_Outils-Documentation/2025-06-27 – Fluentcart-avis-plugin-ecommerce-wordpress – Ressource.jpg,MOVE,READY,03_RESSOURCES -> 02_Ressources,image/jpeg,256036
1NlaWLcqJaySQASDbzM7QuDqTQvZn7uCz,2025-07-01 – Fluentcart-tableau-gestion-licence-plugin – Ressource.jpg,03_RESSOURCES/05_Outils-Documentation/2025-07-01 – Fluentcart-tableau-gestion-licence-plugin – Ressource.jpg,02_Ressources/05_Outils-Documentation/2025-07-01 – Fluentcart-tableau-gestion-licence-plugin – Ressource.jpg,MOVE,READY,03_RESSOURCES -> 02_Ressources,image/jpeg,188098
1LSSPwO22mnG69Y8s5QDxoGfPmWzqawQO,2025-06-30 – Fluentcart-dashboard-interface-vierge-wordpress – Ressource.jpg,03_RESSOURCES/05_Outils-Documentation/2025-06-30 – Fluentcart-dashboard-interface-vierge-wordpress – Ressource.jpg,02_Ressources/05_Outils-Documentation/2025-06-30 – Fluentcart-dashboard-interface-vierge-wordpress – Ressource.jpg,MOVE,READY,03_RESSOURCES -> 02_Ressources,image/jpeg,235614
1LPBV7SeNLqY2FEJOWrzpVbGm3m03ErJP,2025-06-27 – Fluentcart-avis-alternative-woocommerce – Ressource.jpg,03_RESSOURCES/05_Outils-Documentation/2025-06-27 – Fluentcart-avis-alternative-woocommerce – Ressource.jpg,02_Ressources/05_Outils-Documentation/2025-06-27 – Fluentcart-avis-alternative-woocommerce – Ressource.jpg,MOVE,READY,03_RESSOURCES -> 02_Ressources,image/jpeg,135070
15y3A8BnW75w5fk9Cb-_DcKLN6IUOjiJ_,2025-06-30 – Fluentcart-interface-ajout-produit-wordpress – Ressource.jpg,03_RESSOURCES/05_Outils-Documentation/2025-06-30 – Fluentcart-interface-ajout-produit-wordpress – Ressource.jpg,02_Ressources/05_Outils-Documentation/2025-06-30 – Fluentcart-interface-ajout-produit-wordpress – Ressource.jpg,MOVE,READY,03_RESSOURCES -> 02_Ressources,image/jpeg,85365
12gBE6Hg2PyUVXqgq56VGuu3g7nWcK9T6,2025-05-19 – Outils-o2switch-optimisation-wordpress-ssl-cache – Ressource.jpg,03_RESSOURCES/05_Outils-Documentation/2025-05-19 – Outils-o2switch-optimisation-wordpress-ssl-cache – Ressource.jpg,02_Ressources/05_Outils-Documentation/2025-05-19 – Outils-o2switch-optimisation-wordpress-ssl-cache – Ressource.jpg,MOVE,READY,03_RESSOURCES -> 02_Ressources,image/jpeg,131551
10yvmlRuH1lIj_GhtImWR1ncvYSbWv44x,2025-06-16 – Rapyd-cloud-promo-code-wordpress-hosting-rabatt – Ressource.jpg,03_RESSOURCES/05_Outils-Documentation/2025-06-16 – Rapyd-cloud-promo-code-wordpress-hosting-rabatt – Ressource.jpg,02_Ressources/05_Outils-Documentation/2025-06-16 – Rapyd-cloud-promo-code-wordpress-hosting-rabatt – Ressource.jpg,MOVE,READY,03_RESSOURCES -> 02_Ressources,image/jpeg,287081
10kYk0Chndaz33xaPPQIp1yq7A29a26uv,2025-05-08 – Multisite-wordpress-guide-centralisation-sites – Ressource.jpg,03_RESSOURCES/05_Outils-Documentation/2025-05-08 – Multisite-wordpress-guide-centralisation-sites – Ressource.jpg,02_Ressources/05_Outils-Documentation/2025-05-08 – Multisite-wordpress-guide-centralisation-sites – Ressource.jpg,MOVE,READY,03_RESSOURCES -> 02_Ressources,image/jpeg,291884
1-SFA1X9yoomc5iG8fFMSaGwmFklvyEDw,2025-05-07 – Learndash-wordpress-plugin-online-courses – Ressource.jpg,03_RESSOURCES/05_Outils-Documentation/2025-05-07 – Learndash-wordpress-plugin-online-courses – Ressource.jpg,02_Ressources/05_Outils-Documentation/2025-05-07 – Learndash-wordpress-plugin-online-courses – Ressource.jpg,MOVE,READY,03_RESSOURCES -> 02_Ressources,image/jpeg,267754
1---AzZS_ozFKCzn24ipdw_gIv5M3tJpK,2025-05-07 – Learndash-wordpress-plugin-online-schulungen – Ressource.jpg,03_RESSOURCES/05_Outils-Documentation/2025-05-07 – Learndash-wordpress-plugin-online-schulungen – Ressource.jpg,02_Ressources/05_Outils-Documentation/2025-05-07 – Learndash-wordpress-plugin-online-schulungen – Ressource.jpg,MOVE,READY,03_RESSOURCES -> 02_Ressources,image/jpeg,259560
1xazblJMDq5Cu2mS32pKWEUePI9j7XWMT,2025-04-17 – Learndash-plugin-wordpress-formation-en-ligne – Ressource.jpg,03_RESSOURCES/05_Outils-Documentation/2025-04-17 – Learndash-plugin-wordpress-formation-en-ligne – Ressource.jpg,02_Ressources/05_Outils-Documentation/2025-04-17 – Learndash-plugin-wordpress-formation-en-ligne – Ressource.jpg,MOVE,READY,03_RESSOURCES -> 02_Ressources,image/jpeg,261777
1wkJy0HLTdwq478PAh-PYDuoz45uGW_Hd,2025-04-10 – Fluentbooking-amelia-vergleich-wordpress-plugin – Ressource.jpg,03_RESSOURCES/05_Outils-Documentation/2025-04-10 – Fluentbooking-amelia-vergleich-wordpress-plugin – Ressource.jpg,02_Ressources/05_Outils-Documentation/2025-04-10 – Fluentbooking-amelia-vergleich-wordpress-plugin – Ressource.jpg,MOVE,READY,03_RESSOURCES -> 02_Ressources,image/jpeg,277989
1vjPD_5YL8bhYJNmMPGQrqxQudwMhAExW,2025-04-05 – Local-wp-vergleich-flywheel-xampp-wordpress – Ressource.jpg,03_RESSOURCES/05_Outils-Documentation/2025-04-05 – Local-wp-vergleich-flywheel-xampp-wordpress – Ressource.jpg,02_Ressources/05_Outils-Documentation/2025-04-05 – Local-wp-vergleich-flywheel-xampp-wordpress – Ressource.jpg,MOVE,READY,03_RESSOURCES -> 02_Ressources,image/jpeg,270124
1n3gP6ytKkOU96ECV4fOkOhWU6TuOyajD,2025-03-03 – Gestion-serveur-rapyd-cloud-wordpress – Ressource.jpg,03_RESSOURCES/05_Outils-Documentation/2025-03-03 – Gestion-serveur-rapyd-cloud-wordpress – Ressource.jpg,02_Ressources/05_Outils-Documentation/2025-03-03 – Gestion-serveur-rapyd-cloud-wordpress – Ressource.jpg,MOVE,READY,03_RESSOURCES -> 02_Ressources,image/jpeg,251216
1luR8IX7h5xbJCLZdXOYd8HBoq1ao0z6Z,2025-03-03 – Gestion-plugins-wordpress-rapyd-cloud – Ressource.jpg,03_RESSOURCES/05_Outils-Documentation/2025-03-03 – Gestion-plugins-wordpress-rapyd-cloud – Ressource.jpg,02_Ressources/05_Outils-Documentation/2025-03-03 – Gestion-plugins-wordpress-rapyd-cloud – Ressource.jpg,MOVE,READY,03_RESSOURCES -> 02_Ressources,image/jpeg,153300
1xcA2E7mgan-rOAet_V__FVQoFDhiuKgB,2025-04-17 – Plugin-learndash-lms-page-accueil-wordpress – Ressource.jpg,03_RESSOURCES/05_Outils-Documentation/2025-04-17 – Plugin-learndash-lms-page-accueil-wordpress – Ressource.jpg,02_Ressources/05_Outils-Documentation/2025-04-17 – Plugin-learndash-lms-page-accueil-wordpress – Ressource.jpg,MOVE,READY,03_RESSOURCES -> 02_Ressources,image/jpeg,160678
1uBDau8hbR9yQ6v5kz_C_1f9j7Yk07orB,2025-04-03 – Link-whisper-wordpress-internal-linking-plugin – Ressource.jpg,03_RESSOURCES/05_Outils-Documentation/2025-04-03 – Link-whisper-wordpress-internal-linking-plugin – Ressource.jpg,02_Ressources/05_Outils-Documentation/2025-04-03 – Link-whisper-wordpress-internal-linking-plugin – Ressource.jpg,MOVE,READY,03_RESSOURCES -> 02_Ressources,image/jpeg,256680
1tog8_eGQOdmYBA997FRM7Xv2y5Xq2TRS,2025-03-31 – Link-whisper-wordpress-plugin-interne-vernetzung – Ressource.jpg,03_RESSOURCES/05_Outils-Documentation/2025-03-31 – Link-whisper-wordpress-plugin-interne-vernetzung – Ressource.jpg,02_Ressources/05_Outils-Documentation/2025-03-31 – Link-whisper-wordpress-plugin-interne-vernetzung – Ressource.jpg,MOVE,READY,03_RESSOURCES -> 02_Ressources,image/jpeg,273680
1tejGedAsixSkJwcLGo_LDTD5nwHGuLbi,2025-03-27 – Rapyd-cloud-wordpress-hosting-tested-reviewed – Ressource.jpg,03_RESSOURCES/05_Outils-Documentation/2025-03-27 – Rapyd-cloud-wordpress-hosting-tested-reviewed – Ressource.jpg,02_Ressources/05_Outils-Documentation/2025-03-27 – Rapyd-cloud-wordpress-hosting-tested-reviewed – Ressource.jpg,MOVE,READY,03_RESSOURCES -> 02_Ressources,image/jpeg,247057
1svP_AmzMQ0Cc11ZbdOMve_jIzzBOs9f8,2025-03-27 – Rapyd-cloud-wordpress-hosting-schnell – Ressource.jpg,03_RESSOURCES/05_Outils-Documentation/2025-03-27 – Rapyd-cloud-wordpress-hosting-schnell – Ressource.jpg,02_Ressources/05_Outils-Documentation/2025-03-27 – Rapyd-cloud-wordpress-hosting-schnell – Ressource.jpg,MOVE,READY,03_RESSOURCES -> 02_Ressources,image/jpeg,266828
1qScPsK3ZmhfNITA0St37s88525fLrKwr,2025-03-14 – Link-whisper-plugin-wordpress-maillage-interne – Ressource.jpg,03_RESSOURCES/05_Outils-Documentation/2025-03-14 – Link-whisper-plugin-wordpress-maillage-interne – Ressource.jpg,02_Ressources/05_Outils-Documentation/2025-03-14 – Link-whisper-plugin-wordpress-maillage-interne – Ressource.jpg,MOVE,READY,03_RESSOURCES -> 02_Ressources,image/jpeg,272770
1pcjgY5jWy8pNlLqhUTlj0NLLbtDLZaUF,2025-03-12 – Latepoint-intuitives-schnelles-wordpress-buchungs-plugin – Ressource.jpg,03_RESSOURCES/05_Outils-Documentation/2025-03-12 – Latepoint-intuitives-schnelles-wordpress-buchungs-plugin – Ressource.jpg,02_Ressources/05_Outils-Documentation/2025-03-12 – Latepoint-intuitives-schnelles-wordpress-buchungs-plugin – Ressource.jpg,MOVE,READY,03_RESSOURCES -> 02_Ressources,image/jpeg,257379
1p3jgJ7a4IHLDGWxUYsby6_eItr9nWDka,2025-03-11 – Fluentbooking-amelia-booking-wordpress-comparison – Ressource.jpg,03_RESSOURCES/05_Outils-Documentation/2025-03-11 – Fluentbooking-amelia-booking-wordpress-comparison – Ressource.jpg,02_Ressources/05_Outils-Documentation/2025-03-11 – Fluentbooking-amelia-booking-wordpress-comparison – Ressource.jpg,MOVE,READY,03_RESSOURCES -> 02_Ressources,image/jpeg,306923
1n2glRAQA6dszWgy9-5_2hkByLhCry9p6,2025-03-03 – Rapyd-cloud-logs-acces-securite-wordpress – Ressource.jpg,03_RESSOURCES/05_Outils-Documentation/2025-03-03 – Rapyd-cloud-logs-acces-securite-wordpress – Ressource.jpg,02_Ressources/05_Outils-Documentation/2025-03-03 – Rapyd-cloud-logs-acces-securite-wordpress – Ressource.jpg,MOVE,READY,03_RESSOURCES -> 02_Ressources,image/jpeg,199650
1mp2iCg0cFd30QaJPBvb5-73UTuk-z-H7,2025-03-03 – Rapyd-cloud-securite-wordpress-protection-malware – Ressource.jpg,03_RESSOURCES/05_Outils-Documentation/2025-03-03 – Rapyd-cloud-securite-wordpress-protection-malware – Ressource.jpg,02_Ressources/05_Outils-Documentation/2025-03-03 – Rapyd-cloud-securite-wordpress-protection-malware – Ressource.jpg,MOVE,READY,03_RESSOURCES -> 02_Ressources,image/jpeg,173971
1mlesb3WdE8NiAIE3Cy2oc1vIp7dc5xCy,2025-03-03 – Rapyd-cloud-cache-wordpress-optimisation-performance – Ressource.jpg,03_RESSOURCES/05_Outils-Documentation/2025-03-03 – Rapyd-cloud-cache-wordpress-optimisation-performance – Ressource.jpg,02_Ressources/05_Outils-Documentation/2025-03-03 – Rapyd-cloud-cache-wordpress-optimisation-performance – Ressource.jpg,MOVE,READY,03_RESSOURCES -> 02_Ressources,image/jpeg,283960
1mZVztk9E9153HNz-lZzJit1EEinAUAKY,2025-03-03 – Rapyd-cloud-dashboard-gestion-wordpress – Ressource.jpg,03_RESSOURCES/05_Outils-Documentation/2025-03-03 – Rapyd-cloud-dashboard-gestion-wordpress – Ressource.jpg,02_Ressources/05_Outils-Documentation/2025-03-03 – Rapyd-cloud-dashboard-gestion-wordpress – Ressource.jpg,MOVE,READY,03_RESSOURCES -> 02_Ressources,image/jpeg,243419
1mNaHiIKoIl8iQIust9S8pJ6ymEEZhWGO,2025-03-03 – Hebergement-wordpress-rapide-securise-rapyd-cloud – Ressource.jpg,03_RESSOURCES/05_Outils-Documentation/2025-03-03 – Hebergement-wordpress-rapide-securise-rapyd-cloud – Ressource.jpg,02_Ressources/05_Outils-Documentation/2025-03-03 – Hebergement-wordpress-rapide-securise-rapyd-cloud – Ressource.jpg,MOVE,READY,03_RESSOURCES -> 02_Ressources,image/jpeg,99200
1lvLWtIQNu3UhzAQmM56EfMWg9U-Uui4-,2025-03-03 – Gestion-themes-wordpress-rapyd-cloud – Ressource.jpg,03_RESSOURCES/05_Outils-Documentation/2025-03-03 – Gestion-themes-wordpress-rapyd-cloud – Ressource.jpg,02_Ressources/05_Outils-Documentation/2025-03-03 – Gestion-themes-wordpress-rapyd-cloud – Ressource.jpg,MOVE,READY,03_RESSOURCES -> 02_Ressources,image/jpeg,122718
1lYe_7HzUhJNByxuEdS11bGrTeGBvQ89k,2025-03-03 – Rapyd-cloud-hebergement-wordpress-interface – Ressource.jpg,03_RESSOURCES/05_Outils-Documentation/2025-03-03 – Rapyd-cloud-hebergement-wordpress-interface – Ressource.jpg,02_Ressources/05_Outils-Documentation/2025-03-03 – Rapyd-cloud-hebergement-wordpress-interface – Ressource.jpg,MOVE,READY,03_RESSOURCES -> 02_Ressources,image/jpeg,132755
1j8-9sz24Wph6u1sKI3Axh2J-QxII4ua6,2025-02-21 – Academy-lms-wordpress-plugin-tutorial – Ressource.jpg,03_RESSOURCES/05_Outils-Documentation/2025-02-21 – Academy-lms-wordpress-plugin-tutorial – Ressource.jpg,02_Ressources/05_Outils-Documentation/2025-02-21 – Academy-lms-wordpress-plugin-tutorial – Ressource.jpg,MOVE,READY,03_RESSOURCES -> 02_Ressources,image/jpeg,251450
1j5RJ3X2Nzj_aE_46VuSpcpdOls-9vIuR,2025-02-21 – Academy-lms-review-wordpress-plugin-online-courses – Ressource.jpg,03_RESSOURCES/05_Outils-Documentation/2025-02-21 – Academy-lms-review-wordpress-plugin-online-courses – Ressource.jpg,02_Ressources/05_Outils-Documentation/2025-02-21 – Academy-lms-review-wordpress-plugin-online-courses – Ressource.jpg,MOVE,READY,03_RESSOURCES -> 02_Ressources,image/jpeg,289569
1inUbq0kl7bDIMVlLWOP6X-3goXq-cwqP,2025-02-21 – Hebergement-wordpress-rapide-rapyd-cloud – Ressource.jpg,03_RESSOURCES/05_Outils-Documentation/2025-02-21 – Hebergement-wordpress-rapide-rapyd-cloud – Ressource.jpg,02_Ressources/05_Outils-Documentation/2025-02-21 – Hebergement-wordpress-rapide-rapyd-cloud – Ressource.jpg,MOVE,READY,03_RESSOURCES -> 02_Ressources,image/jpeg,258059
1g6osdkIEhKaUGkiu6-IprTKuPACGZ6L-,2025-02-15 – Academy-lms-creer-vendre-cours-en-ligne-wordpress – Ressource.jpg,03_RESSOURCES/05_Outils-Documentation/2025-02-15 – Academy-lms-creer-vendre-cours-en-ligne-wordpress – Ressource.jpg,02_Ressources/05_Outils-Documentation/2025-02-15 – Academy-lms-creer-vendre-cours-en-ligne-wordpress – Ressource.jpg,MOVE,READY,03_RESSOURCES -> 02_Ressources,image/jpeg,82708
1fG95C8DYw3WCw-1oxtgrkx_Lnb7WHG09,2025-02-13 – Plugins-lms-gestion-add-ons-elearning – Ressource.jpg,03_RESSOURCES/05_Outils-Documentation/2025-02-13 – Plugins-lms-gestion-add-ons-elearning – Ressource.jpg,02_Ressources/05_Outils-Documentation/2025-02-13 – Plugins-lms-gestion-add-ons-elearning – Ressource.jpg,MOVE,READY,03_RESSOURCES -> 02_Ressources,image/jpeg,363493
1fDACR2IGEdeJJwhdAcqRe2bBG8-Fze3e,2025-02-13 – Academy-lms-gestion-addons-wordpress – Ressource.jpg,03_RESSOURCES/05_Outils-Documentation/2025-02-13 – Academy-lms-gestion-addons-wordpress – Ressource.jpg,02_Ressources/05_Outils-Documentation/2025-02-13 – Academy-lms-gestion-addons-wordpress – Ressource.jpg,MOVE,READY,03_RESSOURCES -> 02_Ressources,image/jpeg,323687
1evd3UZmQDvzIVYI-YWalRXG-FK2nK9v5,2025-02-12 – Parametres-generaux-academy-lms-wordpress – Ressource.jpg,03_RESSOURCES/05_Outils-Documentation/2025-02-12 – Parametres-generaux-academy-lms-wordpress – Ressource.jpg,02_Ressources/05_Outils-Documentation/2025-02-12 – Parametres-generaux-academy-lms-wordpress – Ressource.jpg,MOVE,READY,03_RESSOURCES -> 02_Ressources,image/jpeg,78572
1ekOaDQUbMM8KWM1h9Vn6UhR24XFLjd40,2025-02-12 – Parametres-instructeur-academy-lms-wordpress – Ressource.jpg,03_RESSOURCES/05_Outils-Documentation/2025-02-12 – Parametres-instructeur-academy-lms-wordpress – Ressource.jpg,02_Ressources/05_Outils-Documentation/2025-02-12 – Parametres-instructeur-academy-lms-wordpress – Ressource.jpg,MOVE,READY,03_RESSOURCES -> 02_Ressources,image/jpeg,73932
1ek7v0VkZn43jHG6I8k_gqeUJTs2m1WMt,2025-02-12 – Parametres-etudiants-academy-lms-wordpress – Ressource.jpg,03_RESSOURCES/05_Outils-Documentation/2025-02-12 – Parametres-etudiants-academy-lms-wordpress – Ressource.jpg,02_Ressources/05_Outils-Documentation/2025-02-12 – Parametres-etudiants-academy-lms-wordpress – Ressource.jpg,MOVE,READY,03_RESSOURCES -> 02_Ressources,image/jpeg,64733
1dWkxTzQSOkyoMhHINn_W1Wz7RvfBwtiI,2025-02-10 – Academy-lms-plugin-wordpress-cours-en-ligne – Ressource.jpg,03_RESSOURCES/05_Outils-Documentation/2025-02-10 – Academy-lms-plugin-wordpress-cours-en-ligne – Ressource.jpg,02_Ressources/05_Outils-Documentation/2025-02-10 – Academy-lms-plugin-wordpress-cours-en-ligne – Ressource.jpg,MOVE,READY,03_RESSOURCES -> 02_Ressources,image/jpeg,180279
1crs6ghHbkEBYLh36dyIIt_1CW-GVClbl,2025-02-10 – Academy-lms-plugin-wordpress-lms – Ressource.jpg,03_RESSOURCES/05_Outils-Documentation/2025-02-10 – Academy-lms-plugin-wordpress-lms – Ressource.jpg,02_Ressources/05_Outils-Documentation/2025-02-10 – Academy-lms-plugin-wordpress-lms – Ressource.jpg,MOVE,READY,03_RESSOURCES -> 02_Ressources,image/jpeg,255054
1cGM6h4bpmvooRYgtdV3pjthKdT0tlUz6,2025-02-03 – Latepoint-wordpress-booking-plugin – Ressource.jpg,03_RESSOURCES/05_Outils-Documentation/2025-02-03 – Latepoint-wordpress-booking-plugin – Ressource.jpg,02_Ressources/05_Outils-Documentation/2025-02-03 – Latepoint-wordpress-booking-plugin – Ressource.jpg,MOVE,READY,03_RESSOURCES -> 02_Ressources,image/jpeg,243226
184Lmb4Yzx47lJgsA0zzDo_o7XTDyyY30,2025-12-29 – Elementor-6772-2025-03-10 – Ressource.json,03_RESSOURCES/05_Outils-Documentation/2025-12-29 – Elementor-6772-2025-03-10 – Ressource.json,02_Ressources/05_Outils-Documentation/2025-12-29 – Elementor-6772-2025-03-10 – Ressource.json,MOVE,READY,03_RESSOURCES -> 02_Ressources,application/json,20238
18rtaPQVcLdsVNFCQCOpPBRjmCM1s57k4mhkk28ALJwU,2025-09-04 – Générateur de Stratégie de Contenu >> Créer une Copie pour Éditer << – Ressource,03_RESSOURCES/05_Outils-Documentation/2025-09-04 – Générateur de Stratégie de Contenu >> Créer une Copie pour Éditer << – Ressource,02_Ressources/05_Outils-Documentation/2025-09-04 – Générateur de Stratégie de Contenu >> Créer une Copie pour Éditer << – Ressource,MOVE,READY,03_RESSOURCES -> 02_Ressources,application/vnd.google-apps.spreadsheet,30649
1cygZwJxpJq20ARJZgzR_d39CCqclmDLh0F4vPC4GH9A,2024-09-03 – Formation WordPress en ligne Maîtrisez WordPress en 2024 – Ressource,03_RESSOURCES/05_Outils-Documentation/2024-09-03 – Formation WordPress en ligne Maîtrisez WordPress en 2024 – Ressource,02_Ressources/05_Outils-Documentation/2024-09-03 – Formation WordPress en ligne Maîtrisez WordPress en 2024 – Ressource,MOVE,READY,03_RESSOURCES -> 02_Ressources,application/vnd.google-apps.document,18036
1p-LB1XR_rTAKPcvfFqiLB6uLdUKuZ-brGq18TlQYUMA,2023-08-17 – Microthemer Éditeur CSS visuel pour WordPress Personnalisez facilement votre ... – Ressource,03_RESSOURCES/05_Outils-Documentation/2023-08-17 – Microthemer Éditeur CSS visuel pour WordPress Personnalisez facilement votre ... – Ressource,02_Ressources/05_Outils-Documentation/2023-08-17 – Microthemer Éditeur CSS visuel pour WordPress Personnalisez facilement votre ... – Ressource,MOVE,READY,03_RESSOURCES -> 02_Ressources,application/vnd.google-apps.document,1264
1j6hdx8Q_T_5ApRvvtoweMUsZ8hOTLy92yzmDT_rx-KE,2022-08-07 – Flux RSS Produits | Formations – Ressource,03_RESSOURCES/04_Methodes/2022-08-07 – Flux RSS Produits | Formations – Ressource,02_Ressources/04_Methodes/2022-08-07 – Flux RSS Produits | Formations – Ressource,MOVE,READY,03_RESSOURCES -> 02_Ressources,application/vnd.google-apps.spreadsheet,1024
1rZTJjIHnbw6TZP8WM0L7KWX5LoJrfBGwqfj5_c1-n9g,2025-06-12 – YouTube To Facebook Post – Ressource,03_RESSOURCES/04_Methodes/2025-06-12 – YouTube To Facebook Post – Ressource,02_Ressources/04_Methodes/2025-06-12 – YouTube To Facebook Post – Ressource,MOVE,READY,03_RESSOURCES -> 02_Ressources,application/vnd.google-apps.spreadsheet,2405
1nYDd9tZoY5V3jGc65tCYyS5Bpk30WclxhrfG3_Q2p4k,2025-06-09 – WORKBOOK Diogale Formation offerte 5 jours – Ressource,03_RESSOURCES/04_Methodes/2025-06-09 – WORKBOOK Diogale Formation offerte 5 jours – Ressource,02_Ressources/04_Methodes/2025-06-09 – WORKBOOK Diogale Formation offerte 5 jours – Ressource,MOVE,READY,03_RESSOURCES -> 02_Ressources,application/vnd.google-apps.document,340286
1UDiY20HValA26wQ5wou0ekGXIiXRbTJXo5Bj6n0B-7w,2025-09-11 – Ressources formation Cold Mailing – Ressource,03_RESSOURCES/04_Methodes/2025-09-11 – Ressources formation Cold Mailing – Ressource,02_Ressources/04_Methodes/2025-09-11 – Ressources formation Cold Mailing – Ressource,MOVE,READY,03_RESSOURCES -> 02_Ressources,application/vnd.google-apps.document,2651
181SZ2EZFIugk6molHknqlvx0pXlSmM768-upoKiWxSg,2024-05-03 – Google Analytics Vers Google Sheets michaelkihl – Ressource,03_RESSOURCES/06_Inspirations/2024-05-03 – Google Analytics Vers Google Sheets michaelkihl – Ressource,99_Archives/Inspirations/2024-05-03 – Google Analytics Vers Google Sheets michaelkihl – Ressource,MOVE,READY,Inspirations (2.1 Go) -> archive,application/vnd.google-apps.spreadsheet,6898
1pkteMCsQNzIQ7RpYzCuGNRyOqwBFILDiG93yMrhuLO0,2025-01-11 – Enregistrer les pièces jointes d'un e-mail dans Google Sheets et Google Drive – Ressource,03_RESSOURCES/06_Inspirations/2025-01-11 – Enregistrer les pièces jointes d'un e-mail dans Google Sheets et Google Drive – Ressource,99_Archives/Inspirations/2025-01-11 – Enregistrer les pièces jointes d'un e-mail dans Google Sheets et Google Drive – Ressource,MOVE,READY,Inspirations (2.1 Go) -> archive,application/vnd.google-apps.spreadsheet,1024
1Lmz3W_ngxpkJ5xFtgUpenii4Yw0QFB6WvOpJvCPZlKA,2022-01-08 – Traduction – Ressource,03_RESSOURCES/06_Inspirations/2022-01-08 – Traduction – Ressource,99_Archives/Inspirations/2022-01-08 – Traduction – Ressource,MOVE,READY,Inspirations (2.1 Go) -> archive,application/vnd.google-apps.spreadsheet,1024
1m4RrfSV0LiitM9tVE4-RFlXlVRMb9OYnLK9yqQ3JJbw,2024-05-03 – Google Analytics Vers Google Sheets mon-mini-electro – Ressource,03_RESSOURCES/06_Inspirations/2024-05-03 – Google Analytics Vers Google Sheets mon-mini-electro – Ressource,99_Archives/Inspirations/2024-05-03 – Google Analytics Vers Google Sheets mon-mini-electro – Ressource,MOVE,READY,Inspirations (2.1 Go) -> archive,application/vnd.google-apps.spreadsheet,1024
15l5hNYO3wRr7LClGtumaUVoa288WkK2f4vrZ8X6ZZBY,2021-12-23 – Flux RSS Logiciels – Ressource,03_RESSOURCES/06_Inspirations/2021-12-23 – Flux RSS Logiciels – Ressource,99_Archives/Inspirations/2021-12-23 – Flux RSS Logiciels – Ressource,MOVE,READY,Inspirations (2.1 Go) -> archive,application/vnd.google-apps.spreadsheet,1024
1APutG1OOHWsbkZIDQYN8rS8WftzYWk1251hpB-pUE4Y,2024-05-03 – Google Analytics Vers Google Sheets schoolsWP – Ressource,03_RESSOURCES/06_Inspirations/2024-05-03 – Google Analytics Vers Google Sheets schoolsWP – Ressource,99_Archives/Inspirations/2024-05-03 – Google Analytics Vers Google Sheets schoolsWP – Ressource,MOVE,READY,Inspirations (2.1 Go) -> archive,application/vnd.google-apps.spreadsheet,1024
13EoIznYMNp53L2_F4PRvcvrFNx68yf7e,2022-05-04 – ZqZcgp4wR4Sp62mhPldh+4mQWIahaHc3DCKB+zircz8= – Ressource,03_RESSOURCES/06_Inspirations/2022-05-04 – ZqZcgp4wR4Sp62mhPldh+4mQWIahaHc3DCKB+zircz8= – Ressource,99_Archives/Inspirations/2022-05-04 – ZqZcgp4wR4Sp62mhPldh+4mQWIahaHc3DCKB+zircz8= – Ressource,MOVE,READY,Inspirations (2.1 Go) -> archive,application/octet-stream,0
1U46aAEr4QLLdr_-ZHon_PNKIVXlkpw9Fxf1v19l90h4,2025-11-25 – GSC Envoyer le sitemap chaque jour schoolsWP – Ressource,03_RESSOURCES/06_Inspirations/2025-11-25 – GSC Envoyer le sitemap chaque jour schoolsWP – Ressource,99_Archives/Inspirations/2025-11-25 – GSC Envoyer le sitemap chaque jour schoolsWP – Ressource,MOVE,READY,Inspirations (2.1 Go) -> archive,application/vnd.google-apps.spreadsheet,1024
1p4UvreIA41tvVW7giwcfpdyI4HccRfou3jqq5gCMTiE,2025-11-25 – GSC Erreur de plans du site schoolsWP – Ressource,03_RESSOURCES/06_Inspirations/2025-11-25 – GSC Erreur de plans du site schoolsWP – Ressource,99_Archives/Inspirations/2025-11-25 – GSC Erreur de plans du site schoolsWP – Ressource,MOVE,READY,Inspirations (2.1 Go) -> archive,application/vnd.google-apps.spreadsheet,2063
1t9ucmKljyB8qVsh2upFM5feWN0C-VUn6Pc8hUesRizw,2024-10-26 – Récupérer les statistiques des réseaux sociaux – Ressource,03_RESSOURCES/06_Inspirations/2024-10-26 – Récupérer les statistiques des réseaux sociaux – Ressource,99_Archives/Inspirations/2024-10-26 – Récupérer les statistiques des réseaux sociaux – Ressource,MOVE,READY,Inspirations (2.1 Go) -> archive,application/vnd.google-apps.spreadsheet,5242
1xvqqv8p21Cqt_lG5DbCQx-2yxrDu7SvjagGicpyFuro,2025-02-21 – Nouvel Article Google Sheet – Ressource,03_RESSOURCES/06_Inspirations/2025-02-21 – Nouvel Article Google Sheet – Ressource,99_Archives/Inspirations/2025-02-21 – Nouvel Article Google Sheet – Ressource,MOVE,READY,Inspirations (2.1 Go) -> archive,application/vnd.google-apps.spreadsheet,74453
1hnhFK4R-PbPEyLcbwQ_jxwWIFqLkTbblHOS_vzj5T4c,2025-07-02 – Flux RSS vers les messages des médias sociaux – Ressource,03_RESSOURCES/06_Inspirations/2025-07-02 – Flux RSS vers les messages des médias sociaux – Ressource,99_Archives/Inspirations/2025-07-02 – Flux RSS vers les messages des médias sociaux – Ressource,MOVE,READY,Inspirations (2.1 Go) -> archive,application/vnd.google-apps.spreadsheet,1024
1UK-k9i9W4x3rpaKP3MbZY0hDUsPvMF0jzpOESRdNcd0,2025-12-30 – Agent de réponse intelligente – Ressource,03_RESSOURCES/06_Inspirations/2025-12-30 – Agent de réponse intelligente – Ressource,99_Archives/Inspirations/2025-12-30 – Agent de réponse intelligente – Ressource,MOVE,READY,Inspirations (2.1 Go) -> archive,application/vnd.google-apps.document,1024
19u9uVnYqdCYCXLGbG8kxWpc5KnOhRJ29if-8sRpoJz8,2025-07-16 – Thruuu cluster report VIERGE – Ressource,03_RESSOURCES/06_Inspirations/2025-07-16 – Thruuu cluster report VIERGE – Ressource,99_Archives/Inspirations/2025-07-16 – Thruuu cluster report VIERGE – Ressource,MOVE,READY,Inspirations (2.1 Go) -> archive,application/vnd.google-apps.spreadsheet,23493
1HxnQVuN4y00CErIC2AA8QbDc1DEyWY9gmrT1I9gGjvo,2025-12-18 – Mes contacts – Ressource,03_RESSOURCES/06_Inspirations/2025-12-18 – Mes contacts – Ressource,99_Archives/Inspirations/2025-12-18 – Mes contacts – Ressource,MOVE,READY,Inspirations (2.1 Go) -> archive,application/vnd.google-apps.document,1024
12w15NiWCMLg_WoZxBZk2aqPKcybygiPTJV1A6A6mh3Y,2023-11-12 – SOSOON  TWEET EXPRESS share – Ressource,03_RESSOURCES/06_Inspirations/2023-11-12 – SOSOON  TWEET EXPRESS share – Ressource,99_Archives/Inspirations/2023-11-12 – SOSOON  TWEET EXPRESS share – Ressource,MOVE,READY,Inspirations (2.1 Go) -> archive,application/vnd.google-apps.spreadsheet,2981
1tcojytAmdv6UUwRr-CZn97rtf-xoqX9kseNU1tyI-hg,2025-05-01 – Trouver des Niches – Ressource,03_RESSOURCES/06_Inspirations/2025-05-01 – Trouver des Niches – Ressource,99_Archives/Inspirations/2025-05-01 – Trouver des Niches – Ressource,MOVE,READY,Inspirations (2.1 Go) -> archive,application/vnd.google-apps.spreadsheet,62747
1FaAeRluLiIlO9wB76agT11sPIMRmaCw7a75Vtj_olFE,2025-05-01 – Idées de Niches – Ressource,03_RESSOURCES/06_Inspirations/2025-05-01 – Idées de Niches – Ressource,99_Archives/Inspirations/2025-05-01 – Idées de Niches – Ressource,MOVE,READY,Inspirations (2.1 Go) -> archive,application/vnd.google-apps.spreadsheet,3982
1f2wQhAb6yEoVdOlHHSt74q48FvIOK2gCdAD0C3HOCWo,2025-05-02 – Etude Concurrence – Ressource,03_RESSOURCES/06_Inspirations/2025-05-02 – Etude Concurrence – Ressource,99_Archives/Inspirations/2025-05-02 – Etude Concurrence – Ressource,MOVE,READY,Inspirations (2.1 Go) -> archive,application/vnd.google-apps.spreadsheet,3894
1nlU8t5POopQL3Bf_bsEHVfw2NeR540QgamDPail4YwA,2025-05-03 – Etape 0 Metafields – Ressource,03_RESSOURCES/06_Inspirations/2025-05-03 – Etape 0 Metafields – Ressource,99_Archives/Inspirations/2025-05-03 – Etape 0 Metafields – Ressource,MOVE,READY,Inspirations (2.1 Go) -> archive,application/vnd.google-apps.spreadsheet,1924
1LbblkjiJavvgWU-6-BdSJH60ZPHtgiMu_r-9ZMIbKCU,2025-05-03 – Product – Ressource,03_RESSOURCES/06_Inspirations/2025-05-03 – Product – Ressource,99_Archives/Inspirations/2025-05-03 – Product – Ressource,MOVE,READY,Inspirations (2.1 Go) -> archive,application/vnd.google-apps.document,12238
1HP3MDgzkBnSN0wEii2CqSg_wwWCQJeLmP4E2d6GRR8c,2025-05-03 – Collection – Ressource,03_RESSOURCES/06_Inspirations/2025-05-03 – Collection – Ressource,99_Archives/Inspirations/2025-05-03 – Collection – Ressource,MOVE,READY,Inspirations (2.1 Go) -> archive,application/vnd.google-apps.document,6692
1TOyoNRckKNqhdMJwoDZMwQgXP77dyXBE0LcOOnnbxLg,2025-05-03 – Index – Ressource,03_RESSOURCES/06_Inspirations/2025-05-03 – Index – Ressource,99_Archives/Inspirations/2025-05-03 – Index – Ressource,MOVE,READY,Inspirations (2.1 Go) -> archive,application/vnd.google-apps.document,17572
1P4ln1MpmPvg3xR-Vl8gvfOP0JoUMyMDb9mx5RGCgj_E,2025-05-07 – Etape préliminaire de création des produits Printify – Ressource,03_RESSOURCES/06_Inspirations/2025-05-07 – Etape préliminaire de création des produits Printify – Ressource,99_Archives/Inspirations/2025-05-07 – Etape préliminaire de création des produits Printify – Ressource,MOVE,READY,Inspirations (2.1 Go) -> archive,application/vnd.google-apps.spreadsheet,124138
1nAobei-yr7U4mfmUrzQKXo0khA5IYmiQnH6I8qAoQDY,2025-05-08 – Création des produits – Ressource,03_RESSOURCES/06_Inspirations/2025-05-08 – Création des produits – Ressource,99_Archives/Inspirations/2025-05-08 – Création des produits – Ressource,MOVE,READY,Inspirations (2.1 Go) -> archive,application/vnd.google-apps.spreadsheet,5829
1wSribya4CRys2qTCLe9PfAKvkylyzG3JyKJendvS6eI,2025-05-09 – Etape 3 Setup – Ressource,03_RESSOURCES/06_Inspirations/2025-05-09 – Etape 3 Setup – Ressource,99_Archives/Inspirations/2025-05-09 – Etape 3 Setup – Ressource,MOVE,READY,Inspirations (2.1 Go) -> archive,application/vnd.google-apps.spreadsheet,10438
1OOjGWTmlWBbyVyjYFI8nBlDvEYdo4XVWPFdM3M4PZuA,2025-05-09 – Etape 2 Création collections + Menu Haut – Ressource,03_RESSOURCES/06_Inspirations/2025-05-09 – Etape 2 Création collections + Menu Haut – Ressource,99_Archives/Inspirations/2025-05-09 – Etape 2 Création collections + Menu Haut – Ressource,MOVE,READY,Inspirations (2.1 Go) -> archive,application/vnd.google-apps.spreadsheet,5599
16Yw_8wz7ywxHfU46rWa05zoT7V43rGkWxSiYjfwSqjI,"2025-05-09 – Etape 1 Menu Footer, Header, Footer, Pages (avec Script), politiques légales – Ressource","03_RESSOURCES/06_Inspirations/2025-05-09 – Etape 1 Menu Footer, Header, Footer, Pages (avec Script), politiques légales – Ressource","99_Archives/Inspirations/2025-05-09 – Etape 1 Menu Footer, Header, Footer, Pages (avec Script), politiques légales – Ressource",MOVE,READY,Inspirations (2.1 Go) -> archive,application/vnd.google-apps.spreadsheet,10514
1KrKhVZzqn4kwjsqlU2s9-Uw4nLuuh2vAYJNd3RgrmfI,2025-05-15 – Préparation de l'automatisation Fiches Produits KURA – Ressource,03_RESSOURCES/06_Inspirations/2025-05-15 – Préparation de l'automatisation Fiches Produits KURA – Ressource,99_Archives/Inspirations/2025-05-15 – Préparation de l'automatisation Fiches Produits KURA – Ressource,MOVE,READY,Inspirations (2.1 Go) -> archive,application/vnd.google-apps.spreadsheet,6948
140crLlJSi4t-nIrluFdpPQ1lagK3ql8bj0azPENHfv4,2025-05-16 – Script Variantes – Ressource,03_RESSOURCES/06_Inspirations/2025-05-16 – Script Variantes – Ressource,99_Archives/Inspirations/2025-05-16 – Script Variantes – Ressource,MOVE,READY,Inspirations (2.1 Go) -> archive,application/vnd.google-apps.spreadsheet,1024
1zLYZBgLP_g1r_HND92Bu7MzNyKft_KOrlDB7eu6xm9Q,2025-05-17 – Texte collections Kura Japan – Ressource,03_RESSOURCES/06_Inspirations/2025-05-17 – Texte collections Kura Japan – Ressource,99_Archives/Inspirations/2025-05-17 – Texte collections Kura Japan – Ressource,MOVE,READY,Inspirations (2.1 Go) -> archive,application/vnd.google-apps.spreadsheet,21460
1z_oPUswXyIiuP4Bu_uthWWjnCVBnq94J8oa5AEFGU7Y,2025-05-22 – Branding du site Génération Images – Ressource,03_RESSOURCES/06_Inspirations/2025-05-22 – Branding du site Génération Images – Ressource,99_Archives/Inspirations/2025-05-22 – Branding du site Génération Images – Ressource,MOVE,READY,Inspirations (2.1 Go) -> archive,application/vnd.google-apps.spreadsheet,13345
1bxcB7aOpVtcchT2ENssUaPsM1plKufvugL7J1EzrpFM,2025-05-22 – Images nécessaires pour le setup de Xclusive – Ressource,03_RESSOURCES/06_Inspirations/2025-05-22 – Images nécessaires pour le setup de Xclusive – Ressource,99_Archives/Inspirations/2025-05-22 – Images nécessaires pour le setup de Xclusive – Ressource,MOVE,READY,Inspirations (2.1 Go) -> archive,application/vnd.google-apps.spreadsheet,2866
1CV6-A-_mLoTOUENpKm0zdm9oG-OHhDK4EkezpfBU5bY,2025-07-18 – [ORIGINAL] Articles de blog – Ressource,03_RESSOURCES/06_Inspirations/2025-07-18 – [ORIGINAL] Articles de blog – Ressource,99_Archives/Inspirations/2025-07-18 – [ORIGINAL] Articles de blog – Ressource,MOVE,READY,Inspirations (2.1 Go) -> archive,application/vnd.google-apps.spreadsheet,13190
1yCg-sGj2P4hMdIHyfNJAAfZuZy8FOPYtJSuh5UpZeJM,2025-07-18 – [ORIGINAL] FEUILLE CALCUL TRADUCTION – Ressource,03_RESSOURCES/06_Inspirations/2025-07-18 – [ORIGINAL] FEUILLE CALCUL TRADUCTION – Ressource,99_Archives/Inspirations/2025-07-18 – [ORIGINAL] FEUILLE CALCUL TRADUCTION – Ressource,MOVE,READY,Inspirations (2.1 Go) -> archive,application/vnd.google-apps.spreadsheet,1024
18tXtUN78abqobsmVWBxRl8lGSeIUVDgASS7AXqua6DU,2025-08-14 – Ressources Affiliés – Ressource,03_RESSOURCES/06_Inspirations/2025-08-14 – Ressources Affiliés – Ressource,99_Archives/Inspirations/2025-08-14 – Ressources Affiliés – Ressource,MOVE,READY,Inspirations (2.1 Go) -> archive,application/vnd.google-apps.document,4135
1HqKMwxFhREMqLmLxIlcAow0mSwG3-ZxKzA2WDJwDNB4,2025-05-02 – Etude Gemini Fournisseurs Dropshipping et POD – Ressource,03_RESSOURCES/06_Inspirations/2025-05-02 – Etude Gemini Fournisseurs Dropshipping et POD – Ressource,99_Archives/Inspirations/2025-05-02 – Etude Gemini Fournisseurs Dropshipping et POD – Ressource,MOVE,READY,Inspirations (2.1 Go) -> archive,application/vnd.google-apps.document,19844
15wU8A2hGU4FECCy0ysJrD4JFVBkyi3LBPQjtMFfAmI4,2025-05-02 – Etude mots clés et Structure site – Ressource,03_RESSOURCES/06_Inspirations/2025-05-02 – Etude mots clés et Structure site – Ressource,99_Archives/Inspirations/2025-05-02 – Etude mots clés et Structure site – Ressource,MOVE,READY,Inspirations (2.1 Go) -> archive,application/vnd.google-apps.spreadsheet,450736
1w-aDs7YhFzp06ZGgtV-1R8pyc9ZdaTfjncd2HNn4-rQ,2025-01-07 – Mots-clés business – Ressource,03_RESSOURCES/06_Inspirations/2025-01-07 – Mots-clés business – Ressource,99_Archives/Inspirations/2025-01-07 – Mots-clés business – Ressource,MOVE,READY,Inspirations (2.1 Go) -> archive,application/vnd.google-apps.document,2141
14R4P3QEtRu-AY2nNmOwKis_N9Qjsxthm-DpTZtzpEsE,2024-10-04 – Mini-pack 3 scripts de podcast à personnaliser GREEN SLOW AGENCY – Ressource,03_RESSOURCES/06_Inspirations/2024-10-04 – Mini-pack 3 scripts de podcast à personnaliser GREEN SLOW AGENCY – Ressource,99_Archives/Inspirations/2024-10-04 – Mini-pack 3 scripts de podcast à personnaliser GREEN SLOW AGENCY – Ressource,MOVE,READY,Inspirations (2.1 Go) -> archive,application/vnd.google-apps.document,18021
1QDvADQ0ldMZ67laWyRF4JHlouoz0AOpDpmqgt6WHclY,2023-07-27 – ORIGINAL | A2 Objectifs de la refonte – Ressource,03_RESSOURCES/06_Inspirations/2023-07-27 – ORIGINAL | A2 Objectifs de la refonte – Ressource,99_Archives/Inspirations/2023-07-27 – ORIGINAL | A2 Objectifs de la refonte – Ressource,MOVE,READY,Inspirations (2.1 Go) -> archive,application/vnd.google-apps.spreadsheet,1187
1MKIva2lL5BcL0AIkJE1Q71koOrKQYrMXtD8jHc6igtQ,2023-07-27 – ORIGINAL | A3 Audit du site existant – Ressource,03_RESSOURCES/06_Inspirations/2023-07-27 – ORIGINAL | A3 Audit du site existant – Ressource,99_Archives/Inspirations/2023-07-27 – ORIGINAL | A3 Audit du site existant – Ressource,MOVE,READY,Inspirations (2.1 Go) -> archive,application/vnd.google-apps.spreadsheet,1024
1YazDrzyxcg1vUheK972fPdOjFQqgSlzDSxsbK8_Jvq4,2023-07-27 – ORIGINAL | A4 Déterminer la cible de la refonte – Ressource,03_RESSOURCES/06_Inspirations/2023-07-27 – ORIGINAL | A4 Déterminer la cible de la refonte – Ressource,99_Archives/Inspirations/2023-07-27 – ORIGINAL | A4 Déterminer la cible de la refonte – Ressource,MOVE,READY,Inspirations (2.1 Go) -> archive,application/vnd.google-apps.spreadsheet,1024
1oEnP_m0azLoGkr9jszC3lS8yDY87JXmCd7wyCBXWjL4,2023-07-27 – ORIGINAL | A5 Prioriser les objectifs – Ressource,03_RESSOURCES/06_Inspirations/2023-07-27 – ORIGINAL | A5 Prioriser les objectifs – Ressource,99_Archives/Inspirations/2023-07-27 – ORIGINAL | A5 Prioriser les objectifs – Ressource,MOVE,READY,Inspirations (2.1 Go) -> archive,application/vnd.google-apps.spreadsheet,1338
1JIZfpapbiKropfk2cNSkTZXmDF1e7nWumS9_BKGIZgg,2023-07-28 – ORIGINAL | Fiche suivi Michaël K. – Ressource,03_RESSOURCES/06_Inspirations/2023-07-28 – ORIGINAL | Fiche suivi Michaël K. – Ressource,99_Archives/Inspirations/2023-07-28 – ORIGINAL | Fiche suivi Michaël K. – Ressource,MOVE,READY,Inspirations (2.1 Go) -> archive,application/vnd.google-apps.spreadsheet,3216
1bhmeb2uawTE4JL-buictWJPvfPu5VIVlDEWB3RE-VOc,2023-07-31 – ORIGINAL | Pricing System – Ressource,03_RESSOURCES/06_Inspirations/2023-07-31 – ORIGINAL | Pricing System – Ressource,99_Archives/Inspirations/2023-07-31 – ORIGINAL | Pricing System – Ressource,MOVE,READY,Inspirations (2.1 Go) -> archive,application/vnd.google-apps.spreadsheet,6151
1g9DLjVFncnd883aREFboPrPls6qIltQl,2023-08-07 – Guide gratuit Avoir un site internet générateur de leads en 2023 – Ressource.docx,03_RESSOURCES/06_Inspirations/2023-08-07 – Guide gratuit Avoir un site internet générateur de leads en 2023 – Ressource.docx,99_Archives/Inspirations/2023-08-07 – Guide gratuit Avoir un site internet générateur de leads en 2023 – Ressource.docx,MOVE,READY,Inspirations (2.1 Go) -> archive,application/vnd.openxmlformats-officedocument.wordprocessingml.document,29650492
1y-IxbAfYd0YO9WIsgJyRpt6lWc6_qGmiFOfWTiM4RvI,2023-10-12 – Objections – Ressource,03_RESSOURCES/06_Inspirations/2023-10-12 – Objections – Ressource,99_Archives/Inspirations/2023-10-12 – Objections – Ressource,MOVE,READY,Inspirations (2.1 Go) -> archive,application/vnd.google-apps.spreadsheet,9253
1G3S-e2aukXmSWJDsHKR0cFx6V08J4p4pDIQwn6itfz8,2023-11-24 – Document type X meilleurs Y – Ressource,03_RESSOURCES/06_Inspirations/2023-11-24 – Document type X meilleurs Y – Ressource,99_Archives/Inspirations/2023-11-24 – Document type X meilleurs Y – Ressource,MOVE,READY,Inspirations (2.1 Go) -> archive,application/vnd.google-apps.document,131242
1PaC5VuyX14Y0iQYWExtwclxdW6KIMOBeQ1zT-yMtTkw,"2023-11-24 – Document type ""Avis sur X"" – Ressource","03_RESSOURCES/06_Inspirations/2023-11-24 – Document type ""Avis sur X"" – Ressource","99_Archives/Inspirations/2023-11-24 – Document type ""Avis sur X"" – Ressource",MOVE,READY,Inspirations (2.1 Go) -> archive,application/vnd.google-apps.document,131052
12tWrBkOE5vmY4EpCRRSXsrRZBeylKoOGdAOVx0rILs8,2024-01-06 – ORIGINAL | Suivi KPI et feedbacks CC – Ressource,03_RESSOURCES/06_Inspirations/2024-01-06 – ORIGINAL | Suivi KPI et feedbacks CC – Ressource,99_Archives/Inspirations/2024-01-06 – ORIGINAL | Suivi KPI et feedbacks CC – Ressource,MOVE,READY,Inspirations (2.1 Go) -> archive,application/vnd.google-apps.spreadsheet,2528
1iPjpcMwtH-d5vzNuWkK7fp7UDdKpwwYSKZ4VVX1AN1A,2024-01-06 – ORIGINAL | Document type X vs Y – Ressource,03_RESSOURCES/06_Inspirations/2024-01-06 – ORIGINAL | Document type X vs Y – Ressource,99_Archives/Inspirations/2024-01-06 – ORIGINAL | Document type X vs Y – Ressource,MOVE,READY,Inspirations (2.1 Go) -> archive,application/vnd.google-apps.document,131424
1_pvd_gDhr9AWOIKWm1GshwDQi_Dw56c6TlkRpwNmXgQ,2024-02-02 – [ORIGINAL] Lettre challenge – Ressource,03_RESSOURCES/06_Inspirations/2024-02-02 – [ORIGINAL] Lettre challenge – Ressource,99_Archives/Inspirations/2024-02-02 – [ORIGINAL] Lettre challenge – Ressource,MOVE,READY,Inspirations (2.1 Go) -> archive,application/vnd.google-apps.document,2952033
1ijKRkQPFrfR4D2tOfewJ1VlQaH7iHkvRua6uQslDaaA,2024-03-18 – [ORIGINAL] Référentiel de Recherche de Mots-clés Mayboutik – Ressource,03_RESSOURCES/06_Inspirations/2024-03-18 – [ORIGINAL] Référentiel de Recherche de Mots-clés Mayboutik – Ressource,99_Archives/Inspirations/2024-03-18 – [ORIGINAL] Référentiel de Recherche de Mots-clés Mayboutik – Ressource,MOVE,READY,Inspirations (2.1 Go) -> archive,application/vnd.google-apps.spreadsheet,15958
1uJaZ7f9P-HuHSFCSHQheNuYXWMgVlgTg,2024-03-21 – [ORIGINAL] Rédigez vos règles serveur – Ressource.docx,03_RESSOURCES/06_Inspirations/2024-03-21 – [ORIGINAL] Rédigez vos règles serveur – Ressource.docx,99_Archives/Inspirations/2024-03-21 – [ORIGINAL] Rédigez vos règles serveur – Ressource.docx,MOVE,READY,Inspirations (2.1 Go) -> archive,application/vnd.openxmlformats-officedocument.wordprocessingml.document,22530
1hopmmxBNEQVD_OKL1FwwogSUI3ghV11T,2024-03-21 – [ORIGINAL] Rédigez vos guides Discord – Ressource.docx,03_RESSOURCES/06_Inspirations/2024-03-21 – [ORIGINAL] Rédigez vos guides Discord – Ressource.docx,99_Archives/Inspirations/2024-03-21 – [ORIGINAL] Rédigez vos guides Discord – Ressource.docx,MOVE,READY,Inspirations (2.1 Go) -> archive,application/vnd.openxmlformats-officedocument.wordprocessingml.document,21857
1S0bNbZlX43g2IwOs9SpLpq2--eeZa88Vrcy0pa72gc0,2024-03-28 – [ORIGINAL] 21 Types de Bullet Points – Ressource,03_RESSOURCES/06_Inspirations/2024-03-28 – [ORIGINAL] 21 Types de Bullet Points – Ressource,99_Archives/Inspirations/2024-03-28 – [ORIGINAL] 21 Types de Bullet Points – Ressource,MOVE,READY,Inspirations (2.1 Go) -> archive,application/vnd.google-apps.document,18078
1OLNfLlQtR0V5Kd0ALzXKX9-sIg5hB8661zEWU7x1kY4,2024-04-23 – [ORIGINAL] Générateur de plan de redirections – Ressource,03_RESSOURCES/06_Inspirations/2024-04-23 – [ORIGINAL] Générateur de plan de redirections – Ressource,99_Archives/Inspirations/2024-04-23 – [ORIGINAL] Générateur de plan de redirections – Ressource,MOVE,READY,Inspirations (2.1 Go) -> archive,application/vnd.google-apps.spreadsheet,261473
18otMVx3DAQYbETWNBXSjYjHKOSv39iT5,2024-05-02 – [ORIGINAL] Liste exemple – Ressource.xlsx,03_RESSOURCES/06_Inspirations/2024-05-02 – [ORIGINAL] Liste exemple – Ressource.xlsx,99_Archives/Inspirations/2024-05-02 – [ORIGINAL] Liste exemple – Ressource.xlsx,MOVE,READY,Inspirations (2.1 Go) -> archive,application/vnd.openxmlformats-officedocument.spreadsheetml.sheet,6488
19OlVefqeYUWqWRAt73j3AIw7ZOEhKYCzdZhKdkxcCws,2024-05-04 – [ORIGINAL] URL LEROYNICOLAS – Ressource,03_RESSOURCES/06_Inspirations/2024-05-04 – [ORIGINAL] URL LEROYNICOLAS – Ressource,99_Archives/Inspirations/2024-05-04 – [ORIGINAL] URL LEROYNICOLAS – Ressource,MOVE,READY,Inspirations (2.1 Go) -> archive,application/vnd.google-apps.spreadsheet,7676
1K8FABVvm19Dm-BeCKxjmxhMfQMlFUdZEQRyQAkmO1ZA,2025-04-12 – [ORIGINAL] Suivi KPI et feedbacks CC – Ressource,03_RESSOURCES/06_Inspirations/2025-04-12 – [ORIGINAL] Suivi KPI et feedbacks CC – Ressource,99_Archives/Inspirations/2025-04-12 – [ORIGINAL] Suivi KPI et feedbacks CC – Ressource,MOVE,READY,Inspirations (2.1 Go) -> archive,application/vnd.google-apps.spreadsheet,2529
1JhT_kKa1cmkU5ImHyicRYx_XXKHLFS4KeusuRQQvsMw,2025-04-13 – [ORIGINAL] Gestion prospect – Ressource,03_RESSOURCES/06_Inspirations/2025-04-13 – [ORIGINAL] Gestion prospect – Ressource,99_Archives/Inspirations/2025-04-13 – [ORIGINAL] Gestion prospect – Ressource,MOVE,READY,Inspirations (2.1 Go) -> archive,application/vnd.google-apps.spreadsheet,43048
1NydPifP3u0Vn15gzEs-VvcS2AejxfFLs61ahG5G8i_s,2025-04-13 – [ORIGINAL] MCCF APPORT D'AFFAIRES – Ressource,03_RESSOURCES/06_Inspirations/2025-04-13 – [ORIGINAL] MCCF APPORT D'AFFAIRES – Ressource,99_Archives/Inspirations/2025-04-13 – [ORIGINAL] MCCF APPORT D'AFFAIRES – Ressource,MOVE,READY,Inspirations (2.1 Go) -> archive,application/vnd.google-apps.spreadsheet,2337
1Ogc9D5qgHAJuUq6SUzOyswgIMun6BrjABG_NVru5JNs,2025-04-13 – [ORIGINAL] MCCF Suivi Marketing – Ressource,03_RESSOURCES/06_Inspirations/2025-04-13 – [ORIGINAL] MCCF Suivi Marketing – Ressource,99_Archives/Inspirations/2025-04-13 – [ORIGINAL] MCCF Suivi Marketing – Ressource,MOVE,READY,Inspirations (2.1 Go) -> archive,application/vnd.google-apps.spreadsheet,3917
1bVAcky391wjffSZdbFFZ_9Q69ZLLneeF1MDCCxLmFbA,2025-05-26 – Thruuu cluster report Intelligence Artificielle LIVEMENTOR FORMULA – Ressource,03_RESSOURCES/06_Inspirations/2025-05-26 – Thruuu cluster report Intelligence Artificielle LIVEMENTOR FORMULA – Ressource,99_Archives/Inspirations/2025-05-26 – Thruuu cluster report Intelligence Artificielle LIVEMENTOR FORMULA – Ressource,MOVE,READY,Inspirations (2.1 Go) -> archive,application/vnd.google-apps.spreadsheet,23973
15JX5ZnLslGQtAg9mEKBIpc529gfi7FDv-F-gcm-EBgw,2025-05-28 – Thruuu cluster report mega cluster – Ressource,03_RESSOURCES/06_Inspirations/2025-05-28 – Thruuu cluster report mega cluster – Ressource,99_Archives/Inspirations/2025-05-28 – Thruuu cluster report mega cluster – Ressource,MOVE,READY,Inspirations (2.1 Go) -> archive,application/vnd.google-apps.spreadsheet,152063
1vuh1sSCAw6pxNUND3ZQpXKAmOc3mE5LyEAsQQ3Ka0vk,2025-04-14 – [La Référence WP] Guide du propriétaire de site – Ressource,03_RESSOURCES/06_Inspirations/2025-04-14 – [La Référence WP] Guide du propriétaire de site – Ressource,99_Archives/Inspirations/2025-04-14 – [La Référence WP] Guide du propriétaire de site – Ressource,MOVE,READY,Inspirations (2.1 Go) -> archive,application/vnd.google-apps.presentation,26898
1O-5ZWqhb80tM7NJe6MGHmR28WedEWJygbkgV5O8C-9g,2025-08-24 – Usecase Live Haloscan x MCP – Ressource,03_RESSOURCES/06_Inspirations/2025-08-24 – Usecase Live Haloscan x MCP – Ressource,99_Archives/Inspirations/2025-08-24 – Usecase Live Haloscan x MCP – Ressource,MOVE,READY,Inspirations (2.1 Go) -> archive,application/vnd.google-apps.document,6777
1jEtEbmxFmVlb0nSTLNwOYxrjJKSpRjvudFru1cCNayk,2025-01-07 – ROADMAP 0-6 – Ressource,03_RESSOURCES/06_Inspirations/2025-01-07 – ROADMAP 0-6 – Ressource,99_Archives/Inspirations/2025-01-07 – ROADMAP 0-6 – Ressource,MOVE,READY,Inspirations (2.1 Go) -> archive,application/vnd.google-apps.spreadsheet,7320
1GthF0tdQuroN142Bk64tZ227TgzoZ546,2023-06-15 – SHORTS DOMINATION™ – Ressource.xlsx,03_RESSOURCES/06_Inspirations/2023-06-15 – SHORTS DOMINATION™ – Ressource.xlsx,99_Archives/Inspirations/2023-06-15 – SHORTS DOMINATION™ – Ressource.xlsx,MOVE,READY,Inspirations (2.1 Go) -> archive,application/vnd.openxmlformats-officedocument.spreadsheetml.sheet,106899
1VMbZqMu5Y8dwjZ0LYQC4ld7M5SWff9Lh,2024-02-13 – Outro- version 01 – Ressource.mp4,03_RESSOURCES/06_Inspirations/2024-02-13 – Outro- version 01 – Ressource.mp4,99_Archives/Inspirations/2024-02-13 – Outro- version 01 – Ressource.mp4,MOVE,READY,Inspirations (2.1 Go) -> archive,video/mp4,623296
1ZVBGHAxssQnXfcovMcpD72KmGuLKm6l6ej4JSfV2PyA,2021-10-08 – MatricePerformance-V-0 – Ressource,03_RESSOURCES/06_Inspirations/2021-10-08 – MatricePerformance-V-0 – Ressource,99_Archives/Inspirations/2021-10-08 – MatricePerformance-V-0 – Ressource,MOVE,READY,Inspirations (2.1 Go) -> archive,application/vnd.google-apps.spreadsheet,36609
1TDHMIpfh_vUsItIvDSHU8LrVi0HSv0QR,2022-04-16 – IDENTIFICATION DES RÔLES DE SON ENTREPRISE- DIAGNOSTIC – Ressource.xlsx,03_RESSOURCES/06_Inspirations/2022-04-16 – IDENTIFICATION DES RÔLES DE SON ENTREPRISE- DIAGNOSTIC – Ressource.xlsx,99_Archives/Inspirations/2022-04-16 – IDENTIFICATION DES RÔLES DE SON ENTREPRISE- DIAGNOSTIC – Ressource.xlsx,MOVE,READY,Inspirations (2.1 Go) -> archive,application/vnd.openxmlformats-officedocument.spreadsheetml.sheet,64270
1nO8OtqLE4IiizGmQlhT7K0dyfbY2mGGu-4iIOsvLP2I,2022-07-01 – Condition Générales de Vente-Consommateurs-Internet (Produits) – Ressource,03_RESSOURCES/06_Inspirations/2022-07-01 – Condition Générales de Vente-Consommateurs-Internet (Produits) – Ressource,99_Archives/Inspirations/2022-07-01 – Condition Générales de Vente-Consommateurs-Internet (Produits) – Ressource,MOVE,READY,Inspirations (2.1 Go) -> archive,application/vnd.google-apps.document,14143
1GhA6PeqTIv0gLiCNKYaCJ5c4wm-4veoz,2023-06-10 – FORUM BL LISTE COMPLETE – Ressource.csv,03_RESSOURCES/06_Inspirations/2023-06-10 – FORUM BL LISTE COMPLETE – Ressource.csv,99_Archives/Inspirations/2023-06-10 – FORUM BL LISTE COMPLETE – Ressource.csv,MOVE,READY,Inspirations (2.1 Go) -> archive,text/csv,15308
1JN5jRCzRkRQ7qqO_WwD0M1c7hAEeO3ISM9e-Ej2cT1w,2023-07-18 – ORIGINAL | Carnet de Bord – Ressource,03_RESSOURCES/06_Inspirations/2023-07-18 – ORIGINAL | Carnet de Bord – Ressource,99_Archives/Inspirations/2023-07-18 – ORIGINAL | Carnet de Bord – Ressource,MOVE,READY,Inspirations (2.1 Go) -> archive,application/vnd.google-apps.spreadsheet,2646
1Qb0Ou6eT6nVcr0V_M0dXtrCjj2kMbUQksx71P8pIoTc,2023-11-01 – Eleven Labs Free Trial – Ressource,03_RESSOURCES/06_Inspirations/2023-11-01 – Eleven Labs Free Trial – Ressource,99_Archives/Inspirations/2023-11-01 – Eleven Labs Free Trial – Ressource,MOVE,READY,Inspirations (2.1 Go) -> archive,application/vnd.google-apps.spreadsheet,1024
1m30S7j4CR13VdaoGJcq4DlSar4o8cMR0O-gE8QevUec,2024-01-26 – About – Ressource,03_RESSOURCES/06_Inspirations/2024-01-26 – About – Ressource,99_Archives/Inspirations/2024-01-26 – About – Ressource,MOVE,READY,Inspirations (2.1 Go) -> archive,application/vnd.google-apps.spreadsheet,1024
1k2hRwEi9XOaB8ZX9ycwhlpxqp1k5LhUHjUrNslNpvys,2024-03-05 – KW | FLUENTBOOKING – Ressource,03_RESSOURCES/06_Inspirations/2024-03-05 – KW | FLUENTBOOKING – Ressource,99_Archives/Inspirations/2024-03-05 – KW | FLUENTBOOKING – Ressource,MOVE,READY,Inspirations (2.1 Go) -> archive,application/vnd.google-apps.spreadsheet,1024
1cHjPwlPvj2PCZHIfn565YClTrFPQaY_sQpXLprt9ZcE,2024-03-21 – DISCORD schoolsWP – Ressource,03_RESSOURCES/06_Inspirations/2024-03-21 – DISCORD schoolsWP – Ressource,99_Archives/Inspirations/2024-03-21 – DISCORD schoolsWP – Ressource,MOVE,READY,Inspirations (2.1 Go) -> archive,application/vnd.google-apps.spreadsheet,1024
10KJ5aroY7VIsbWSRyBLHjFrfFhS1onGbcaqQh51Gq8Q,2024-03-18 – [ORIGINAL] Référentiel de Recherche de Mots-clés Mayboutik – Ressource,03_RESSOURCES/06_Inspirations/2024-03-18 – [ORIGINAL] Référentiel de Recherche de Mots-clés Mayboutik – Ressource,99_Archives/Inspirations/2024-03-18 – [ORIGINAL] Référentiel de Recherche de Mots-clés Mayboutik – Ressource,MOVE,READY,Inspirations (2.1 Go) -> archive,application/vnd.google-apps.spreadsheet,343652
1Nhwz9O9LRe_xtZ1ZNm0gK8wzVPfeXQqelEvEANYojNA,2024-05-19 – [ORIGINAL] Recherche de mots-clés – Ressource,03_RESSOURCES/06_Inspirations/2024-05-19 – [ORIGINAL] Recherche de mots-clés – Ressource,99_Archives/Inspirations/2024-05-19 – [ORIGINAL] Recherche de mots-clés – Ressource,MOVE,READY,Inspirations (2.1 Go) -> archive,application/vnd.google-apps.spreadsheet,2268
1jK8eYEzx2kUnpmdvM0TooZmAQp8wFCiDxZqan4jn0Z4,2024-10-03 – [ORIGINAL]Mini-pack 3 scripts de podcast à personnaliser GREEN SLOW AGENCY – Ressource,03_RESSOURCES/06_Inspirations/2024-10-03 – [ORIGINAL]Mini-pack 3 scripts de podcast à personnaliser GREEN SLOW AGENCY – Ressource,99_Archives/Inspirations/2024-10-03 – [ORIGINAL]Mini-pack 3 scripts de podcast à personnaliser GREEN SLOW AGENCY – Ressource,MOVE,READY,Inspirations (2.1 Go) -> archive,application/vnd.google-apps.document,18021
1tfm_RSR5qMwwNtEnUsaZ6mExRFe8f-rRrDJ27Fg8rGs,2024-10-14 – [ORIGINAL] Exemples de stratégies de mots-clés pour différents métiers – Ressource,03_RESSOURCES/06_Inspirations/2024-10-14 – [ORIGINAL] Exemples de stratégies de mots-clés pour différents métiers – Ressource,99_Archives/Inspirations/2024-10-14 – [ORIGINAL] Exemples de stratégies de mots-clés pour différents métiers – Ressource,MOVE,READY,Inspirations (2.1 Go) -> archive,application/vnd.google-apps.document,5803
1nCL5FuwHM3bLKZk-zExWodCG-HXCvW5zeowngToweIE,2024-10-14 – [ORIGINAL] Structurer une page d’accueil – Ressource,03_RESSOURCES/06_Inspirations/2024-10-14 – [ORIGINAL] Structurer une page d’accueil – Ressource,99_Archives/Inspirations/2024-10-14 – [ORIGINAL] Structurer une page d’accueil – Ressource,MOVE,READY,Inspirations (2.1 Go) -> archive,application/vnd.google-apps.document,6167
1ILXPF-X38zV474vReKGNUUw7mFMAXEnG5jljDc7FFTQ,2024-10-14 – [ORIGINAL] Structurer une page service – Ressource,03_RESSOURCES/06_Inspirations/2024-10-14 – [ORIGINAL] Structurer une page service – Ressource,99_Archives/Inspirations/2024-10-14 – [ORIGINAL] Structurer une page service – Ressource,MOVE,READY,Inspirations (2.1 Go) -> archive,application/vnd.google-apps.document,7496
1P-98T5PiQuPufo-cfpUfwA27WyK0y7Kh-EraUpxodxo,2024-10-14 – [ORIGINAL] Structurer une page contact – Ressource,03_RESSOURCES/06_Inspirations/2024-10-14 – [ORIGINAL] Structurer une page contact – Ressource,99_Archives/Inspirations/2024-10-14 – [ORIGINAL] Structurer une page contact – Ressource,MOVE,READY,Inspirations (2.1 Go) -> archive,application/vnd.google-apps.document,1645
1399CYDICoHdR-8WkXFG-FyVH6xIeaIqx1G_bP8hNW_M,2024-10-15 – [ORIGINAL] Rédaction article satellite – Ressource,03_RESSOURCES/06_Inspirations/2024-10-15 – [ORIGINAL] Rédaction article satellite – Ressource,99_Archives/Inspirations/2024-10-15 – [ORIGINAL] Rédaction article satellite – Ressource,MOVE,READY,Inspirations (2.1 Go) -> archive,application/vnd.google-apps.document,3496
195r48P1_24oTzlz3XZIEXvu_RyXrll9AJKrp8nubwVw,2024-10-15 – [ORIGINAL] Idées pour des articles invités – Ressource,03_RESSOURCES/06_Inspirations/2024-10-15 – [ORIGINAL] Idées pour des articles invités – Ressource,99_Archives/Inspirations/2024-10-15 – [ORIGINAL] Idées pour des articles invités – Ressource,MOVE,READY,Inspirations (2.1 Go) -> archive,application/vnd.google-apps.document,7946
1GFNh-4FcSV8pk0uCqpnz7bSxNpkx6-iBAdt6PcuTUbM,2024-10-15 – [ORIGINAL] Script Demande Article Invité – Ressource,03_RESSOURCES/06_Inspirations/2024-10-15 – [ORIGINAL] Script Demande Article Invité – Ressource,99_Archives/Inspirations/2024-10-15 – [ORIGINAL] Script Demande Article Invité – Ressource,MOVE,READY,Inspirations (2.1 Go) -> archive,application/vnd.google-apps.document,5194
1m2-ZmeQTgGPX4Otebo6PTH49ioAEIk5ELw7Wf6K3lBo,2024-10-15 – [ORIGINAL] Exemple de brief pour un article sponsorisé – Ressource,03_RESSOURCES/06_Inspirations/2024-10-15 – [ORIGINAL] Exemple de brief pour un article sponsorisé – Ressource,99_Archives/Inspirations/2024-10-15 – [ORIGINAL] Exemple de brief pour un article sponsorisé – Ressource,MOVE,READY,Inspirations (2.1 Go) -> archive,application/vnd.google-apps.document,1710
18sOAGdXuFYXWHHNrZmTVRgESjeNvCaHupU9cNx5JP6Q,2024-10-15 – [ORIGINAL] Suivi de positions sur Google – Ressource,03_RESSOURCES/06_Inspirations/2024-10-15 – [ORIGINAL] Suivi de positions sur Google – Ressource,99_Archives/Inspirations/2024-10-15 – [ORIGINAL] Suivi de positions sur Google – Ressource,MOVE,READY,Inspirations (2.1 Go) -> archive,application/vnd.google-apps.document,2139
1LPvMlJ-hlYnVDJ5lJbp46mM3LJcPdcgcN6TbIoKG30w,2024-10-23 – [ORIGINAL] PAGE REDACTION Page de vente – Ressource,03_RESSOURCES/06_Inspirations/2024-10-23 – [ORIGINAL] PAGE REDACTION Page de vente – Ressource,99_Archives/Inspirations/2024-10-23 – [ORIGINAL] PAGE REDACTION Page de vente – Ressource,MOVE,READY,Inspirations (2.1 Go) -> archive,application/vnd.google-apps.document,274924
18353iYezdJPmWUYserLK7HTXkOm4IH8WOjiLBcQofew,2024-10-23 – [ORIGINAL] GUIDE REDACTION Page de vente – Ressource,03_RESSOURCES/06_Inspirations/2024-10-23 – [ORIGINAL] GUIDE REDACTION Page de vente – Ressource,99_Archives/Inspirations/2024-10-23 – [ORIGINAL] GUIDE REDACTION Page de vente – Ressource,MOVE,READY,Inspirations (2.1 Go) -> archive,application/vnd.google-apps.document,274170
10xpDxFNDNru2A88K-zgBtBipMo5LJeoa,2024-10-26 – Social Media Followers Data – Ressource.csv,03_RESSOURCES/06_Inspirations/2024-10-26 – Social Media Followers Data – Ressource.csv,99_Archives/Inspirations/2024-10-26 – Social Media Followers Data – Ressource.csv,MOVE,READY,Inspirations (2.1 Go) -> archive,text/csv,868
1kDcb5AJI8EzC90fy4RWXhuaKhZ9LmrCQqFg_heIYgLY,2025-01-27 – [ORIGINAL] AI-Powered Outbound Suggestion Guide – Ressource,03_RESSOURCES/06_Inspirations/2025-01-27 – [ORIGINAL] AI-Powered Outbound Suggestion Guide – Ressource,99_Archives/Inspirations/2025-01-27 – [ORIGINAL] AI-Powered Outbound Suggestion Guide – Ressource,MOVE,READY,Inspirations (2.1 Go) -> archive,application/vnd.google-apps.document,500740
1JKlrlH4W4H8G9gIOomR1jOv33g4CjlPoc8W0nQpjeAs,2025-01-29 – [ORIGINAL] Ideal Customer Profile (ICP) for Rapyd Cloud – Ressource,03_RESSOURCES/06_Inspirations/2025-01-29 – [ORIGINAL] Ideal Customer Profile (ICP) for Rapyd Cloud – Ressource,99_Archives/Inspirations/2025-01-29 – [ORIGINAL] Ideal Customer Profile (ICP) for Rapyd Cloud – Ressource,MOVE,READY,Inspirations (2.1 Go) -> archive,application/vnd.google-apps.document,32150
1sVFoHK0uvJ6TM-1VnXu_Txpt4kTaJR6g,2025-02-10 – Crawl Xenu – Ressource.txt,03_RESSOURCES/06_Inspirations/2025-02-10 – Crawl Xenu – Ressource.txt,99_Archives/Inspirations/2025-02-10 – Crawl Xenu – Ressource.txt,MOVE,READY,Inspirations (2.1 Go) -> archive,text/plain,939537
16MKkWyrXdovnGYZToHcGrq71Pi0dKx7NPlmbxJD_0PI,2025-02-10 – Crawl Xenu schoolsWP – Ressource,03_RESSOURCES/06_Inspirations/2025-02-10 – Crawl Xenu schoolsWP – Ressource,99_Archives/Inspirations/2025-02-10 – Crawl Xenu schoolsWP – Ressource,MOVE,READY,Inspirations (2.1 Go) -> archive,application/vnd.google-apps.spreadsheet,277323
1TuRb73XBs2b72kixVuAHOwIom7lxN0JIW0Qr-bbjbwo,2025-02-16 – Feuille de calcul sans titre – Ressource,03_RESSOURCES/06_Inspirations/2025-02-16 – Feuille de calcul sans titre – Ressource,99_Archives/Inspirations/2025-02-16 – Feuille de calcul sans titre – Ressource,MOVE,READY,Inspirations (2.1 Go) -> archive,application/vnd.google-apps.spreadsheet,1024
1EY5IvPW4-_sCiRyof1i3-MTj6W3-VbJyPUv0rymVrCE,2025-02-21 – Google Sheets vers Telegram – Ressource,03_RESSOURCES/06_Inspirations/2025-02-21 – Google Sheets vers Telegram – Ressource,99_Archives/Inspirations/2025-02-21 – Google Sheets vers Telegram – Ressource,MOVE,READY,Inspirations (2.1 Go) -> archive,application/vnd.google-apps.spreadsheet,1024
1k1aK3gnr9QsEq4LQKfcaADd3UdnHDpheOgIj8Pro-MI,2025-02-26 – Construction estimatif projet (Free) – Ressource,03_RESSOURCES/06_Inspirations/2025-02-26 – Construction estimatif projet (Free) – Ressource,99_Archives/Inspirations/2025-02-26 – Construction estimatif projet (Free) – Ressource,MOVE,READY,Inspirations (2.1 Go) -> archive,application/vnd.google-apps.spreadsheet,4903
1xSH8VNEcoqRBq1Kk1ambXupL6VbkxaPF,2025-03-13 – Clickwhale-links-export-2025-03-13 – Ressource.csv,03_RESSOURCES/06_Inspirations/2025-03-13 – Clickwhale-links-export-2025-03-13 – Ressource.csv,99_Archives/Inspirations/2025-03-13 – Clickwhale-links-export-2025-03-13 – Ressource.csv,MOVE,READY,Inspirations (2.1 Go) -> archive,text/csv,17944
1QgkjjBYxL6uN3TopM8m_RB0qHPL26zN1u5WPsCi57M8,2025-03-30 – Fiche Multiplication par 10 – Ressource,03_RESSOURCES/06_Inspirations/2025-03-30 – Fiche Multiplication par 10 – Ressource,99_Archives/Inspirations/2025-03-30 – Fiche Multiplication par 10 – Ressource,MOVE,READY,Inspirations (2.1 Go) -> archive,application/vnd.google-apps.document,2301
1HtBimiJAjuB5TJRZofiRJD2Z2k8n6Fzw-UM40Hd1tNY,2025-03-30 – Fiche Calcul Mental – Ressource,03_RESSOURCES/06_Inspirations/2025-03-30 – Fiche Calcul Mental – Ressource,99_Archives/Inspirations/2025-03-30 – Fiche Calcul Mental – Ressource,MOVE,READY,Inspirations (2.1 Go) -> archive,application/vnd.google-apps.document,2799
1WHaSG5ttU6qc8bMt1EkzT5q2Cx2KgUcKNo6hzClRwEM,2025-04-15 – Copie de Suivi KPI et feedbacks CC – Ressource,03_RESSOURCES/06_Inspirations/2025-04-15 – Copie de Suivi KPI et feedbacks CC – Ressource,99_Archives/Inspirations/2025-04-15 – Copie de Suivi KPI et feedbacks CC – Ressource,MOVE,READY,Inspirations (2.1 Go) -> archive,application/vnd.google-apps.spreadsheet,2529
1aqdLNywzhejtqxWb_42p0lLIUeg6UWE9IRdxJNZOrsk,2025-05-15 – Schoolswp rank-math-2025-05-15 16-17-56 – Ressource,03_RESSOURCES/06_Inspirations/2025-05-15 – Schoolswp rank-math-2025-05-15 16-17-56 – Ressource,99_Archives/Inspirations/2025-05-15 – Schoolswp rank-math-2025-05-15 16-17-56 – Ressource,MOVE,READY,Inspirations (2.1 Go) -> archive,application/vnd.google-apps.spreadsheet,41977
1pnW6nCurnSfm9zA-ebMGYuw80zqE1Xdk60UHSjhHCN4,2025-03-12 – [ORIGINAL] KW Position tracker – Ressource,03_RESSOURCES/06_Inspirations/2025-03-12 – [ORIGINAL] KW Position tracker – Ressource,99_Archives/Inspirations/2025-03-12 – [ORIGINAL] KW Position tracker – Ressource,MOVE,READY,Inspirations (2.1 Go) -> archive,application/vnd.google-apps.spreadsheet,19015
1klWYhN2Ixh3vLTPG5GIjMVxQ_-WsyT-1ERN8wQ-7-4Y,2025-06-13 – MDPH – Ressource,03_RESSOURCES/06_Inspirations/2025-06-13 – MDPH – Ressource,99_Archives/Inspirations/2025-06-13 – MDPH – Ressource,MOVE,READY,Inspirations (2.1 Go) -> archive,application/vnd.google-apps.document,2184
1lIvAuVkfx60MxCzyfcjMLqy1Q-0nZWMy,2025-07-20 – Identité visuelle Marques – Ressource.xlsx,03_RESSOURCES/06_Inspirations/2025-07-20 – Identité visuelle Marques – Ressource.xlsx,99_Archives/Inspirations/2025-07-20 – Identité visuelle Marques – Ressource.xlsx,MOVE,READY,Inspirations (2.1 Go) -> archive,application/vnd.openxmlformats-officedocument.spreadsheetml.sheet,51847
1pj4LOBWfiwFquYCFzHKB_bmLG4cwl8hz3XhDlzRXm1g,2025-08-14 – Document sans titre – Ressource,03_RESSOURCES/06_Inspirations/2025-08-14 – Document sans titre – Ressource,99_Archives/Inspirations/2025-08-14 – Document sans titre – Ressource,MOVE,READY,Inspirations (2.1 Go) -> archive,application/vnd.google-apps.document,1243
1GGishdmH-eJ31KQLuFNr1wIxplemfGkYm3dDHeJc0ls,2025-09-02 – Plan de Mesure Drujokweb – Ressource,03_RESSOURCES/06_Inspirations/2025-09-02 – Plan de Mesure Drujokweb – Ressource,99_Archives/Inspirations/2025-09-02 – Plan de Mesure Drujokweb – Ressource,MOVE,READY,Inspirations (2.1 Go) -> archive,application/vnd.google-apps.spreadsheet,6502
1-YaNkYlF7mkYqLqzzJ4gI7yIrYcVNXdTOTfe4kfxGOg,2025-09-02 – Leçon 1 Module 1 Préparer le plan de mesure – Ressource,03_RESSOURCES/06_Inspirations/2025-09-02 – Leçon 1 Module 1 Préparer le plan de mesure – Ressource,99_Archives/Inspirations/2025-09-02 – Leçon 1 Module 1 Préparer le plan de mesure – Ressource,MOVE,READY,Inspirations (2.1 Go) -> archive,application/vnd.google-apps.document,5065
1jl7LVK3Sjm_U6Vbqe5LicQmToxG8SvjU3l1X2vVqh4I,2025-09-02 – Plan de Taggage >>CRÉER UNE COPIE POUR ÉDITER<< – Ressource,03_RESSOURCES/06_Inspirations/2025-09-02 – Plan de Taggage >>CRÉER UNE COPIE POUR ÉDITER<< – Ressource,99_Archives/Inspirations/2025-09-02 – Plan de Taggage >>CRÉER UNE COPIE POUR ÉDITER<< – Ressource,MOVE,READY,Inspirations (2.1 Go) -> archive,application/vnd.google-apps.spreadsheet,1024
1AXW9CknRDCnaQdMk2f8Uyk_T7kD27iyDtdBbWAJyR90,2025-09-02 – Leçon 2 Module 1 Préparer le plan de taggage – Ressource,03_RESSOURCES/06_Inspirations/2025-09-02 – Leçon 2 Module 1 Préparer le plan de taggage – Ressource,99_Archives/Inspirations/2025-09-02 – Leçon 2 Module 1 Préparer le plan de taggage – Ressource,MOVE,READY,Inspirations (2.1 Go) -> archive,application/vnd.google-apps.document,6448
17_1g2PLOQq_sP_cqsxX12fwldjgOSWsjGrHr_U7EQvM,2025-09-02 – Leçon 5 Module 1 Implémenter le consent mode V2 – Ressource,03_RESSOURCES/06_Inspirations/2025-09-02 – Leçon 5 Module 1 Implémenter le consent mode V2 – Ressource,99_Archives/Inspirations/2025-09-02 – Leçon 5 Module 1 Implémenter le consent mode V2 – Ressource,MOVE,READY,Inspirations (2.1 Go) -> archive,application/vnd.google-apps.document,6613
1ag_K3RC8XUIM7mPExgk7_bAYqSbagd-AOtGgVphpSsw,2025-09-02 – Leçon 6 Module 1 Utiliser les rapports de suivi mensuel automatisés – Ressource,03_RESSOURCES/06_Inspirations/2025-09-02 – Leçon 6 Module 1 Utiliser les rapports de suivi mensuel automatisés – Ressource,99_Archives/Inspirations/2025-09-02 – Leçon 6 Module 1 Utiliser les rapports de suivi mensuel automatisés – Ressource,MOVE,READY,Inspirations (2.1 Go) -> archive,application/vnd.google-apps.document,7416
1jDWLxv9JX6PsKD1sLy4kTAlnZoJQwJDTbVchPMQxF64,2025-09-02 – GA4 Outil de prévision du trafic – Ressource,03_RESSOURCES/06_Inspirations/2025-09-02 – GA4 Outil de prévision du trafic – Ressource,99_Archives/Inspirations/2025-09-02 – GA4 Outil de prévision du trafic – Ressource,MOVE,READY,Inspirations (2.1 Go) -> archive,application/vnd.google-apps.spreadsheet,78892
1MVbE9WKZe0bsxSZouhRsHG0SCJHGgN04Bf1zuBQgb90,2025-09-02 – Leçon 7 Module 1 Utiliser l'outil de prévision du trafic – Ressource,03_RESSOURCES/06_Inspirations/2025-09-02 – Leçon 7 Module 1 Utiliser l'outil de prévision du trafic – Ressource,99_Archives/Inspirations/2025-09-02 – Leçon 7 Module 1 Utiliser l'outil de prévision du trafic – Ressource,MOVE,READY,Inspirations (2.1 Go) -> archive,application/vnd.google-apps.document,8238
1mUEEoCTpabzitkTdh34eW8nAESm7nSp7iivlzf8zUFY,2025-09-04 – Générateur de structure Hn >> Créer une copie pour l'utiliser << – Ressource,03_RESSOURCES/06_Inspirations/2025-09-04 – Générateur de structure Hn >> Créer une copie pour l'utiliser << – Ressource,99_Archives/Inspirations/2025-09-04 – Générateur de structure Hn >> Créer une copie pour l'utiliser << – Ressource,MOVE,READY,Inspirations (2.1 Go) -> archive,application/vnd.google-apps.spreadsheet,11339
16eozBJadBbpTfwEE3w4wqhyxeazh_t6M2AvZXmjHPQ8,2025-09-04 – Questionnaire de début de projet – Ressource,03_RESSOURCES/06_Inspirations/2025-09-04 – Questionnaire de début de projet – Ressource,99_Archives/Inspirations/2025-09-04 – Questionnaire de début de projet – Ressource,MOVE,READY,Inspirations (2.1 Go) -> archive,application/vnd.google-apps.spreadsheet,112536
1sSxXu2dQc8iZI8UFV4PisBUvpj7vyGtqud5kmi5oElI,2025-10-02 – Thruuu cluster report INSURRANCE – Ressource,03_RESSOURCES/06_Inspirations/2025-10-02 – Thruuu cluster report INSURRANCE – Ressource,99_Archives/Inspirations/2025-10-02 – Thruuu cluster report INSURRANCE – Ressource,MOVE,READY,Inspirations (2.1 Go) -> archive,application/vnd.google-apps.spreadsheet,26630
1IUkYV2AA8a5I8h909Vzs68mevGV2w7Ts,2025-12-28 – 20251019 111355 – Ressource.mp4,03_RESSOURCES/06_Inspirations/2025-12-28 – 20251019 111355 – Ressource.mp4,99_Archives/Inspirations/2025-12-28 – 20251019 111355 – Ressource.mp4,MOVE,READY,Inspirations (2.1 Go) -> archive,video/mp4,74980913
1KKshWhpwolB_mZdyN3zVPIXgiwLhf3cE,2025-12-28 – 20251114 132858 – Ressource.mp4,03_RESSOURCES/06_Inspirations/2025-12-28 – 20251114 132858 – Ressource.mp4,99_Archives/Inspirations/2025-12-28 – 20251114 132858 – Ressource.mp4,MOVE,READY,Inspirations (2.1 Go) -> archive,video/mp4,180295625
1xiMy5JrJ0KsN28m_EkG37-AjByRc96jS,2025-12-28 – Messenger creation F00EB697-CF8A-40C2-9E9F-AC3F9A1C1E8F – Ressource.mp4,03_RESSOURCES/06_Inspirations/2025-12-28 – Messenger creation F00EB697-CF8A-40C2-9E9F-AC3F9A1C1E8F – Ressource.mp4,99_Archives/Inspirations/2025-12-28 – Messenger creation F00EB697-CF8A-40C2-9E9F-AC3F9A1C1E8F – Ressource.mp4,MOVE,READY,Inspirations (2.1 Go) -> archive,video/mp4,704106
1W5igZ8kHVeIX95r4K13r-wXLfXaMwTDM,2025-12-28 – 20251205 130728 – Ressource.mp4,03_RESSOURCES/06_Inspirations/2025-12-28 – 20251205 130728 – Ressource.mp4,99_Archives/Inspirations/2025-12-28 – 20251205 130728 – Ressource.mp4,MOVE,READY,Inspirations (2.1 Go) -> archive,video/mp4,155847759
1NFj5wStjXYxhLo-VannJ8M_I_TmbQCqu,2025-12-28 – Messenger creation B51218C7-50DE-4893-9565-D145F98C8379 – Ressource.mp4,03_RESSOURCES/06_Inspirations/2025-12-28 – Messenger creation B51218C7-50DE-4893-9565-D145F98C8379 – Ressource.mp4,99_Archives/Inspirations/2025-12-28 – Messenger creation B51218C7-50DE-4893-9565-D145F98C8379 – Ressource.mp4,MOVE,READY,Inspirations (2.1 Go) -> archive,video/mp4,57929476
1-R4FsDkPDB4fdT2L_U0AEBL_VhpbWkjz,2025-12-28 – 20251019 111527 – Ressource.mp4,03_RESSOURCES/06_Inspirations/2025-12-28 – 20251019 111527 – Ressource.mp4,99_Archives/Inspirations/2025-12-28 – 20251019 111527 – Ressource.mp4,MOVE,READY,Inspirations (2.1 Go) -> archive,video/mp4,778447289
1ZYbLvXF5ZtU5YKzeXH7O5QE1EaguO_Is,2025-12-28 – 20251019 111134 – Ressource.mp4,03_RESSOURCES/06_Inspirations/2025-12-28 – 20251019 111134 – Ressource.mp4,99_Archives/Inspirations/2025-12-28 – 20251019 111134 – Ressource.mp4,MOVE,READY,Inspirations (2.1 Go) -> archive,video/mp4,825797493
1iNKkfWQ8wNnSOUIDgYj0Y1Zqo2Pr6ZjJ,2025-12-29 – BudgetmensuelVF – Ressource.xlsx,03_RESSOURCES/06_Inspirations/2025-12-29 – BudgetmensuelVF – Ressource.xlsx,99_Archives/Inspirations/2025-12-29 – BudgetmensuelVF – Ressource.xlsx,MOVE,READY,Inspirations (2.1 Go) -> archive,application/vnd.openxmlformats-officedocument.spreadsheetml.sheet,1084843
1SNVityiAZpbwl9gEvkn08wqPVrRjZKkE,2025-12-29 – 20251229 105658 – Ressource.mp4,03_RESSOURCES/06_Inspirations/2025-12-29 – 20251229 105658 – Ressource.mp4,99_Archives/Inspirations/2025-12-29 – 20251229 105658 – Ressource.mp4,MOVE,READY,Inspirations (2.1 Go) -> archive,video/mp4,109383917
1tTL3sWOuqz53uUIruoEa82VGGPyUh1F7uWY6AOgPfT8,2025-11-25 – GSC Indexation des liens schoolsWP – Ressource,03_RESSOURCES/06_Inspirations/2025-11-25 – GSC Indexation des liens schoolsWP – Ressource,99_Archives/Inspirations/2025-11-25 – GSC Indexation des liens schoolsWP – Ressource,MOVE,READY,Inspirations (2.1 Go) -> archive,application/vnd.google-apps.spreadsheet,19830
1GFOngd1H7AZFySm6BHUgcx2b5Lw-5Ri73hBRhdzPzRs,2025-12-27 – README — Organisation du Google Drive – Ressource,03_RESSOURCES/06_Inspirations/2025-12-27 – README — Organisation du Google Drive – Ressource,99_Archives/Inspirations/2025-12-27 – README — Organisation du Google Drive – Ressource,MOVE,READY,Inspirations (2.1 Go) -> archive,application/vnd.google-apps.document,4872
1O8Q9MLUnvW-gHMv-fNtknajtwbExBBlEPGhVn1XIjY0,2025-11-20 – Gestion des Outils et Abonnements – Ressource,03_RESSOURCES/06_Inspirations/2025-11-20 – Gestion des Outils et Abonnements – Ressource,99_Archives/Inspirations/2025-11-20 – Gestion des Outils et Abonnements – Ressource,MOVE,READY,Inspirations (2.1 Go) -> archive,application/vnd.google-apps.spreadsheet,8877
1T8O057UsdvMBFsefwIt6jmpLsQ8yqTJQ3-Klqbh74Cg,2025-10-03 – Black Friday Deals et Discounts – Ressource,03_RESSOURCES/06_Inspirations/2025-10-03 – Black Friday Deals et Discounts – Ressource,99_Archives/Inspirations/2025-10-03 – Black Friday Deals et Discounts – Ressource,MOVE,READY,Inspirations (2.1 Go) -> archive,application/vnd.google-apps.document,10269
1jGJ_557dA6900Dh7V1OALwwGrb31q9HITJy-uIKiL7E,2025-09-02 – Leçon 4 Module 2 Trier et organiser les données (automatisé) – Ressource,03_RESSOURCES/06_Inspirations/2025-09-02 – Leçon 4 Module 2 Trier et organiser les données (automatisé) – Ressource,99_Archives/Inspirations/2025-09-02 – Leçon 4 Module 2 Trier et organiser les données (automatisé) – Ressource,MOVE,READY,Inspirations (2.1 Go) -> archive,application/vnd.google-apps.document,8564
111VgGnr3gEMoR8fWKTaK_gvfsRBlikaJjDJJ8b91Reg,2025-04-14 – [ORIGINAL] CC DASHBOARD + ANNÉE + BUSINESS CC5* – Ressource,03_RESSOURCES/06_Inspirations/2025-04-14 – [ORIGINAL] CC DASHBOARD + ANNÉE + BUSINESS CC5* – Ressource,99_Archives/Inspirations/2025-04-14 – [ORIGINAL] CC DASHBOARD + ANNÉE + BUSINESS CC5* – Ressource,MOVE,READY,Inspirations (2.1 Go) -> archive,application/vnd.google-apps.spreadsheet,12842
1VxWTjKl3mtPrbOOhYVgTIT7-VFKsDxXstfTt4gkdLMU,2024-10-15 – [ORIGINAL] Challenge écrire un article de blog en 1 heure – Ressource,03_RESSOURCES/06_Inspirations/2024-10-15 – [ORIGINAL] Challenge écrire un article de blog en 1 heure – Ressource,99_Archives/Inspirations/2024-10-15 – [ORIGINAL] Challenge écrire un article de blog en 1 heure – Ressource,MOVE,READY,Inspirations (2.1 Go) -> archive,application/vnd.google-apps.document,7601
1FfH7j_m1FMJvvGKH4WYIc8ZjaulhvFyrQaG7SdbhdUs,2024-04-13 – Schoolswp – Ressource,03_RESSOURCES/06_Inspirations/2024-04-13 – Schoolswp – Ressource,99_Archives/Inspirations/2024-04-13 – Schoolswp – Ressource,MOVE,READY,Inspirations (2.1 Go) -> archive,application/vnd.google-apps.spreadsheet,16549
1smquFHRBvNYyqhjBMYtjqWZUaxbQgks8tV2JcIaa2eA,2024-04-13 – Mon-mini-electro – Ressource,03_RESSOURCES/06_Inspirations/2024-04-13 – Mon-mini-electro – Ressource,99_Archives/Inspirations/2024-04-13 – Mon-mini-electro – Ressource,MOVE,READY,Inspirations (2.1 Go) -> archive,application/vnd.google-apps.spreadsheet,8236
1A8a6y-bDkqIb8G283ZfAHyNTOjldkj14FJk80RQqvEs,2024-04-13 – Michaelkihl – Ressource,03_RESSOURCES/06_Inspirations/2024-04-13 – Michaelkihl – Ressource,99_Archives/Inspirations/2024-04-13 – Michaelkihl – Ressource,MOVE,READY,Inspirations (2.1 Go) -> archive,application/vnd.google-apps.spreadsheet,20525
1fwoWMUFw_EzbDmOVyOiIDNX6ZK2KqqKZt8gwiwrjZ5c,2025-08-14 – Checklist Affiliation Formations Gratuites Email Marketing – Checklist,03_RESSOURCES/01_Checklists/2025-08-14 – Checklist Affiliation Formations Gratuites Email Marketing – Checklist,02_Ressources/01_Checklists/2025-08-14 – Checklist Affiliation Formations Gratuites Email Marketing – Checklist,MOVE,READY,03_RESSOURCES -> 02_Ressources,application/vnd.google-apps.spreadsheet,1784
16uziOi4IrWgPGfDxzwvIMLxt2zRLyxJzPwdfrPJetO8,2025-08-14 – Checklist Affiliation Formations Gratuites Pages de Capture – Checklist,03_RESSOURCES/01_Checklists/2025-08-14 – Checklist Affiliation Formations Gratuites Pages de Capture – Checklist,02_Ressources/01_Checklists/2025-08-14 – Checklist Affiliation Formations Gratuites Pages de Capture – Checklist,MOVE,READY,03_RESSOURCES -> 02_Ressources,application/vnd.google-apps.spreadsheet,1024
1hWV7CI84pmPCoTt57wB8GNClgbclZmJmCO8m_aFi56A,2024-03-18 – [ORIGINAL] Check-list SEO ultime pour rédiger un article B2B – Checklist,03_RESSOURCES/01_Checklists/2024-03-18 – [ORIGINAL] Check-list SEO ultime pour rédiger un article B2B – Checklist,02_Ressources/01_Checklists/2024-03-18 – [ORIGINAL] Check-list SEO ultime pour rédiger un article B2B – Checklist,MOVE,READY,03_RESSOURCES -> 02_Ressources,application/vnd.google-apps.spreadsheet,7807
1JSbWHeZZ5BnNY_1Ii0NhVBVIXbltRAglBZU3IHsdsqY,2023-10-12 – Check-list complète WordPress – Checklist,03_RESSOURCES/01_Checklists/2023-10-12 – Check-list complète WordPress – Checklist,02_Ressources/01_Checklists/2023-10-12 – Check-list complète WordPress – Checklist,MOVE,READY,03_RESSOURCES -> 02_Ressources,application/vnd.google-apps.document,4375
1Gr8uClJjdQ6fTW2yXa6WK9TEbBzkwKEe,2023-06-10 – [CheckList TBL] Analyse niche DEMO – Checklist.csv,03_RESSOURCES/01_Checklists/2023-06-10 – [CheckList TBL] Analyse niche DEMO – Checklist.csv,02_Ressources/01_Checklists/2023-06-10 – [CheckList TBL] Analyse niche DEMO – Checklist.csv,MOVE,READY,03_RESSOURCES -> 02_Ressources,text/csv,2448
1w3_3oqZucoBoCbvkHvhYxH0wUt4wdhhrl83b1i2wRYM,2025-02-14 – Checklist WebPerf – Checklist,03_RESSOURCES/01_Checklists/2025-02-14 – Checklist WebPerf – Checklist,02_Ressources/01_Checklists/2025-02-14 – Checklist WebPerf – Checklist,MOVE,READY,03_RESSOURCES -> 02_Ressources,application/vnd.google-apps.spreadsheet,3493
17fJtSaY2Q9uk_JWRnn6lXhkP6_hh1YCC6P5ob97SniE,2025-09-04 – Checklist Performance (Google Page Speed Insights) – Checklist,03_RESSOURCES/01_Checklists/2025-09-04 – Checklist Performance (Google Page Speed Insights) – Checklist,02_Ressources/01_Checklists/2025-09-04 – Checklist Performance (Google Page Speed Insights) – Checklist,MOVE,READY,03_RESSOURCES -> 02_Ressources,application/vnd.google-apps.spreadsheet,11169
1_-RJhN2_DCMO1LAb1TpGa_Qp11BxxDvWIReNP1ofOaY,2025-09-04 – Checklist de pré-rédaction de contenu >> Créer une Copie pour Éditer << – Checklist,03_RESSOURCES/01_Checklists/2025-09-04 – Checklist de pré-rédaction de contenu >> Créer une Copie pour Éditer << – Checklist,02_Ressources/01_Checklists/2025-09-04 – Checklist de pré-rédaction de contenu >> Créer une Copie pour Éditer << – Checklist,MOVE,READY,03_RESSOURCES -> 02_Ressources,application/vnd.google-apps.spreadsheet,4905
1jHOPf-UOu-AtRJUmDBdMbw5cyDMuFa-swWb_qDNDjis,2024-10-05 – [ORIGINAL] Roadmap Check-List Amazon Incubator [AMZ ACADEMY] – Checklist,03_RESSOURCES/01_Checklists/2024-10-05 – [ORIGINAL] Roadmap Check-List Amazon Incubator [AMZ ACADEMY] – Checklist,02_Ressources/01_Checklists/2024-10-05 – [ORIGINAL] Roadmap Check-List Amazon Incubator [AMZ ACADEMY] – Checklist,MOVE,READY,03_RESSOURCES -> 02_Ressources,application/vnd.google-apps.spreadsheet,21153
1kgSKd-f050zQOeTVxmlPsGz_DpLi7zWZ,02_Contenus,02_PROJETS/michaelkihl-fr/02_Contenus,01_Projets/michaelkihl-fr/02_Contenus,MOVE,READY,02_PROJETS -> 01_Projets,application/vnd.google-apps.folder,
1D_zHa1kJs4Pz_v3hsja0BI9GuViI5QJR,2023-03-30 – Wordpress-topic-research-20200411 – Ressource.xlsx,02_PROJETS/michaelkihl-fr/2023-03-30 – Wordpress-topic-research-20200411 – Ressource.xlsx,01_Projets/michaelkihl-fr/2023-03-30 – Wordpress-topic-research-20200411 – Ressource.xlsx,MOVE,READY,02_PROJETS -> 01_Projets,application/vnd.openxmlformats-officedocument.spreadsheetml.sheet,82667
17eAiFU2WOkE7WBq53Bn2iFGixrRZsL15,"Jan 21, 2026 1808","02_PROJETS/Mon Mini Electro/Jan 21, 2026 1808","01_Projets/Mon Mini Electro/Jan 21, 2026 1808",MOVE,READY,02_PROJETS -> 01_Projets,application/vnd.google-apps.folder,
1B8rTuwdjr5YE33O-b_JWYVkwqi8OSN4YRTCZuzo2q9U,mon-mini-electro.com,02_PROJETS/Mon Mini Electro/mon-mini-electro.com,01_Projets/Mon Mini Electro/mon-mini-electro.com,MOVE,READY,02_PROJETS -> 01_Projets,application/vnd.google-apps.spreadsheet,1024
1bEygjTop-CE_Jvxzsk8ZSCU3scV9Qsvv,99_ARCHIVES,02_PROJETS/Petit Papier Magique/99_ARCHIVES,01_Projets/Petit Papier Magique/99_ARCHIVES,MOVE,READY,02_PROJETS -> 01_Projets,application/vnd.google-apps.folder,
1ut9md3zhhWuoiqN4eTl6W6OxqHI62_2D,04_Publicités,02_PROJETS/Petit Papier Magique/04_Publicités,01_Projets/Petit Papier Magique/04_Publicités,MOVE,READY,02_PROJETS -> 01_Projets,application/vnd.google-apps.folder,
1zQOixGIfmGpJBbirPO2brmwAy7u15G9Q,03_Fiches produits,02_PROJETS/Petit Papier Magique/03_Fiches produits,01_Projets/Petit Papier Magique/03_Fiches produits,MOVE,READY,02_PROJETS -> 01_Projets,application/vnd.google-apps.folder,
1t0NDitxPuA2lNnbU0TH6QIEPXLXGP0tA,02_SEO,02_PROJETS/Petit Papier Magique/02_SEO,01_Projets/Petit Papier Magique/02_SEO,MOVE,READY,02_PROJETS -> 01_Projets,application/vnd.google-apps.folder,
1swgbWlNLUbHgB7zZHYKLD6FcS-6Ovv9L,01_Branding,02_PROJETS/Petit Papier Magique/01_Branding,01_Projets/Petit Papier Magique/01_Branding,MOVE,READY,02_PROJETS -> 01_Projets,application/vnd.google-apps.folder,
1onesXa0JMa1p_Dec3qyVNyTfj512O8eZXmYKW6EVr6M,2024-05-04 – URL SCHOOLSWP – Ressource,02_PROJETS/schoolsWP/2024-05-04 – URL SCHOOLSWP – Ressource,01_Projets/schoolsWP/2024-05-04 – URL SCHOOLSWP – Ressource,MOVE,READY,02_PROJETS -> 01_Projets,application/vnd.google-apps.spreadsheet,18347
115Xkkdv2xMSehmJ6DqB3MRQPaVmZ22pB,2024-11-01 – Analyse data(ThotSEO) – Ressource.csv,02_PROJETS/schoolsWP/2024-11-01 – Analyse data(ThotSEO) – Ressource.csv,01_Projets/schoolsWP/2024-11-01 – Analyse data(ThotSEO) – Ressource.csv,MOVE,READY,02_PROJETS -> 01_Projets,text/csv,23294
1vxGqr7_Kqr3pFr-7oE31XoNprCjRGRNsocv-s9-R3kI,2026-01-26 – Framework schoolsWP Keyword → Intention → Page → Conversion – Ressource,02_PROJETS/schoolsWP/2026-01-26 – Framework schoolsWP Keyword → Intention → Page → Conversion – Ressource,01_Projets/schoolsWP/2026-01-26 – Framework schoolsWP Keyword → Intention → Page → Conversion – Ressource,MOVE,READY,02_PROJETS -> 01_Projets,application/vnd.google-apps.spreadsheet,1024
1hcXf6guf90rNole0X2QCS3x1V41mknZo5Fo7M2_OPK8,2024-10-14 – schoolsWP – Ressource,02_PROJETS/schoolsWP/2024-10-14 – schoolsWP – Ressource,01_Projets/schoolsWP/2024-10-14 – schoolsWP – Ressource,MOVE,READY,02_PROJETS -> 01_Projets,application/vnd.google-apps.spreadsheet,40287
1Rag474DYqoAc1RrV9MSOAQGAdrNJkiYj,2025-12-19 – schoolsWP – Ressource.pdf,02_PROJETS/schoolsWP/2025-12-19 – schoolsWP – Ressource.pdf,01_Projets/schoolsWP/2025-12-19 – schoolsWP – Ressource.pdf,MOVE,READY,02_PROJETS -> 01_Projets,application/pdf,155834
1hA5WXyvPYF71KZ_d_GBZ5oQfW0wP8QFL,01_Strategie,02_PROJETS/schoolsWP/01_Strategie,01_Projets/schoolsWP/01_Strategie,MOVE,READY,02_PROJETS -> 01_Projets,application/vnd.google-apps.folder,
1KesdOc4yeWIfUHbWUF3KjvTM4DK9qECjQ0mpjMBxz4M,SEO Quick Wins Radar — schoolsWP,02_PROJETS/schoolsWP/SEO Quick Wins Radar — schoolsWP,01_Projets/schoolsWP/SEO Quick Wins Radar — schoolsWP,MOVE,READY,02_PROJETS -> 01_Projets,application/vnd.google-apps.document,3286
1O_GbYXkAnnsix1Gowuv7EuvXL5qRdS_N,07_Prompts,02_PROJETS/schoolsWP/07_Prompts,01_Projets/schoolsWP/07_Prompts,MOVE,READY,02_PROJETS -> 01_Projets,application/vnd.google-apps.folder,
15fEpEsqUdkp5fWV32f1cDyysfNiWEwHa,00_README – schoolsWP,02_PROJETS/schoolsWP/00_README – schoolsWP,01_Projets/schoolsWP/00_README – schoolsWP,MOVE,READY,02_PROJETS -> 01_Projets,application/vnd.google-apps.folder,
1OuI9mrpUIcLkN0tLstwVUGuLkw27G9Ye,06_Monetisation,02_PROJETS/schoolsWP/06_Monetisation,01_Projets/schoolsWP/06_Monetisation,MOVE,READY,02_PROJETS -> 01_Projets,application/vnd.google-apps.folder,
19VgJ_uXGPGiL79J0Wa7dUKrOkg2JwJPn,05_Automations,02_PROJETS/schoolsWP/05_Automations,01_Projets/schoolsWP/05_Automations,MOVE,READY,02_PROJETS -> 01_Projets,application/vnd.google-apps.folder,
15iDV6f0sYUnpdyKCrRQFfSbZAHHqSIlS,04_Assets,02_PROJETS/schoolsWP/04_Assets,01_Projets/schoolsWP/04_Assets,MOVE,READY,02_PROJETS -> 01_Projets,application/vnd.google-apps.folder,
1Fdv9lWFE4g-3m-1TicMgMF8MZ1D3z5wh,03_SEO,02_PROJETS/schoolsWP/03_SEO,01_Projets/schoolsWP/03_SEO,MOVE,READY,02_PROJETS -> 01_Projets,application/vnd.google-apps.folder,
1hTkHTB9NOYrxhcYGza4TbMqd8n8ywh_v,99_ARCHIVES,02_PROJETS/schoolsWP/99_ARCHIVES,01_Projets/schoolsWP/99_ARCHIVES,MOVE,READY,02_PROJETS -> 01_Projets,application/vnd.google-apps.folder,
1eM2544bnV8jFbGfIMvejrm3Ms1-ZMN-o,02_Contenus,02_PROJETS/schoolsWP/02_Contenus,01_Projets/schoolsWP/02_Contenus,MOVE,READY,02_PROJETS -> 01_Projets,application/vnd.google-apps.folder,
1jTFwXOhiSjGpaFCqFcV27U4eu5V0Mqzf,01_Stratégie,02_PROJETS/schoolsWP/01_Stratégie,01_Projets/schoolsWP/01_Stratégie,MOVE,READY,02_PROJETS -> 01_Projets,application/vnd.google-apps.folder,
1Nam7dO5XJWAQXxkJpKtnyYum7wwgrhEG,MAÉ KIHL,MÉDICALE/HOPITAL/MAÉ KIHL,04_Personnel/Medical/HOPITAL/MAÉ KIHL,MOVE,READY,MEDICALE -> 04_Personnel/Medical,application/vnd.google-apps.folder,
1pNa3W1UKbVosxQpX_MpACRRhojdFKjj2,regroupement de fichiers.pdf,MÉDICALE/HOPITAL/regroupement de fichiers.pdf,04_Personnel/Medical/HOPITAL/regroupement de fichiers.pdf,MOVE,READY,MEDICALE -> 04_Personnel/Medical,application/pdf,3256380
1ajUd44AspqRuc6dqr5p5R4com8ZwPytt,MICHAËL KIHL,MÉDICALE/HOPITAL/MICHAËL KIHL,04_Personnel/Medical/HOPITAL/MICHAËL KIHL,MOVE,READY,MEDICALE -> 04_Personnel/Medical,application/vnd.google-apps.folder,
1lGZmDf2mwSEh4qpG-3jD84p5T3axg2Li,Vanessa PIVEC - ConfirmationPaiement.pdf,MÉDICALE/HOPITAL/Vanessa PIVEC - ConfirmationPaiement.pdf,04_Personnel/Medical/HOPITAL/Vanessa PIVEC - ConfirmationPaiement.pdf,MOVE,READY,MEDICALE -> 04_Personnel/Medical,application/pdf,307064
1MyQc4DZ0KSuBFgT0IF4oPlCWOjQLluLp,MAE,MÉDICALE/‍ LABORATOIRE/MAE,04_Personnel/Medical/‍ LABORATOIRE/MAE,MOVE,READY,MEDICALE -> 04_Personnel/Medical,application/vnd.google-apps.folder,
1Dl1MGSuyX8ZlJqozZbVqAuZB69QRd9RZ,MICHAEL,MÉDICALE/‍ LABORATOIRE/MICHAEL,04_Personnel/Medical/‍ LABORATOIRE/MICHAEL,MOVE,READY,MEDICALE -> 04_Personnel/Medical,application/vnd.google-apps.folder,
1uehjcf4av_VSl6HRljPcJGOx_gMJITiK,hospitalisation-mae.pdf,MÉDICALE/MAÉ/hospitalisation-mae.pdf,04_Personnel/Medical/MAÉ/hospitalisation-mae.pdf,MOVE,READY,MEDICALE -> 04_Personnel/Medical,application/pdf,125766
16H4a5yLoe2ykfn-nqpTDB8KYwLEWKeke,Sans titre 3_Partie18.pdf,MÉDICALE/MDPH/Sans titre 3_Partie18.pdf,04_Personnel/Medical/MDPH/Sans titre 3_Partie18.pdf,MOVE,READY,MEDICALE -> 04_Personnel/Medical,application/pdf,179576
1o50wAorg9G5Xc4APxKBWegf25ts4Uf5o,Sans titre 3_Partie19.pdf,MÉDICALE/MDPH/Sans titre 3_Partie19.pdf,04_Personnel/Medical/MDPH/Sans titre 3_Partie19.pdf,MOVE,READY,MEDICALE -> 04_Personnel/Medical,application/pdf,154800
1OVG7H37alzo32XUzks1H2VfH4KCoNMXj,Sans titre 3_Partie7.pdf,MÉDICALE/MDPH/Sans titre 3_Partie7.pdf,04_Personnel/Medical/MDPH/Sans titre 3_Partie7.pdf,MOVE,READY,MEDICALE -> 04_Personnel/Medical,application/pdf,166411
1CO25oXnU2ZvCFU3rPLN17CNeuJEgufpr,Sans titre 3_Partie4.pdf,MÉDICALE/MDPH/Sans titre 3_Partie4.pdf,04_Personnel/Medical/MDPH/Sans titre 3_Partie4.pdf,MOVE,READY,MEDICALE -> 04_Personnel/Medical,application/pdf,197644
1T9eP6KNCfZerNxySOBkUdZXCxJoA_XS-,Sans titre 3_Partie15.pdf,MÉDICALE/MDPH/Sans titre 3_Partie15.pdf,04_Personnel/Medical/MDPH/Sans titre 3_Partie15.pdf,MOVE,READY,MEDICALE -> 04_Personnel/Medical,application/pdf,133951
1j3TEm9hMO0jpXKhmGONhLSQtiTEEE9bB,Sans titre 3_Partie13.pdf,MÉDICALE/MDPH/Sans titre 3_Partie13.pdf,04_Personnel/Medical/MDPH/Sans titre 3_Partie13.pdf,MOVE,READY,MEDICALE -> 04_Personnel/Medical,application/pdf,153137
1dj6LaD5c5BT4gO8zHW33rM2TUwmG475u,Sans titre 3_Partie1.pdf,MÉDICALE/MDPH/Sans titre 3_Partie1.pdf,04_Personnel/Medical/MDPH/Sans titre 3_Partie1.pdf,MOVE,READY,MEDICALE -> 04_Personnel/Medical,application/pdf,304871
17r7e4OTHasOWeIG8Eoxb0N2pi97bbl1C,Sans titre 3_Partie14.pdf,MÉDICALE/MDPH/Sans titre 3_Partie14.pdf,04_Personnel/Medical/MDPH/Sans titre 3_Partie14.pdf,MOVE,READY,MEDICALE -> 04_Personnel/Medical,application/pdf,148146
1ymusTIpeD1GngJDu1lJBaQexyQAt3n47,Sans titre 3_Partie3.pdf,MÉDICALE/MDPH/Sans titre 3_Partie3.pdf,04_Personnel/Medical/MDPH/Sans titre 3_Partie3.pdf,MOVE,READY,MEDICALE -> 04_Personnel/Medical,application/pdf,230932
1Nivtfn_gg7tqrNOS-YhDWA0JeVp5YnOF,Sans titre 3_Partie17.pdf,MÉDICALE/MDPH/Sans titre 3_Partie17.pdf,04_Personnel/Medical/MDPH/Sans titre 3_Partie17.pdf,MOVE,READY,MEDICALE -> 04_Personnel/Medical,application/pdf,132234
1O8Rg6RmVq5ghQ2onpTI53PB3o93tNH8q,Sans titre 3_Partie8.pdf,MÉDICALE/MDPH/Sans titre 3_Partie8.pdf,04_Personnel/Medical/MDPH/Sans titre 3_Partie8.pdf,MOVE,READY,MEDICALE -> 04_Personnel/Medical,application/pdf,136510
1tpjetUAlm4nmXritmHhMPNraRijXOq1h,Sans titre 3_Partie5.pdf,MÉDICALE/MDPH/Sans titre 3_Partie5.pdf,04_Personnel/Medical/MDPH/Sans titre 3_Partie5.pdf,MOVE,READY,MEDICALE -> 04_Personnel/Medical,application/pdf,167997
1TXPP63WrZXk44BW_XLslh3DM2VPpG78c,Sans titre 3_Partie12.pdf,MÉDICALE/MDPH/Sans titre 3_Partie12.pdf,04_Personnel/Medical/MDPH/Sans titre 3_Partie12.pdf,MOVE,READY,MEDICALE -> 04_Personnel/Medical,application/pdf,160163
1HXB7lEm_QvFltJA1FhDAuUqs2Dg_gxdl,Sans titre 3_Partie9.pdf,MÉDICALE/MDPH/Sans titre 3_Partie9.pdf,04_Personnel/Medical/MDPH/Sans titre 3_Partie9.pdf,MOVE,READY,MEDICALE -> 04_Personnel/Medical,application/pdf,169510
19pIETvrC-wMaObZvhmM8HBmAt3ntxC8g,Sans titre 3_Partie10.pdf,MÉDICALE/MDPH/Sans titre 3_Partie10.pdf,04_Personnel/Medical/MDPH/Sans titre 3_Partie10.pdf,MOVE,READY,MEDICALE -> 04_Personnel/Medical,application/pdf,163763
10a6XiP6wRxgEYXDh2eLb6u8t-x0UJiwb,Sans titre 3_Partie6.pdf,MÉDICALE/MDPH/Sans titre 3_Partie6.pdf,04_Personnel/Medical/MDPH/Sans titre 3_Partie6.pdf,MOVE,READY,MEDICALE -> 04_Personnel/Medical,application/pdf,171660
1VChssouVOtq-RD7B80P6Q6G5tFtcFCn1,Sans titre 3_Partie16.pdf,MÉDICALE/MDPH/Sans titre 3_Partie16.pdf,04_Personnel/Medical/MDPH/Sans titre 3_Partie16.pdf,MOVE,READY,MEDICALE -> 04_Personnel/Medical,application/pdf,111538
1yKypdcyk3nB7kPdvmcaUjGRk8yFvMQMp,Sans titre 3_Partie11.pdf,MÉDICALE/MDPH/Sans titre 3_Partie11.pdf,04_Personnel/Medical/MDPH/Sans titre 3_Partie11.pdf,MOVE,READY,MEDICALE -> 04_Personnel/Medical,application/pdf,159949
1L8BP0PHoujD0MWjxys9kZMRQXcaXziZC,Sans titre 3_Partie2.pdf,MÉDICALE/MDPH/Sans titre 3_Partie2.pdf,04_Personnel/Medical/MDPH/Sans titre 3_Partie2.pdf,MOVE,READY,MEDICALE -> 04_Personnel/Medical,application/pdf,202488
1Q869Tn150qtsZM4Zow3iLc1uVFqbGViE,Sans titre 3.pdf,MÉDICALE/MDPH/Sans titre 3.pdf,04_Personnel/Medical/MDPH/Sans titre 3.pdf,MOVE,READY,MEDICALE -> 04_Personnel/Medical,application/pdf,2987555
1kEgcAmiRBmRBlcYb0xVx9VlFkj9NgTTC,Sans titre 2.pdf,MÉDICALE/MDPH/Sans titre 2.pdf,04_Personnel/Medical/MDPH/Sans titre 2.pdf,MOVE,READY,MEDICALE -> 04_Personnel/Medical,application/pdf,993484
1PYU8MX8HR00Q8_XT2rBnjSQriSCo2NuW,Sans titre 1.pdf,MÉDICALE/MDPH/Sans titre 1.pdf,04_Personnel/Medical/MDPH/Sans titre 1.pdf,MOVE,READY,MEDICALE -> 04_Personnel/Medical,application/pdf,41030
1HHVkf97ZWu4dhl2eVwWQGfjmhKHvd3sZ,99_ARCHIVES,PROMPTS_schoolsWP/03_PROMPTS/06_Automation/99_ARCHIVES,01_Projets/schoolsWP/08_IA-et-Prompts/03_PROMPTS/06_Automation/99_ARCHIVES,MOVE,READY,PROMPTS_schoolsWP -> IA-et-Prompts,application/vnd.google-apps.folder,
1F5uWYwJR6ru3NVKUO7mJNyQKSFLdG7pW,03_LIVE,PROMPTS_schoolsWP/03_PROMPTS/06_Automation/03_LIVE,01_Projets/schoolsWP/08_IA-et-Prompts/03_PROMPTS/06_Automation/03_LIVE,MOVE,READY,PROMPTS_schoolsWP -> IA-et-Prompts,application/vnd.google-apps.folder,
1Z_xypGp86CM9oENp0186whLIS1YQF04b,02_VALIDÉ,PROMPTS_schoolsWP/03_PROMPTS/06_Automation/02_VALIDÉ,01_Projets/schoolsWP/08_IA-et-Prompts/03_PROMPTS/06_Automation/02_VALIDÉ,MOVE,READY,PROMPTS_schoolsWP -> IA-et-Prompts,application/vnd.google-apps.folder,
1ipCupX-PSMObh3DPDqdRxxzIM5VU6Ccw,01_DRAFT,PROMPTS_schoolsWP/03_PROMPTS/06_Automation/01_DRAFT,01_Projets/schoolsWP/08_IA-et-Prompts/03_PROMPTS/06_Automation/01_DRAFT,MOVE,READY,PROMPTS_schoolsWP -> IA-et-Prompts,application/vnd.google-apps.folder,
19ISfn_-Aa8ELor908beR1TY86UX9tbCS,99_ARCHIVES,PROMPTS_schoolsWP/03_PROMPTS/05_Assets/99_ARCHIVES,01_Projets/schoolsWP/08_IA-et-Prompts/03_PROMPTS/05_Assets/99_ARCHIVES,MOVE,READY,PROMPTS_schoolsWP -> IA-et-Prompts,application/vnd.google-apps.folder,
1Vsqty9O3Zxq13zKZmRo1rK6Hray9cblP,03_LIVE,PROMPTS_schoolsWP/03_PROMPTS/05_Assets/03_LIVE,01_Projets/schoolsWP/08_IA-et-Prompts/03_PROMPTS/05_Assets/03_LIVE,MOVE,READY,PROMPTS_schoolsWP -> IA-et-Prompts,application/vnd.google-apps.folder,
1vXApe56c9DVGH2zIA9EDeNg_3S3d5pR2,02_VALIDÉ,PROMPTS_schoolsWP/03_PROMPTS/05_Assets/02_VALIDÉ,01_Projets/schoolsWP/08_IA-et-Prompts/03_PROMPTS/05_Assets/02_VALIDÉ,MOVE,READY,PROMPTS_schoolsWP -> IA-et-Prompts,application/vnd.google-apps.folder,
1cn39I1GXdkVfhNpeCTi9m9wLPAKK-m5X,01_DRAFT,PROMPTS_schoolsWP/03_PROMPTS/05_Assets/01_DRAFT,01_Projets/schoolsWP/08_IA-et-Prompts/03_PROMPTS/05_Assets/01_DRAFT,MOVE,READY,PROMPTS_schoolsWP -> IA-et-Prompts,application/vnd.google-apps.folder,
1-GdeIc2lwrt3ERZ8rCZZdX-QXepCIhup,99_ARCHIVES,PROMPTS_schoolsWP/03_PROMPTS/04_Affiliation/99_ARCHIVES,01_Projets/schoolsWP/08_IA-et-Prompts/03_PROMPTS/04_Affiliation/99_ARCHIVES,MOVE,READY,PROMPTS_schoolsWP -> IA-et-Prompts,application/vnd.google-apps.folder,
10EOQiAUHV7V_c1LFJ8KldWUGdXOEJ0vG,03_LIVE,PROMPTS_schoolsWP/03_PROMPTS/04_Affiliation/03_LIVE,01_Projets/schoolsWP/08_IA-et-Prompts/03_PROMPTS/04_Affiliation/03_LIVE,MOVE,READY,PROMPTS_schoolsWP -> IA-et-Prompts,application/vnd.google-apps.folder,
1OW6qZaF5gAsUz0Ob9UXVd5g5czsNOLOb,02_VALIDÉ,PROMPTS_schoolsWP/03_PROMPTS/04_Affiliation/02_VALIDÉ,01_Projets/schoolsWP/08_IA-et-Prompts/03_PROMPTS/04_Affiliation/02_VALIDÉ,MOVE,READY,PROMPTS_schoolsWP -> IA-et-Prompts,application/vnd.google-apps.folder,
1uAmDrQa5_zG95PFnEhxIp3NPtMXy-UD4,01_DRAFT,PROMPTS_schoolsWP/03_PROMPTS/04_Affiliation/01_DRAFT,01_Projets/schoolsWP/08_IA-et-Prompts/03_PROMPTS/04_Affiliation/01_DRAFT,MOVE,READY,PROMPTS_schoolsWP -> IA-et-Prompts,application/vnd.google-apps.folder,
13Eso76ASpC8Np1koMAITQzKc644Cs0pI,99_ARCHIVES,PROMPTS_schoolsWP/03_PROMPTS/03_Conversion/99_ARCHIVES,01_Projets/schoolsWP/08_IA-et-Prompts/03_PROMPTS/03_Conversion/99_ARCHIVES,MOVE,READY,PROMPTS_schoolsWP -> IA-et-Prompts,application/vnd.google-apps.folder,
1bP1ZWkuebAblDpgFO6QJW_5r34K3ofiF,03_LIVE,PROMPTS_schoolsWP/03_PROMPTS/03_Conversion/03_LIVE,01_Projets/schoolsWP/08_IA-et-Prompts/03_PROMPTS/03_Conversion/03_LIVE,MOVE,READY,PROMPTS_schoolsWP -> IA-et-Prompts,application/vnd.google-apps.folder,
1luh2qKu82rOpCMgFJH6CElsI5r1RQZhS,02_VALIDÉ,PROMPTS_schoolsWP/03_PROMPTS/03_Conversion/02_VALIDÉ,01_Projets/schoolsWP/08_IA-et-Prompts/03_PROMPTS/03_Conversion/02_VALIDÉ,MOVE,READY,PROMPTS_schoolsWP -> IA-et-Prompts,application/vnd.google-apps.folder,
1PFs7hBMo7y6ns70tNp4LHCtgrYWMPF1u,01_DRAFT,PROMPTS_schoolsWP/03_PROMPTS/03_Conversion/01_DRAFT,01_Projets/schoolsWP/08_IA-et-Prompts/03_PROMPTS/03_Conversion/01_DRAFT,MOVE,READY,PROMPTS_schoolsWP -> IA-et-Prompts,application/vnd.google-apps.folder,
1nzLfzYrmvuOItld3kXDmSfXv8fXXybM7,99_ARCHIVES,PROMPTS_schoolsWP/03_PROMPTS/02_Email_CRM/99_ARCHIVES,01_Projets/schoolsWP/08_IA-et-Prompts/03_PROMPTS/02_Email_CRM/99_ARCHIVES,MOVE,READY,PROMPTS_schoolsWP -> IA-et-Prompts,application/vnd.google-apps.folder,
1rCVeI7ds6cn03eLIvT6uefKL1kvznmE3,03_LIVE,PROMPTS_schoolsWP/03_PROMPTS/02_Email_CRM/03_LIVE,01_Projets/schoolsWP/08_IA-et-Prompts/03_PROMPTS/02_Email_CRM/03_LIVE,MOVE,READY,PROMPTS_schoolsWP -> IA-et-Prompts,application/vnd.google-apps.folder,
1PIpJq5VWed4xCU5dsG5CBfO90XmGH4kP,02_VALIDÉ,PROMPTS_schoolsWP/03_PROMPTS/02_Email_CRM/02_VALIDÉ,01_Projets/schoolsWP/08_IA-et-Prompts/03_PROMPTS/02_Email_CRM/02_VALIDÉ,MOVE,READY,PROMPTS_schoolsWP -> IA-et-Prompts,application/vnd.google-apps.folder,
1EH3ujofFeLPUxc5kToTRcm_OszTsE00z,01_DRAFT,PROMPTS_schoolsWP/03_PROMPTS/02_Email_CRM/01_DRAFT,01_Projets/schoolsWP/08_IA-et-Prompts/03_PROMPTS/02_Email_CRM/01_DRAFT,MOVE,READY,PROMPTS_schoolsWP -> IA-et-Prompts,application/vnd.google-apps.folder,
1IIEXYpc9I9hTFh1wv9Vw4_xQcBT8m7CLj7Io1Ou59pM,2026-02-02 – Audit Contenu Mismatch SERP – Prompt – SEO – FR.md,PROMPTS_schoolsWP/03_PROMPTS/01_Editorial_SEO/2026-02-02 – Audit Contenu Mismatch SERP – Prompt – SEO – FR.md,01_Projets/schoolsWP/08_IA-et-Prompts/03_PROMPTS/01_Editorial_SEO/2026-02-02 – Audit Contenu Mismatch SERP – Prompt – SEO – FR.md,MOVE,READY,PROMPTS_schoolsWP -> IA-et-Prompts,application/vnd.google-apps.document,8056
1IBvqa4a886jtqUWL_lGUosAsnUG_jnao830eK7N8BQM,2025-05-02 – Etude Chat GPT Fournisseurs de dropshipping (Maison et Décoration) – Prompt,PROMPTS_schoolsWP/03_PROMPTS/01_Editorial_SEO/2025-05-02 – Etude Chat GPT Fournisseurs de dropshipping (Maison et Décoration) – Prompt,01_Projets/schoolsWP/08_IA-et-Prompts/03_PROMPTS/01_Editorial_SEO/2025-05-02 – Etude Chat GPT Fournisseurs de dropshipping (Maison et Décoration) – Prompt,MOVE,READY,PROMPTS_schoolsWP -> IA-et-Prompts,application/vnd.google-apps.document,26845
1XT7MpS_9tw5AjX7Z4hM85Wk3Tv5lO70JNGfEtirL1Tk,2023-08-02 – ORIGINAL | Gestionnaire de Prompts – Prompt,PROMPTS_schoolsWP/03_PROMPTS/01_Editorial_SEO/2023-08-02 – ORIGINAL | Gestionnaire de Prompts – Prompt,01_Projets/schoolsWP/08_IA-et-Prompts/03_PROMPTS/01_Editorial_SEO/2023-08-02 – ORIGINAL | Gestionnaire de Prompts – Prompt,MOVE,READY,PROMPTS_schoolsWP -> IA-et-Prompts,application/vnd.google-apps.spreadsheet,5321
1ddyRr61rVKJgpkSPISWxNag-2pDh_-y4cqTh7aadqpo,2025-04-08 – [ORIGINAL] WP Sensei Prompt Affiliation Amazon – Prompt,PROMPTS_schoolsWP/03_PROMPTS/01_Editorial_SEO/2025-04-08 – [ORIGINAL] WP Sensei Prompt Affiliation Amazon – Prompt,01_Projets/schoolsWP/08_IA-et-Prompts/03_PROMPTS/01_Editorial_SEO/2025-04-08 – [ORIGINAL] WP Sensei Prompt Affiliation Amazon – Prompt,MOVE,READY,PROMPTS_schoolsWP -> IA-et-Prompts,application/vnd.google-apps.presentation,107815
1UqNjk_91KTtMiii25Fu3YrGtf42cVbJJ8D_2x8rIec8,2024-04-26 – [ORIGINAL] Prompts PRO Vendeur Amazon – Prompt,PROMPTS_schoolsWP/03_PROMPTS/01_Editorial_SEO/2024-04-26 – [ORIGINAL] Prompts PRO Vendeur Amazon – Prompt,01_Projets/schoolsWP/08_IA-et-Prompts/03_PROMPTS/01_Editorial_SEO/2024-04-26 – [ORIGINAL] Prompts PRO Vendeur Amazon – Prompt,MOVE,READY,PROMPTS_schoolsWP -> IA-et-Prompts,application/vnd.google-apps.spreadsheet,15321
151vy_osunZ3xM3kpTXckitJpVvRmpyzxCtwtlduZbGk,2023-08-02 – ORIGINAL | Prompts PRO Vendeur Amazon – Prompt,PROMPTS_schoolsWP/03_PROMPTS/01_Editorial_SEO/2023-08-02 – ORIGINAL | Prompts PRO Vendeur Amazon – Prompt,01_Projets/schoolsWP/08_IA-et-Prompts/03_PROMPTS/01_Editorial_SEO/2023-08-02 – ORIGINAL | Prompts PRO Vendeur Amazon – Prompt,MOVE,READY,PROMPTS_schoolsWP -> IA-et-Prompts,application/vnd.google-apps.spreadsheet,15311
1rAqN08J9qeEkWxep4vFWSMVpTxMgeJz3oIFR_3fgCTw,"2023-01-03 – Comment utiliser ChatGPT pour automatiser la création de tes contenus, et réd... – Prompt","PROMPTS_schoolsWP/03_PROMPTS/01_Editorial_SEO/2023-01-03 – Comment utiliser ChatGPT pour automatiser la création de tes contenus, et réd... – Prompt","01_Projets/schoolsWP/08_IA-et-Prompts/03_PROMPTS/01_Editorial_SEO/2023-01-03 – Comment utiliser ChatGPT pour automatiser la création de tes contenus, et réd... – Prompt",MOVE,READY,PROMPTS_schoolsWP -> IA-et-Prompts,application/vnd.google-apps.document,332505
1MiMAx6f_Mt1Nxh_y-2gpzp6Fo6Ut59Gp0iD5kApzJY0,2023-02-25 – Automatiser le copywriting de ses pubs et PDV avec chat GPT – Prompt,PROMPTS_schoolsWP/03_PROMPTS/01_Editorial_SEO/2023-02-25 – Automatiser le copywriting de ses pubs et PDV avec chat GPT – Prompt,01_Projets/schoolsWP/08_IA-et-Prompts/03_PROMPTS/01_Editorial_SEO/2023-02-25 – Automatiser le copywriting de ses pubs et PDV avec chat GPT – Prompt,MOVE,READY,PROMPTS_schoolsWP -> IA-et-Prompts,application/vnd.google-apps.document,1379609
1FuntSov6sPJgrOtRbfpjikmURUGzJmRiZH4aAABfUIs,2023-09-18 – GPT Création de contenu 10 langues – Prompt,PROMPTS_schoolsWP/03_PROMPTS/01_Editorial_SEO/2023-09-18 – GPT Création de contenu 10 langues – Prompt,01_Projets/schoolsWP/08_IA-et-Prompts/03_PROMPTS/01_Editorial_SEO/2023-09-18 – GPT Création de contenu 10 langues – Prompt,MOVE,READY,PROMPTS_schoolsWP -> IA-et-Prompts,application/vnd.google-apps.spreadsheet,17517
1yWr7RZ6GgxR7LtwL3A7yZyzU29h12PlS,2025-12-28 – Screenshot 20251005 152118 ChatGPT – Prompt.jpg,PROMPTS_schoolsWP/03_PROMPTS/01_Editorial_SEO/2025-12-28 – Screenshot 20251005 152118 ChatGPT – Prompt.jpg,01_Projets/schoolsWP/08_IA-et-Prompts/03_PROMPTS/01_Editorial_SEO/2025-12-28 – Screenshot 20251005 152118 ChatGPT – Prompt.jpg,MOVE,READY,PROMPTS_schoolsWP -> IA-et-Prompts,image/jpeg,1337137
1i_HyQOGR5fSvw7kDFCDi8QApdkLTDuuB,2025-12-29 – Blow DOK GPT CREATE – Prompt.html,PROMPTS_schoolsWP/03_PROMPTS/01_Editorial_SEO/2025-12-29 – Blow DOK GPT CREATE – Prompt.html,01_Projets/schoolsWP/08_IA-et-Prompts/03_PROMPTS/01_Editorial_SEO/2025-12-29 – Blow DOK GPT CREATE – Prompt.html,MOVE,READY,PROMPTS_schoolsWP -> IA-et-Prompts,text/html,25424
1ZS1x5107OLQyLJIcUvPs77Dd8lAoypVf,2025-12-29 – Comparatif prompts google sheets – Prompt.csv,PROMPTS_schoolsWP/03_PROMPTS/01_Editorial_SEO/2025-12-29 – Comparatif prompts google sheets – Prompt.csv,01_Projets/schoolsWP/08_IA-et-Prompts/03_PROMPTS/01_Editorial_SEO/2025-12-29 – Comparatif prompts google sheets – Prompt.csv,MOVE,READY,PROMPTS_schoolsWP -> IA-et-Prompts,text/comma-separated-values,4012
13S8x4_odsBygRi2awNkeMYUvleKrOe65,2025-12-29 – Customs Instructions GPT A.C.P – Prompt.txt,PROMPTS_schoolsWP/03_PROMPTS/01_Editorial_SEO/2025-12-29 – Customs Instructions GPT A.C.P – Prompt.txt,01_Projets/schoolsWP/08_IA-et-Prompts/03_PROMPTS/01_Editorial_SEO/2025-12-29 – Customs Instructions GPT A.C.P – Prompt.txt,MOVE,READY,PROMPTS_schoolsWP -> IA-et-Prompts,text/plain,4745
1MfBFfe_dCpBOqTZd3KUsGbJLSp4iVxH2,2025-12-29 – Sécurité Renforcée de NOM DE TON GPT – Prompt.json,PROMPTS_schoolsWP/03_PROMPTS/01_Editorial_SEO/2025-12-29 – Sécurité Renforcée de NOM DE TON GPT – Prompt.json,01_Projets/schoolsWP/08_IA-et-Prompts/03_PROMPTS/01_Editorial_SEO/2025-12-29 – Sécurité Renforcée de NOM DE TON GPT – Prompt.json,MOVE,READY,PROMPTS_schoolsWP -> IA-et-Prompts,application/json,6338
1YFthh_rlRCI2y9w7BOl_od_eIv2CuvmL3uH3KA4eU7o,2024-09-09 – Prompt ChatGPT pour générer un article de blog qui RANKE sur Google en quelqu... – Prompt,PROMPTS_schoolsWP/03_PROMPTS/01_Editorial_SEO/2024-09-09 – Prompt ChatGPT pour générer un article de blog qui RANKE sur Google en quelqu... – Prompt,01_Projets/schoolsWP/08_IA-et-Prompts/03_PROMPTS/01_Editorial_SEO/2024-09-09 – Prompt ChatGPT pour générer un article de blog qui RANKE sur Google en quelqu... – Prompt,MOVE,READY,PROMPTS_schoolsWP -> IA-et-Prompts,application/vnd.google-apps.document,3717
1EERyyWjqAlqhNYhiYdWu-hV73FbgYeCw,99_ARCHIVES,PROMPTS_schoolsWP/03_PROMPTS/01_Editorial_SEO/99_ARCHIVES,01_Projets/schoolsWP/08_IA-et-Prompts/03_PROMPTS/01_Editorial_SEO/99_ARCHIVES,MOVE,READY,PROMPTS_schoolsWP -> IA-et-Prompts,application/vnd.google-apps.folder,
1VXJFhx1yWKlOyw8_ZUhqb_cHYScJ4XBE,03_LIVE,PROMPTS_schoolsWP/03_PROMPTS/01_Editorial_SEO/03_LIVE,01_Projets/schoolsWP/08_IA-et-Prompts/03_PROMPTS/01_Editorial_SEO/03_LIVE,MOVE,READY,PROMPTS_schoolsWP -> IA-et-Prompts,application/vnd.google-apps.folder,
1MJBKU7V3gGQcGjNBrPOjBy8iRQvjxIP2,02_VALIDÉ,PROMPTS_schoolsWP/03_PROMPTS/01_Editorial_SEO/02_VALIDÉ,01_Projets/schoolsWP/08_IA-et-Prompts/03_PROMPTS/01_Editorial_SEO/02_VALIDÉ,MOVE,READY,PROMPTS_schoolsWP -> IA-et-Prompts,application/vnd.google-apps.folder,
16ab3JY9M0qfeZBBQjwlKJlk9tC6hlANA,01_DRAFT,PROMPTS_schoolsWP/03_PROMPTS/01_Editorial_SEO/01_DRAFT,01_Projets/schoolsWP/08_IA-et-Prompts/03_PROMPTS/01_Editorial_SEO/01_DRAFT,MOVE,READY,PROMPTS_schoolsWP -> IA-et-Prompts,application/vnd.google-apps.folder,
1fYCsctKvQE_53Dh8ANrgIn4qlwqYsF4H,99_ARCHIVES,PROMPTS_schoolsWP/02_TEMPLATES/06_Automation_SOP/99_ARCHIVES,01_Projets/schoolsWP/08_IA-et-Prompts/02_TEMPLATES/06_Automation_SOP/99_ARCHIVES,MOVE,READY,PROMPTS_schoolsWP -> IA-et-Prompts,application/vnd.google-apps.folder,
1_DsqmLe9v_jsXQQ1lcu-l08BNlFVnObw,03_LIVE,PROMPTS_schoolsWP/02_TEMPLATES/06_Automation_SOP/03_LIVE,01_Projets/schoolsWP/08_IA-et-Prompts/02_TEMPLATES/06_Automation_SOP/03_LIVE,MOVE,READY,PROMPTS_schoolsWP -> IA-et-Prompts,application/vnd.google-apps.folder,
1ef8v_-ffguaSJtO2xkaLO_7dNZXyMvv3,02_VALIDÉ,PROMPTS_schoolsWP/02_TEMPLATES/06_Automation_SOP/02_VALIDÉ,01_Projets/schoolsWP/08_IA-et-Prompts/02_TEMPLATES/06_Automation_SOP/02_VALIDÉ,MOVE,READY,PROMPTS_schoolsWP -> IA-et-Prompts,application/vnd.google-apps.folder,
1pvXacQZgdm5eXKbCLvX5Q9L3wK2mqvdt,01_DRAFT,PROMPTS_schoolsWP/02_TEMPLATES/06_Automation_SOP/01_DRAFT,01_Projets/schoolsWP/08_IA-et-Prompts/02_TEMPLATES/06_Automation_SOP/01_DRAFT,MOVE,READY,PROMPTS_schoolsWP -> IA-et-Prompts,application/vnd.google-apps.folder,
1IQf3lJ8aTmKLySN8O3l7bjHi2INryKYe,99_ARCHIVES,PROMPTS_schoolsWP/02_TEMPLATES/05_Affiliation_Monetisation/99_ARCHIVES,01_Projets/schoolsWP/08_IA-et-Prompts/02_TEMPLATES/05_Affiliation_Monetisation/99_ARCHIVES,MOVE,READY,PROMPTS_schoolsWP -> IA-et-Prompts,application/vnd.google-apps.folder,
125sRMHFwVbFU5VNA7iv4L9ZrJdV6ZaOD,03_LIVE,PROMPTS_schoolsWP/02_TEMPLATES/05_Affiliation_Monetisation/03_LIVE,01_Projets/schoolsWP/08_IA-et-Prompts/02_TEMPLATES/05_Affiliation_Monetisation/03_LIVE,MOVE,READY,PROMPTS_schoolsWP -> IA-et-Prompts,application/vnd.google-apps.folder,
1YEwGSc2zMOWRGffu5gG8xPUiJ2KeRYJ0,02_VALIDÉ,PROMPTS_schoolsWP/02_TEMPLATES/05_Affiliation_Monetisation/02_VALIDÉ,01_Projets/schoolsWP/08_IA-et-Prompts/02_TEMPLATES/05_Affiliation_Monetisation/02_VALIDÉ,MOVE,READY,PROMPTS_schoolsWP -> IA-et-Prompts,application/vnd.google-apps.folder,
1JqGaxczhCLzrI9JgnxyrFac0slST8saQ,01_DRAFT,PROMPTS_schoolsWP/02_TEMPLATES/05_Affiliation_Monetisation/01_DRAFT,01_Projets/schoolsWP/08_IA-et-Prompts/02_TEMPLATES/05_Affiliation_Monetisation/01_DRAFT,MOVE,READY,PROMPTS_schoolsWP -> IA-et-Prompts,application/vnd.google-apps.folder,
1zeE_7UZMZ3Im6FNjelu8iFPvttxc0__d,99_ARCHIVES,PROMPTS_schoolsWP/02_TEMPLATES/04_YouTube_Social/99_ARCHIVES,01_Projets/schoolsWP/08_IA-et-Prompts/02_TEMPLATES/04_YouTube_Social/99_ARCHIVES,MOVE,READY,PROMPTS_schoolsWP -> IA-et-Prompts,application/vnd.google-apps.folder,
17Wf2g5TU_mPBGMjStNYVLtYJo-NZ3KwI,03_LIVE,PROMPTS_schoolsWP/02_TEMPLATES/04_YouTube_Social/03_LIVE,01_Projets/schoolsWP/08_IA-et-Prompts/02_TEMPLATES/04_YouTube_Social/03_LIVE,MOVE,READY,PROMPTS_schoolsWP -> IA-et-Prompts,application/vnd.google-apps.folder,
1gCthXQQKk5iltPeMgceT-XkeSHPXV6Hw,02_VALIDÉ,PROMPTS_schoolsWP/02_TEMPLATES/04_YouTube_Social/02_VALIDÉ,01_Projets/schoolsWP/08_IA-et-Prompts/02_TEMPLATES/04_YouTube_Social/02_VALIDÉ,MOVE,READY,PROMPTS_schoolsWP -> IA-et-Prompts,application/vnd.google-apps.folder,
1jg1kiPWXmatmbGnVZKMg-oV1LeXCHqvY,01_DRAFT,PROMPTS_schoolsWP/02_TEMPLATES/04_YouTube_Social/01_DRAFT,01_Projets/schoolsWP/08_IA-et-Prompts/02_TEMPLATES/04_YouTube_Social/01_DRAFT,MOVE,READY,PROMPTS_schoolsWP -> IA-et-Prompts,application/vnd.google-apps.folder,
1qfGJx_8FYm7p4em_rq4ptiF3oEVbv3HuSnsISkUGuIU,2024-02-10 – Michaël KIHL Création Site Internet | Conception Web | Tunnel De Vente – Ressource,PROMPTS_schoolsWP/02_TEMPLATES/03_Conversion_Landing/2024-02-10 – Michaël KIHL Création Site Internet | Conception Web | Tunnel De Vente – Ressource,01_Projets/schoolsWP/08_IA-et-Prompts/02_TEMPLATES/03_Conversion_Landing/2024-02-10 – Michaël KIHL Création Site Internet | Conception Web | Tunnel De Vente – Ressource,MOVE,READY,PROMPTS_schoolsWP -> IA-et-Prompts,application/vnd.google-apps.spreadsheet,1024
1G6lksqAwR9db_-uhdmw6RC9d5C0cMFfkg3ufpYz7zLQ,2026-02-04 – Master Brief Marketing et Vente – Template – Landing – FR,PROMPTS_schoolsWP/02_TEMPLATES/03_Conversion_Landing/2026-02-04 – Master Brief Marketing et Vente – Template – Landing – FR,01_Projets/schoolsWP/08_IA-et-Prompts/02_TEMPLATES/03_Conversion_Landing/2026-02-04 – Master Brief Marketing et Vente – Template – Landing – FR,MOVE,READY,PROMPTS_schoolsWP -> IA-et-Prompts,application/vnd.google-apps.document,5903
1mtghfN215d8FPye6MTeRpG6e9szi2ApZ,99_ARCHIVES,PROMPTS_schoolsWP/02_TEMPLATES/03_Conversion_Landing/99_ARCHIVES,01_Projets/schoolsWP/08_IA-et-Prompts/02_TEMPLATES/03_Conversion_Landing/99_ARCHIVES,MOVE,READY,PROMPTS_schoolsWP -> IA-et-Prompts,application/vnd.google-apps.folder,
1zIIggKlRZMAk0rOYH10t7rgtoI8A8ETP,03_LIVE,PROMPTS_schoolsWP/02_TEMPLATES/03_Conversion_Landing/03_LIVE,01_Projets/schoolsWP/08_IA-et-Prompts/02_TEMPLATES/03_Conversion_Landing/03_LIVE,MOVE,READY,PROMPTS_schoolsWP -> IA-et-Prompts,application/vnd.google-apps.folder,
1J3_NwXXHa1HkD4kRjvF3CRCZqGc7aA2c,02_VALIDÉ,PROMPTS_schoolsWP/02_TEMPLATES/03_Conversion_Landing/02_VALIDÉ,01_Projets/schoolsWP/08_IA-et-Prompts/02_TEMPLATES/03_Conversion_Landing/02_VALIDÉ,MOVE,READY,PROMPTS_schoolsWP -> IA-et-Prompts,application/vnd.google-apps.folder,
1FErCv4YFe71yhm5MKmr0p-YLhgMVJmYl,01_DRAFT,PROMPTS_schoolsWP/02_TEMPLATES/03_Conversion_Landing/01_DRAFT,01_Projets/schoolsWP/08_IA-et-Prompts/02_TEMPLATES/03_Conversion_Landing/01_DRAFT,MOVE,READY,PROMPTS_schoolsWP -> IA-et-Prompts,application/vnd.google-apps.folder,
1L1f51xrbvgRfH2Pv2p5Ft6x_vqYL59v5WzidMtGhzIM,2025-04-29 – Résumé de la Newsletter par l'Agent – Template Email,PROMPTS_schoolsWP/02_TEMPLATES/02_Email_CRM_FluentCRM/2025-04-29 – Résumé de la Newsletter par l'Agent – Template Email,01_Projets/schoolsWP/08_IA-et-Prompts/02_TEMPLATES/02_Email_CRM_FluentCRM/2025-04-29 – Résumé de la Newsletter par l'Agent – Template Email,MOVE,READY,PROMPTS_schoolsWP -> IA-et-Prompts,application/vnd.google-apps.spreadsheet,1024
1pjQKLR2cGS00rEQOd4Y3BNo36P0k4h7_fwuGIeFRPA8,2025-05-22 – Email Marketing Brunelia Français – Template Email,PROMPTS_schoolsWP/02_TEMPLATES/02_Email_CRM_FluentCRM/2025-05-22 – Email Marketing Brunelia Français – Template Email,01_Projets/schoolsWP/08_IA-et-Prompts/02_TEMPLATES/02_Email_CRM_FluentCRM/2025-05-22 – Email Marketing Brunelia Français – Template Email,MOVE,READY,PROMPTS_schoolsWP -> IA-et-Prompts,application/vnd.google-apps.spreadsheet,38531
1eumZ9UI_ExtpNRsipqksx_tFQYjj0PKuYYq6jVT9F-c,2022-09-03 – FORMULAIRE – Template Email,PROMPTS_schoolsWP/02_TEMPLATES/02_Email_CRM_FluentCRM/2022-09-03 – FORMULAIRE – Template Email,01_Projets/schoolsWP/08_IA-et-Prompts/02_TEMPLATES/02_Email_CRM_FluentCRM/2022-09-03 – FORMULAIRE – Template Email,MOVE,READY,PROMPTS_schoolsWP -> IA-et-Prompts,application/vnd.google-apps.spreadsheet,1024
1W1zZNo8OzMxQhNfuIj-09NfF0yCAB-dFYkn_GExZrUw,2021-03-08 – NEWSLETTER – Template Email,PROMPTS_schoolsWP/02_TEMPLATES/02_Email_CRM_FluentCRM/2021-03-08 – NEWSLETTER – Template Email,01_Projets/schoolsWP/08_IA-et-Prompts/02_TEMPLATES/02_Email_CRM_FluentCRM/2021-03-08 – NEWSLETTER – Template Email,MOVE,READY,PROMPTS_schoolsWP -> IA-et-Prompts,application/vnd.google-apps.spreadsheet,1024
1Ze4HYroDBJgQr8Cek1DR7ZEutwRo6mnNeHnN_CYDeuM,2022-11-17 – SONDAGE – Template Email,PROMPTS_schoolsWP/02_TEMPLATES/02_Email_CRM_FluentCRM/2022-11-17 – SONDAGE – Template Email,01_Projets/schoolsWP/08_IA-et-Prompts/02_TEMPLATES/02_Email_CRM_FluentCRM/2022-11-17 – SONDAGE – Template Email,MOVE,READY,PROMPTS_schoolsWP -> IA-et-Prompts,application/vnd.google-apps.spreadsheet,1024
1G7ZO2pArCN2t_Vcc4Ia9bpDLT4COElouR48XAdGrsNM,2022-08-31 – SIO Réalise tes premières ventes – Template Email,PROMPTS_schoolsWP/02_TEMPLATES/02_Email_CRM_FluentCRM/2022-08-31 – SIO Réalise tes premières ventes – Template Email,01_Projets/schoolsWP/08_IA-et-Prompts/02_TEMPLATES/02_Email_CRM_FluentCRM/2022-08-31 – SIO Réalise tes premières ventes – Template Email,MOVE,READY,PROMPTS_schoolsWP -> IA-et-Prompts,application/vnd.google-apps.spreadsheet,1024
1pNH5qMkMa3Sa_nHbv96eCC9GpGA-8R66FSUTBFXTz10,2022-03-13 – EBOOK L'indépendance financière pour tous | Aurélien AMACKER – Template Email,PROMPTS_schoolsWP/02_TEMPLATES/02_Email_CRM_FluentCRM/2022-03-13 – EBOOK L'indépendance financière pour tous | Aurélien AMACKER – Template Email,01_Projets/schoolsWP/08_IA-et-Prompts/02_TEMPLATES/02_Email_CRM_FluentCRM/2022-03-13 – EBOOK L'indépendance financière pour tous | Aurélien AMACKER – Template Email,MOVE,READY,PROMPTS_schoolsWP -> IA-et-Prompts,application/vnd.google-apps.spreadsheet,1024
1ubxyRMjpSErQCmQ-5ROmm8DOyfgwxGUALjgbzfBVZng,2022-03-13 – EBOOK Je gagne ma vie avec mon blog | Aurélien AMACKER – Template Email,PROMPTS_schoolsWP/02_TEMPLATES/02_Email_CRM_FluentCRM/2022-03-13 – EBOOK Je gagne ma vie avec mon blog | Aurélien AMACKER – Template Email,01_Projets/schoolsWP/08_IA-et-Prompts/02_TEMPLATES/02_Email_CRM_FluentCRM/2022-03-13 – EBOOK Je gagne ma vie avec mon blog | Aurélien AMACKER – Template Email,MOVE,READY,PROMPTS_schoolsWP -> IA-et-Prompts,application/vnd.google-apps.spreadsheet,1024
1hi9UKuV5tK1c2Vn8oby9NkgOvM6JsDc4znxJmGwmaYk,2021-11-21 – ConvertKit Free Plan Email Swipe Copy – Template Email,PROMPTS_schoolsWP/02_TEMPLATES/02_Email_CRM_FluentCRM/2021-11-21 – ConvertKit Free Plan Email Swipe Copy – Template Email,01_Projets/schoolsWP/08_IA-et-Prompts/02_TEMPLATES/02_Email_CRM_FluentCRM/2021-11-21 – ConvertKit Free Plan Email Swipe Copy – Template Email,MOVE,READY,PROMPTS_schoolsWP -> IA-et-Prompts,application/vnd.google-apps.document,244211
1XNci1UauyjUFN1UO8ZuqHDmdXucGRCG7RSCGo9_CHco,2023-03-02 – [IMPÉ] Exemples email newsletter – Template Email,PROMPTS_schoolsWP/02_TEMPLATES/02_Email_CRM_FluentCRM/2023-03-02 – [IMPÉ] Exemples email newsletter – Template Email,01_Projets/schoolsWP/08_IA-et-Prompts/02_TEMPLATES/02_Email_CRM_FluentCRM/2023-03-02 – [IMPÉ] Exemples email newsletter – Template Email,MOVE,READY,PROMPTS_schoolsWP -> IA-et-Prompts,application/vnd.google-apps.document,7757
1queWioMuag8Qx1rcnshKIiD0saYQQG-Jrjxxz-rFvmY,2024-12-16 – EAYCREA Séquence email de vente – Template Email,PROMPTS_schoolsWP/02_TEMPLATES/02_Email_CRM_FluentCRM/2024-12-16 – EAYCREA Séquence email de vente – Template Email,01_Projets/schoolsWP/08_IA-et-Prompts/02_TEMPLATES/02_Email_CRM_FluentCRM/2024-12-16 – EAYCREA Séquence email de vente – Template Email,MOVE,READY,PROMPTS_schoolsWP -> IA-et-Prompts,application/vnd.google-apps.document,7877
1dsNwfCw_qrk-VQ9AM-rGmOkA0fcXW6f8,2025-10-28 – Fluentcrm-plugin-wordpress-email-marketing – Template Email.jpg,PROMPTS_schoolsWP/02_TEMPLATES/02_Email_CRM_FluentCRM/2025-10-28 – Fluentcrm-plugin-wordpress-email-marketing – Template Email.jpg,01_Projets/schoolsWP/08_IA-et-Prompts/02_TEMPLATES/02_Email_CRM_FluentCRM/2025-10-28 – Fluentcrm-plugin-wordpress-email-marketing – Template Email.jpg,MOVE,READY,PROMPTS_schoolsWP -> IA-et-Prompts,image/jpeg,61421
1ZH9ZCHyCVOvfv6m7XsjdQZJbLEtikZ93,2025-10-28 – Fluentsmtp-plugin-wordpress-email-deliverability – Template Email.jpg,PROMPTS_schoolsWP/02_TEMPLATES/02_Email_CRM_FluentCRM/2025-10-28 – Fluentsmtp-plugin-wordpress-email-deliverability – Template Email.jpg,01_Projets/schoolsWP/08_IA-et-Prompts/02_TEMPLATES/02_Email_CRM_FluentCRM/2025-10-28 – Fluentsmtp-plugin-wordpress-email-deliverability – Template Email.jpg,MOVE,READY,PROMPTS_schoolsWP -> IA-et-Prompts,image/jpeg,267290
1JnWC6PjcHozyddtIyVOeLCwSoTjo5Ph1,2025-11-08 – Newsletter-wordpress-gratuite – Template Email.jpg,PROMPTS_schoolsWP/02_TEMPLATES/02_Email_CRM_FluentCRM/2025-11-08 – Newsletter-wordpress-gratuite – Template Email.jpg,01_Projets/schoolsWP/08_IA-et-Prompts/02_TEMPLATES/02_Email_CRM_FluentCRM/2025-11-08 – Newsletter-wordpress-gratuite – Template Email.jpg,MOVE,READY,PROMPTS_schoolsWP -> IA-et-Prompts,image/jpeg,267951
1cse8ShxzcWbkQQdVzolsXZgAPicMAJty,2025-06-05 – Fluentcrm-rabattcode-20-wordpress – Template Email.jpg,PROMPTS_schoolsWP/02_TEMPLATES/02_Email_CRM_FluentCRM/2025-06-05 – Fluentcrm-rabattcode-20-wordpress – Template Email.jpg,01_Projets/schoolsWP/08_IA-et-Prompts/02_TEMPLATES/02_Email_CRM_FluentCRM/2025-06-05 – Fluentcrm-rabattcode-20-wordpress – Template Email.jpg,MOVE,READY,PROMPTS_schoolsWP -> IA-et-Prompts,image/jpeg,272970
13rA0otG329kC1xrFjOPis7w9nX9cYVY3,2025-05-24 – Fluentcrm-gestion-contacts-email-wordpress – Template Email.jpg,PROMPTS_schoolsWP/02_TEMPLATES/02_Email_CRM_FluentCRM/2025-05-24 – Fluentcrm-gestion-contacts-email-wordpress – Template Email.jpg,01_Projets/schoolsWP/08_IA-et-Prompts/02_TEMPLATES/02_Email_CRM_FluentCRM/2025-05-24 – Fluentcrm-gestion-contacts-email-wordpress – Template Email.jpg,MOVE,READY,PROMPTS_schoolsWP -> IA-et-Prompts,image/jpeg,206812
13n7RmEiiqWuEVK_9TMjUuIpsVyqZdJ8R,2025-05-24 – Fluentcrm-rapports-avances-tableau-bord-crm – Template Email.jpg,PROMPTS_schoolsWP/02_TEMPLATES/02_Email_CRM_FluentCRM/2025-05-24 – Fluentcrm-rapports-avances-tableau-bord-crm – Template Email.jpg,01_Projets/schoolsWP/08_IA-et-Prompts/02_TEMPLATES/02_Email_CRM_FluentCRM/2025-05-24 – Fluentcrm-rapports-avances-tableau-bord-crm – Template Email.jpg,MOVE,READY,PROMPTS_schoolsWP -> IA-et-Prompts,image/jpeg,223890
13SgsTXOkXrr0x3r1oLMJ9YR_5AxrvxEf,2025-05-24 – Fluentcrm-automatisation-marketing-wordpress – Template Email.jpg,PROMPTS_schoolsWP/02_TEMPLATES/02_Email_CRM_FluentCRM/2025-05-24 – Fluentcrm-automatisation-marketing-wordpress – Template Email.jpg,01_Projets/schoolsWP/08_IA-et-Prompts/02_TEMPLATES/02_Email_CRM_FluentCRM/2025-05-24 – Fluentcrm-automatisation-marketing-wordpress – Template Email.jpg,MOVE,READY,PROMPTS_schoolsWP -> IA-et-Prompts,image/jpeg,242409
1ptvs1pThN_QsszLa5HHZ7oQhXGUG8JqG,99_ARCHIVES,PROMPTS_schoolsWP/02_TEMPLATES/02_Email_CRM_FluentCRM/99_ARCHIVES,01_Projets/schoolsWP/08_IA-et-Prompts/02_TEMPLATES/02_Email_CRM_FluentCRM/99_ARCHIVES,MOVE,READY,PROMPTS_schoolsWP -> IA-et-Prompts,application/vnd.google-apps.folder,
1dsmGuBlzmmo-U8xXlpir05PZqNnMwB0S,03_LIVE,PROMPTS_schoolsWP/02_TEMPLATES/02_Email_CRM_FluentCRM/03_LIVE,01_Projets/schoolsWP/08_IA-et-Prompts/02_TEMPLATES/02_Email_CRM_FluentCRM/03_LIVE,MOVE,READY,PROMPTS_schoolsWP -> IA-et-Prompts,application/vnd.google-apps.folder,
1pxtGIJzfNe-ZeuoQCsP0OLTeeGvaFBSl,02_VALIDÉ,PROMPTS_schoolsWP/02_TEMPLATES/02_Email_CRM_FluentCRM/02_VALIDÉ,01_Projets/schoolsWP/08_IA-et-Prompts/02_TEMPLATES/02_Email_CRM_FluentCRM/02_VALIDÉ,MOVE,READY,PROMPTS_schoolsWP -> IA-et-Prompts,application/vnd.google-apps.folder,
13w3ir75llwjA-uu4XOXGoYCelvdKjYJH,01_DRAFT,PROMPTS_schoolsWP/02_TEMPLATES/02_Email_CRM_FluentCRM/01_DRAFT,01_Projets/schoolsWP/08_IA-et-Prompts/02_TEMPLATES/02_Email_CRM_FluentCRM/01_DRAFT,MOVE,READY,PROMPTS_schoolsWP -> IA-et-Prompts,application/vnd.google-apps.folder,
1KVNK-JclD9-ym2hXD8nT_kELCr1HM9CQct5KQqfcKFI,2026-02-03 – Système Contenu LinkedIn – Template – Social – schoolsWP.md,PROMPTS_schoolsWP/02_TEMPLATES/01_Editorial_SEO/2026-02-03 – Système Contenu LinkedIn – Template – Social – schoolsWP.md,01_Projets/schoolsWP/08_IA-et-Prompts/02_TEMPLATES/01_Editorial_SEO/2026-02-03 – Système Contenu LinkedIn – Template – Social – schoolsWP.md,MOVE,READY,PROMPTS_schoolsWP -> IA-et-Prompts,application/vnd.google-apps.document,8066
1nFEmkr5qGKapRN8_2modY3k_dlJzS2G0_qt3z12602c,2026-02-03 – Prompts Génération Visuels – Template – Asset – GPT-5.md,PROMPTS_schoolsWP/02_TEMPLATES/01_Editorial_SEO/2026-02-03 – Prompts Génération Visuels – Template – Asset – GPT-5.md,01_Projets/schoolsWP/08_IA-et-Prompts/02_TEMPLATES/01_Editorial_SEO/2026-02-03 – Prompts Génération Visuels – Template – Asset – GPT-5.md,MOVE,READY,PROMPTS_schoolsWP -> IA-et-Prompts,application/vnd.google-apps.document,8756
1_oFuh8079yOktRGyrO9GCDn562sxIkY9-_-ieDI96Ro,2026-02-03 – Recherche Mots-clés – Template – SEO – schoolsWP.md,PROMPTS_schoolsWP/02_TEMPLATES/01_Editorial_SEO/2026-02-03 – Recherche Mots-clés – Template – SEO – schoolsWP.md,01_Projets/schoolsWP/08_IA-et-Prompts/02_TEMPLATES/01_Editorial_SEO/2026-02-03 – Recherche Mots-clés – Template – SEO – schoolsWP.md,MOVE,READY,PROMPTS_schoolsWP -> IA-et-Prompts,application/vnd.google-apps.document,5908
1gVmnTaWaiK4eIaOvU3RbzqZu6n6DXsX6eS3YqIqyMKg,2025-05-09 – Etape 3 Templates Collections – Template,PROMPTS_schoolsWP/02_TEMPLATES/01_Editorial_SEO/2025-05-09 – Etape 3 Templates Collections – Template,01_Projets/schoolsWP/08_IA-et-Prompts/02_TEMPLATES/01_Editorial_SEO/2025-05-09 – Etape 3 Templates Collections – Template,MOVE,READY,PROMPTS_schoolsWP -> IA-et-Prompts,application/vnd.google-apps.spreadsheet,8260
1HctD8f12iNwrrMfZoJ94ugot-Gdsfj7c5AHXMe45k7I,2024-10-04 – Templates Pod'Pack (PRE) LANCEMENT – Template,PROMPTS_schoolsWP/02_TEMPLATES/01_Editorial_SEO/2024-10-04 – Templates Pod'Pack (PRE) LANCEMENT – Template,01_Projets/schoolsWP/08_IA-et-Prompts/02_TEMPLATES/01_Editorial_SEO/2024-10-04 – Templates Pod'Pack (PRE) LANCEMENT – Template,MOVE,READY,PROMPTS_schoolsWP -> IA-et-Prompts,application/vnd.google-apps.document,71248
17tpokHa9LMC4DANO6nacEjWselvBL8q6UsA514LU3gU,2024-10-04 – Templates Pod'Pack EXPERTISE – Template,PROMPTS_schoolsWP/02_TEMPLATES/01_Editorial_SEO/2024-10-04 – Templates Pod'Pack EXPERTISE – Template,01_Projets/schoolsWP/08_IA-et-Prompts/02_TEMPLATES/01_Editorial_SEO/2024-10-04 – Templates Pod'Pack EXPERTISE – Template,MOVE,READY,PROMPTS_schoolsWP -> IA-et-Prompts,application/vnd.google-apps.document,278822
1oiy2GKL8TQKnp2U029ciBXS5paqDpid4KHIM19ViDqo,2024-10-04 – Templates Pod'Pack COLLABORATIF – Template,PROMPTS_schoolsWP/02_TEMPLATES/01_Editorial_SEO/2024-10-04 – Templates Pod'Pack COLLABORATIF – Template,01_Projets/schoolsWP/08_IA-et-Prompts/02_TEMPLATES/01_Editorial_SEO/2024-10-04 – Templates Pod'Pack COLLABORATIF – Template,MOVE,READY,PROMPTS_schoolsWP -> IA-et-Prompts,application/vnd.google-apps.document,73989
1hJy69wVNE4bmq8IsL-CKJTatXJEusn45NE3WD59e4lA,2024-10-04 – Templates Pod'Pack BONUS – Template,PROMPTS_schoolsWP/02_TEMPLATES/01_Editorial_SEO/2024-10-04 – Templates Pod'Pack BONUS – Template,01_Projets/schoolsWP/08_IA-et-Prompts/02_TEMPLATES/01_Editorial_SEO/2024-10-04 – Templates Pod'Pack BONUS – Template,MOVE,READY,PROMPTS_schoolsWP -> IA-et-Prompts,application/vnd.google-apps.document,47032
1pHoaZy05hLjoeJyY_5aLD7q6frzEuIMMn6ZP03RJo40,2024-10-04 – Templates Pod'Pack AUTRES – Template,PROMPTS_schoolsWP/02_TEMPLATES/01_Editorial_SEO/2024-10-04 – Templates Pod'Pack AUTRES – Template,01_Projets/schoolsWP/08_IA-et-Prompts/02_TEMPLATES/01_Editorial_SEO/2024-10-04 – Templates Pod'Pack AUTRES – Template,MOVE,READY,PROMPTS_schoolsWP -> IA-et-Prompts,application/vnd.google-apps.document,62518
17hIT8iXWFpjdauORznEuw8TKdhahrpQbywBCdr3xEX0,2024-10-04 – Templates Pod'Pack COULISSES – Template,PROMPTS_schoolsWP/02_TEMPLATES/01_Editorial_SEO/2024-10-04 – Templates Pod'Pack COULISSES – Template,01_Projets/schoolsWP/08_IA-et-Prompts/02_TEMPLATES/01_Editorial_SEO/2024-10-04 – Templates Pod'Pack COULISSES – Template,MOVE,READY,PROMPTS_schoolsWP -> IA-et-Prompts,application/vnd.google-apps.document,280023
1NHlowwCp-2ENfpQfqOn90Jv6sFV0POa35OL_hHF_5EQ,2024-03-28 – [ORIGINAL] 1 – Template,PROMPTS_schoolsWP/02_TEMPLATES/01_Editorial_SEO/2024-03-28 – [ORIGINAL] 1 – Template,01_Projets/schoolsWP/08_IA-et-Prompts/02_TEMPLATES/01_Editorial_SEO/2024-03-28 – [ORIGINAL] 1 – Template,MOVE,READY,PROMPTS_schoolsWP -> IA-et-Prompts,application/vnd.google-apps.document,16411
1A5yTVd4y3Y4GqnepWp8N4ngm9K1o8qTxVqS-CACHsFo,2024-04-28 – [ORIGINAL] Modèles Newsletters KSTB – Template,PROMPTS_schoolsWP/02_TEMPLATES/01_Editorial_SEO/2024-04-28 – [ORIGINAL] Modèles Newsletters KSTB – Template,01_Projets/schoolsWP/08_IA-et-Prompts/02_TEMPLATES/01_Editorial_SEO/2024-04-28 – [ORIGINAL] Modèles Newsletters KSTB – Template,MOVE,READY,PROMPTS_schoolsWP -> IA-et-Prompts,application/vnd.google-apps.document,31528
1Em3PVCdj0myFpmvrQyWqH6AOrWQy4XXT9TPRZQBrrqg,2024-04-28 – [ORIGINAL] 1 – Template,PROMPTS_schoolsWP/02_TEMPLATES/01_Editorial_SEO/2024-04-28 – [ORIGINAL] 1 – Template,01_Projets/schoolsWP/08_IA-et-Prompts/02_TEMPLATES/01_Editorial_SEO/2024-04-28 – [ORIGINAL] 1 – Template,MOVE,READY,PROMPTS_schoolsWP -> IA-et-Prompts,application/vnd.google-apps.document,16701
13F4g04p-93a8LNjD6kQxltKpJ9_QRGVjCp0_sQAArl0,2025-04-12 – [ORIGINAL] Modèle de devis SEO – Template,PROMPTS_schoolsWP/02_TEMPLATES/01_Editorial_SEO/2025-04-12 – [ORIGINAL] Modèle de devis SEO – Template,01_Projets/schoolsWP/08_IA-et-Prompts/02_TEMPLATES/01_Editorial_SEO/2025-04-12 – [ORIGINAL] Modèle de devis SEO – Template,MOVE,READY,PROMPTS_schoolsWP -> IA-et-Prompts,application/vnd.google-apps.spreadsheet,10050
1h15ghA41C4Jb_wWOeEnyhnMXg4YVjEXTitxdNa7xEYU,2022-06-05 – SMMA LeadSourcing Template – Template,PROMPTS_schoolsWP/02_TEMPLATES/01_Editorial_SEO/2022-06-05 – SMMA LeadSourcing Template – Template,01_Projets/schoolsWP/08_IA-et-Prompts/02_TEMPLATES/01_Editorial_SEO/2022-06-05 – SMMA LeadSourcing Template – Template,MOVE,READY,PROMPTS_schoolsWP -> IA-et-Prompts,application/vnd.google-apps.spreadsheet,1024
1109YJNG_ArmGLKCpNhUpbGss7Bijxy6OA6QyGNPnIVA,2024-03-30 – [ORIGINAL] 2 – Template,PROMPTS_schoolsWP/02_TEMPLATES/01_Editorial_SEO/2024-03-30 – [ORIGINAL] 2 – Template,01_Projets/schoolsWP/08_IA-et-Prompts/02_TEMPLATES/01_Editorial_SEO/2024-03-30 – [ORIGINAL] 2 – Template,MOVE,READY,PROMPTS_schoolsWP -> IA-et-Prompts,application/vnd.google-apps.document,4123
1ivKOFruP54YgiEHkznLxsJKKq7XrYhVY9VHzU0NpNsI,2024-03-31 – [ORIGINAL] 4 – Template,PROMPTS_schoolsWP/02_TEMPLATES/01_Editorial_SEO/2024-03-31 – [ORIGINAL] 4 – Template,01_Projets/schoolsWP/08_IA-et-Prompts/02_TEMPLATES/01_Editorial_SEO/2024-03-31 – [ORIGINAL] 4 – Template,MOVE,READY,PROMPTS_schoolsWP -> IA-et-Prompts,application/vnd.google-apps.document,4268
1C9f7CTktrRdJJp7lb8OVz62u43cHYaohi9JVj9TJMHU,2024-03-31 – [ORIGINAL] 3 – Template,PROMPTS_schoolsWP/02_TEMPLATES/01_Editorial_SEO/2024-03-31 – [ORIGINAL] 3 – Template,01_Projets/schoolsWP/08_IA-et-Prompts/02_TEMPLATES/01_Editorial_SEO/2024-03-31 – [ORIGINAL] 3 – Template,MOVE,READY,PROMPTS_schoolsWP -> IA-et-Prompts,application/vnd.google-apps.document,16557
1MBdIY4X-mqIR6Z5ySOuRJxfWwFyHDC53ZHoTlomR8g4,2024-09-17 – ORIGINAL [Template] Analyse Top Contenus Concurrents agenceonze – Template,PROMPTS_schoolsWP/02_TEMPLATES/01_Editorial_SEO/2024-09-17 – ORIGINAL [Template] Analyse Top Contenus Concurrents agenceonze – Template,01_Projets/schoolsWP/08_IA-et-Prompts/02_TEMPLATES/01_Editorial_SEO/2024-09-17 – ORIGINAL [Template] Analyse Top Contenus Concurrents agenceonze – Template,MOVE,READY,PROMPTS_schoolsWP -> IA-et-Prompts,application/vnd.google-apps.spreadsheet,1437797
1woQ78RzzSlKqaKNQ_a7f1UlPugNBMidlMSMwLroh_IA,2024-09-17 – ORIGINAL MODELEFACTURE – Template,PROMPTS_schoolsWP/02_TEMPLATES/01_Editorial_SEO/2024-09-17 – ORIGINAL MODELEFACTURE – Template,01_Projets/schoolsWP/08_IA-et-Prompts/02_TEMPLATES/01_Editorial_SEO/2024-09-17 – ORIGINAL MODELEFACTURE – Template,MOVE,READY,PROMPTS_schoolsWP -> IA-et-Prompts,application/vnd.google-apps.document,3815
1BXKScwoJJDSlzVAJSwVQynGZ-ejeQjm5oop3be6BiU4,2024-10-14 – [ORIGINAL] Template Article Local – Template,PROMPTS_schoolsWP/02_TEMPLATES/01_Editorial_SEO/2024-10-14 – [ORIGINAL] Template Article Local – Template,01_Projets/schoolsWP/08_IA-et-Prompts/02_TEMPLATES/01_Editorial_SEO/2024-10-14 – [ORIGINAL] Template Article Local – Template,MOVE,READY,PROMPTS_schoolsWP -> IA-et-Prompts,application/vnd.google-apps.document,3271
1lWL-yDpHe4euY3rg0obPKnwIOnLyioadbYcLlhnntBc,2024-10-15 – [ORIGINAL] Template article d'actualité – Template,PROMPTS_schoolsWP/02_TEMPLATES/01_Editorial_SEO/2024-10-15 – [ORIGINAL] Template article d'actualité – Template,01_Projets/schoolsWP/08_IA-et-Prompts/02_TEMPLATES/01_Editorial_SEO/2024-10-15 – [ORIGINAL] Template article d'actualité – Template,MOVE,READY,PROMPTS_schoolsWP -> IA-et-Prompts,application/vnd.google-apps.document,3537
1QUCB1x5wVB8k7Ta5j2QNcRs61SMggif1cSAb3eEEgl4,2024-10-17 – [ORIGINAL] Modèle Social Media Metricool 2024 – Template,PROMPTS_schoolsWP/02_TEMPLATES/01_Editorial_SEO/2024-10-17 – [ORIGINAL] Modèle Social Media Metricool 2024 – Template,01_Projets/schoolsWP/08_IA-et-Prompts/02_TEMPLATES/01_Editorial_SEO/2024-10-17 – [ORIGINAL] Modèle Social Media Metricool 2024 – Template,MOVE,READY,PROMPTS_schoolsWP -> IA-et-Prompts,application/vnd.google-apps.spreadsheet,284348
1ef3_7by5KBhwtXiY54BFPRu5qO0PS8UqIOAMsQ1qv2U,2024-11-27 – [ORIGINAL] Modèle de Rapport SEO (GSheet) Maitrise ton SEO – Template,PROMPTS_schoolsWP/02_TEMPLATES/01_Editorial_SEO/2024-11-27 – [ORIGINAL] Modèle de Rapport SEO (GSheet) Maitrise ton SEO – Template,01_Projets/schoolsWP/08_IA-et-Prompts/02_TEMPLATES/01_Editorial_SEO/2024-11-27 – [ORIGINAL] Modèle de Rapport SEO (GSheet) Maitrise ton SEO – Template,MOVE,READY,PROMPTS_schoolsWP -> IA-et-Prompts,application/vnd.google-apps.spreadsheet,9638
1KAPJgSmz_arRjbjlQ9pqZmDS1sOsCOI-IPejWQMBPGo,2025-09-02 – Modèle Plan de Mesure >>CRÉER UNE COPIE POUR ÉDITER<< – Template,PROMPTS_schoolsWP/02_TEMPLATES/01_Editorial_SEO/2025-09-02 – Modèle Plan de Mesure >>CRÉER UNE COPIE POUR ÉDITER<< – Template,01_Projets/schoolsWP/08_IA-et-Prompts/02_TEMPLATES/01_Editorial_SEO/2025-09-02 – Modèle Plan de Mesure >>CRÉER UNE COPIE POUR ÉDITER<< – Template,MOVE,READY,PROMPTS_schoolsWP -> IA-et-Prompts,application/vnd.google-apps.spreadsheet,4566
1DMIBFPKBmsvJGCXbr3d_97xt2UBTdzi0FQPx33SBkTI,2025-09-02 – Modèle Automatisé pour l'Audit de Contenu >> Créer une Copie pour Éditer << – Template,PROMPTS_schoolsWP/02_TEMPLATES/01_Editorial_SEO/2025-09-02 – Modèle Automatisé pour l'Audit de Contenu >> Créer une Copie pour Éditer << – Template,01_Projets/schoolsWP/08_IA-et-Prompts/02_TEMPLATES/01_Editorial_SEO/2025-09-02 – Modèle Automatisé pour l'Audit de Contenu >> Créer une Copie pour Éditer << – Template,MOVE,READY,PROMPTS_schoolsWP -> IA-et-Prompts,application/vnd.google-apps.spreadsheet,20009
173dl1Y8N9ytxa-uPNmP6MBf2NHrxsZmeibVHKcb0dD8,2025-09-04 – Modèle d'Audit SEO Technique >> Créer une Copie pour Éditer << – Template,PROMPTS_schoolsWP/02_TEMPLATES/01_Editorial_SEO/2025-09-04 – Modèle d'Audit SEO Technique >> Créer une Copie pour Éditer << – Template,01_Projets/schoolsWP/08_IA-et-Prompts/02_TEMPLATES/01_Editorial_SEO/2025-09-04 – Modèle d'Audit SEO Technique >> Créer une Copie pour Éditer << – Template,MOVE,READY,PROMPTS_schoolsWP -> IA-et-Prompts,application/vnd.google-apps.spreadsheet,42511
1F58VGDvsf4m21Q2h7laKbilniJYwEIgyoVPnC4033Cw,2025-09-04 – Modèle de Rapport d'Audit Technique >> Créer une Copie pour Éditer << – Template,PROMPTS_schoolsWP/02_TEMPLATES/01_Editorial_SEO/2025-09-04 – Modèle de Rapport d'Audit Technique >> Créer une Copie pour Éditer << – Template,01_Projets/schoolsWP/08_IA-et-Prompts/02_TEMPLATES/01_Editorial_SEO/2025-09-04 – Modèle de Rapport d'Audit Technique >> Créer une Copie pour Éditer << – Template,MOVE,READY,PROMPTS_schoolsWP -> IA-et-Prompts,application/vnd.google-apps.presentation,1036580
1EWk5H1AdcdCgrO_w7-GdT3plF8Jf0bmY63ndcbBgtLc,2025-09-04 – Modèle de Migration de Site >> Créer une Copie pour Éditer << – Template,PROMPTS_schoolsWP/02_TEMPLATES/01_Editorial_SEO/2025-09-04 – Modèle de Migration de Site >> Créer une Copie pour Éditer << – Template,01_Projets/schoolsWP/08_IA-et-Prompts/02_TEMPLATES/01_Editorial_SEO/2025-09-04 – Modèle de Migration de Site >> Créer une Copie pour Éditer << – Template,MOVE,READY,PROMPTS_schoolsWP -> IA-et-Prompts,application/vnd.google-apps.spreadsheet,9342
1p9LGdiRT-5fi-OcPZb7ihyGS1_M2dOxE67coFuizHbE,2025-09-04 – Modèle de Stratégie de Mots-clés (REMPLI) >> Créer une Copie pour Éditer << – Template,PROMPTS_schoolsWP/02_TEMPLATES/01_Editorial_SEO/2025-09-04 – Modèle de Stratégie de Mots-clés (REMPLI) >> Créer une Copie pour Éditer << – Template,01_Projets/schoolsWP/08_IA-et-Prompts/02_TEMPLATES/01_Editorial_SEO/2025-09-04 – Modèle de Stratégie de Mots-clés (REMPLI) >> Créer une Copie pour Éditer << – Template,MOVE,READY,PROMPTS_schoolsWP -> IA-et-Prompts,application/vnd.google-apps.spreadsheet,141133
133_DzwYKm0VLjeYdCkdm7Sbor7vG4ByGq4w_ea-T_pY,2025-09-04 – Modèle de Stratégie de Mots-clés (VIDE) >> Créer une Copie pour Éditer << – Template,PROMPTS_schoolsWP/02_TEMPLATES/01_Editorial_SEO/2025-09-04 – Modèle de Stratégie de Mots-clés (VIDE) >> Créer une Copie pour Éditer << – Template,01_Projets/schoolsWP/08_IA-et-Prompts/02_TEMPLATES/01_Editorial_SEO/2025-09-04 – Modèle de Stratégie de Mots-clés (VIDE) >> Créer une Copie pour Éditer << – Template,MOVE,READY,PROMPTS_schoolsWP -> IA-et-Prompts,application/vnd.google-apps.spreadsheet,46069
1RJZ59Fkw0vsSu8geOYpchmG8CsB34yFDpAmCXuX664E,2025-09-04 – Modèle de Stratégie de Contenu >> Créer une Copie pour Éditer << – Template,PROMPTS_schoolsWP/02_TEMPLATES/01_Editorial_SEO/2025-09-04 – Modèle de Stratégie de Contenu >> Créer une Copie pour Éditer << – Template,01_Projets/schoolsWP/08_IA-et-Prompts/02_TEMPLATES/01_Editorial_SEO/2025-09-04 – Modèle de Stratégie de Contenu >> Créer une Copie pour Éditer << – Template,MOVE,READY,PROMPTS_schoolsWP -> IA-et-Prompts,application/vnd.google-apps.spreadsheet,20013
1sT6-afFjkdAOzc_H84qyziPmaQFv0-R4jmZbqqt9xSI,2025-09-05 – Modèle de Suivi des Positions >> Créer une Copie pour Éditer << – Template,PROMPTS_schoolsWP/02_TEMPLATES/01_Editorial_SEO/2025-09-05 – Modèle de Suivi des Positions >> Créer une Copie pour Éditer << – Template,01_Projets/schoolsWP/08_IA-et-Prompts/02_TEMPLATES/01_Editorial_SEO/2025-09-05 – Modèle de Suivi des Positions >> Créer une Copie pour Éditer << – Template,MOVE,READY,PROMPTS_schoolsWP -> IA-et-Prompts,application/vnd.google-apps.spreadsheet,3406
1xHXY6EbDUMVNVuGOlWXcOI7F0yOC5ZrMaWMXIwNgF_8,2026-01-30 – [ORIGINAL] Prompt Template Service Page – Template,PROMPTS_schoolsWP/02_TEMPLATES/01_Editorial_SEO/2026-01-30 – [ORIGINAL] Prompt Template Service Page – Template,01_Projets/schoolsWP/08_IA-et-Prompts/02_TEMPLATES/01_Editorial_SEO/2026-01-30 – [ORIGINAL] Prompt Template Service Page – Template,MOVE,READY,PROMPTS_schoolsWP -> IA-et-Prompts,application/vnd.google-apps.document,12477
1LZVHaCYEkMZd5TJ__pkLKjd0cDXYLlJuySbfTHn-R1c,2022-06-05 – SMMA Buyer Persona Ads Cheat Sheet Attack Angle – Template,PROMPTS_schoolsWP/02_TEMPLATES/01_Editorial_SEO/2022-06-05 – SMMA Buyer Persona Ads Cheat Sheet Attack Angle – Template,01_Projets/schoolsWP/08_IA-et-Prompts/02_TEMPLATES/01_Editorial_SEO/2022-06-05 – SMMA Buyer Persona Ads Cheat Sheet Attack Angle – Template,MOVE,READY,PROMPTS_schoolsWP -> IA-et-Prompts,application/vnd.google-apps.spreadsheet,1024
11qprfh0f1C--dVcVyvVGps2odgOEqzSMgiqOWgCn1AE,2022-04-25 – Custom et Dynamic Content Tech Stack (template) – Template,PROMPTS_schoolsWP/02_TEMPLATES/01_Editorial_SEO/2022-04-25 – Custom et Dynamic Content Tech Stack (template) – Template,01_Projets/schoolsWP/08_IA-et-Prompts/02_TEMPLATES/01_Editorial_SEO/2022-04-25 – Custom et Dynamic Content Tech Stack (template) – Template,MOVE,READY,PROMPTS_schoolsWP -> IA-et-Prompts,application/vnd.google-apps.spreadsheet,1686
1M0agDoysWVXLdBz2I_aJFqadR0xuProUT-ESaLpNK7w,2026-01-26 – Analyse Intention de Recherche – Template – SEO – SERP,PROMPTS_schoolsWP/02_TEMPLATES/01_Editorial_SEO/2026-01-26 – Analyse Intention de Recherche – Template – SEO – SERP,01_Projets/schoolsWP/08_IA-et-Prompts/02_TEMPLATES/01_Editorial_SEO/2026-01-26 – Analyse Intention de Recherche – Template – SEO – SERP,MOVE,READY,PROMPTS_schoolsWP -> IA-et-Prompts,application/vnd.google-apps.document,7475
1ysXkWYESEmO3L5lsj5Os3S0Rg0Xmxx_3HlumD9nhi28,2026-02-04 – Modele de Prompt Structure – Template – Article – FR,PROMPTS_schoolsWP/02_TEMPLATES/01_Editorial_SEO/2026-02-04 – Modele de Prompt Structure – Template – Article – FR,01_Projets/schoolsWP/08_IA-et-Prompts/02_TEMPLATES/01_Editorial_SEO/2026-02-04 – Modele de Prompt Structure – Template – Article – FR,MOVE,READY,PROMPTS_schoolsWP -> IA-et-Prompts,application/vnd.google-apps.document,3359
1XYst98aIroTPtLkSWiaSF1ABMIv-6xLl,99_ARCHIVES,PROMPTS_schoolsWP/02_TEMPLATES/01_Editorial_SEO/99_ARCHIVES,01_Projets/schoolsWP/08_IA-et-Prompts/02_TEMPLATES/01_Editorial_SEO/99_ARCHIVES,MOVE,READY,PROMPTS_schoolsWP -> IA-et-Prompts,application/vnd.google-apps.folder,
1-9uEoBZAj-9VjIvPZWSGWyeieo6BIase,03_LIVE,PROMPTS_schoolsWP/02_TEMPLATES/01_Editorial_SEO/03_LIVE,01_Projets/schoolsWP/08_IA-et-Prompts/02_TEMPLATES/01_Editorial_SEO/03_LIVE,MOVE,READY,PROMPTS_schoolsWP -> IA-et-Prompts,application/vnd.google-apps.folder,
1Y9rNvqrN3H-YpS2lpeEHY2QECBPaCxkQ,02_VALIDÉ,PROMPTS_schoolsWP/02_TEMPLATES/01_Editorial_SEO/02_VALIDÉ,01_Projets/schoolsWP/08_IA-et-Prompts/02_TEMPLATES/01_Editorial_SEO/02_VALIDÉ,MOVE,READY,PROMPTS_schoolsWP -> IA-et-Prompts,application/vnd.google-apps.folder,
1VRuJjWHP5ZZf2oQnhBx2LHqSJTMDzOde,01_DRAFT,PROMPTS_schoolsWP/02_TEMPLATES/01_Editorial_SEO/01_DRAFT,01_Projets/schoolsWP/08_IA-et-Prompts/02_TEMPLATES/01_Editorial_SEO/01_DRAFT,MOVE,READY,PROMPTS_schoolsWP -> IA-et-Prompts,application/vnd.google-apps.folder,
1CTSL68B3hgxbThOQ_W9ejPx-5UVTccb2,2026-02-10 – Index – ADMIN – Global.md,PROMPTS_schoolsWP/01_ADMIN/01_Regles-et-Index/2026-02-10 – Index – ADMIN – Global.md,01_Projets/schoolsWP/08_IA-et-Prompts/01_ADMIN/01_Regles-et-Index/2026-02-10 – Index – ADMIN – Global.md,MOVE,READY,PROMPTS_schoolsWP -> IA-et-Prompts,text/plain,9648
1IKZ1PtkvoPlMtFwEJYjgGEkVFp2ogex2,2026-02-09 – Index – Checklist – ADMIN – Global.md,PROMPTS_schoolsWP/01_ADMIN/01_Regles-et-Index/2026-02-09 – Index – Checklist – ADMIN – Global.md,01_Projets/schoolsWP/08_IA-et-Prompts/01_ADMIN/01_Regles-et-Index/2026-02-09 – Index – Checklist – ADMIN – Global.md,MOVE,READY,PROMPTS_schoolsWP -> IA-et-Prompts,text/plain,1317
1r4X0EAomgosG2KhGgjbIv7QzHLFlda3jvySVGwXqbBw,2026-01-17 – Nomenclature Regles de Nommage – Checklist – ADMIN – FR,PROMPTS_schoolsWP/01_ADMIN/01_Regles-et-Index/2026-01-17 – Nomenclature Regles de Nommage – Checklist – ADMIN – FR,01_Projets/schoolsWP/08_IA-et-Prompts/01_ADMIN/01_Regles-et-Index/2026-01-17 – Nomenclature Regles de Nommage – Checklist – ADMIN – FR,MOVE,READY,PROMPTS_schoolsWP -> IA-et-Prompts,application/vnd.google-apps.document,8523
1Hiic1ghoDlKvXD-Qe8SxPBWTOKADy5j_7F2iGLGZkzw,2026-02-09 – Log-Creation-Structure – Checklist – ADMIN.md,PROMPTS_schoolsWP/01_ADMIN/01_Regles-et-Index/2026-02-09 – Log-Creation-Structure – Checklist – ADMIN.md,01_Projets/schoolsWP/08_IA-et-Prompts/01_ADMIN/01_Regles-et-Index/2026-02-09 – Log-Creation-Structure – Checklist – ADMIN.md,MOVE,READY,PROMPTS_schoolsWP -> IA-et-Prompts,application/vnd.google-apps.document,1024
1ZIKQ3rLYJq4abe8Rm-HiN2p7OL3hPzMm,2026-02-09 – Log-Creation-Structure – Checklist – ADMIN.md,PROMPTS_schoolsWP/01_ADMIN/01_Regles-et-Index/2026-02-09 – Log-Creation-Structure – Checklist – ADMIN.md,01_Projets/schoolsWP/08_IA-et-Prompts/01_ADMIN/01_Regles-et-Index/2026-02-09 – Log-Creation-Structure – Checklist – ADMIN.md,MOVE,READY,PROMPTS_schoolsWP -> IA-et-Prompts,text/plain,1379
1YsFoaed_TPyT2uw3XJwH3Eerlu6HCImA,20251224_225321.mp4,07_personnel/Photos/Noël 2025/20251224_225321.mp4,04_Personnel/Photos/Noël 2025/20251224_225321.mp4,MOVE,READY,07_personnel -> 04_Personnel,video/mp4,339906478
18iJQ3DzUThNS1ZFs8mj3msJ8XXHDdoRB,20251224_191217.jpg,07_personnel/Photos/Noël 2025/20251224_191217.jpg,04_Personnel/Photos/Noël 2025/20251224_191217.jpg,MOVE,READY,07_personnel -> 04_Personnel,image/jpeg,2608588
1HIw0t3KilkIXl36ITrKSJYuAQFvMS5-6,20251224_191258.jpg,07_personnel/Photos/Noël 2025/20251224_191258.jpg,04_Personnel/Photos/Noël 2025/20251224_191258.jpg,MOVE,READY,07_personnel -> 04_Personnel,image/jpeg,2046367
19Xo27eX5SiLjCcTxgeoNmjrqj42JuGuZ,20251224_191508.jpg,07_personnel/Photos/Noël 2025/20251224_191508.jpg,04_Personnel/Photos/Noël 2025/20251224_191508.jpg,MOVE,READY,07_personnel -> 04_Personnel,image/jpeg,2691589
1RqgP6xJzy6uyEKczzQXV-zH6o976x8DD,20251224_191453.jpg,07_personnel/Photos/Noël 2025/20251224_191453.jpg,04_Personnel/Photos/Noël 2025/20251224_191453.jpg,MOVE,READY,07_personnel -> 04_Personnel,image/jpeg,2256008
15firWqdXX5qidfYrG_y3kDVHvXlIx21i,20251224_191417.jpg,07_personnel/Photos/Noël 2025/20251224_191417.jpg,04_Personnel/Photos/Noël 2025/20251224_191417.jpg,MOVE,READY,07_personnel -> 04_Personnel,image/jpeg,1866920
14L9o8qtu_R3Z3kt9yeSbu-yL2HqP97fU,20251224_191423.jpg,07_personnel/Photos/Noël 2025/20251224_191423.jpg,04_Personnel/Photos/Noël 2025/20251224_191423.jpg,MOVE,READY,07_personnel -> 04_Personnel,image/jpeg,2194405
1LMgsTufjOx3kc2rSWbEXlspdOCsEAjO8,20251224_193935.jpg,07_personnel/Photos/Noël 2025/20251224_193935.jpg,04_Personnel/Photos/Noël 2025/20251224_193935.jpg,MOVE,READY,07_personnel -> 04_Personnel,image/jpeg,2659717
1thjEf0dl42XCBsCOUMlfGd-IXaRTKG00,20251224_223214.jpg,07_personnel/Photos/Noël 2025/20251224_223214.jpg,04_Personnel/Photos/Noël 2025/20251224_223214.jpg,MOVE,READY,07_personnel -> 04_Personnel,image/jpeg,2433831
1fbMXg5OKS7h-n_piYWcIGNpIN_KfzQg6,20251224_223309.jpg,07_personnel/Photos/Noël 2025/20251224_223309.jpg,04_Personnel/Photos/Noël 2025/20251224_223309.jpg,MOVE,READY,07_personnel -> 04_Personnel,image/jpeg,2445587
1Aav7othUdbr9wEb9VoB0HDlQjjc37_Db,20251224_223241.jpg,07_personnel/Photos/Noël 2025/20251224_223241.jpg,04_Personnel/Photos/Noël 2025/20251224_223241.jpg,MOVE,READY,07_personnel -> 04_Personnel,image/jpeg,2786574
16CiXdXrgUrmyAZvtDjk2wrR5AHh_D66e,20251224_223404.jpg,07_personnel/Photos/Noël 2025/20251224_223404.jpg,04_Personnel/Photos/Noël 2025/20251224_223404.jpg,MOVE,READY,07_personnel -> 04_Personnel,image/jpeg,2376491
1yr4zy70H5G6suQ-9HbqBoqSAOzapHyYq,20251224_223503.jpg,07_personnel/Photos/Noël 2025/20251224_223503.jpg,04_Personnel/Photos/Noël 2025/20251224_223503.jpg,MOVE,READY,07_personnel -> 04_Personnel,image/jpeg,2220411
12RZm5A5O7Rn55rcJCv3CdM8XdC2ZdjV4,20251224_223336.jpg,07_personnel/Photos/Noël 2025/20251224_223336.jpg,04_Personnel/Photos/Noël 2025/20251224_223336.jpg,MOVE,READY,07_personnel -> 04_Personnel,image/jpeg,2205860
1blaubacysQ5xno6jws0ppvXTYmBH_Hdm,20251224_223545.jpg,07_personnel/Photos/Noël 2025/20251224_223545.jpg,04_Personnel/Photos/Noël 2025/20251224_223545.jpg,MOVE,READY,07_personnel -> 04_Personnel,image/jpeg,2290395
13gQkYZpFusicILyZrzm-_1t2bHSyxsGU,20251224_223529.jpg,07_personnel/Photos/Noël 2025/20251224_223529.jpg,04_Personnel/Photos/Noël 2025/20251224_223529.jpg,MOVE,READY,07_personnel -> 04_Personnel,image/jpeg,2476135
1cI5gPO8o-7Y2DhvKpPzQSEJs33m9cJkP,20251224_223640.jpg,07_personnel/Photos/Noël 2025/20251224_223640.jpg,04_Personnel/Photos/Noël 2025/20251224_223640.jpg,MOVE,READY,07_personnel -> 04_Personnel,image/jpeg,2451116
1EGzmCz80eylPNv9HGa0PrfJJMx1ivBOY,20251224_223846.jpg,07_personnel/Photos/Noël 2025/20251224_223846.jpg,04_Personnel/Photos/Noël 2025/20251224_223846.jpg,MOVE,READY,07_personnel -> 04_Personnel,image/jpeg,4540610
1rSDQf2jH05jiJXMGWTGb7XdGnuJD-J4f,20251224_223714.jpg,07_personnel/Photos/Noël 2025/20251224_223714.jpg,04_Personnel/Photos/Noël 2025/20251224_223714.jpg,MOVE,READY,07_personnel -> 04_Personnel,image/jpeg,2369761
1ZB3QuVfElgCGDheq7Nk6uePY5gJlk5hl,20251224_224333.jpg,07_personnel/Photos/Noël 2025/20251224_224333.jpg,04_Personnel/Photos/Noël 2025/20251224_224333.jpg,MOVE,READY,07_personnel -> 04_Personnel,image/jpeg,2229134
15tnEFH8k1ftxGNcULjKcRqyRlr6Aixw4,20251224_224630.jpg,07_personnel/Photos/Noël 2025/20251224_224630.jpg,04_Personnel/Photos/Noël 2025/20251224_224630.jpg,MOVE,READY,07_personnel -> 04_Personnel,image/jpeg,2196474
1klW6lYwLI6k1MEDrBw2qi-qL-haAbAkw,20251224_224400.jpg,07_personnel/Photos/Noël 2025/20251224_224400.jpg,04_Personnel/Photos/Noël 2025/20251224_224400.jpg,MOVE,READY,07_personnel -> 04_Personnel,image/jpeg,2182279
1W3nC9OBNgtWLObsI5pxM3LaWkq921KFs,20251224_224637.jpg,07_personnel/Photos/Noël 2025/20251224_224637.jpg,04_Personnel/Photos/Noël 2025/20251224_224637.jpg,MOVE,READY,07_personnel -> 04_Personnel,image/jpeg,2502911
18v5gC1xs_QFUHC5PTG5qi-oNziFhVVyp,20251224_224744.jpg,07_personnel/Photos/Noël 2025/20251224_224744.jpg,04_Personnel/Photos/Noël 2025/20251224_224744.jpg,MOVE,READY,07_personnel -> 04_Personnel,image/jpeg,2539839
1eXcU7Z3xvkpTuq7pY9kYie-LOlxh7mCw,20251224_224755.jpg,07_personnel/Photos/Noël 2025/20251224_224755.jpg,04_Personnel/Photos/Noël 2025/20251224_224755.jpg,MOVE,READY,07_personnel -> 04_Personnel,image/jpeg,2257326
1Hqch5QLt5H6b5jYInjuJzRbcg8LCZxnS,20251224_225033.jpg,07_personnel/Photos/Noël 2025/20251224_225033.jpg,04_Personnel/Photos/Noël 2025/20251224_225033.jpg,MOVE,READY,07_personnel -> 04_Personnel,image/jpeg,2375244
1YzU2zmWnhYBSJRfX3dWVaK9MEyU-ZSG5,20251224_225049.jpg,07_personnel/Photos/Noël 2025/20251224_225049.jpg,04_Personnel/Photos/Noël 2025/20251224_225049.jpg,MOVE,READY,07_personnel -> 04_Personnel,image/jpeg,2244436
1dxCiWthIeLplvtGQs0Cz5yeaRmi4ApbQ,20251224_225040.jpg,07_personnel/Photos/Noël 2025/20251224_225040.jpg,04_Personnel/Photos/Noël 2025/20251224_225040.jpg,MOVE,READY,07_personnel -> 04_Personnel,image/jpeg,2097884
1Vcli9faepFca1j1H-7e0xOhYwN0M_QIV,20251224_225052.jpg,07_personnel/Photos/Noël 2025/20251224_225052.jpg,04_Personnel/Photos/Noël 2025/20251224_225052.jpg,MOVE,READY,07_personnel -> 04_Personnel,image/jpeg,2197882
1_0ZxjEKQFnlwi2RBXeC5bgbsKdembeFy,20251224_230405.jpg,07_personnel/Photos/Noël 2025/20251224_230405.jpg,04_Personnel/Photos/Noël 2025/20251224_230405.jpg,MOVE,READY,07_personnel -> 04_Personnel,image/jpeg,2246057
1BDT37IaGEX1DJsRki7Bwy3gXoCYzIa2W,20251224_230416.jpg,07_personnel/Photos/Noël 2025/20251224_230416.jpg,04_Personnel/Photos/Noël 2025/20251224_230416.jpg,MOVE,READY,07_personnel -> 04_Personnel,image/jpeg,2405409
1bkLpH7mgiFfcQ1zePvxa-IzboEaDTWki,20251224_225307.jpg,07_personnel/Photos/Noël 2025/20251224_225307.jpg,04_Personnel/Photos/Noël 2025/20251224_225307.jpg,MOVE,READY,07_personnel -> 04_Personnel,image/jpeg,2352222
1OQ4_MBk3lt1Z9YD0En9hsd1EJMHRmmiZ,20251224_225538.jpg,07_personnel/Photos/Noël 2025/20251224_225538.jpg,04_Personnel/Photos/Noël 2025/20251224_225538.jpg,MOVE,READY,07_personnel -> 04_Personnel,image/jpeg,2321657
11GmGnDqoMKaxK1Tq6ZTK9bvDpLwBuWVP,20251224_225254.jpg,07_personnel/Photos/Noël 2025/20251224_225254.jpg,04_Personnel/Photos/Noël 2025/20251224_225254.jpg,MOVE,READY,07_personnel -> 04_Personnel,image/jpeg,2322584
1OaDwls2gv74VA6Xf4vhLS01RVSljegav,20251224_231052.jpg,07_personnel/Photos/Noël 2025/20251224_231052.jpg,04_Personnel/Photos/Noël 2025/20251224_231052.jpg,MOVE,READY,07_personnel -> 04_Personnel,image/jpeg,2505347
1LFuZhhZ8E2yZjJ7166fNEwCNKgUGU-AT,20251224_230754.jpg,07_personnel/Photos/Noël 2025/20251224_230754.jpg,04_Personnel/Photos/Noël 2025/20251224_230754.jpg,MOVE,READY,07_personnel -> 04_Personnel,image/jpeg,2242405
1TRqqecSgBisutFEOClsuVZiL-bZP-Xqc,20251224_230823.jpg,07_personnel/Photos/Noël 2025/20251224_230823.jpg,04_Personnel/Photos/Noël 2025/20251224_230823.jpg,MOVE,READY,07_personnel -> 04_Personnel,image/jpeg,2426876
1MCseZjOjzHAt_MJRdLldkeolroVakjlO,20251224_231245.jpg,07_personnel/Photos/Noël 2025/20251224_231245.jpg,04_Personnel/Photos/Noël 2025/20251224_231245.jpg,MOVE,READY,07_personnel -> 04_Personnel,image/jpeg,2401367
1yrwEgOsdvvixpNnAru_LCp0I6xqenYkG,20251224_231100.jpg,07_personnel/Photos/Noël 2025/20251224_231100.jpg,04_Personnel/Photos/Noël 2025/20251224_231100.jpg,MOVE,READY,07_personnel -> 04_Personnel,image/jpeg,2025048
1ML1i4LSHOOEKhtzO5r75RJHwdypE0j-2,20251224_233344.jpg,07_personnel/Photos/Noël 2025/20251224_233344.jpg,04_Personnel/Photos/Noël 2025/20251224_233344.jpg,MOVE,READY,07_personnel -> 04_Personnel,image/jpeg,2545189
1FJ0WK0KAJ1wmVqhPmukLj3rlm-JXhNyQ,20251224_233632.jpg,07_personnel/Photos/Noël 2025/20251224_233632.jpg,04_Personnel/Photos/Noël 2025/20251224_233632.jpg,MOVE,READY,07_personnel -> 04_Personnel,image/jpeg,2417965
1pUqsKiT_mU6JxJrS3A1npsArOUKDD3_m,20251224_233636.jpg,07_personnel/Photos/Noël 2025/20251224_233636.jpg,04_Personnel/Photos/Noël 2025/20251224_233636.jpg,MOVE,READY,07_personnel -> 04_Personnel,image/jpeg,2250527
1oLZvG08JYV-RIVGC-WdtbT2XF-qEqRNr,20251224_233434.jpg,07_personnel/Photos/Noël 2025/20251224_233434.jpg,04_Personnel/Photos/Noël 2025/20251224_233434.jpg,MOVE,READY,07_personnel -> 04_Personnel,image/jpeg,2504883
1augjq7JJnm5mF3dLyypBXzmvhaPjQCLK,20251224_234101.jpg,07_personnel/Photos/Noël 2025/20251224_234101.jpg,04_Personnel/Photos/Noël 2025/20251224_234101.jpg,MOVE,READY,07_personnel -> 04_Personnel,image/jpeg,2527577
1LJluUcl1WRu51x83IeQ_zZzYbcq8BwKl,20251224_233554.jpg,07_personnel/Photos/Noël 2025/20251224_233554.jpg,04_Personnel/Photos/Noël 2025/20251224_233554.jpg,MOVE,READY,07_personnel -> 04_Personnel,image/jpeg,2480312
1AWe3IMzk9ud87zSiO63R4G0QI0-Nzt3p,20251224_235124.jpg,07_personnel/Photos/Noël 2025/20251224_235124.jpg,04_Personnel/Photos/Noël 2025/20251224_235124.jpg,MOVE,READY,07_personnel -> 04_Personnel,image/jpeg,1950567
1KMlWoZkLub32QVuZj53YPVuHPqQEKRin,20251225_002654.jpg,07_personnel/Photos/Noël 2025/20251225_002654.jpg,04_Personnel/Photos/Noël 2025/20251225_002654.jpg,MOVE,READY,07_personnel -> 04_Personnel,image/jpeg,2440298
1tKdyZFb_QykJynBKEJ0TLJxfbuHDRg9e,20251224_235139.jpg,07_personnel/Photos/Noël 2025/20251224_235139.jpg,04_Personnel/Photos/Noël 2025/20251224_235139.jpg,MOVE,READY,07_personnel -> 04_Personnel,image/jpeg,2327636
1Mq52Wh-FLZQiiRgRqX1-UfIpXLRPY5lc,20251225_122946.jpg,07_personnel/Photos/Noël 2025/20251225_122946.jpg,04_Personnel/Photos/Noël 2025/20251225_122946.jpg,MOVE,READY,07_personnel -> 04_Personnel,image/jpeg,1832981
1k7qNU_sy860I8EI2EBKsEsIjhMnYHlUY,20251225_002656.jpg,07_personnel/Photos/Noël 2025/20251225_002656.jpg,04_Personnel/Photos/Noël 2025/20251225_002656.jpg,MOVE,READY,07_personnel -> 04_Personnel,image/jpeg,2231243
1800uMrjV_RYwJNYFiBu-C7nOWbGOQcHW,20251224_235220.jpg,07_personnel/Photos/Noël 2025/20251224_235220.jpg,04_Personnel/Photos/Noël 2025/20251224_235220.jpg,MOVE,READY,07_personnel -> 04_Personnel,image/jpeg,2405715
17PYs6w7VFP9z6uRYZj7FENv4jc7f3-zU,20251225_122937.jpg,07_personnel/Photos/Noël 2025/20251225_122937.jpg,04_Personnel/Photos/Noël 2025/20251225_122937.jpg,MOVE,READY,07_personnel -> 04_Personnel,image/jpeg,2079346
1ckL7CRnemKygB5_7CLlWMi1vQ_Rcfyn_,20251007_103833.mp4,07_personnel/Photos/KATOEN NATIE/20251007_103833.mp4,04_Personnel/Photos/KATOEN NATIE/20251007_103833.mp4,MOVE,READY,07_personnel -> 04_Personnel,video/mp4,89883894
1GhG2XkapI0zIdprY6F0RiDUzRKHWQ_Ob,20251008_115815.mp4,07_personnel/Photos/KATOEN NATIE/20251008_115815.mp4,04_Personnel/Photos/KATOEN NATIE/20251008_115815.mp4,MOVE,READY,07_personnel -> 04_Personnel,video/mp4,248945410
1b1BePOrpoaPXmGPVzbko6l1p31VovjdB,Messenger_creation_95E8D982-BAEB-4FFA-8CE8-57116A564FE0.mp4,07_personnel/Photos/KATOEN NATIE/Messenger_creation_95E8D982-BAEB-4FFA-8CE8-57116A564FE0.mp4,04_Personnel/Photos/KATOEN NATIE/Messenger_creation_95E8D982-BAEB-4FFA-8CE8-57116A564FE0.mp4,MOVE,READY,07_personnel -> 04_Personnel,video/mp4,8452378
10vs9gqVKwu4GpjIJ75G1WUQhq3mWJ-x8,Messenger_creation_68C3B615-E9F7-47FC-B7FF-CE736B1376AC.mp4,07_personnel/Photos/KATOEN NATIE/Messenger_creation_68C3B615-E9F7-47FC-B7FF-CE736B1376AC.mp4,04_Personnel/Photos/KATOEN NATIE/Messenger_creation_68C3B615-E9F7-47FC-B7FF-CE736B1376AC.mp4,MOVE,READY,07_personnel -> 04_Personnel,video/mp4,2019987
1JjYkceA29Re7tlgRMdXtVQyI_3Sg2mMf,6220062990294337748.mp4,07_personnel/Photos/KATOEN NATIE/6220062990294337748.mp4,04_Personnel/Photos/KATOEN NATIE/6220062990294337748.mp4,MOVE,READY,07_personnel -> 04_Personnel,video/mp4,2253537
1_mxjykgM79O4hi-LJg2z4ngngxm2uGYg,a917b114-0400-492f-8985-cec5bea3a129media_editing.tmp.jpeg,07_personnel/Photos/KATOEN NATIE/a917b114-0400-492f-8985-cec5bea3a129media_editing.tmp.jpeg,04_Personnel/Photos/KATOEN NATIE/a917b114-0400-492f-8985-cec5bea3a129media_editing.tmp.jpeg,MOVE,READY,07_personnel -> 04_Personnel,image/jpeg,183029
1V3qRSbMnFbJaQDQmG0fKpkae8jGa5Bbz,20250915_104430.jpg,07_personnel/Photos/KATOEN NATIE/20250915_104430.jpg,04_Personnel/Photos/KATOEN NATIE/20250915_104430.jpg,MOVE,READY,07_personnel -> 04_Personnel,image/jpeg,3643465
17KOXCbIv_9E7a9spE-tMuBx2y9_Sqw4k,20250915_144843.jpg,07_personnel/Photos/KATOEN NATIE/20250915_144843.jpg,04_Personnel/Photos/KATOEN NATIE/20250915_144843.jpg,MOVE,READY,07_personnel -> 04_Personnel,image/jpeg,2238683
1DfdZWqBvP6sDLN6LiugK175-DgpNgeos,20250915_083638.jpg,07_personnel/Photos/KATOEN NATIE/20250915_083638.jpg,04_Personnel/Photos/KATOEN NATIE/20250915_083638.jpg,MOVE,READY,07_personnel -> 04_Personnel,image/jpeg,1952444
1ti_J8JRiqsLkDbFKYUnA8xFZQegEMcOA,20250915_092744.jpg,07_personnel/Photos/KATOEN NATIE/20250915_092744.jpg,04_Personnel/Photos/KATOEN NATIE/20250915_092744.jpg,MOVE,READY,07_personnel -> 04_Personnel,image/jpeg,3861074
18_yNK0t8Q1IAp3mivGr7Ipk3VTx7-TQs,20250916_103524.jpg,07_personnel/Photos/KATOEN NATIE/20250916_103524.jpg,04_Personnel/Photos/KATOEN NATIE/20250916_103524.jpg,MOVE,READY,07_personnel -> 04_Personnel,image/jpeg,2266656
1r2MurjNle3V8WUrdCq3b4I-RrKQrtOGo,Messenger_creation_77C05F5C-9963-440B-BF91-DF0DC29456C1.jpeg,07_personnel/Photos/KATOEN NATIE/Messenger_creation_77C05F5C-9963-440B-BF91-DF0DC29456C1.jpeg,04_Personnel/Photos/KATOEN NATIE/Messenger_creation_77C05F5C-9963-440B-BF91-DF0DC29456C1.jpeg,MOVE,READY,07_personnel -> 04_Personnel,image/jpeg,93749
1LntAy8uGpZtyToRBzyJR4--ZJ92U5O-8,20251007_091614.jpg,07_personnel/Photos/KATOEN NATIE/20251007_091614.jpg,04_Personnel/Photos/KATOEN NATIE/20251007_091614.jpg,MOVE,READY,07_personnel -> 04_Personnel,image/jpeg,3832222
1zbkM2WGdoLHzU18_xDuC1xErERAMAijD,20251007_082101.jpg,07_personnel/Photos/KATOEN NATIE/20251007_082101.jpg,04_Personnel/Photos/KATOEN NATIE/20251007_082101.jpg,MOVE,READY,07_personnel -> 04_Personnel,image/jpeg,3461451
1TCyIDaeqt9OQZ_qVhPsVpwvwY-l7o7kz,20251007_091458.jpg,07_personnel/Photos/KATOEN NATIE/20251007_091458.jpg,04_Personnel/Photos/KATOEN NATIE/20251007_091458.jpg,MOVE,READY,07_personnel -> 04_Personnel,image/jpeg,2636861
1ZupoUjKHNr0Yk9-cv6FQJnBWk545B9Uv,20251007_095542.jpg,07_personnel/Photos/KATOEN NATIE/20251007_095542.jpg,04_Personnel/Photos/KATOEN NATIE/20251007_095542.jpg,MOVE,READY,07_personnel -> 04_Personnel,image/jpeg,2516239
1ttUquOBiCf_tcmjjdt5ATnrE81vT4yEE,7009558470570318569.jpg,07_personnel/Photos/KATOEN NATIE/7009558470570318569.jpg,04_Personnel/Photos/KATOEN NATIE/7009558470570318569.jpg,MOVE,READY,07_personnel -> 04_Personnel,image/jpeg,193992
1rFC7ZcyrSetxF39UyRRv3Bnb-wgLSu7R,5135806260583732121.jpg,07_personnel/Photos/KATOEN NATIE/5135806260583732121.jpg,04_Personnel/Photos/KATOEN NATIE/5135806260583732121.jpg,MOVE,READY,07_personnel -> 04_Personnel,image/jpeg,195509
1Z8o95NDGUHeqbc7N0lCxjfOfT_PkFFnY,2023188568119717767.jpg,07_personnel/Photos/KATOEN NATIE/2023188568119717767.jpg,04_Personnel/Photos/KATOEN NATIE/2023188568119717767.jpg,MOVE,READY,07_personnel -> 04_Personnel,image/jpeg,205882
1KDsaRb5hq1O423DhPHK1sDe4Ox8_qPgA,8527525696876524776.jpg,07_personnel/Photos/KATOEN NATIE/8527525696876524776.jpg,04_Personnel/Photos/KATOEN NATIE/8527525696876524776.jpg,MOVE,READY,07_personnel -> 04_Personnel,image/jpeg,209513
1GXj599Ghua9DGCZNoaVeC-N7jlTeZmTc,1230664409684965673.jpg,07_personnel/Photos/KATOEN NATIE/1230664409684965673.jpg,04_Personnel/Photos/KATOEN NATIE/1230664409684965673.jpg,MOVE,READY,07_personnel -> 04_Personnel,image/jpeg,241914
116OsmJIFYLvSxHoeE6S_fhf8fosqXrp8,5875136198685211261.jpg,07_personnel/Photos/KATOEN NATIE/5875136198685211261.jpg,04_Personnel/Photos/KATOEN NATIE/5875136198685211261.jpg,MOVE,READY,07_personnel -> 04_Personnel,image/jpeg,197056
1iGcisOmP0RjwgQAbWx6qzdFFLcJKG8kT,107958554530737854.jpg,07_personnel/Photos/KATOEN NATIE/107958554530737854.jpg,04_Personnel/Photos/KATOEN NATIE/107958554530737854.jpg,MOVE,READY,07_personnel -> 04_Personnel,image/jpeg,198150
1R92IBwCTzSEz58oSG0BOxE2nZkOxRUau,20251008_141810.jpg,07_personnel/Photos/KATOEN NATIE/20251008_141810.jpg,04_Personnel/Photos/KATOEN NATIE/20251008_141810.jpg,MOVE,READY,07_personnel -> 04_Personnel,image/jpeg,2964748
1kpi5KZhW-KoIVnt5eFFnyTYD79HVRmiE,20251007032509000_mceclip5.jpg,07_personnel/Photos/KATOEN NATIE/20251007032509000_mceclip5.jpg,04_Personnel/Photos/KATOEN NATIE/20251007032509000_mceclip5.jpg,MOVE,READY,07_personnel -> 04_Personnel,image/jpeg,221647
117YqiZOKesw-pWIsqAiLI3YGEKHji1xG,20251021_091853.jpg,07_personnel/Photos/KATOEN NATIE/20251021_091853.jpg,04_Personnel/Photos/KATOEN NATIE/20251021_091853.jpg,MOVE,READY,07_personnel -> 04_Personnel,image/jpeg,2743751
1VsIjUFju5i6nzIJwovy6ryjGnzed0Fk1,20251022_095023.jpg,07_personnel/Photos/KATOEN NATIE/20251022_095023.jpg,04_Personnel/Photos/KATOEN NATIE/20251022_095023.jpg,MOVE,READY,07_personnel -> 04_Personnel,image/jpeg,2553885
1ucihThtQYKqFqjCKRorfFoeW9mbDPe42,20251020163726iGRT2VJg5BwQMvJiMVxa_w1500.jpg,07_personnel/Photos/KATOEN NATIE/20251020163726iGRT2VJg5BwQMvJiMVxa_w1500.jpg,04_Personnel/Photos/KATOEN NATIE/20251020163726iGRT2VJg5BwQMvJiMVxa_w1500.jpg,MOVE,READY,07_personnel -> 04_Personnel,image/jpeg,413783
1CkA2Q3g6Yd-Ewaz-tvyPvX3_Cl1qX8-t,une-nouvelle-greve-de-deux-jours-a-eu-lieu-chez-logifare-specialiste-de-la-logistique-et-de-la-preparation-de-commande-ou-le-dialogue-social-est-toujours-difficile-entre-direction-et-salaries-photo-stephane-mazzucotelli-1761150327.jpg,07_personnel/Photos/KATOEN NATIE/une-nouvelle-greve-de-deux-jours-a-eu-lieu-chez-logifare-specialiste-de-la-logistique-et-de-la-preparation-de-commande-ou-le-dialogue-social-est-toujours-difficile-entre-direction-et-salaries-photo-stephane-mazzucotelli-1761150327.jpg,04_Personnel/Photos/KATOEN NATIE/une-nouvelle-greve-de-deux-jours-a-eu-lieu-chez-logifare-specialiste-de-la-logistique-et-de-la-preparation-de-commande-ou-le-dialogue-social-est-toujours-difficile-entre-direction-et-salaries-photo-stephane-mazzucotelli-1761150327.jpg,MOVE,READY,07_personnel -> 04_Personnel,image/jpeg,505058
1q9wLfoQW-MloiGeZy7MnbiO1CkGcBt6C,FB_IMG_1761141703186.jpg,07_personnel/Photos/KATOEN NATIE/FB_IMG_1761141703186.jpg,04_Personnel/Photos/KATOEN NATIE/FB_IMG_1761141703186.jpg,MOVE,READY,07_personnel -> 04_Personnel,image/jpeg,434093
1-tFkeKbIUjBe1_YFHrEednzqITjgTgwb,FB_IMG_1761141710752.jpg,07_personnel/Photos/KATOEN NATIE/FB_IMG_1761141710752.jpg,04_Personnel/Photos/KATOEN NATIE/FB_IMG_1761141710752.jpg,MOVE,READY,07_personnel -> 04_Personnel,image/jpeg,452861
1Dl46XNx8u-M1956jhYnT58MTyhQNyVe2,20251103_101957.jpg,07_personnel/Photos/KATOEN NATIE/20251103_101957.jpg,04_Personnel/Photos/KATOEN NATIE/20251103_101957.jpg,MOVE,READY,07_personnel -> 04_Personnel,image/jpeg,1764062
1k_hv4dMp6SDQzme0X9nLfgtP1ooyfs71,20251114_132915.jpg,07_personnel/Photos/KATOEN NATIE/20251114_132915.jpg,04_Personnel/Photos/KATOEN NATIE/20251114_132915.jpg,MOVE,READY,07_personnel -> 04_Personnel,image/jpeg,1497661
1JrYQsEqEyaPAUQoDV6kvpMGTgSZod_He,20251114_132912.jpg,07_personnel/Photos/KATOEN NATIE/20251114_132912.jpg,04_Personnel/Photos/KATOEN NATIE/20251114_132912.jpg,MOVE,READY,07_personnel -> 04_Personnel,image/jpeg,1501839
1oLWy2kMRkaaW37kbv2h8nkQ7NBshd0OH,FB_IMG_1763982978344.jpg,07_personnel/Photos/KATOEN NATIE/FB_IMG_1763982978344.jpg,04_Personnel/Photos/KATOEN NATIE/FB_IMG_1763982978344.jpg,MOVE,READY,07_personnel -> 04_Personnel,image/jpeg,92071
1mvuXgxTwG_ogNc71WEW73-rtdEL-v1KR,FB_IMG_1763982948357.jpg,07_personnel/Photos/KATOEN NATIE/FB_IMG_1763982948357.jpg,04_Personnel/Photos/KATOEN NATIE/FB_IMG_1763982948357.jpg,MOVE,READY,07_personnel -> 04_Personnel,image/jpeg,423480
1LRtcWOtL4wFqq8rgkveDbkcsRNojAhJH,20251205_124008.jpg,07_personnel/Photos/KATOEN NATIE/20251205_124008.jpg,04_Personnel/Photos/KATOEN NATIE/20251205_124008.jpg,MOVE,READY,07_personnel -> 04_Personnel,image/jpeg,3153271
1s87UreKi5fYc4cUQfX8e1DSQB_dtRsNF,20251205_125303.jpg,07_personnel/Photos/KATOEN NATIE/20251205_125303.jpg,04_Personnel/Photos/KATOEN NATIE/20251205_125303.jpg,MOVE,READY,07_personnel -> 04_Personnel,image/jpeg,2057355
1kmcZaNNLXgYxWRMemfKnSJLVe-OVKCSV,FB_IMG_1764941458468.jpg,07_personnel/Photos/KATOEN NATIE/FB_IMG_1764941458468.jpg,04_Personnel/Photos/KATOEN NATIE/FB_IMG_1764941458468.jpg,MOVE,READY,07_personnel -> 04_Personnel,image/jpeg,256935
1LZzGSTsrc5vkl13Gbw5vxZ-bYxszp5DO,FB_IMG_1764941452183.jpg,07_personnel/Photos/KATOEN NATIE/FB_IMG_1764941452183.jpg,04_Personnel/Photos/KATOEN NATIE/FB_IMG_1764941452183.jpg,MOVE,READY,07_personnel -> 04_Personnel,image/jpeg,451186
1wyzt_tVJc3dnGs9eQyMjRdksxMaptVsz,20251215_075053.jpg,07_personnel/Photos/KATOEN NATIE/20251215_075053.jpg,04_Personnel/Photos/KATOEN NATIE/20251215_075053.jpg,MOVE,READY,07_personnel -> 04_Personnel,image/jpeg,2714535
1TWGu_Iytb9Up8PVPRrRpMECBsC0aHzGI,20251215_090439.jpg,07_personnel/Photos/KATOEN NATIE/20251215_090439.jpg,04_Personnel/Photos/KATOEN NATIE/20251215_090439.jpg,MOVE,READY,07_personnel -> 04_Personnel,image/jpeg,3527198
155CjrIzhfqdpr0Bf8HGhPxJOLsu1hL6x,594545716_1472117888256493_4058335193975101527_n.jpg,07_personnel/Photos/KATOEN NATIE/594545716_1472117888256493_4058335193975101527_n.jpg,04_Personnel/Photos/KATOEN NATIE/594545716_1472117888256493_4058335193975101527_n.jpg,MOVE,READY,07_personnel -> 04_Personnel,image/jpeg,797734
1nYZtDEwTdmAu-A62T8K7A1k0GjgS_cx8,20251213_162412.jpg,07_personnel/Photos/Anniversaire Vanessa 2025/20251213_162412.jpg,04_Personnel/Photos/Anniversaire Vanessa 2025/20251213_162412.jpg,MOVE,READY,07_personnel -> 04_Personnel,image/jpeg,2521518
1aKv6C72x3QB6ok-wvugZ6hVfX0sVCl4v,20251213_162411.jpg,07_personnel/Photos/Anniversaire Vanessa 2025/20251213_162411.jpg,04_Personnel/Photos/Anniversaire Vanessa 2025/20251213_162411.jpg,MOVE,READY,07_personnel -> 04_Personnel,image/jpeg,2531481
14rFjD_iTTZxnpinTnBJZmzm6bnI415x_,20251213_162718.jpg,07_personnel/Photos/Anniversaire Vanessa 2025/20251213_162718.jpg,04_Personnel/Photos/Anniversaire Vanessa 2025/20251213_162718.jpg,MOVE,READY,07_personnel -> 04_Personnel,image/jpeg,2308584
1OmM5Xh3DpCYjI49pZ6fTqYOAL8vf6V79,20251213_162739.jpg,07_personnel/Photos/Anniversaire Vanessa 2025/20251213_162739.jpg,04_Personnel/Photos/Anniversaire Vanessa 2025/20251213_162739.jpg,MOVE,READY,07_personnel -> 04_Personnel,image/jpeg,2381052
1AaTmLygdJz6ARJxoBW8-ARgtJpZGJOps,20251213_162727.jpg,07_personnel/Photos/Anniversaire Vanessa 2025/20251213_162727.jpg,04_Personnel/Photos/Anniversaire Vanessa 2025/20251213_162727.jpg,MOVE,READY,07_personnel -> 04_Personnel,image/jpeg,2122749
1_BafIeBZOvrFKrlnzdIZeRwxkDJES9NC,20251213_162734.jpg,07_personnel/Photos/Anniversaire Vanessa 2025/20251213_162734.jpg,04_Personnel/Photos/Anniversaire Vanessa 2025/20251213_162734.jpg,MOVE,READY,07_personnel -> 04_Personnel,image/jpeg,2253421
12JrMwE9wu5QN1LsGUX9PFhLcHuGFsEq8,20251213_162753.jpg,07_personnel/Photos/Anniversaire Vanessa 2025/20251213_162753.jpg,04_Personnel/Photos/Anniversaire Vanessa 2025/20251213_162753.jpg,MOVE,READY,07_personnel -> 04_Personnel,image/jpeg,2177664
1NHsuRA9v24C-Nu94Ll39g6X8EagjI4xL,20251213_162834.jpg,07_personnel/Photos/Anniversaire Vanessa 2025/20251213_162834.jpg,04_Personnel/Photos/Anniversaire Vanessa 2025/20251213_162834.jpg,MOVE,READY,07_personnel -> 04_Personnel,image/jpeg,2264901
1aVq4mFTP24wWv40n5_9WFrDOuPqocPT1,20251213_162746.jpg,07_personnel/Photos/Anniversaire Vanessa 2025/20251213_162746.jpg,04_Personnel/Photos/Anniversaire Vanessa 2025/20251213_162746.jpg,MOVE,READY,07_personnel -> 04_Personnel,image/jpeg,2506739
14tzwP3JnE5U0HT38ZNCl2icp90yqJ5Eb,20251213_162827.jpg,07_personnel/Photos/Anniversaire Vanessa 2025/20251213_162827.jpg,04_Personnel/Photos/Anniversaire Vanessa 2025/20251213_162827.jpg,MOVE,READY,07_personnel -> 04_Personnel,image/jpeg,1916498
1EJP-wMMEMaSw4cIa2MIkgxxLsHAtIxHK,20251213_162835(0).jpg,07_personnel/Photos/Anniversaire Vanessa 2025/20251213_162835(0).jpg,04_Personnel/Photos/Anniversaire Vanessa 2025/20251213_162835(0).jpg,MOVE,READY,07_personnel -> 04_Personnel,image/jpeg,2440161
195XcjZrZqM6iLJS0l3pVqlbKx6yxPTyX,20251213_162835.jpg,07_personnel/Photos/Anniversaire Vanessa 2025/20251213_162835.jpg,04_Personnel/Photos/Anniversaire Vanessa 2025/20251213_162835.jpg,MOVE,READY,07_personnel -> 04_Personnel,image/jpeg,2435454
13S-wE_KNltx_9KjyqeLTu0RQaxFrraLb,À trier plus tard,06_archive/2025/99_ARCHIVES/À trier plus tard,99_Archives/2025/99_ARCHIVES/À trier plus tard,MOVE,READY,Systeme B 06_archive -> 99_Archives,application/vnd.google-apps.folder,
1gbj8I0PX2xDv5vvimrH980Hv-KhpeHPD,Tests,06_archive/2025/99_ARCHIVES/Tests,99_Archives/2025/99_ARCHIVES/Tests,MOVE,READY,Systeme B 06_archive -> 99_Archives,application/vnd.google-apps.folder,
1Em0lBik32FSamIjXMk23d6Y7DWDQHrsO,Anciens projets,06_archive/2025/99_ARCHIVES/Anciens projets,99_Archives/2025/99_ARCHIVES/Anciens projets,MOVE,READY,Systeme B 06_archive -> 99_Archives,application/vnd.google-apps.folder,
1ll-9oXgY2bj-llm8jDRSuZFZRKrxla35,99_Archives,04_admin_legal/01_ADMIN/05_Contrats/99_Archives,03_Admin/01_ADMIN/05_Contrats/99_Archives,MOVE,READY,Systeme B 04_admin_legal -> 03_Admin,application/vnd.google-apps.folder,
1NGH8nwt9YQDx1-Fu4mbWJq4UjAP-DwYj,03_Partenaires,04_admin_legal/01_ADMIN/05_Contrats/03_Partenaires,03_Admin/01_ADMIN/05_Contrats/03_Partenaires,MOVE,READY,Systeme B 04_admin_legal -> 03_Admin,application/vnd.google-apps.folder,
18ozmgde8gyL_fAe98FWnyCIxrSuiZxwk,02_Prestataires,04_admin_legal/01_ADMIN/05_Contrats/02_Prestataires,03_Admin/01_ADMIN/05_Contrats/02_Prestataires,MOVE,READY,Systeme B 04_admin_legal -> 03_Admin,application/vnd.google-apps.folder,
1ik0U8zWDwJzotCLdzuTFukVs1CyYeBqC,01_Clients,04_admin_legal/01_ADMIN/05_Contrats/01_Clients,03_Admin/01_ADMIN/05_Contrats/01_Clients,MOVE,READY,Systeme B 04_admin_legal -> 03_Admin,application/vnd.google-apps.folder,
1b3o39lanLzsOPKF-vSf64RGLvwx03BzI,99_Archives,04_admin_legal/01_ADMIN/04_Factures/99_Archives,03_Admin/01_ADMIN/04_Factures/99_Archives,MOVE,READY,Systeme B 04_admin_legal -> 03_Admin,application/vnd.google-apps.folder,
1huYw0RNEcH7dCVT_LJ_KV5ya2JXYAqIo,02_Recues,04_admin_legal/01_ADMIN/04_Factures/02_Recues,03_Admin/01_ADMIN/04_Factures/02_Recues,MOVE,READY,Systeme B 04_admin_legal -> 03_Admin,application/vnd.google-apps.folder,
10-TBv4lz4HmfOsWiugr29ZXLN7zB-K2N,01_Emises,04_admin_legal/01_ADMIN/04_Factures/01_Emises,03_Admin/01_ADMIN/04_Factures/01_Emises,MOVE,READY,Systeme B 04_admin_legal -> 03_Admin,application/vnd.google-apps.folder,
1MUEZNd5F0BLPhLkxcLVfrHOSz6Ew0G15,99_Archives,04_admin_legal/01_ADMIN/03_Banque/99_Archives,03_Admin/01_ADMIN/03_Banque/99_Archives,MOVE,READY,Systeme B 04_admin_legal -> 03_Admin,application/vnd.google-apps.folder,
1iFR783hZdPBD_9R0qFf6z9_EnHXsngA2,02_Justificatifs,04_admin_legal/01_ADMIN/03_Banque/02_Justificatifs,03_Admin/01_ADMIN/03_Banque/02_Justificatifs,MOVE,READY,Systeme B 04_admin_legal -> 03_Admin,application/vnd.google-apps.folder,
19nx3wUHZZtxfo39-BFAcK4NUwOWFps2p,01_Releves,04_admin_legal/01_ADMIN/03_Banque/01_Releves,03_Admin/01_ADMIN/03_Banque/01_Releves,MOVE,READY,Systeme B 04_admin_legal -> 03_Admin,application/vnd.google-apps.folder,
1nPnpgJt05LEzuE4t9EhXllH-ASc1Lb3k,03_Onboarding collaborateur,02_ressources_transverses/templates/00_START-HERE/03_Onboarding collaborateur,02_Ressources/templates/00_START-HERE/03_Onboarding collaborateur,MOVE,READY,Systeme B 02_ressources_transverses -> 02_Ressources,application/vnd.google-apps.folder,
1et_cmGkW8S0fH31eu-AytaJKHqbqaAiB,00_README - Organisation du Drive,02_ressources_transverses/templates/00_START-HERE/00_README - Organisation du Drive,02_Ressources/templates/00_START-HERE/00_README - Organisation du Drive,MOVE,READY,Systeme B 02_ressources_transverses -> 02_Ressources,application/vnd.google-apps.folder,
1oBgst0rrJjPc4jYeQbYjsAJNbFtRdHRC,02_Conventions de nommage,02_ressources_transverses/templates/00_START-HERE/02_Conventions de nommage,02_Ressources/templates/00_START-HERE/02_Conventions de nommage,MOVE,READY,Systeme B 02_ressources_transverses -> 02_Ressources,application/vnd.google-apps.folder,
1aTRJs_tr-rA06XVC9tIQViNiW98FRpQd,01_Templates,02_ressources_transverses/templates/00_START-HERE/01_Templates,02_Ressources/templates/00_START-HERE/01_Templates,MOVE,READY,Systeme B 02_ressources_transverses -> 02_Ressources,application/vnd.google-apps.folder,
1mDaeFrwaBNYFGLbEvDqKECeXTiULMiT5,Divers,02_ressources_transverses/04_ASSETS/03_Videos/Divers,02_Ressources/04_ASSETS/03_Videos/Divers,MOVE,READY,Systeme B 02_ressources_transverses -> 02_Ressources,application/vnd.google-apps.folder,
1zp_6b1TsgqLl69u6Rho1efZvsAZqsI9h,Reels_Shorts,02_ressources_transverses/04_ASSETS/03_Videos/Reels_Shorts,02_Ressources/04_ASSETS/03_Videos/Reels_Shorts,MOVE,READY,Systeme B 02_ressources_transverses -> 02_Ressources,application/vnd.google-apps.folder,
1BTpHzDS6qENV0vbD6dOVkEZZzPa71fKh,YouTube,02_ressources_transverses/04_ASSETS/03_Videos/YouTube,02_Ressources/04_ASSETS/03_Videos/YouTube,MOVE,READY,Systeme B 02_ressources_transverses -> 02_Ressources,application/vnd.google-apps.folder,
1G95N5RdZL9g8lH11mMCH1uWwgSuqNNj3,Branding,02_ressources_transverses/04_ASSETS/02_Images/Branding,02_Ressources/04_ASSETS/02_Images/Branding,MOVE,READY,Systeme B 02_ressources_transverses -> 02_Ressources,application/vnd.google-apps.folder,
191Bj_wV0U9SuT9WErJaWk9aBEc5dQD-L,Divers,02_ressources_transverses/04_ASSETS/02_Images/Divers,02_Ressources/04_ASSETS/02_Images/Divers,MOVE,READY,Systeme B 02_ressources_transverses -> 02_Ressources,application/vnd.google-apps.folder,
1Hr3mV3p349u5Uv6ZYymj-DpDliG4ObUS,Lead_Magnets,02_ressources_transverses/04_ASSETS/02_Images/Lead_Magnets,02_Ressources/04_ASSETS/02_Images/Lead_Magnets,MOVE,READY,Systeme B 02_ressources_transverses -> 02_Ressources,application/vnd.google-apps.folder,
1myyGYgVUU-2V-ldf1s6DJS2xOIm1RckO,Social Media,02_ressources_transverses/04_ASSETS/02_Images/Social Media,02_Ressources/04_ASSETS/02_Images/Social Media,MOVE,READY,Systeme B 02_ressources_transverses -> 02_Ressources,application/vnd.google-apps.folder,
1uTGlH8m2w3TAIwv2Ls6YuWHFmHFgQ93Z,Articles,02_ressources_transverses/04_ASSETS/02_Images/Articles,02_Ressources/04_ASSETS/02_Images/Articles,MOVE,READY,Systeme B 02_ressources_transverses -> 02_Ressources,application/vnd.google-apps.folder,
16B09Uhcu66HsFtlxp6-2Qitv8ran1TpI,2025,01_projets_actifs/schoolswp/_archive/2025,01_Projets/schoolswp/_archive/2025,MOVE,READY,Systeme B 01_projets_actifs -> 01_Projets,application/vnd.google-apps.folder,
1ygaciQtpp1UvA_rgvjdPOgK4H1YezJe8,2024,01_projets_actifs/schoolswp/_archive/2024,01_Projets/schoolswp/_archive/2024,MOVE,READY,Systeme B 01_projets_actifs -> 01_Projets,application/vnd.google-apps.folder,
1AyZ0xS62o9fB-v_0ezUtIx-fMLOHURW1,analytics,01_projets_actifs/schoolswp/05_admin/analytics,01_Projets/schoolswp/05_admin/analytics,MOVE,READY,Systeme B 01_projets_actifs -> 01_Projets,application/vnd.google-apps.folder,
1AP7yq60qrucX0piaeBC_aOrwEtxKiB0H,affiliations,01_projets_actifs/schoolswp/05_admin/affiliations,01_Projets/schoolswp/05_admin/affiliations,MOVE,READY,Systeme B 01_projets_actifs -> 01_Projets,application/vnd.google-apps.folder,
1zSZYs_KWQafLMGPZKQ891fGMgvd1lH1Q,partenariats,01_projets_actifs/schoolswp/05_admin/partenariats,01_Projets/schoolswp/05_admin/partenariats,MOVE,READY,Systeme B 01_projets_actifs -> 01_Projets,application/vnd.google-apps.folder,
17XbC9GExtkS-_S5g189aaNJ3HsVGZ2Jx,audio,01_projets_actifs/schoolswp/03_assets/audio,01_Projets/schoolswp/03_assets/audio,MOVE,READY,Systeme B 01_projets_actifs -> 01_Projets,application/vnd.google-apps.folder,
1IqNuF4cNAP9ffSfHFEYu5txJZY2fKklQ,videos,01_projets_actifs/schoolswp/03_assets/videos,01_Projets/schoolswp/03_assets/videos,MOVE,READY,Systeme B 01_projets_actifs -> 01_Projets,application/vnd.google-apps.folder,
155AxdKTPkzQYJdyT734vzcubkJ1W71Jp,visuels_rs,01_projets_actifs/schoolswp/03_assets/visuels_rs,01_Projets/schoolswp/03_assets/visuels_rs,MOVE,READY,Systeme B 01_projets_actifs -> 01_Projets,application/vnd.google-apps.folder,
14euGux9NfIS9G-V69aCTJkFCwOPAQERJ,logos,01_projets_actifs/schoolswp/03_assets/logos,01_Projets/schoolswp/03_assets/logos,MOVE,READY,Systeme B 01_projets_actifs -> 01_Projets,application/vnd.google-apps.folder,
1SHA9aJXKpL0MNy35Q8CYOiOgYx0KqneV,valides,01_projets_actifs/schoolswp/02_production/valides,01_Projets/schoolswp/02_production/valides,MOVE,READY,Systeme B 01_projets_actifs -> 01_Projets,application/vnd.google-apps.folder,
1CAbcXD1dgdNJTFj7vOIPKLogNLdNXkmz,en_revue,01_projets_actifs/schoolswp/02_production/en_revue,01_Projets/schoolswp/02_production/en_revue,MOVE,READY,Systeme B 01_projets_actifs -> 01_Projets,application/vnd.google-apps.folder,
1yYiag4Gil5LxsCUbci8P-CrWgGHUSfte,brouillons,01_projets_actifs/schoolswp/02_production/brouillons,01_Projets/schoolswp/02_production/brouillons,MOVE,READY,Systeme B 01_projets_actifs -> 01_Projets,application/vnd.google-apps.folder,
1UZjuhnDiXsAW5S2SAij9aXvktvfcMrRIIH5WgtL1WdI,2023-11-09 – Pourquoi Utiliser WordPress pour la Création de Sites Web – Article – FR,02_PROJETS/michaelkihl-fr/02_Contenus/2023-11-09 – Pourquoi Utiliser WordPress pour la Création de Sites Web – Article – FR,01_Projets/michaelkihl-fr/02_Contenus/2023-11-09 – Pourquoi Utiliser WordPress pour la Création de Sites Web – Article – FR,MOVE,READY,02_PROJETS -> 01_Projets,application/vnd.google-apps.document,2301
1mkzXeGAZIQSt1c6yyDKQCIjR0-AeAzJpzclbHVQVHa8,"2023-11-09 – Comment GetGenie, l’assistant de contenu AI, peut aider les entrepreneurs solos – Article – FR","02_PROJETS/michaelkihl-fr/02_Contenus/2023-11-09 – Comment GetGenie, l’assistant de contenu AI, peut aider les entrepreneurs solos – Article – FR","01_Projets/michaelkihl-fr/02_Contenus/2023-11-09 – Comment GetGenie, l’assistant de contenu AI, peut aider les entrepreneurs solos – Article – FR",MOVE,READY,02_PROJETS -> 01_Projets,application/vnd.google-apps.document,2293
1GLPQSTwWrWr8GGLAC9t7aCVFemG1PK3FduurtZ5UL7k,2023-11-09 – Créer un tunnel de vente avec Cartflows – Article – FR,02_PROJETS/michaelkihl-fr/02_Contenus/2023-11-09 – Créer un tunnel de vente avec Cartflows – Article – FR,01_Projets/michaelkihl-fr/02_Contenus/2023-11-09 – Créer un tunnel de vente avec Cartflows – Article – FR,MOVE,READY,02_PROJETS -> 01_Projets,application/vnd.google-apps.document,3108
1vjT0n5nzZapRKjpjC9xFUjUVkKv0KzVvEbOua1dXOE0,2023-11-09 – ClickWhale Gestionnaire de Liens d’Affiliation SEO pour WordPress – Mon Avis ... – Article – FR,02_PROJETS/michaelkihl-fr/02_Contenus/2023-11-09 – ClickWhale Gestionnaire de Liens d’Affiliation SEO pour WordPress – Mon Avis ... – Article – FR,01_Projets/michaelkihl-fr/02_Contenus/2023-11-09 – ClickWhale Gestionnaire de Liens d’Affiliation SEO pour WordPress – Mon Avis ... – Article – FR,MOVE,READY,02_PROJETS -> 01_Projets,application/vnd.google-apps.document,7328
1KdXP46MLiYQ_B37QsJFjEqukA20l4tsYhT2_w8IWnBE,2023-11-09 – SureMembers Un Moyen Simple de Limiter l’accès au Contenu de votre Site Web – Article – FR,02_PROJETS/michaelkihl-fr/02_Contenus/2023-11-09 – SureMembers Un Moyen Simple de Limiter l’accès au Contenu de votre Site Web – Article – FR,01_Projets/michaelkihl-fr/02_Contenus/2023-11-09 – SureMembers Un Moyen Simple de Limiter l’accès au Contenu de votre Site Web – Article – FR,MOVE,READY,02_PROJETS -> 01_Projets,application/vnd.google-apps.document,1958
1dvi27qXUecfP3cYKC2nTUGxSFAEbkZE8GBdaMQlwvnk,2023-11-09 – WP Rocket Optimisez votre site WordPress avec le meilleur plugin de cache – Article – FR,02_PROJETS/michaelkihl-fr/02_Contenus/2023-11-09 – WP Rocket Optimisez votre site WordPress avec le meilleur plugin de cache – Article – FR,01_Projets/michaelkihl-fr/02_Contenus/2023-11-09 – WP Rocket Optimisez votre site WordPress avec le meilleur plugin de cache – Article – FR,MOVE,READY,02_PROJETS -> 01_Projets,application/vnd.google-apps.document,2532
1RSFdIrPUpTt0W1EDM_2sa024quta4Txf-duButLkjDM,2023-11-09 – Surecart La révolution de la vente de services en ligne – Article – FR,02_PROJETS/michaelkihl-fr/02_Contenus/2023-11-09 – Surecart La révolution de la vente de services en ligne – Article – FR,01_Projets/michaelkihl-fr/02_Contenus/2023-11-09 – Surecart La révolution de la vente de services en ligne – Article – FR,MOVE,READY,02_PROJETS -> 01_Projets,application/vnd.google-apps.document,2177
1ZnKiS9ctLducfNvMkEACGbnbQfu6YwG6,Autres,"02_PROJETS/Mon Mini Electro/Jan 21, 2026 1808/Autres","01_Projets/Mon Mini Electro/Jan 21, 2026 1808/Autres",MOVE,READY,02_PROJETS -> 01_Projets,application/vnd.google-apps.folder,
1jCrOu4JI3BeMgvEJgcWulcPSHhSlA76n,Extensions Indispensables,"02_PROJETS/Mon Mini Electro/Jan 21, 2026 1808/Extensions Indispensables","01_Projets/Mon Mini Electro/Jan 21, 2026 1808/Extensions Indispensables",MOVE,READY,02_PROJETS -> 01_Projets,application/vnd.google-apps.folder,
1m48mD8camqkAnQ-HnvQIQtAM3BIf0B7x,Thèmes,"02_PROJETS/Mon Mini Electro/Jan 21, 2026 1808/Thèmes","01_Projets/Mon Mini Electro/Jan 21, 2026 1808/Thèmes",MOVE,READY,02_PROJETS -> 01_Projets,application/vnd.google-apps.folder,
1XJwd_xh2nwOVGuPKv4RYvy09aUgZygGF,Téléversements,"02_PROJETS/Mon Mini Electro/Jan 21, 2026 1808/Téléversements","01_Projets/Mon Mini Electro/Jan 21, 2026 1808/Téléversements",MOVE,READY,02_PROJETS -> 01_Projets,application/vnd.google-apps.folder,
1wFwSZrC3RXIvqV_RjijEPcE_cPaKLn-U,Extensions,"02_PROJETS/Mon Mini Electro/Jan 21, 2026 1808/Extensions","01_Projets/Mon Mini Electro/Jan 21, 2026 1808/Extensions",MOVE,READY,02_PROJETS -> 01_Projets,application/vnd.google-apps.folder,
17xneUCWgVTQy6Z0sMWQYPWZgLeEKFqt9,Base de données,"02_PROJETS/Mon Mini Electro/Jan 21, 2026 1808/Base de données","01_Projets/Mon Mini Electro/Jan 21, 2026 1808/Base de données",MOVE,READY,02_PROJETS -> 01_Projets,application/vnd.google-apps.folder,
1TvXRMmaO1aB1ccz-8PfjKujHyZgef05x,99_ARCHIVES,02_PROJETS/schoolsWP/07_Prompts/99_ARCHIVES,01_Projets/schoolsWP/07_Prompts/99_ARCHIVES,MOVE,READY,02_PROJETS -> 01_Projets,application/vnd.google-apps.folder,
1eO5NT-jNzDRkqv7xnEHVsgycukxKpvkJ,07_AUTOMATION,02_PROJETS/schoolsWP/07_Prompts/07_AUTOMATION,01_Projets/schoolsWP/07_Prompts/07_AUTOMATION,MOVE,READY,02_PROJETS -> 01_Projets,application/vnd.google-apps.folder,
1wUIAIfQWWezSET-IFzg6d_01ux1kYY74,06_SCHOOLS_WP_EDITORIAL,02_PROJETS/schoolsWP/07_Prompts/06_SCHOOLS_WP_EDITORIAL,01_Projets/schoolsWP/07_Prompts/06_SCHOOLS_WP_EDITORIAL,MOVE,READY,02_PROJETS -> 01_Projets,application/vnd.google-apps.folder,
1XzLlisodyYdyuz0iEqpWcYZuQBo9zE9l,05_MONETISATION,02_PROJETS/schoolsWP/07_Prompts/05_MONETISATION,01_Projets/schoolsWP/07_Prompts/05_MONETISATION,MOVE,READY,02_PROJETS -> 01_Projets,application/vnd.google-apps.folder,
1fYNWrgipcQy05M96dWTscgEI95AwOdM_,04_ASSETS,02_PROJETS/schoolsWP/07_Prompts/04_ASSETS,01_Projets/schoolsWP/07_Prompts/04_ASSETS,MOVE,READY,02_PROJETS -> 01_Projets,application/vnd.google-apps.folder,
1rh7gUyrCc7Dz1S1d-jgFfx1cswrjRjrb,03_PROMPTS,02_PROJETS/schoolsWP/07_Prompts/03_PROMPTS,01_Projets/schoolsWP/07_Prompts/03_PROMPTS,MOVE,READY,02_PROJETS -> 01_Projets,application/vnd.google-apps.folder,
1pTt3z2S7Y6a9kaYsGklnbVfDHfGkmXgA,02_TEMPLATES,02_PROJETS/schoolsWP/07_Prompts/02_TEMPLATES,01_Projets/schoolsWP/07_Prompts/02_TEMPLATES,MOVE,READY,02_PROJETS -> 01_Projets,application/vnd.google-apps.folder,
133FL1tt1kJmeeEssqgSWnSmPqoNQkcrG,01_ADMIN,02_PROJETS/schoolsWP/07_Prompts/01_ADMIN,01_Projets/schoolsWP/07_Prompts/01_ADMIN,MOVE,READY,02_PROJETS -> 01_Projets,application/vnd.google-apps.folder,
1fz-gPJIyRTK_YQt3mHJw6FXh1EBd7eLNapJcTsmkH7U,README – schoolsWP,02_PROJETS/schoolsWP/00_README – schoolsWP/README – schoolsWP,01_Projets/schoolsWP/00_README – schoolsWP/README – schoolsWP,MOVE,READY,02_PROJETS -> 01_Projets,application/vnd.google-apps.document,3093
1biozxBVD8eNar0zFlcW3K3Ms8sFLK8gM,05_Dashboards-Reporting,02_PROJETS/schoolsWP/06_Monetisation/05_Dashboards-Reporting,01_Projets/schoolsWP/06_Monetisation/05_Dashboards-Reporting,MOVE,READY,02_PROJETS -> 01_Projets,application/vnd.google-apps.folder,
1rubFE3NuN8zJ9XCIOnkGs50q_bTqR9J_,04_Campagnes,02_PROJETS/schoolsWP/06_Monetisation/04_Campagnes,01_Projets/schoolsWP/06_Monetisation/04_Campagnes,MOVE,READY,02_PROJETS -> 01_Projets,application/vnd.google-apps.folder,
1IejhwaLn9QStkox-ja6V_OmG7A217vlh,03_Offres-Formations,02_PROJETS/schoolsWP/06_Monetisation/03_Offres-Formations,01_Projets/schoolsWP/06_Monetisation/03_Offres-Formations,MOVE,READY,02_PROJETS -> 01_Projets,application/vnd.google-apps.folder,
1yK2I_gwchstr_kb4uZ3He3pOYupsUKQO,02_Partenariats,02_PROJETS/schoolsWP/06_Monetisation/02_Partenariats,01_Projets/schoolsWP/06_Monetisation/02_Partenariats,MOVE,READY,02_PROJETS -> 01_Projets,application/vnd.google-apps.folder,
14YvL3h2y473dUrLnAtihI1T3yoXHAcfL,02_Produits_ et _Formations,02_PROJETS/schoolsWP/06_Monetisation/02_Produits_ et _Formations,01_Projets/schoolsWP/06_Monetisation/02_Produits_ et _Formations,MOVE,READY,02_PROJETS -> 01_Projets,application/vnd.google-apps.folder,
17QgRiOxya150v8pT5ov9VgIH446ImBhCfL-5wQTNFlE,Checklist – Publication → Monétisation (schoolsWP),02_PROJETS/schoolsWP/06_Monetisation/Checklist – Publication → Monétisation (schoolsWP),01_Projets/schoolsWP/06_Monetisation/Checklist – Publication → Monétisation (schoolsWP),MOVE,READY,02_PROJETS -> 01_Projets,application/vnd.google-apps.document,3598
1qc-NVKNzb2n8hQRRwwf8aqCpK4H4xCxy,00_README – Monetisation schoolsWP,02_PROJETS/schoolsWP/06_Monetisation/00_README – Monetisation schoolsWP,01_Projets/schoolsWP/06_Monetisation/00_README – Monetisation schoolsWP,MOVE,READY,02_PROJETS -> 01_Projets,application/vnd.google-apps.folder,
1NfAr1h3neHeVzkLuaK4BrQZwmky7KVof,99_Archives,02_PROJETS/schoolsWP/06_Monetisation/99_Archives,01_Projets/schoolsWP/06_Monetisation/99_Archives,MOVE,READY,02_PROJETS -> 01_Projets,application/vnd.google-apps.folder,
1ntKdZaG4qP21nKVSZNtcwATvlxJyfdcc,04_Partenariats_Business,02_PROJETS/schoolsWP/06_Monetisation/04_Partenariats_Business,01_Projets/schoolsWP/06_Monetisation/04_Partenariats_Business,MOVE,READY,02_PROJETS -> 01_Projets,application/vnd.google-apps.folder,
1leNZheNgE6voYbfLn4HmrIx6_TO0V8-Q,03_Campagnes,02_PROJETS/schoolsWP/06_Monetisation/03_Campagnes,01_Projets/schoolsWP/06_Monetisation/03_Campagnes,MOVE,READY,02_PROJETS -> 01_Projets,application/vnd.google-apps.folder,
1doQA2ppG0wqLlAxcTortNPKsLuFekIk1,01_Affiliation,02_PROJETS/schoolsWP/06_Monetisation/01_Affiliation,01_Projets/schoolsWP/06_Monetisation/01_Affiliation,MOVE,READY,02_PROJETS -> 01_Projets,application/vnd.google-apps.folder,
1L4IehGz7bvYE_qkYvsYKd0po2vnIXR4WcogYt_YtFkg,2024-12-27 – Apify Make Instagram Comptes (Task) – Ressource,02_PROJETS/schoolsWP/05_Automations/2024-12-27 – Apify Make Instagram Comptes (Task) – Ressource,01_Projets/schoolsWP/05_Automations/2024-12-27 – Apify Make Instagram Comptes (Task) – Ressource,MOVE,READY,02_PROJETS -> 01_Projets,application/vnd.google-apps.spreadsheet,1024
1LhH_AncnL6Ss4Hg-pDVgb5IqgQZBZwnlRC6DK_dj1JU,2021-09-27 – Code Coupon Manychat – Ressource,02_PROJETS/schoolsWP/05_Automations/2021-09-27 – Code Coupon Manychat – Ressource,01_Projets/schoolsWP/05_Automations/2021-09-27 – Code Coupon Manychat – Ressource,MOVE,READY,02_PROJETS -> 01_Projets,application/vnd.google-apps.spreadsheet,1024
1vTuQqrlz7jS51aeApht5_lF2r0zsKrYDVf-4GHllVNk,2021-11-26 – Nomenclature Amazon – Ressource,02_PROJETS/schoolsWP/05_Automations/2021-11-26 – Nomenclature Amazon – Ressource,01_Projets/schoolsWP/05_Automations/2021-11-26 – Nomenclature Amazon – Ressource,MOVE,READY,02_PROJETS -> 01_Projets,application/vnd.google-apps.spreadsheet,1024
1JVTpk2gEOxDqVjKbgQu6IJ_gMzthhwlEdGraltz94CU,2022-09-12 – Amazon Opération Loterie avec Instant Gagnant – Ressource,02_PROJETS/schoolsWP/05_Automations/2022-09-12 – Amazon Opération Loterie avec Instant Gagnant – Ressource,01_Projets/schoolsWP/05_Automations/2022-09-12 – Amazon Opération Loterie avec Instant Gagnant – Ressource,MOVE,READY,02_PROJETS -> 01_Projets,application/vnd.google-apps.spreadsheet,1024
1lj2yvRUXENawRmXgSFwrucnsjL9Hk3YaY0QQlPZPYoc,2020-04-11 – ManyChat Audience – Ressource,02_PROJETS/schoolsWP/05_Automations/2020-04-11 – ManyChat Audience – Ressource,01_Projets/schoolsWP/05_Automations/2020-04-11 – ManyChat Audience – Ressource,MOVE,READY,02_PROJETS -> 01_Projets,application/vnd.google-apps.spreadsheet,5919
16K1D37FGpAdHdkyFv7xA1M88EIBB8y935_P1D8B0Zuw,2023-10-04 – IG Summit 2023 Attendee Guide – Ressource,02_PROJETS/schoolsWP/05_Automations/2023-10-04 – IG Summit 2023 Attendee Guide – Ressource,01_Projets/schoolsWP/05_Automations/2023-10-04 – IG Summit 2023 Attendee Guide – Ressource,MOVE,READY,02_PROJETS -> 01_Projets,application/vnd.google-apps.presentation,5562
1I3Js96hkP4Ip0U1rmraiUwAaXfsdBg2J,99_ARCHIVES,02_PROJETS/schoolsWP/05_Automations/99_ARCHIVES,01_Projets/schoolsWP/05_Automations/99_ARCHIVES,MOVE,READY,02_PROJETS -> 01_Projets,application/vnd.google-apps.folder,
17uSfNA-tsrNPJiwz_Du84kba4s6e0z8L,03_Workflows-n8n-Make,02_PROJETS/schoolsWP/05_Automations/03_Workflows-n8n-Make,01_Projets/schoolsWP/05_Automations/03_Workflows-n8n-Make,MOVE,READY,02_PROJETS -> 01_Projets,application/vnd.google-apps.folder,
1szkTkOf-3crplJ15KGeo-wckwBewf9Eh,02_Formulaires,02_PROJETS/schoolsWP/05_Automations/02_Formulaires,01_Projets/schoolsWP/05_Automations/02_Formulaires,MOVE,READY,02_PROJETS -> 01_Projets,application/vnd.google-apps.folder,
1zlPwZgU6txlqkZLJuwt4yv8wwp6Greef,01_CRM-FluentCRM,02_PROJETS/schoolsWP/05_Automations/01_CRM-FluentCRM,01_Projets/schoolsWP/05_Automations/01_CRM-FluentCRM,MOVE,READY,02_PROJETS -> 01_Projets,application/vnd.google-apps.folder,
1Peb-NuALjt0LYZVUzJhvke30NeJkt1l_I27Ed4Udf20,2024-03-14 – [Réseau Social] Pinterest vers Google Sheets mon-mini-electro – Ressource,02_PROJETS/schoolsWP/04_Assets/2024-03-14 – [Réseau Social] Pinterest vers Google Sheets mon-mini-electro – Ressource,01_Projets/schoolsWP/04_Assets/2024-03-14 – [Réseau Social] Pinterest vers Google Sheets mon-mini-electro – Ressource,MOVE,READY,02_PROJETS -> 01_Projets,application/vnd.google-apps.spreadsheet,1024
1TWjjuIRhVJyKz733K7Mwf7XULqkH4IHHei564S0TMUc,2024-03-14 – [Réseau Social] Pinterest vers Google Sheets Michaël KIHL – Ressource,02_PROJETS/schoolsWP/04_Assets/2024-03-14 – [Réseau Social] Pinterest vers Google Sheets Michaël KIHL – Ressource,01_Projets/schoolsWP/04_Assets/2024-03-14 – [Réseau Social] Pinterest vers Google Sheets Michaël KIHL – Ressource,MOVE,READY,02_PROJETS -> 01_Projets,application/vnd.google-apps.spreadsheet,1024
1FBZ5ajaY0qMbbVb-XiFoY5RpKZ3VRjb1u5J5U40lL2Q,2024-03-14 – [Réseau Social] Pinterest vers Google Sheets schoolsWP – Ressource,02_PROJETS/schoolsWP/04_Assets/2024-03-14 – [Réseau Social] Pinterest vers Google Sheets schoolsWP – Ressource,01_Projets/schoolsWP/04_Assets/2024-03-14 – [Réseau Social] Pinterest vers Google Sheets schoolsWP – Ressource,MOVE,READY,02_PROJETS -> 01_Projets,application/vnd.google-apps.spreadsheet,40611
1ezcIaDk1avyMji8IFNXnxO6g6qHY0fqa_jyO9taPpOI,2025-07-18 – YouTube Thumbnails – Ressource,02_PROJETS/schoolsWP/04_Assets/2025-07-18 – YouTube Thumbnails – Ressource,01_Projets/schoolsWP/04_Assets/2025-07-18 – YouTube Thumbnails – Ressource,MOVE,READY,02_PROJETS -> 01_Projets,application/vnd.google-apps.spreadsheet,1024
1-TUjM7Wg8pkHVFXQPrSP66Knewh9gcjWSvB03fTiCgc,2025-07-18 – Vidéos Youtube Automatisées – Ressource,02_PROJETS/schoolsWP/04_Assets/2025-07-18 – Vidéos Youtube Automatisées – Ressource,01_Projets/schoolsWP/04_Assets/2025-07-18 – Vidéos Youtube Automatisées – Ressource,MOVE,READY,02_PROJETS -> 01_Projets,application/vnd.google-apps.spreadsheet,2497
1e81ULwQ6J6zcAktLg0FF6SrfbTSmhDTynzeoFbxIM9M,2025-07-18 – Instagram scripts – Ressource,02_PROJETS/schoolsWP/04_Assets/2025-07-18 – Instagram scripts – Ressource,01_Projets/schoolsWP/04_Assets/2025-07-18 – Instagram scripts – Ressource,MOVE,READY,02_PROJETS -> 01_Projets,application/vnd.google-apps.spreadsheet,1610
1m5I-lykho_tqKnfcdkTVaZGl7Z4NGx2nys5Domp2HOo,2026-01-22 – [ORIGINAL] Espionner chaines Youtube – Ressource,02_PROJETS/schoolsWP/04_Assets/2026-01-22 – [ORIGINAL] Espionner chaines Youtube – Ressource,01_Projets/schoolsWP/04_Assets/2026-01-22 – [ORIGINAL] Espionner chaines Youtube – Ressource,MOVE,READY,02_PROJETS -> 01_Projets,application/vnd.google-apps.spreadsheet,75302
1e7cCZHILFB3fTFDli-yCruVwCiXGOFua16jVq7pnCbY,2024-05-01 – [ORIGINAL] Tableau de suivi gestion Pinterest – Ressource,02_PROJETS/schoolsWP/04_Assets/2024-05-01 – [ORIGINAL] Tableau de suivi gestion Pinterest – Ressource,01_Projets/schoolsWP/04_Assets/2024-05-01 – [ORIGINAL] Tableau de suivi gestion Pinterest – Ressource,MOVE,READY,02_PROJETS -> 01_Projets,application/vnd.google-apps.spreadsheet,8207
1DnanETX9CIzoRePUY9lyvLR20-5eqhgE,07_Audio,02_PROJETS/schoolsWP/04_Assets/07_Audio,01_Projets/schoolsWP/04_Assets/07_Audio,MOVE,READY,02_PROJETS -> 01_Projets,application/vnd.google-apps.folder,
183NjhsKnmFj6Anlxlcj3EGgYXKwfkYqq,2024-11-14 – Surecart-logo – Ressource.svg,02_PROJETS/schoolsWP/04_Assets/2024-11-14 – Surecart-logo – Ressource.svg,01_Projets/schoolsWP/04_Assets/2024-11-14 – Surecart-logo – Ressource.svg,MOVE,READY,02_PROJETS -> 01_Projets,text/xml,5008
1tQQ9SJw1OHpREoS588V1uqLy-qFsfu64,2024-09-22 – Thruuu export avis suretriggers 2024-9-22 – Ressource.xlsx,02_PROJETS/schoolsWP/04_Assets/2024-09-22 – Thruuu export avis suretriggers 2024-9-22 – Ressource.xlsx,01_Projets/schoolsWP/04_Assets/2024-09-22 – Thruuu export avis suretriggers 2024-9-22 – Ressource.xlsx,MOVE,READY,02_PROJETS -> 01_Projets,application/vnd.openxmlformats-officedocument.spreadsheetml.sheet,135767
18OwhJOZlAAaFzOQKqD4wqJj4oyGZdMm7RpLWjviQF2g,2024-04-09 – Maintenance WordPress Guide Complet pour un Site Toujours Opérationnel – Ressource,02_PROJETS/schoolsWP/04_Assets/2024-04-09 – Maintenance WordPress Guide Complet pour un Site Toujours Opérationnel – Ressource,01_Projets/schoolsWP/04_Assets/2024-04-09 – Maintenance WordPress Guide Complet pour un Site Toujours Opérationnel – Ressource,MOVE,READY,02_PROJETS -> 01_Projets,application/vnd.google-apps.document,1570
1qg8vokfJowKTU1vrK2RnPvFmjtJtuUTi,2024-06-15 – FAQ – Ressource.txt,02_PROJETS/schoolsWP/04_Assets/2024-06-15 – FAQ – Ressource.txt,01_Projets/schoolsWP/04_Assets/2024-06-15 – FAQ – Ressource.txt,MOVE,READY,02_PROJETS -> 01_Projets,text/plain,1544
1qsDKzbNU78tPa0gFMuzF33J32T8KnCEf,2024-06-15 – Suggestions ubersuggest fluentbooking fluent booking plugin fluentbooking – Ressource.csv,02_PROJETS/schoolsWP/04_Assets/2024-06-15 – Suggestions ubersuggest fluentbooking fluent booking plugin fluentbooking – Ressource.csv,01_Projets/schoolsWP/04_Assets/2024-06-15 – Suggestions ubersuggest fluentbooking fluent booking plugin fluentbooking – Ressource.csv,MOVE,READY,02_PROJETS -> 01_Projets,text/csv,211
1qmhmFWUv5llYMbogYlFkuVav9BjBimfX,2024-06-15 – Suggestions ubersuggest wordpress fluentbooking plugin wordpress fluentbookin... – Ressource.csv,02_PROJETS/schoolsWP/04_Assets/2024-06-15 – Suggestions ubersuggest wordpress fluentbooking plugin wordpress fluentbookin... – Ressource.csv,01_Projets/schoolsWP/04_Assets/2024-06-15 – Suggestions ubersuggest wordpress fluentbooking plugin wordpress fluentbookin... – Ressource.csv,MOVE,READY,02_PROJETS -> 01_Projets,text/csv,238
1qsViTkJUxPL8XcpQTf-z93uEb6C6Jvv-,2024-06-15 – Suggestions ubersuggest critique fluentbooking fluentbooking test fluentbooki... – Ressource.csv,02_PROJETS/schoolsWP/04_Assets/2024-06-15 – Suggestions ubersuggest critique fluentbooking fluentbooking test fluentbooki... – Ressource.csv,01_Projets/schoolsWP/04_Assets/2024-06-15 – Suggestions ubersuggest critique fluentbooking fluentbooking test fluentbooki... – Ressource.csv,MOVE,READY,02_PROJETS -> 01_Projets,text/csv,169
1kWJCCLrBe0jOx2say_h2TOy5fF300FxZdmTmqBksJVU,2024-03-11 – FluentBooking La Solution Ultime pour Optimiser la Planification et les Réser... – Ressource,02_PROJETS/schoolsWP/04_Assets/2024-03-11 – FluentBooking La Solution Ultime pour Optimiser la Planification et les Réser... – Ressource,01_Projets/schoolsWP/04_Assets/2024-03-11 – FluentBooking La Solution Ultime pour Optimiser la Planification et les Réser... – Ressource,MOVE,READY,02_PROJETS -> 01_Projets,application/vnd.google-apps.document,16307
1n8ZsXD8_yzjIHooTSWzRPhgQePuFZgb0,2024-08-13 – Instagram Publication Portrait Couverture Article Blog (1080 × 1350 px) – Ressource.zip,02_PROJETS/schoolsWP/04_Assets/2024-08-13 – Instagram Publication Portrait Couverture Article Blog (1080 × 1350 px) – Ressource.zip,01_Projets/schoolsWP/04_Assets/2024-08-13 – Instagram Publication Portrait Couverture Article Blog (1080 × 1350 px) – Ressource.zip,MOVE,READY,02_PROJETS -> 01_Projets,application/zip,286713
1i494_V69JxQ2tr7EvNbexSvSIVS559jV,2025-02-18 – Instagram – Ressource.zip,02_PROJETS/schoolsWP/04_Assets/2025-02-18 – Instagram – Ressource.zip,01_Projets/schoolsWP/04_Assets/2025-02-18 – Instagram – Ressource.zip,MOVE,READY,02_PROJETS -> 01_Projets,application/zip,292697
1df8DGaTCCW8bDFrCpEFwyv7L4CpPDs-6,2025-02-10 – Txt – Ressource.txt,02_PROJETS/schoolsWP/04_Assets/2025-02-10 – Txt – Ressource.txt,01_Projets/schoolsWP/04_Assets/2025-02-10 – Txt – Ressource.txt,MOVE,READY,02_PROJETS -> 01_Projets,text/plain,1133
1dwlmBDvl3vTe_NzVKst9wF66mN4QMAfb,2025-02-10 – Txt – Ressource.txt,02_PROJETS/schoolsWP/04_Assets/2025-02-10 – Txt – Ressource.txt,01_Projets/schoolsWP/04_Assets/2025-02-10 – Txt – Ressource.txt,MOVE,READY,02_PROJETS -> 01_Projets,text/plain,620
1e4c0wmL03aIzFLlmmRw_AUSrw6DE9YNx,2025-02-11 – Txt – Ressource.txt,02_PROJETS/schoolsWP/04_Assets/2025-02-11 – Txt – Ressource.txt,01_Projets/schoolsWP/04_Assets/2025-02-11 – Txt – Ressource.txt,MOVE,READY,02_PROJETS -> 01_Projets,text/plain,1066
1ePGA6d4KBs7UCRDqgivqKBXzoiH62ZzY,2025-02-12 – Txt – Ressource.txt,02_PROJETS/schoolsWP/04_Assets/2025-02-12 – Txt – Ressource.txt,01_Projets/schoolsWP/04_Assets/2025-02-12 – Txt – Ressource.txt,MOVE,READY,02_PROJETS -> 01_Projets,text/plain,1331
1eTEjGuyyY-U--TYyixCdZ0IiwBQmside,2025-02-12 – Txt – Ressource.txt,02_PROJETS/schoolsWP/04_Assets/2025-02-12 – Txt – Ressource.txt,01_Projets/schoolsWP/04_Assets/2025-02-12 – Txt – Ressource.txt,MOVE,READY,02_PROJETS -> 01_Projets,text/plain,1236
1eUghdUDycIOxANJgpoOU33jnagU93E1q,2025-02-12 – Txt – Ressource.txt,02_PROJETS/schoolsWP/04_Assets/2025-02-12 – Txt – Ressource.txt,01_Projets/schoolsWP/04_Assets/2025-02-12 – Txt – Ressource.txt,MOVE,READY,02_PROJETS -> 01_Projets,text/plain,1541
1fCcye5XQNJ3LaoswGvEqo2wfk2MkUJhJ,2025-02-12 – Txt – Ressource.txt,02_PROJETS/schoolsWP/04_Assets/2025-02-12 – Txt – Ressource.txt,01_Projets/schoolsWP/04_Assets/2025-02-12 – Txt – Ressource.txt,MOVE,READY,02_PROJETS -> 01_Projets,text/plain,1806
1fd4FBkQ9A_oYlJZWrnMbD9r9JSFcGpns,2025-02-13 – Txt – Ressource.txt,02_PROJETS/schoolsWP/04_Assets/2025-02-13 – Txt – Ressource.txt,01_Projets/schoolsWP/04_Assets/2025-02-13 – Txt – Ressource.txt,MOVE,READY,02_PROJETS -> 01_Projets,text/plain,1729
1g7sB2W7FA4n3uFpGKwhcttgswKw2x2nD,2025-02-15 – Txt – Ressource.txt,02_PROJETS/schoolsWP/04_Assets/2025-02-15 – Txt – Ressource.txt,01_Projets/schoolsWP/04_Assets/2025-02-15 – Txt – Ressource.txt,MOVE,READY,02_PROJETS -> 01_Projets,text/plain,1281
1gFjgPh9lgt7ILA6lWwmy3AVAQFp8I7Xw,2025-02-15 – Txt – Ressource.txt,02_PROJETS/schoolsWP/04_Assets/2025-02-15 – Txt – Ressource.txt,01_Projets/schoolsWP/04_Assets/2025-02-15 – Txt – Ressource.txt,MOVE,READY,02_PROJETS -> 01_Projets,text/plain,1042
1gax2H3AF8Jd0cgquESO5dIP_dyUvI9aX,2025-02-16 – Txt – Ressource.txt,02_PROJETS/schoolsWP/04_Assets/2025-02-16 – Txt – Ressource.txt,01_Projets/schoolsWP/04_Assets/2025-02-16 – Txt – Ressource.txt,MOVE,READY,02_PROJETS -> 01_Projets,text/rtf,2253
1gg5a79FDbkVK0HPGQC-GvQbveIKcXu2v,2025-02-16 – Txt – Ressource.txt,02_PROJETS/schoolsWP/04_Assets/2025-02-16 – Txt – Ressource.txt,01_Projets/schoolsWP/04_Assets/2025-02-16 – Txt – Ressource.txt,MOVE,READY,02_PROJETS -> 01_Projets,text/plain,1526
1-bDmQAsOa07cutAaHbIgxpfJK9gO2iMZedSn7Oc5Xlg,2025-07-28 – Why Droip Is the WordPress Builder We All Have Been Waiting For – Ressource,02_PROJETS/schoolsWP/04_Assets/2025-07-28 – Why Droip Is the WordPress Builder We All Have Been Waiting For – Ressource,01_Projets/schoolsWP/04_Assets/2025-07-28 – Why Droip Is the WordPress Builder We All Have Been Waiting For – Ressource,MOVE,READY,02_PROJETS -> 01_Projets,application/vnd.google-apps.document,9034319
1D0mWFi8JzXs7ocro9ULbC8qwZOwIX0QS,2025-08-08 – AffiliatePress – Ressource.txt,02_PROJETS/schoolsWP/04_Assets/2025-08-08 – AffiliatePress – Ressource.txt,01_Projets/schoolsWP/04_Assets/2025-08-08 – AffiliatePress – Ressource.txt,MOVE,READY,02_PROJETS -> 01_Projets,text/plain,14903
1EkGjUq8GDja7RwzV7-xp_NoQ2fDNMWZR754smhxR1K0,2025-08-10 – AffiliatePress avis mon test complet du plugin d’affiliation WordPress – Ressource,02_PROJETS/schoolsWP/04_Assets/2025-08-10 – AffiliatePress avis mon test complet du plugin d’affiliation WordPress – Ressource,01_Projets/schoolsWP/04_Assets/2025-08-10 – AffiliatePress avis mon test complet du plugin d’affiliation WordPress – Ressource,MOVE,READY,02_PROJETS -> 01_Projets,application/vnd.google-apps.document,9496
1OqSbxNhsZ0RU2nu55SYBYWLGtz0goYP9_t9wOVK9svA,2025-08-21 – Linksgarden avis 2025 test complet de la plateforme de netlinking – Ressource,02_PROJETS/schoolsWP/04_Assets/2025-08-21 – Linksgarden avis 2025 test complet de la plateforme de netlinking – Ressource,01_Projets/schoolsWP/04_Assets/2025-08-21 – Linksgarden avis 2025 test complet de la plateforme de netlinking – Ressource,MOVE,READY,02_PROJETS -> 01_Projets,application/vnd.google-apps.document,210587
1Ad_5ys5XrHvj3wQ_R8Bdwe-jfx1du5DuXz1NgDQyGNw,2025-08-30 – Pulse avis – Faut-il adopter cet outil pour vos fiches produits e-commerce en... – Ressource,02_PROJETS/schoolsWP/04_Assets/2025-08-30 – Pulse avis – Faut-il adopter cet outil pour vos fiches produits e-commerce en... – Ressource,01_Projets/schoolsWP/04_Assets/2025-08-30 – Pulse avis – Faut-il adopter cet outil pour vos fiches produits e-commerce en... – Ressource,MOVE,READY,02_PROJETS -> 01_Projets,application/vnd.google-apps.document,52380
1qrfI5pUMO3ydkJ3fF25XU6gpAZ2vCFE0Bjs3IRQcnzA,2025-09-12 – FluentSMTP avis 2025 le meilleur plugin SMTP gratuit pour WordPress ? – Ressource,02_PROJETS/schoolsWP/04_Assets/2025-09-12 – FluentSMTP avis 2025 le meilleur plugin SMTP gratuit pour WordPress ? – Ressource,01_Projets/schoolsWP/04_Assets/2025-09-12 – FluentSMTP avis 2025 le meilleur plugin SMTP gratuit pour WordPress ? – Ressource,MOVE,READY,02_PROJETS -> 01_Projets,application/vnd.google-apps.document,13071
1qL9xNE8xi17yHkn14S-Cr-022nEfKGi_6TDyUpwlQ4w,2025-10-10 – Bit Flows Avis 2025 — L’automatisation WordPress sans limites – Ressource,02_PROJETS/schoolsWP/04_Assets/2025-10-10 – Bit Flows Avis 2025 — L’automatisation WordPress sans limites – Ressource,01_Projets/schoolsWP/04_Assets/2025-10-10 – Bit Flows Avis 2025 — L’automatisation WordPress sans limites – Ressource,MOVE,READY,02_PROJETS -> 01_Projets,application/vnd.google-apps.document,66573
1RKeCLHLC7FeH2cKCfSJz96OQecPxvEEM,2025-08-01 – PINTEREST – Ressource.zip,02_PROJETS/schoolsWP/04_Assets/2025-08-01 – PINTEREST – Ressource.zip,01_Projets/schoolsWP/04_Assets/2025-08-01 – PINTEREST – Ressource.zip,MOVE,READY,02_PROJETS -> 01_Projets,application/zip,214627
17SfR5fOAIZz7k6Fk15UCyc56Igqw6zJd,2025-11-08 – schoolsWP.com Couverture Article Blog (1200 × 675 px) – Ressource.zip,02_PROJETS/schoolsWP/04_Assets/2025-11-08 – schoolsWP.com Couverture Article Blog (1200 × 675 px) – Ressource.zip,01_Projets/schoolsWP/04_Assets/2025-11-08 – schoolsWP.com Couverture Article Blog (1200 × 675 px) – Ressource.zip,MOVE,READY,02_PROJETS -> 01_Projets,application/zip,769407
1WlLKPnQePnzGV4aru9lt3rIkPoDgTPQObOoB2Ei82ks,2023-03-03 – Formation Pin Lemonade | Tableau de suivi gestion Pinterest – Ressource,02_PROJETS/schoolsWP/04_Assets/2023-03-03 – Formation Pin Lemonade | Tableau de suivi gestion Pinterest – Ressource,01_Projets/schoolsWP/04_Assets/2023-03-03 – Formation Pin Lemonade | Tableau de suivi gestion Pinterest – Ressource,MOVE,READY,02_PROJETS -> 01_Projets,application/vnd.google-apps.spreadsheet,8210
1ObOjtc7NuEimzojJuWegZw_KroXXp3K7Vwedh2Wamw0,2023-03-03 – Tableaux – Ressource,02_PROJETS/schoolsWP/04_Assets/2023-03-03 – Tableaux – Ressource,01_Projets/schoolsWP/04_Assets/2023-03-03 – Tableaux – Ressource,MOVE,READY,02_PROJETS -> 01_Projets,application/vnd.google-apps.spreadsheet,2579
1gEUB1b7E7ilBDJug_EoIB9hUq7Hki4Rn7PMWdzfzxIo,2023-07-12 – Pabbly | Google Sheet Vers Twitter – Ressource,02_PROJETS/schoolsWP/04_Assets/2023-07-12 – Pabbly | Google Sheet Vers Twitter – Ressource,01_Projets/schoolsWP/04_Assets/2023-07-12 – Pabbly | Google Sheet Vers Twitter – Ressource,MOVE,READY,02_PROJETS -> 01_Projets,application/vnd.google-apps.spreadsheet,1024
1ms1IYbxzdBCjS4RNUz4S10jvp0wmZ-PfqOfq6ZIWJIE,2022-12-18 – ASTUCE CARROUSEL | Canva Bulk – Ressource,02_PROJETS/schoolsWP/04_Assets/2022-12-18 – ASTUCE CARROUSEL | Canva Bulk – Ressource,01_Projets/schoolsWP/04_Assets/2022-12-18 – ASTUCE CARROUSEL | Canva Bulk – Ressource,MOVE,READY,02_PROJETS -> 01_Projets,application/vnd.google-apps.spreadsheet,1024
1d_ljRuOEcOS-AMBZ3Q85HIudzFLMOYuGaptAdxScLrA,2024-07-14 – DataLinkedIn Alex Borto – Ressource,02_PROJETS/schoolsWP/04_Assets/2024-07-14 – DataLinkedIn Alex Borto – Ressource,01_Projets/schoolsWP/04_Assets/2024-07-14 – DataLinkedIn Alex Borto – Ressource,MOVE,READY,02_PROJETS -> 01_Projets,application/vnd.google-apps.spreadsheet,76355
1JlcEXwLN6FiAhYa7HFtNN_AxGyIQ3DenzOi0CsAOhow,2024-07-14 – Alexis Fichou DataLinkedIn – Ressource,02_PROJETS/schoolsWP/04_Assets/2024-07-14 – Alexis Fichou DataLinkedIn – Ressource,01_Projets/schoolsWP/04_Assets/2024-07-14 – Alexis Fichou DataLinkedIn – Ressource,MOVE,READY,02_PROJETS -> 01_Projets,application/vnd.google-apps.spreadsheet,47013
14H1BbBqzz709Qgc2kxcMBpK3gRgc7N-1JMNwYNslLEA,2024-08-24 – DataTwitter – Ressource,02_PROJETS/schoolsWP/04_Assets/2024-08-24 – DataTwitter – Ressource,01_Projets/schoolsWP/04_Assets/2024-08-24 – DataTwitter – Ressource,MOVE,READY,02_PROJETS -> 01_Projets,application/vnd.google-apps.spreadsheet,12757
1nX4DRzzRnTm3jue34ghtTDWXk6EHzuO3hltObxLgRms,2025-03-31 – Pinterest Épingle – Ressource,02_PROJETS/schoolsWP/04_Assets/2025-03-31 – Pinterest Épingle – Ressource,01_Projets/schoolsWP/04_Assets/2025-03-31 – Pinterest Épingle – Ressource,MOVE,READY,02_PROJETS -> 01_Projets,application/vnd.google-apps.spreadsheet,1024
1Wz8FhCBY23IFI-Ns3Nmr_acfiffYmMFA,2025-12-28 – Screenshot 20251217 192540 YouTube – Ressource.jpg,02_PROJETS/schoolsWP/04_Assets/2025-12-28 – Screenshot 20251217 192540 YouTube – Ressource.jpg,01_Projets/schoolsWP/04_Assets/2025-12-28 – Screenshot 20251217 192540 YouTube – Ressource.jpg,MOVE,READY,02_PROJETS -> 01_Projets,image/jpeg,369952
1pD2cOS0yvWgPg51rYl3ye-4uBYAocQUW,2025-12-28 – Screenshot 20251217 192511 YouTube – Ressource.jpg,02_PROJETS/schoolsWP/04_Assets/2025-12-28 – Screenshot 20251217 192511 YouTube – Ressource.jpg,01_Projets/schoolsWP/04_Assets/2025-12-28 – Screenshot 20251217 192511 YouTube – Ressource.jpg,MOVE,READY,02_PROJETS -> 01_Projets,image/jpeg,468989
1TSNApcZxzAybc7o6LyE5bPq8t5NRIuzF,2025-12-28 – Screenshot 20251211 112006 YouTube – Ressource.jpg,02_PROJETS/schoolsWP/04_Assets/2025-12-28 – Screenshot 20251211 112006 YouTube – Ressource.jpg,01_Projets/schoolsWP/04_Assets/2025-12-28 – Screenshot 20251211 112006 YouTube – Ressource.jpg,MOVE,READY,02_PROJETS -> 01_Projets,image/jpeg,573261
1v21v43fk05mUoaCn0BOlbDLamNX_pxAR,2025-12-28 – Screenshot 20251211 111918 YouTube – Ressource.jpg,02_PROJETS/schoolsWP/04_Assets/2025-12-28 – Screenshot 20251211 111918 YouTube – Ressource.jpg,01_Projets/schoolsWP/04_Assets/2025-12-28 – Screenshot 20251211 111918 YouTube – Ressource.jpg,MOVE,READY,02_PROJETS -> 01_Projets,image/jpeg,631941
1Y9RLlewtCYAAopMEcz8E1fffoZPh9RaV,2025-12-28 – Screenshot 20251003 160221 LinkedIn – Ressource.jpg,02_PROJETS/schoolsWP/04_Assets/2025-12-28 – Screenshot 20251003 160221 LinkedIn – Ressource.jpg,01_Projets/schoolsWP/04_Assets/2025-12-28 – Screenshot 20251003 160221 LinkedIn – Ressource.jpg,MOVE,READY,02_PROJETS -> 01_Projets,image/jpeg,893699
1PfdIEVL-2qq3_-gG6hFFWeGWrsockMKk,2025-12-28 – Screenshot 20250822 101521 LinkedIn – Ressource.jpg,02_PROJETS/schoolsWP/04_Assets/2025-12-28 – Screenshot 20250822 101521 LinkedIn – Ressource.jpg,01_Projets/schoolsWP/04_Assets/2025-12-28 – Screenshot 20250822 101521 LinkedIn – Ressource.jpg,MOVE,READY,02_PROJETS -> 01_Projets,image/jpeg,503975
12jcgggYyHA-ZwqBJm_Z7WaLZ6AdxkLrB,2025-12-28 – Screenshot 20250725 123128 LinkedIn – Ressource.jpg,02_PROJETS/schoolsWP/04_Assets/2025-12-28 – Screenshot 20250725 123128 LinkedIn – Ressource.jpg,01_Projets/schoolsWP/04_Assets/2025-12-28 – Screenshot 20250725 123128 LinkedIn – Ressource.jpg,MOVE,READY,02_PROJETS -> 01_Projets,image/jpeg,886698
1Q-egEfyDjH0KVEBVZVLJcQS_8xo_mm-S,2025-12-28 – Screenshot 20250722 192722 LinkedIn – Ressource.jpg,02_PROJETS/schoolsWP/04_Assets/2025-12-28 – Screenshot 20250722 192722 LinkedIn – Ressource.jpg,01_Projets/schoolsWP/04_Assets/2025-12-28 – Screenshot 20250722 192722 LinkedIn – Ressource.jpg,MOVE,READY,02_PROJETS -> 01_Projets,image/jpeg,687818
1KYYopDKp_etikMaV6gYBlOuARgcdXyc8,2025-12-28 – Screenshot 20250722 192658 LinkedIn – Ressource.jpg,02_PROJETS/schoolsWP/04_Assets/2025-12-28 – Screenshot 20250722 192658 LinkedIn – Ressource.jpg,01_Projets/schoolsWP/04_Assets/2025-12-28 – Screenshot 20250722 192658 LinkedIn – Ressource.jpg,MOVE,READY,02_PROJETS -> 01_Projets,image/jpeg,690408
191vdXdFjAXvatfJXRlPrS6t7TFPVQApk,2025-12-28 – Screenshot 20250714 173324 LinkedIn – Ressource.jpg,02_PROJETS/schoolsWP/04_Assets/2025-12-28 – Screenshot 20250714 173324 LinkedIn – Ressource.jpg,01_Projets/schoolsWP/04_Assets/2025-12-28 – Screenshot 20250714 173324 LinkedIn – Ressource.jpg,MOVE,READY,02_PROJETS -> 01_Projets,image/jpeg,428828
1_OVcfm10oZKEnVz3Mv4HvVQo1DUs_zyU,06_Covers-articles,02_PROJETS/schoolsWP/04_Assets/06_Covers-articles,01_Projets/schoolsWP/04_Assets/06_Covers-articles,MOVE,READY,02_PROJETS -> 01_Projets,application/vnd.google-apps.folder,
1UglGizBDqERNegrqRZ08W-jiqoi3s_XK,05_Captures-ecran,02_PROJETS/schoolsWP/04_Assets/05_Captures-ecran,01_Projets/schoolsWP/04_Assets/05_Captures-ecran,MOVE,READY,02_PROJETS -> 01_Projets,application/vnd.google-apps.folder,
1eaSOm8SG-6oR-6HTO0MHrE_SWGEgfWhu,04_Illustrations,02_PROJETS/schoolsWP/04_Assets/04_Illustrations,01_Projets/schoolsWP/04_Assets/04_Illustrations,MOVE,READY,02_PROJETS -> 01_Projets,application/vnd.google-apps.folder,
1m-ledJiQoLZ6IJjFLbU99y-hKbWMr-lT,03_Banners,02_PROJETS/schoolsWP/04_Assets/03_Banners,01_Projets/schoolsWP/04_Assets/03_Banners,MOVE,READY,02_PROJETS -> 01_Projets,application/vnd.google-apps.folder,
1lKvUxMyQi3RbxoFfN7618sMTPCaIgAdb,02_Thumbnails,02_PROJETS/schoolsWP/04_Assets/02_Thumbnails,01_Projets/schoolsWP/04_Assets/02_Thumbnails,MOVE,READY,02_PROJETS -> 01_Projets,application/vnd.google-apps.folder,
1MuNT0qW6LD2LcSCy9dU5VNOSesMhf2NP,01_Logos-Brand,02_PROJETS/schoolsWP/04_Assets/01_Logos-Brand,01_Projets/schoolsWP/04_Assets/01_Logos-Brand,MOVE,READY,02_PROJETS -> 01_Projets,application/vnd.google-apps.folder,
1Loi06H2-ATpR_w6Iqdjyb6kZwSXAi10n,03_Covers_ et _Thumbnails,02_PROJETS/schoolsWP/04_Assets/03_Covers_ et _Thumbnails,01_Projets/schoolsWP/04_Assets/03_Covers_ et _Thumbnails,MOVE,READY,02_PROJETS -> 01_Projets,application/vnd.google-apps.folder,
1v6JXFGlrT1TmfsqwNMfHAIhaZty8Rcly,99_Archives,02_PROJETS/schoolsWP/04_Assets/99_Archives,01_Projets/schoolsWP/04_Assets/99_Archives,MOVE,READY,02_PROJETS -> 01_Projets,application/vnd.google-apps.folder,
1WpYz3fu3K9QmD5eu-8uBaPyk0vXIn1RR,04_PDF,02_PROJETS/schoolsWP/04_Assets/04_PDF,01_Projets/schoolsWP/04_Assets/04_PDF,MOVE,READY,02_PROJETS -> 01_Projets,application/vnd.google-apps.folder,
1s9StOXJyk_EiCDG2usX8VMW-N47QPKVl,02_Images,02_PROJETS/schoolsWP/04_Assets/02_Images,01_Projets/schoolsWP/04_Assets/02_Images,MOVE,READY,02_PROJETS -> 01_Projets,application/vnd.google-apps.folder,
1s9wPg8JzfCR7H0NI_aQyIl9_p9XbHBXQ,01_Branding,02_PROJETS/schoolsWP/04_Assets/01_Branding,01_Projets/schoolsWP/04_Assets/01_Branding,MOVE,READY,02_PROJETS -> 01_Projets,application/vnd.google-apps.folder,
18ysp16_TnS7KCuYNOPMouAIY77yjmqu7y7iM6Nd7tiU,2025-10-26 – Make Nano Banana AffiSEO – SEO,02_PROJETS/schoolsWP/03_SEO/2025-10-26 – Make Nano Banana AffiSEO – SEO,01_Projets/schoolsWP/03_SEO/2025-10-26 – Make Nano Banana AffiSEO – SEO,MOVE,READY,02_PROJETS -> 01_Projets,application/vnd.google-apps.spreadsheet,1024
1n7gj1RrMXMoAA3iB9nQbNv8Qm4d0kZKnzSlp-nN9wUk,2024-02-16 – [ORIGINAL] Paul Grillet SEO Garden Party octobre 2023 – SEO,02_PROJETS/schoolsWP/03_SEO/2024-02-16 – [ORIGINAL] Paul Grillet SEO Garden Party octobre 2023 – SEO,01_Projets/schoolsWP/03_SEO/2024-02-16 – [ORIGINAL] Paul Grillet SEO Garden Party octobre 2023 – SEO,MOVE,READY,02_PROJETS -> 01_Projets,application/vnd.google-apps.presentation,31851
1TsTofLheaNrJs2ezFTD1AR1RTeu0eR0AooqKIBB9vH0,2024-03-18 – [ORIGINAL] Référentiel Débutant SEO Mayboutik – SEO,02_PROJETS/schoolsWP/03_SEO/2024-03-18 – [ORIGINAL] Référentiel Débutant SEO Mayboutik – SEO,01_Projets/schoolsWP/03_SEO/2024-03-18 – [ORIGINAL] Référentiel Débutant SEO Mayboutik – SEO,MOVE,READY,02_PROJETS -> 01_Projets,application/vnd.google-apps.spreadsheet,461213
16FYYuQfn1lNoKq5L3_4rV4isIzqymcyy_9wwf08flaw,2024-03-28 – [ORIGINAL] Trouver une niche Challenge SEO – SEO,02_PROJETS/schoolsWP/03_SEO/2024-03-28 – [ORIGINAL] Trouver une niche Challenge SEO – SEO,01_Projets/schoolsWP/03_SEO/2024-03-28 – [ORIGINAL] Trouver une niche Challenge SEO – SEO,MOVE,READY,02_PROJETS -> 01_Projets,application/vnd.google-apps.spreadsheet,3411
1cK2jdnqEY0EoWYJudIINQrfs0gFEcCM84OB8vAPWiqk,2025-05-26 – Stratégie SEO basé sur les Clusters – SEO,02_PROJETS/schoolsWP/03_SEO/2025-05-26 – Stratégie SEO basé sur les Clusters – SEO,01_Projets/schoolsWP/03_SEO/2025-05-26 – Stratégie SEO basé sur les Clusters – SEO,MOVE,READY,02_PROJETS -> 01_Projets,application/vnd.google-apps.document,1940304
1TnBmIRWxuegMuvCgIkvQZuD9ipinYhw4wSD2M4Fc-w4,2021-10-14 – SEO ARMY – SEO,02_PROJETS/schoolsWP/03_SEO/2021-10-14 – SEO ARMY – SEO,01_Projets/schoolsWP/03_SEO/2021-10-14 – SEO ARMY – SEO,MOVE,READY,02_PROJETS -> 01_Projets,application/vnd.google-apps.document,20706
1qdHSenU0Vi1IafvEe_O0N8D6h2e69JYbA-grdQtHZX8,2025-09-11 – TBL WEEK-END Monétisation et Techniques SEO – SEO,02_PROJETS/schoolsWP/03_SEO/2025-09-11 – TBL WEEK-END Monétisation et Techniques SEO – SEO,01_Projets/schoolsWP/03_SEO/2025-09-11 – TBL WEEK-END Monétisation et Techniques SEO – SEO,MOVE,READY,02_PROJETS -> 01_Projets,application/vnd.google-apps.presentation,8588026
1jf619SPvytcMC0hPSrXAXfFJoHXbVNoIhB27gUuW2pg,2024-03-08 – ORIGINAL | Calcul de similarité SEO – SEO,02_PROJETS/schoolsWP/03_SEO/2024-03-08 – ORIGINAL | Calcul de similarité SEO – SEO,01_Projets/schoolsWP/03_SEO/2024-03-08 – ORIGINAL | Calcul de similarité SEO – SEO,MOVE,READY,02_PROJETS -> 01_Projets,application/vnd.google-apps.spreadsheet,3380
1mimRFbJRGqfn7EBm3TXjMcnEg5LDnnd9mb7Jrit5tZ0,2024-10-05 – [ORIGINAL] Les 50 backlinks offerts – SEO,02_PROJETS/schoolsWP/03_SEO/2024-10-05 – [ORIGINAL] Les 50 backlinks offerts – SEO,01_Projets/schoolsWP/03_SEO/2024-10-05 – [ORIGINAL] Les 50 backlinks offerts – SEO,MOVE,READY,02_PROJETS -> 01_Projets,application/vnd.google-apps.document,3383
1HN8Af_rDD3Zzyia_mn4FD91ja-FAzfqkJDIuh0DLwgQ,2024-10-14 – [ORIGINAL] Exemple SEO local – SEO,02_PROJETS/schoolsWP/03_SEO/2024-10-14 – [ORIGINAL] Exemple SEO local – SEO,01_Projets/schoolsWP/03_SEO/2024-10-14 – [ORIGINAL] Exemple SEO local – SEO,MOVE,READY,02_PROJETS -> 01_Projets,application/vnd.google-apps.spreadsheet,2314
1fu1o3z962HaoGoAA6mNdU024hczjDo5rXe-yT8A9wao,2024-10-14 – [ORIGINAL] Structurer une page à propos en SEO local – SEO,02_PROJETS/schoolsWP/03_SEO/2024-10-14 – [ORIGINAL] Structurer une page à propos en SEO local – SEO,01_Projets/schoolsWP/03_SEO/2024-10-14 – [ORIGINAL] Structurer une page à propos en SEO local – SEO,MOVE,READY,02_PROJETS -> 01_Projets,application/vnd.google-apps.document,6508
1KGQNtV2KQo0GvTiOfxPLJqMimqmyiFfzlGV89Zhf7eM,2024-10-15 – [ORIGINAL] Rédaction article SEO thématique – SEO,02_PROJETS/schoolsWP/03_SEO/2024-10-15 – [ORIGINAL] Rédaction article SEO thématique – SEO,01_Projets/schoolsWP/03_SEO/2024-10-15 – [ORIGINAL] Rédaction article SEO thématique – SEO,MOVE,READY,02_PROJETS -> 01_Projets,application/vnd.google-apps.document,3352
1eNgZGLwg7qUERaLYY2Zyx5Se7G-d5UGW9isp6EzGcG0,2024-10-15 – [ORIGINAL] Collaborations backlinks – SEO,02_PROJETS/schoolsWP/03_SEO/2024-10-15 – [ORIGINAL] Collaborations backlinks – SEO,01_Projets/schoolsWP/03_SEO/2024-10-15 – [ORIGINAL] Collaborations backlinks – SEO,MOVE,READY,02_PROJETS -> 01_Projets,application/vnd.google-apps.spreadsheet,2199
1SVYPSjgAotjiCWQZHpyZXfCzNLFGla6zMRvwxqQCEdM,2024-10-15 – [ORIGINAL] Mettre en place ton plan d’action SEO – SEO,02_PROJETS/schoolsWP/03_SEO/2024-10-15 – [ORIGINAL] Mettre en place ton plan d’action SEO – SEO,01_Projets/schoolsWP/03_SEO/2024-10-15 – [ORIGINAL] Mettre en place ton plan d’action SEO – SEO,MOVE,READY,02_PROJETS -> 01_Projets,application/vnd.google-apps.document,2656
1l5CcxU97IRPUBffkX33LL-Gm_4Ad40O9dzVD0A3_f6c,2024-11-28 – [ORIGINAL] Ressource Romain SEO Garden Party – SEO,02_PROJETS/schoolsWP/03_SEO/2024-11-28 – [ORIGINAL] Ressource Romain SEO Garden Party – SEO,01_Projets/schoolsWP/03_SEO/2024-11-28 – [ORIGINAL] Ressource Romain SEO Garden Party – SEO,MOVE,READY,02_PROJETS -> 01_Projets,application/vnd.google-apps.spreadsheet,158788
1RAI7nzsOBDvmKZ7mpLK37YsU2ZdFtGMxPQ3dBuzwiNQ,2024-03-08 – ORIGINAL | Mes requêtes SEO – SEO,02_PROJETS/schoolsWP/03_SEO/2024-03-08 – ORIGINAL | Mes requêtes SEO – SEO,01_Projets/schoolsWP/03_SEO/2024-03-08 – ORIGINAL | Mes requêtes SEO – SEO,MOVE,READY,02_PROJETS -> 01_Projets,application/vnd.google-apps.spreadsheet,1024
1_k5nI2eS3lsooxVLRykvhf8PRJwci81ouTHEpP8lCTY,2025-09-04 – Prospecteur de backlinks V1 – SEO,02_PROJETS/schoolsWP/03_SEO/2025-09-04 – Prospecteur de backlinks V1 – SEO,01_Projets/schoolsWP/03_SEO/2025-09-04 – Prospecteur de backlinks V1 – SEO,MOVE,READY,02_PROJETS -> 01_Projets,application/vnd.google-apps.spreadsheet,26207
1IPsE8x-JduPdDBNcrna2Wlcx4Rb-Q1M1Ij3Ca2HHIq8,2025-09-04 – Prospecteur de backlinks (achat ereferer) – SEO,02_PROJETS/schoolsWP/03_SEO/2025-09-04 – Prospecteur de backlinks (achat ereferer) – SEO,01_Projets/schoolsWP/03_SEO/2025-09-04 – Prospecteur de backlinks (achat ereferer) – SEO,MOVE,READY,02_PROJETS -> 01_Projets,application/vnd.google-apps.spreadsheet,1042
1f7NFavKk-0O2RHVyWe8M_Evp89ZtR_o-PMXtGcfkhw0,2025-10-26 – Keywords   Formation en ligne WordPress  CSV pr t Sheets – SEO,02_PROJETS/schoolsWP/03_SEO/2025-10-26 – Keywords   Formation en ligne WordPress  CSV pr t Sheets – SEO,01_Projets/schoolsWP/03_SEO/2025-10-26 – Keywords   Formation en ligne WordPress  CSV pr t Sheets – SEO,MOVE,READY,02_PROJETS -> 01_Projets,application/vnd.google-apps.spreadsheet,2045
1wOekvwg0xF7QB5aAe_BdwDoCXkWh3rL-,2025-08-20 – Linksgarden-test-netlinking – SEO.jpg,02_PROJETS/schoolsWP/03_SEO/2025-08-20 – Linksgarden-test-netlinking – SEO.jpg,01_Projets/schoolsWP/03_SEO/2025-08-20 – Linksgarden-test-netlinking – SEO.jpg,MOVE,READY,02_PROJETS -> 01_Projets,image/jpeg,174916
1pAFiXoq6Bla1geGbXbYXCCycR2_-RsM8,2025-08-21 – Linksgarden-avis-interface-campagne-netlinking – SEO.jpg,02_PROJETS/schoolsWP/03_SEO/2025-08-21 – Linksgarden-avis-interface-campagne-netlinking – SEO.jpg,01_Projets/schoolsWP/03_SEO/2025-08-21 – Linksgarden-avis-interface-campagne-netlinking – SEO.jpg,MOVE,READY,02_PROJETS -> 01_Projets,image/jpeg,125784
1o-JFWjTx4zU0Qi_MTa17kqn9qvtbZxT1,2025-08-21 – Linksgarden-avis-plateforme-netlinking – SEO.jpg,02_PROJETS/schoolsWP/03_SEO/2025-08-21 – Linksgarden-avis-plateforme-netlinking – SEO.jpg,01_Projets/schoolsWP/03_SEO/2025-08-21 – Linksgarden-avis-plateforme-netlinking – SEO.jpg,MOVE,READY,02_PROJETS -> 01_Projets,image/jpeg,257585
1khbXJddben9EruKqIFyypNM3d0HggilV,2025-08-29 – Linksgarden-review-netlinking-platform – SEO.jpg,02_PROJETS/schoolsWP/03_SEO/2025-08-29 – Linksgarden-review-netlinking-platform – SEO.jpg,01_Projets/schoolsWP/03_SEO/2025-08-29 – Linksgarden-review-netlinking-platform – SEO.jpg,MOVE,READY,02_PROJETS -> 01_Projets,image/jpeg,246523
1kJARe1sk97poaFgnWNvPBO2NII6LJoBs,2025-08-21 – Linksgarden-avis-thematiques-campagne-netlinking – SEO.jpg,02_PROJETS/schoolsWP/03_SEO/2025-08-21 – Linksgarden-avis-thematiques-campagne-netlinking – SEO.jpg,01_Projets/schoolsWP/03_SEO/2025-08-21 – Linksgarden-avis-thematiques-campagne-netlinking – SEO.jpg,MOVE,READY,02_PROJETS -> 01_Projets,image/jpeg,1437044
1aSwsho1K8HC7toJaz9g-bDAURYDeH6E6,2025-08-21 – Linksgarden-avis-selection-sites-netlinking – SEO.jpg,02_PROJETS/schoolsWP/03_SEO/2025-08-21 – Linksgarden-avis-selection-sites-netlinking – SEO.jpg,01_Projets/schoolsWP/03_SEO/2025-08-21 – Linksgarden-avis-selection-sites-netlinking – SEO.jpg,MOVE,READY,02_PROJETS -> 01_Projets,image/jpeg,585603
1Ka_gFRBOKqq2xNshguXNhv9mis_EMpr5,2025-08-21 – Linksgarden-avis-logo-plateforme-netlinking – SEO.png,02_PROJETS/schoolsWP/03_SEO/2025-08-21 – Linksgarden-avis-logo-plateforme-netlinking – SEO.png,01_Projets/schoolsWP/03_SEO/2025-08-21 – Linksgarden-avis-logo-plateforme-netlinking – SEO.png,MOVE,READY,02_PROJETS -> 01_Projets,image/png,7927
1qn_DCq7dnxrzl7zEgUmYugT1vEhx9_wz,2025-03-14 – Linkwhisper-tarifs-seo-maillage-interne – SEO.jpg,02_PROJETS/schoolsWP/03_SEO/2025-03-14 – Linkwhisper-tarifs-seo-maillage-interne – SEO.jpg,01_Projets/schoolsWP/03_SEO/2025-03-14 – Linkwhisper-tarifs-seo-maillage-interne – SEO.jpg,MOVE,READY,02_PROJETS -> 01_Projets,image/jpeg,200538
1qkMZpo3r5udqPNDVkU4kxQzZIUfgneQL,2025-03-14 – Linkwhisper-optimisation-seo-maillage-interne – SEO.jpg,02_PROJETS/schoolsWP/03_SEO/2025-03-14 – Linkwhisper-optimisation-seo-maillage-interne – SEO.jpg,01_Projets/schoolsWP/03_SEO/2025-03-14 – Linkwhisper-optimisation-seo-maillage-interne – SEO.jpg,MOVE,READY,02_PROJETS -> 01_Projets,image/jpeg,187161
1q2me5kxsYhx_OG5nFtlWU-n_AUj4CF37,2025-03-12 – Link-finder-netlinking-optimierung – SEO.jpg,02_PROJETS/schoolsWP/03_SEO/2025-03-12 – Link-finder-netlinking-optimierung – SEO.jpg,01_Projets/schoolsWP/03_SEO/2025-03-12 – Link-finder-netlinking-optimierung – SEO.jpg,MOVE,READY,02_PROJETS -> 01_Projets,image/jpeg,261422
1oJs6LaN8AFylgWGe88y9Tq6Z-IW8I7v4,2025-03-10 – Link-finder-optimize-netlinking-strategy – SEO.jpg,02_PROJETS/schoolsWP/03_SEO/2025-03-10 – Link-finder-optimize-netlinking-strategy – SEO.jpg,01_Projets/schoolsWP/03_SEO/2025-03-10 – Link-finder-optimize-netlinking-strategy – SEO.jpg,MOVE,READY,02_PROJETS -> 01_Projets,image/jpeg,251004
1oXpDPi-d6sEQUwHPHwV34z5tA1QB4d95,2025-12-29 – Keywords formation wordpress – SEO.xlsx,02_PROJETS/schoolsWP/03_SEO/2025-12-29 – Keywords formation wordpress – SEO.xlsx,01_Projets/schoolsWP/03_SEO/2025-12-29 – Keywords formation wordpress – SEO.xlsx,MOVE,READY,02_PROJETS -> 01_Projets,application/vnd.openxmlformats-officedocument.spreadsheetml.sheet,11707
1ZlpW0WSZZPnymYi7b4Y4w0Xjgb-8qMOSdguHdD802m0,2025-09-09 – Formation TBL Informations SEO et WordPress by Cyril Jouault – SEO,02_PROJETS/schoolsWP/03_SEO/2025-09-09 – Formation TBL Informations SEO et WordPress by Cyril Jouault – SEO,01_Projets/schoolsWP/03_SEO/2025-09-09 – Formation TBL Informations SEO et WordPress by Cyril Jouault – SEO,MOVE,READY,02_PROJETS -> 01_Projets,application/vnd.google-apps.spreadsheet,13259
10nEYB3PAE2nZ-d75IIaLm7_8QhAaQrY887Iy-i5Li6E,2025-03-20 – [ORIGINAL] SERP Scraper et Keyword Grouper SammySEO – SEO,02_PROJETS/schoolsWP/03_SEO/2025-03-20 – [ORIGINAL] SERP Scraper et Keyword Grouper SammySEO – SEO,01_Projets/schoolsWP/03_SEO/2025-03-20 – [ORIGINAL] SERP Scraper et Keyword Grouper SammySEO – SEO,MOVE,READY,02_PROJETS -> 01_Projets,application/vnd.google-apps.spreadsheet,216893
1x7i9BSfuKGrYoipdcj_Ckha5QIjwTEwdN7zXQnPp7oQ,2023-08-14 – AIOSEO Le Plugin All in One SEO Ultime pour WordPress – SEO,02_PROJETS/schoolsWP/03_SEO/2023-08-14 – AIOSEO Le Plugin All in One SEO Ultime pour WordPress – SEO,01_Projets/schoolsWP/03_SEO/2023-08-14 – AIOSEO Le Plugin All in One SEO Ultime pour WordPress – SEO,MOVE,READY,02_PROJETS -> 01_Projets,application/vnd.google-apps.document,6194
1STv4RMtMu4X46zlh3IMlloT3Z9iXhDjvwqqBmenlKeY,2023-03-06 – Impact IM Contenu IA et SEO – SEO,02_PROJETS/schoolsWP/03_SEO/2023-03-06 – Impact IM Contenu IA et SEO – SEO,01_Projets/schoolsWP/03_SEO/2023-03-06 – Impact IM Contenu IA et SEO – SEO,MOVE,READY,02_PROJETS -> 01_Projets,application/vnd.google-apps.document,189738
11h08CdjTcw4hkE1p2Q6s6E0exQApUsk_,05_IA-LLM-SEO,02_PROJETS/schoolsWP/03_SEO/05_IA-LLM-SEO,01_Projets/schoolsWP/03_SEO/05_IA-LLM-SEO,MOVE,READY,02_PROJETS -> 01_Projets,application/vnd.google-apps.folder,
16R_D4Dz7vGTTxs8gDixLLVm9d719IQw5,04_Suivi-performance,02_PROJETS/schoolsWP/03_SEO/04_Suivi-performance,01_Projets/schoolsWP/03_SEO/04_Suivi-performance,MOVE,READY,02_PROJETS -> 01_Projets,application/vnd.google-apps.folder,
1GK5UkCfInsnUWyGOlQrJOgFJSYX_sPdv,02_Architecture-SEO,02_PROJETS/schoolsWP/03_SEO/02_Architecture-SEO,01_Projets/schoolsWP/03_SEO/02_Architecture-SEO,MOVE,READY,02_PROJETS -> 01_Projets,application/vnd.google-apps.folder,
1Qe8FnZHlpln-5JXpJ0ZHn1wRh_noxxBv,01_Mots-cles,02_PROJETS/schoolsWP/03_SEO/01_Mots-cles,01_Projets/schoolsWP/03_SEO/01_Mots-cles,MOVE,READY,02_PROJETS -> 01_Projets,application/vnd.google-apps.folder,
1gOPtJ2WFC5nqYksCN1DeDmRNpDdzw3Ya,05_IA_ et _LLM_SEO,02_PROJETS/schoolsWP/03_SEO/05_IA_ et _LLM_SEO,01_Projets/schoolsWP/03_SEO/05_IA_ et _LLM_SEO,MOVE,READY,02_PROJETS -> 01_Projets,application/vnd.google-apps.folder,
1vsbL31pT8Cqh7zxqShymowvHuHAGaZx_,99_Archives,02_PROJETS/schoolsWP/03_SEO/99_Archives,01_Projets/schoolsWP/03_SEO/99_Archives,MOVE,READY,02_PROJETS -> 01_Projets,application/vnd.google-apps.folder,
1cI4e23jQhhaeQadz5qMpbZGYV1gx7Yof,04_Suivi_Performance,02_PROJETS/schoolsWP/03_SEO/04_Suivi_Performance,01_Projets/schoolsWP/03_SEO/04_Suivi_Performance,MOVE,READY,02_PROJETS -> 01_Projets,application/vnd.google-apps.folder,
1qicnuFKd_-hx3uMZv-tnRXJQxwg5-D8V,03_Optimisations,02_PROJETS/schoolsWP/03_SEO/03_Optimisations,01_Projets/schoolsWP/03_SEO/03_Optimisations,MOVE,READY,02_PROJETS -> 01_Projets,application/vnd.google-apps.folder,
1v3IWC5nh2r1TqWwWvS2dcBrz48tc3XJI,02_Architecture_SEO,02_PROJETS/schoolsWP/03_SEO/02_Architecture_SEO,01_Projets/schoolsWP/03_SEO/02_Architecture_SEO,MOVE,READY,02_PROJETS -> 01_Projets,application/vnd.google-apps.folder,
1-XMj8iA5R4lZyz5hs_5JjdCrfYbCWfBb,01_Keyword_Research,02_PROJETS/schoolsWP/03_SEO/01_Keyword_Research,01_Projets/schoolsWP/03_SEO/01_Keyword_Research,MOVE,READY,02_PROJETS -> 01_Projets,application/vnd.google-apps.folder,
1QovpGlTnl-fSD8OhM7Q196ufugYm9LjL,07_Scripts-video-audio,02_PROJETS/schoolsWP/02_Contenus/07_Scripts-video-audio,01_Projets/schoolsWP/02_Contenus/07_Scripts-video-audio,MOVE,READY,02_PROJETS -> 01_Projets,application/vnd.google-apps.folder,
1B2WS5cSwQeLdAjDlsrGZdikXWaGBZN6u,06_Newsletters,02_PROJETS/schoolsWP/02_Contenus/06_Newsletters,01_Projets/schoolsWP/02_Contenus/06_Newsletters,MOVE,READY,02_PROJETS -> 01_Projets,application/vnd.google-apps.folder,
1yQqC9yw4Er0rOZxKalWXAMejATcp8yrN,05_Lead-magnets,02_PROJETS/schoolsWP/02_Contenus/05_Lead-magnets,01_Projets/schoolsWP/02_Contenus/05_Lead-magnets,MOVE,READY,02_PROJETS -> 01_Projets,application/vnd.google-apps.folder,
19l97FfNuxwY4LmibO6CraFMxP1UqvUqG,03_A-revoir,02_PROJETS/schoolsWP/02_Contenus/03_A-revoir,01_Projets/schoolsWP/02_Contenus/03_A-revoir,MOVE,READY,02_PROJETS -> 01_Projets,application/vnd.google-apps.folder,
1K0XKopxuf1xY9iszmwTLeuvSYnqvRhx2,02_En-cours,02_PROJETS/schoolsWP/02_Contenus/02_En-cours,01_Projets/schoolsWP/02_Contenus/02_En-cours,MOVE,READY,02_PROJETS -> 01_Projets,application/vnd.google-apps.folder,
1hHVR9HBWL7jmHIQk2r2_blIfbk25ABFH,04_Publies,02_PROJETS/schoolsWP/02_Contenus/04_Publies,01_Projets/schoolsWP/02_Contenus/04_Publies,MOVE,READY,02_PROJETS -> 01_Projets,application/vnd.google-apps.folder,
1Dqy-K9sAlKN2_QuDNbWyBOaXTbianQYi,99_Archives,02_PROJETS/schoolsWP/02_Contenus/99_Archives,01_Projets/schoolsWP/02_Contenus/99_Archives,MOVE,READY,02_PROJETS -> 01_Projets,application/vnd.google-apps.folder,
15OVD4Nu_2gTQnF_Cl60adPWyhk_RRAzT,03_A_revoir,02_PROJETS/schoolsWP/02_Contenus/03_A_revoir,01_Projets/schoolsWP/02_Contenus/03_A_revoir,MOVE,READY,02_PROJETS -> 01_Projets,application/vnd.google-apps.folder,
1Zx2cWePKbvQ14ht-6xgurC8U3pGBmHUE,02_En_cours,02_PROJETS/schoolsWP/02_Contenus/02_En_cours,01_Projets/schoolsWP/02_Contenus/02_En_cours,MOVE,READY,02_PROJETS -> 01_Projets,application/vnd.google-apps.folder,
1H7xIxnfLYHsjHdhokI8gxOt9ANfOfHxe,01_Backlog,02_PROJETS/schoolsWP/02_Contenus/01_Backlog,01_Projets/schoolsWP/02_Contenus/01_Backlog,MOVE,READY,02_PROJETS -> 01_Projets,application/vnd.google-apps.folder,
1x1cCruWnQaREBRpZeAR00uY5An4oiGscFB3c5cbe6tI,2026-01-01 – Stratégie schoolsWP – Étude Marché,02_PROJETS/schoolsWP/01_Stratégie/2026-01-01 – Stratégie schoolsWP – Étude Marché,01_Projets/schoolsWP/01_Stratégie/2026-01-01 – Stratégie schoolsWP – Étude Marché,MOVE,READY,02_PROJETS -> 01_Projets,application/vnd.google-apps.document,19025
13UfJcyQBufNSXj1Txir4L0PJCqbEEAolzgjawembKmI,schoolsWP - Espionner chaines Youtube,02_PROJETS/schoolsWP/01_Stratégie/schoolsWP - Espionner chaines Youtube,01_Projets/schoolsWP/01_Stratégie/schoolsWP - Espionner chaines Youtube,MOVE,READY,02_PROJETS -> 01_Projets,application/vnd.google-apps.spreadsheet,75294
1H-Zgc0q4Wwh4Y_NVKsF6-M9C05qyVf2u,ticket-PAYFIP0000000144663728.pdf,MÉDICALE/HOPITAL/MAÉ KIHL/ticket-PAYFIP0000000144663728.pdf,04_Personnel/Medical/HOPITAL/MAÉ KIHL/ticket-PAYFIP0000000144663728.pdf,MOVE,READY,MEDICALE -> 04_Personnel/Medical,application/pdf,30649
1k74ZTcFNKhn-H4m0V1CL4AoQ0NamoUPU,Hospitalisation-MAE-KIHL-05-06-2025.pdf,MÉDICALE/HOPITAL/MAÉ KIHL/Hospitalisation-MAE-KIHL-05-06-2025.pdf,04_Personnel/Medical/HOPITAL/MAÉ KIHL/Hospitalisation-MAE-KIHL-05-06-2025.pdf,MOVE,READY,MEDICALE -> 04_Personnel/Medical,application/pdf,40831
1MWfOYaOGe0gJATfZyTdMGBJk2itgwT0W,2025,MÉDICALE/HOPITAL/MICHAËL KIHL/2025,04_Personnel/Medical/HOPITAL/MICHAËL KIHL/2025,MOVE,READY,MEDICALE -> 04_Personnel/Medical,application/vnd.google-apps.folder,
1UTsSG4azlyUxfbgfasF_VZypAKjNQKrL,2024,MÉDICALE/HOPITAL/MICHAËL KIHL/2024,04_Personnel/Medical/HOPITAL/MICHAËL KIHL/2024,MOVE,READY,MEDICALE -> 04_Personnel/Medical,application/vnd.google-apps.folder,
1eKnDyPdj1B4KDWCd7ino7Hsm2kMeT7on,1997,MÉDICALE/HOPITAL/MICHAËL KIHL/1997,04_Personnel/Medical/HOPITAL/MICHAËL KIHL/1997,MOVE,READY,MEDICALE -> 04_Personnel/Medical,application/vnd.google-apps.folder,
1YeYnnN2qmp1ZZ-0MjJPR6_Agf3dYJIW0,2001,MÉDICALE/HOPITAL/MICHAËL KIHL/2001,04_Personnel/Medical/HOPITAL/MICHAËL KIHL/2001,MOVE,READY,MEDICALE -> 04_Personnel/Medical,application/vnd.google-apps.folder,
1buLNkMfpl0jMLdMF4JMGbgf762m3yxVC,2002,MÉDICALE/HOPITAL/MICHAËL KIHL/2002,04_Personnel/Medical/HOPITAL/MICHAËL KIHL/2002,MOVE,READY,MEDICALE -> 04_Personnel/Medical,application/vnd.google-apps.folder,
1a0M8JJ-zVaq44xOTeO7qO9Ym-lxf1sZj,2003,MÉDICALE/HOPITAL/MICHAËL KIHL/2003,04_Personnel/Medical/HOPITAL/MICHAËL KIHL/2003,MOVE,READY,MEDICALE -> 04_Personnel/Medical,application/vnd.google-apps.folder,
11hCIU_KGI6A3mA5kQ3B4B0Y4Zt9aPXB8,2008,MÉDICALE/HOPITAL/MICHAËL KIHL/2008,04_Personnel/Medical/HOPITAL/MICHAËL KIHL/2008,MOVE,READY,MEDICALE -> 04_Personnel/Medical,application/vnd.google-apps.folder,
1tMBph-ocWqnPo-dfs8PfQ6WPAM44JFB3,2009,MÉDICALE/HOPITAL/MICHAËL KIHL/2009,04_Personnel/Medical/HOPITAL/MICHAËL KIHL/2009,MOVE,READY,MEDICALE -> 04_Personnel/Medical,application/vnd.google-apps.folder,
10rWsXXmOwdIXGdtDousyKbJgxiNr2n7T,2025,MÉDICALE/‍ LABORATOIRE/MAE/2025,04_Personnel/Medical/‍ LABORATOIRE/MAE/2025,MOVE,READY,MEDICALE -> 04_Personnel/Medical,application/vnd.google-apps.folder,
1swvniJrQsdEltbzARi6HMU9SSwOscNqg,2025,MÉDICALE/‍ LABORATOIRE/MICHAEL/2025,04_Personnel/Medical/‍ LABORATOIRE/MICHAEL/2025,MOVE,READY,MEDICALE -> 04_Personnel/Medical,application/vnd.google-apps.folder,
1j6VrjhlHCdJUGe8f-URSMeNy5Jd_5jyK,CourrierDeVotreCaisse.pdf,MÉDICALE/‍ LABORATOIRE/MICHAEL/CourrierDeVotreCaisse.pdf,04_Personnel/Medical/‍ LABORATOIRE/MICHAEL/CourrierDeVotreCaisse.pdf,MOVE,READY,MEDICALE -> 04_Personnel/Medical,application/pdf,330535
1TtBX0to300sCAJF6j3eMdfiEAPPONGDu,receipt_cypath_metz_M240005576.pdf,MÉDICALE/‍ LABORATOIRE/MICHAEL/receipt_cypath_metz_M240005576.pdf,04_Personnel/Medical/‍ LABORATOIRE/MICHAEL/receipt_cypath_metz_M240005576.pdf,MOVE,READY,MEDICALE -> 04_Personnel/Medical,application/pdf,111885
12FQ7qpK1IHeU9MJMl_aTJ8tv7qjWLfhX,2024,MÉDICALE/‍ LABORATOIRE/MICHAEL/2024,04_Personnel/Medical/‍ LABORATOIRE/MICHAEL/2024,MOVE,READY,MEDICALE -> 04_Personnel/Medical,application/vnd.google-apps.folder,
1xmbpZ15tZE8gP3MxRh_d6Snp5-RXY1Xg,2023,MÉDICALE/‍ LABORATOIRE/MICHAEL/2023,04_Personnel/Medical/‍ LABORATOIRE/MICHAEL/2023,MOVE,READY,MEDICALE -> 04_Personnel/Medical,application/vnd.google-apps.folder,
16vdcTWCfUV22YVs-GOSUFbPhACyq7ypD,2022,MÉDICALE/‍ LABORATOIRE/MICHAEL/2022,04_Personnel/Medical/‍ LABORATOIRE/MICHAEL/2022,MOVE,READY,MEDICALE -> 04_Personnel/Medical,application/vnd.google-apps.folder,
1yqPSxJvplFD7D9aalSxxhtm-F8kcE2Zi,2021,MÉDICALE/‍ LABORATOIRE/MICHAEL/2021,04_Personnel/Medical/‍ LABORATOIRE/MICHAEL/2021,MOVE,READY,MEDICALE -> 04_Personnel/Medical,application/vnd.google-apps.folder,
1cGHk-rZwDAmRxNoDoEDi9S4-WbdzsJI0,2020,MÉDICALE/‍ LABORATOIRE/MICHAEL/2020,04_Personnel/Medical/‍ LABORATOIRE/MICHAEL/2020,MOVE,READY,MEDICALE -> 04_Personnel/Medical,application/vnd.google-apps.folder,
1Zbo1Ab8_wCkrSp2Ovrt28OfGvSdx_Huz,MANYCHAT,06_archive/2025/99_ARCHIVES/À trier plus tard/MANYCHAT,99_Archives/2025/99_ARCHIVES/À trier plus tard/MANYCHAT,MOVE,READY,Systeme B 06_archive -> 99_Archives,application/vnd.google-apps.folder,
1MshoUKrOhhOW6ATxtI_MpeEb7npAdekt,AMAZON,06_archive/2025/99_ARCHIVES/À trier plus tard/AMAZON,99_Archives/2025/99_ARCHIVES/À trier plus tard/AMAZON,MOVE,READY,Systeme B 06_archive -> 99_Archives,application/vnd.google-apps.folder,
1HqnIgnKuctMHJUtIwdu0SwyuSFU2GOD-,DEVIS,06_archive/2025/99_ARCHIVES/À trier plus tard/DEVIS,99_Archives/2025/99_ARCHIVES/À trier plus tard/DEVIS,MOVE,READY,Systeme B 06_archive -> 99_Archives,application/vnd.google-apps.folder,
1cVceQVG6L_lmpxfArejQZwauGOd4OAun,MICHAELKIHL.FR,06_archive/2025/99_ARCHIVES/À trier plus tard/MICHAELKIHL.FR,99_Archives/2025/99_ARCHIVES/À trier plus tard/MICHAELKIHL.FR,MOVE,READY,Systeme B 06_archive -> 99_Archives,application/vnd.google-apps.folder,
1PATrfBPMPFj_LXDiwQk4_-Qh4nS1REn5,SCHOOLSWP.COM,06_archive/2025/99_ARCHIVES/À trier plus tard/SCHOOLSWP.COM,99_Archives/2025/99_ARCHIVES/À trier plus tard/SCHOOLSWP.COM,MOVE,READY,Systeme B 06_archive -> 99_Archives,application/vnd.google-apps.folder,
15fRkctVh_6FoMvES7qZH-H7Czh6eMohT,‍ FORMATION,06_archive/2025/99_ARCHIVES/À trier plus tard/‍ FORMATION,99_Archives/2025/99_ARCHIVES/À trier plus tard/‍ FORMATION,MOVE,READY,Systeme B 06_archive -> 99_Archives,application/vnd.google-apps.folder,
1Dg4TjL1iFTIRwzb1OKPj5QSIvG8Oxzrj,AUTOMA,06_archive/2025/99_ARCHIVES/À trier plus tard/AUTOMA,99_Archives/2025/99_ARCHIVES/À trier plus tard/AUTOMA,MOVE,READY,Systeme B 06_archive -> 99_Archives,application/vnd.google-apps.folder,
1yg8h4TXLMElNfmBvf0VrKlYZIV400MHg,MICHAËL KIHL,06_archive/2025/99_ARCHIVES/À trier plus tard/MICHAËL KIHL,99_Archives/2025/99_ARCHIVES/À trier plus tard/MICHAËL KIHL,MOVE,READY,Systeme B 06_archive -> 99_Archives,application/vnd.google-apps.folder,
1q_2pCpm51vmgFrqwa33o2s02egu2GWlT,PROMPTS,06_archive/2025/99_ARCHIVES/À trier plus tard/PROMPTS,99_Archives/2025/99_ARCHIVES/À trier plus tard/PROMPTS,MOVE,READY,Systeme B 06_archive -> 99_Archives,application/vnd.google-apps.folder,
1iBLulLfrqU45NBajAtYiMC3Zjh6GD6hy,N8N,06_archive/2025/99_ARCHIVES/À trier plus tard/N8N,99_Archives/2025/99_ARCHIVES/À trier plus tard/N8N,MOVE,READY,Systeme B 06_archive -> 99_Archives,application/vnd.google-apps.folder,
1YGn_NCbQp6gD2x5KbhmJyDG4io-tH6EV,🟠 THRUUU,06_archive/2025/99_ARCHIVES/À trier plus tard/🟠 THRUUU,99_Archives/2025/99_ARCHIVES/À trier plus tard/🟠 THRUUU,MOVE,READY,Systeme B 06_archive -> 99_Archives,application/vnd.google-apps.folder,
163P39WZlNBvzG2X5p7b546e7Enm9EigC,🟤 OTTOKIT,06_archive/2025/99_ARCHIVES/À trier plus tard/🟤 OTTOKIT,99_Archives/2025/99_ARCHIVES/À trier plus tard/🟤 OTTOKIT,MOVE,READY,Systeme B 06_archive -> 99_Archives,application/vnd.google-apps.folder,
165SgY6eP4ail_PRy_x-PcXltUqUFq9ur,🟣 MAKE,06_archive/2025/99_ARCHIVES/À trier plus tard/🟣 MAKE,99_Archives/2025/99_ARCHIVES/À trier plus tard/🟣 MAKE,MOVE,READY,Systeme B 06_archive -> 99_Archives,application/vnd.google-apps.folder,
1PghCcWq-BZUjwPgDfDq2zFcCRblGicsO,CoinbaseWalletBackups,06_archive/2025/99_ARCHIVES/À trier plus tard/CoinbaseWalletBackups,99_Archives/2025/99_ARCHIVES/À trier plus tard/CoinbaseWalletBackups,MOVE,READY,Systeme B 06_archive -> 99_Archives,application/vnd.google-apps.folder,
1qhQ_fNUd58jwyrolG51FMJ-1xg1oC5um,🟢 PABBLY,06_archive/2025/99_ARCHIVES/À trier plus tard/🟢 PABBLY,99_Archives/2025/99_ARCHIVES/À trier plus tard/🟢 PABBLY,MOVE,READY,Systeme B 06_archive -> 99_Archives,application/vnd.google-apps.folder,
1j1agyZhD56OVqOVZGIEOa-BDstzfX7YB,README – Bienvenue et règles,02_ressources_transverses/templates/00_START-HERE/03_Onboarding collaborateur/README – Bienvenue et règles,02_Ressources/templates/00_START-HERE/03_Onboarding collaborateur/README – Bienvenue et règles,MOVE,READY,Systeme B 02_ressources_transverses -> 02_Ressources,application/vnd.google-apps.folder,
1ev69RQrvf8AcqYIJCFcMfpqJXxJZHMpg,Accès et outils,02_ressources_transverses/templates/00_START-HERE/03_Onboarding collaborateur/Accès et outils,02_Ressources/templates/00_START-HERE/03_Onboarding collaborateur/Accès et outils,MOVE,READY,Systeme B 02_ressources_transverses -> 02_Ressources,application/vnd.google-apps.folder,
1JPiZC2Z8MG3yjDCiEF0Uxor-ltMTHyya,Checklists collaborateur,02_ressources_transverses/templates/00_START-HERE/03_Onboarding collaborateur/Checklists collaborateur,02_Ressources/templates/00_START-HERE/03_Onboarding collaborateur/Checklists collaborateur,MOVE,READY,Systeme B 02_ressources_transverses -> 02_Ressources,application/vnd.google-apps.folder,
1gK00duX9Wxz-bT_P9NhUbdSH6InvsqKT,Process de travail,02_ressources_transverses/templates/00_START-HERE/03_Onboarding collaborateur/Process de travail,02_Ressources/templates/00_START-HERE/03_Onboarding collaborateur/Process de travail,MOVE,READY,Systeme B 02_ressources_transverses -> 02_Ressources,application/vnd.google-apps.folder,
1dwdf6wUAMqMx_RxjDINfyzTwnCAc-KVScFDwJVzKezo,Nomenclature et règles de nommage du Drive,02_ressources_transverses/templates/00_START-HERE/02_Conventions de nommage/Nomenclature et règles de nommage du Drive,02_Ressources/templates/00_START-HERE/02_Conventions de nommage/Nomenclature et règles de nommage du Drive,MOVE,READY,Systeme B 02_ressources_transverses -> 02_Ressources,application/vnd.google-apps.document,9730
1JXk8X9bv0_fqSOGWQNdNZoFkWvoI-Tuh,05_Client_Template,02_ressources_transverses/templates/00_START-HERE/01_Templates/05_Client_Template,02_Ressources/templates/00_START-HERE/01_Templates/05_Client_Template,MOVE,READY,Systeme B 02_ressources_transverses -> 02_Ressources,application/vnd.google-apps.folder,
1EDmXdFJZ1l9yBuEMBu15QITwZfm7bC-d,04_Projet_Template,02_ressources_transverses/templates/00_START-HERE/01_Templates/04_Projet_Template,02_Ressources/templates/00_START-HERE/01_Templates/04_Projet_Template,MOVE,READY,Systeme B 02_ressources_transverses -> 02_Ressources,application/vnd.google-apps.folder,
1NeLqD74X6n62wu5udqLa8ho3sm6jW5uG,03_SOP,02_ressources_transverses/templates/00_START-HERE/01_Templates/03_SOP,02_Ressources/templates/00_START-HERE/01_Templates/03_SOP,MOVE,READY,Systeme B 02_ressources_transverses -> 02_Ressources,application/vnd.google-apps.folder,
1rYOh1mHSGs_Tk5BwVBWpBAqDiXdS5lxG,02_Checklists,02_ressources_transverses/templates/00_START-HERE/01_Templates/02_Checklists,02_Ressources/templates/00_START-HERE/01_Templates/02_Checklists,MOVE,READY,Systeme B 02_ressources_transverses -> 02_Ressources,application/vnd.google-apps.folder,
1y3_jK6uKRcyz9i-UrBu4jsRrQZDBwKtl,01_Briefs,02_ressources_transverses/templates/00_START-HERE/01_Templates/01_Briefs,02_Ressources/templates/00_START-HERE/01_Templates/01_Briefs,MOVE,READY,Systeme B 02_ressources_transverses -> 02_Ressources,application/vnd.google-apps.folder,
1xRmXyjttWpkz9SWjCKBZRz_5d8bgWiZT,backup_2026-01-21-1808_Mon_Mini_Electro_Comparatif__f72385bf9115-others.zip,"02_PROJETS/Mon Mini Electro/Jan 21, 2026 1808/Autres/backup_2026-01-21-1808_Mon_Mini_Electro_Comparatif__f72385bf9115-others.zip","01_Projets/Mon Mini Electro/Jan 21, 2026 1808/Autres/backup_2026-01-21-1808_Mon_Mini_Electro_Comparatif__f72385bf9115-others.zip",MOVE,READY,02_PROJETS -> 01_Projets,application/zip,8055138
1_G2uzYFpt0aCU-iST7hfGFVCnTjkOsNg,backup_2026-01-21-1808_Mon_Mini_Electro_Comparatif__f72385bf9115-mu-plugins.zip,"02_PROJETS/Mon Mini Electro/Jan 21, 2026 1808/Extensions Indispensables/backup_2026-01-21-1808_Mon_Mini_Electro_Comparatif__f72385bf9115-mu-plugins.zip","01_Projets/Mon Mini Electro/Jan 21, 2026 1808/Extensions Indispensables/backup_2026-01-21-1808_Mon_Mini_Electro_Comparatif__f72385bf9115-mu-plugins.zip",MOVE,READY,02_PROJETS -> 01_Projets,application/zip,882
15p3NN34XbC8VCyEOxzlGUmhPEYT3bxpL,backup_2026-01-21-1808_Mon_Mini_Electro_Comparatif__f72385bf9115-themes.zip,"02_PROJETS/Mon Mini Electro/Jan 21, 2026 1808/Thèmes/backup_2026-01-21-1808_Mon_Mini_Electro_Comparatif__f72385bf9115-themes.zip","01_Projets/Mon Mini Electro/Jan 21, 2026 1808/Thèmes/backup_2026-01-21-1808_Mon_Mini_Electro_Comparatif__f72385bf9115-themes.zip",MOVE,READY,02_PROJETS -> 01_Projets,application/zip,2750396
1nYCxdnElCi8tsfKjq0FMwJb2z3YE0Tow,backup_2026-01-21-1808_Mon_Mini_Electro_Comparatif__f72385bf9115-uploads.zip,"02_PROJETS/Mon Mini Electro/Jan 21, 2026 1808/Téléversements/backup_2026-01-21-1808_Mon_Mini_Electro_Comparatif__f72385bf9115-uploads.zip","01_Projets/Mon Mini Electro/Jan 21, 2026 1808/Téléversements/backup_2026-01-21-1808_Mon_Mini_Electro_Comparatif__f72385bf9115-uploads.zip",MOVE,READY,02_PROJETS -> 01_Projets,application/zip,10170139
1Zj_J__aZqx06EAQVxiAJEv8rex1JRfgl,backup_2026-01-21-1808_Mon_Mini_Electro_Comparatif__f72385bf9115-plugins.zip,"02_PROJETS/Mon Mini Electro/Jan 21, 2026 1808/Extensions/backup_2026-01-21-1808_Mon_Mini_Electro_Comparatif__f72385bf9115-plugins.zip","01_Projets/Mon Mini Electro/Jan 21, 2026 1808/Extensions/backup_2026-01-21-1808_Mon_Mini_Electro_Comparatif__f72385bf9115-plugins.zip",MOVE,READY,02_PROJETS -> 01_Projets,application/zip,48009063
1bmSuSSFkv1AnVXCF_stWGsVOFmFt03TY,backup_2026-01-21-1808_Mon_Mini_Electro_Comparatif__f72385bf9115-db.gz,"02_PROJETS/Mon Mini Electro/Jan 21, 2026 1808/Base de données/backup_2026-01-21-1808_Mon_Mini_Electro_Comparatif__f72385bf9115-db.gz","01_Projets/Mon Mini Electro/Jan 21, 2026 1808/Base de données/backup_2026-01-21-1808_Mon_Mini_Electro_Comparatif__f72385bf9115-db.gz",MOVE,READY,02_PROJETS -> 01_Projets,application/x-gzip,2264183
1E-iuKVAMjETwnn9wci1_hNn9LQhYezu2,03_Scripts,02_PROJETS/schoolsWP/07_Prompts/07_AUTOMATION/03_Scripts,01_Projets/schoolsWP/07_Prompts/07_AUTOMATION/03_Scripts,MOVE,READY,02_PROJETS -> 01_Projets,application/vnd.google-apps.folder,
1xiqDP7gQtoXb80U49NxNXNtIEAmhxTld,02_SOP,02_PROJETS/schoolsWP/07_Prompts/07_AUTOMATION/02_SOP,01_Projets/schoolsWP/07_Prompts/07_AUTOMATION/02_SOP,MOVE,READY,02_PROJETS -> 01_Projets,application/vnd.google-apps.folder,
1JcmeLpc_zBdhgQM9MZbTdcZApEONnCbR,01_n8n-Make-Pabbly-OttoKit,02_PROJETS/schoolsWP/07_Prompts/07_AUTOMATION/01_n8n-Make-Pabbly-OttoKit,01_Projets/schoolsWP/07_Prompts/07_AUTOMATION/01_n8n-Make-Pabbly-OttoKit,MOVE,READY,02_PROJETS -> 01_Projets,application/vnd.google-apps.folder,
1lj__icGEEnO6k4QoTBh8h81hsqz0-xn3,04_Meta-FAQ-SERP,02_PROJETS/schoolsWP/07_Prompts/06_SCHOOLS_WP_EDITORIAL/04_Meta-FAQ-SERP,01_Projets/schoolsWP/07_Prompts/06_SCHOOLS_WP_EDITORIAL/04_Meta-FAQ-SERP,MOVE,READY,02_PROJETS -> 01_Projets,application/vnd.google-apps.folder,
1o6u0Jagi1p9oEJYOt0Q_MqX4eldDPvng,03_Clusters,02_PROJETS/schoolsWP/07_Prompts/06_SCHOOLS_WP_EDITORIAL/03_Clusters,01_Projets/schoolsWP/07_Prompts/06_SCHOOLS_WP_EDITORIAL/03_Clusters,MOVE,READY,02_PROJETS -> 01_Projets,application/vnd.google-apps.folder,
11dWvB-tYKMKrT5o6OpALS0_8lE21nFTG,02_Plans,02_PROJETS/schoolsWP/07_Prompts/06_SCHOOLS_WP_EDITORIAL/02_Plans,01_Projets/schoolsWP/07_Prompts/06_SCHOOLS_WP_EDITORIAL/02_Plans,MOVE,READY,02_PROJETS -> 01_Projets,application/vnd.google-apps.folder,
1bjBikWUw92ekcY19dqutTZ698hgSvjL7,01_Briefs,02_PROJETS/schoolsWP/07_Prompts/06_SCHOOLS_WP_EDITORIAL/01_Briefs,01_Projets/schoolsWP/07_Prompts/06_SCHOOLS_WP_EDITORIAL/01_Briefs,MOVE,READY,02_PROJETS -> 01_Projets,application/vnd.google-apps.folder,
1xRBOUeDYy9IYhHxnq83qOh1Y3d0wGLqa,04_Sequences_Email,02_PROJETS/schoolsWP/07_Prompts/05_MONETISATION/04_Sequences_Email,01_Projets/schoolsWP/07_Prompts/05_MONETISATION/04_Sequences_Email,MOVE,READY,02_PROJETS -> 01_Projets,application/vnd.google-apps.folder,
1NW-ZUe29FdS1MXRyDhrFO8f1J-Clcb3A,03_Dashboards-Reporting,02_PROJETS/schoolsWP/07_Prompts/05_MONETISATION/03_Dashboards-Reporting,01_Projets/schoolsWP/07_Prompts/05_MONETISATION/03_Dashboards-Reporting,MOVE,READY,02_PROJETS -> 01_Projets,application/vnd.google-apps.folder,
1OiSEqeTpfJ8YaGahn3-g1pIqeGD77A8J,02_Partenariats,02_PROJETS/schoolsWP/07_Prompts/05_MONETISATION/02_Partenariats,01_Projets/schoolsWP/07_Prompts/05_MONETISATION/02_Partenariats,MOVE,READY,02_PROJETS -> 01_Projets,application/vnd.google-apps.folder,
1YFh1bRX8hleKHVtFk1JWlnPdpF1JzXIr,01_Affiliation,02_PROJETS/schoolsWP/07_Prompts/05_MONETISATION/01_Affiliation,01_Projets/schoolsWP/07_Prompts/05_MONETISATION/01_Affiliation,MOVE,READY,02_PROJETS -> 01_Projets,application/vnd.google-apps.folder,
1lEzgnvarmt4fWa6ANvBfNPmFbYAR0KUZ,01_Logos-Brand,02_PROJETS/schoolsWP/07_Prompts/04_ASSETS/01_Logos-Brand,01_Projets/schoolsWP/07_Prompts/04_ASSETS/01_Logos-Brand,MOVE,READY,02_PROJETS -> 01_Projets,application/vnd.google-apps.folder,
1NmfLAFwcWp85Rv3ZI-YqKzqQjZB9xVzw,02_Thumbnails,02_PROJETS/schoolsWP/07_Prompts/04_ASSETS/02_Thumbnails,01_Projets/schoolsWP/07_Prompts/04_ASSETS/02_Thumbnails,MOVE,READY,02_PROJETS -> 01_Projets,application/vnd.google-apps.folder,
1F24ugu_bUkxJH1pZv0Sisk0w7OBVAoky,03_Banners,02_PROJETS/schoolsWP/07_Prompts/04_ASSETS/03_Banners,01_Projets/schoolsWP/07_Prompts/04_ASSETS/03_Banners,MOVE,READY,02_PROJETS -> 01_Projets,application/vnd.google-apps.folder,
1Lft2I0HTWKeIzYLvPWYF9R19VGX05sVv,04_Illustrations,02_PROJETS/schoolsWP/07_Prompts/04_ASSETS/04_Illustrations,01_Projets/schoolsWP/07_Prompts/04_ASSETS/04_Illustrations,MOVE,READY,02_PROJETS -> 01_Projets,application/vnd.google-apps.folder,
1rpUw6KpRQPW1jNNwLQYsRZE0QttfxQw3,05_Assets,02_PROJETS/schoolsWP/07_Prompts/03_PROMPTS/05_Assets,01_Projets/schoolsWP/07_Prompts/03_PROMPTS/05_Assets,MOVE,READY,02_PROJETS -> 01_Projets,application/vnd.google-apps.folder,
1_xD_o13HcMs9OJv0iINkPYRDNt5EWg_j,06_Automation,02_PROJETS/schoolsWP/07_Prompts/03_PROMPTS/06_Automation,01_Projets/schoolsWP/07_Prompts/03_PROMPTS/06_Automation,MOVE,READY,02_PROJETS -> 01_Projets,application/vnd.google-apps.folder,
1iBnxWf9xuuj3HEtOrztrfTkvMgSy1hA6,04_Affiliation,02_PROJETS/schoolsWP/07_Prompts/03_PROMPTS/04_Affiliation,01_Projets/schoolsWP/07_Prompts/03_PROMPTS/04_Affiliation,MOVE,READY,02_PROJETS -> 01_Projets,application/vnd.google-apps.folder,
18BUbGn8YaExHPtbSvwBedO3Bj2xt_BGN,03_Conversion,02_PROJETS/schoolsWP/07_Prompts/03_PROMPTS/03_Conversion,01_Projets/schoolsWP/07_Prompts/03_PROMPTS/03_Conversion,MOVE,READY,02_PROJETS -> 01_Projets,application/vnd.google-apps.folder,
1vNig6ShHnhVVw6NohehS40yb9NXRYn90,02_Email_CRM,02_PROJETS/schoolsWP/07_Prompts/03_PROMPTS/02_Email_CRM,01_Projets/schoolsWP/07_Prompts/03_PROMPTS/02_Email_CRM,MOVE,READY,02_PROJETS -> 01_Projets,application/vnd.google-apps.folder,
1f6VpxwxWEIQj0VTW9IOn0Il_DZ_IQtuJ,01_Editorial_SEO,02_PROJETS/schoolsWP/07_Prompts/03_PROMPTS/01_Editorial_SEO,01_Projets/schoolsWP/07_Prompts/03_PROMPTS/01_Editorial_SEO,MOVE,READY,02_PROJETS -> 01_Projets,application/vnd.google-apps.folder,
1V4l4Hc3oQLVOlx4n0s4SzKE8sfuO10XN,06_Automation_SOP,02_PROJETS/schoolsWP/07_Prompts/02_TEMPLATES/06_Automation_SOP,01_Projets/schoolsWP/07_Prompts/02_TEMPLATES/06_Automation_SOP,MOVE,READY,02_PROJETS -> 01_Projets,application/vnd.google-apps.folder,
1lGIfpG_GCiC2Jy3H85_UJLIVRujnDavH,05_Affiliation_Monetisation,02_PROJETS/schoolsWP/07_Prompts/02_TEMPLATES/05_Affiliation_Monetisation,01_Projets/schoolsWP/07_Prompts/02_TEMPLATES/05_Affiliation_Monetisation,MOVE,READY,02_PROJETS -> 01_Projets,application/vnd.google-apps.folder,
1SUkp_tV481H9rLT5Li0mW3IyBTowmIcq,04_YouTube_Social,02_PROJETS/schoolsWP/07_Prompts/02_TEMPLATES/04_YouTube_Social,01_Projets/schoolsWP/07_Prompts/02_TEMPLATES/04_YouTube_Social,MOVE,READY,02_PROJETS -> 01_Projets,application/vnd.google-apps.folder,
10vgLOnByubA0UzkmKMhv4H8irtChFE0g,03_Conversion_Landing,02_PROJETS/schoolsWP/07_Prompts/02_TEMPLATES/03_Conversion_Landing,01_Projets/schoolsWP/07_Prompts/02_TEMPLATES/03_Conversion_Landing,MOVE,READY,02_PROJETS -> 01_Projets,application/vnd.google-apps.folder,
1pfG_PHRgGgErEQrNgCuRsu6btPEeWyWx,02_Email_CRM_FluentCRM,02_PROJETS/schoolsWP/07_Prompts/02_TEMPLATES/02_Email_CRM_FluentCRM,01_Projets/schoolsWP/07_Prompts/02_TEMPLATES/02_Email_CRM_FluentCRM,MOVE,READY,02_PROJETS -> 01_Projets,application/vnd.google-apps.folder,
1I2IkIKaOdhy8kxdBZGbYiyltdi1UFPEq,01_Editorial_SEO,02_PROJETS/schoolsWP/07_Prompts/02_TEMPLATES/01_Editorial_SEO,01_Projets/schoolsWP/07_Prompts/02_TEMPLATES/01_Editorial_SEO,MOVE,READY,02_PROJETS -> 01_Projets,application/vnd.google-apps.folder,
18fMhdFtwVTdQWAyzXvr8UXCkY5TKBTPD,01_Regles-et-Index (pour le document de règles et l'index-raccourcis),02_PROJETS/schoolsWP/07_Prompts/01_ADMIN/01_Regles-et-Index (pour le document de règles et l'index-raccourcis),01_Projets/schoolsWP/07_Prompts/01_ADMIN/01_Regles-et-Index (pour le document de règles et l'index-raccourcis),MOVE,READY,02_PROJETS -> 01_Projets,application/vnd.google-apps.folder,
1BdclmQC0xqQnUxHMcW5NbTsaUoo8cpBK,"02_Checklists-Qualite (pour SEO, email, prompt hygiene)","02_PROJETS/schoolsWP/07_Prompts/01_ADMIN/02_Checklists-Qualite (pour SEO, email, prompt hygiene)","01_Projets/schoolsWP/07_Prompts/01_ADMIN/02_Checklists-Qualite (pour SEO, email, prompt hygiene)",MOVE,READY,02_PROJETS -> 01_Projets,application/vnd.google-apps.folder,
1dSpI_dVWjbpHtYJEkursc-mG_Lz3bkipf19u4wDa2lI,README – Monétisation schoolsWP,02_PROJETS/schoolsWP/06_Monetisation/00_README – Monetisation schoolsWP/README – Monétisation schoolsWP,01_Projets/schoolsWP/06_Monetisation/00_README – Monetisation schoolsWP/README – Monétisation schoolsWP,MOVE,READY,02_PROJETS -> 01_Projets,application/vnd.google-apps.document,3649
1xAeT9DoaNDz55q_pulwzBW6iOR3XiX_ykOYoEtZ1cAw,2023-07-21 – Liste des Affiliations – Affiliation,02_PROJETS/schoolsWP/06_Monetisation/01_Affiliation/2023-07-21 – Liste des Affiliations – Affiliation,01_Projets/schoolsWP/06_Monetisation/01_Affiliation/2023-07-21 – Liste des Affiliations – Affiliation,MOVE,READY,02_PROJETS -> 01_Projets,application/vnd.google-apps.spreadsheet,1024
1uoQl06eZwpaVCiogzwJNl0vRnfbJCGs1vfDGwCSy4KE,2024-06-11 – [ORIGINAL] Prompts PRO Entreprenneur Produits – Affiliation,02_PROJETS/schoolsWP/06_Monetisation/01_Affiliation/2024-06-11 – [ORIGINAL] Prompts PRO Entreprenneur Produits – Affiliation,01_Projets/schoolsWP/06_Monetisation/01_Affiliation/2024-06-11 – [ORIGINAL] Prompts PRO Entreprenneur Produits – Affiliation,MOVE,READY,02_PROJETS -> 01_Projets,application/vnd.google-apps.spreadsheet,10490
1pYnpd65DMZwrqT4ft_6Y_KIbg13nP3msp9BKJ1ZUrQ8,2024-09-08 – SureTriggers Affiliate Marketing Guide (2024) – Affiliation,02_PROJETS/schoolsWP/06_Monetisation/01_Affiliation/2024-09-08 – SureTriggers Affiliate Marketing Guide (2024) – Affiliation,01_Projets/schoolsWP/06_Monetisation/01_Affiliation/2024-09-08 – SureTriggers Affiliate Marketing Guide (2024) – Affiliation,MOVE,READY,02_PROJETS -> 01_Projets,application/vnd.google-apps.document,64823
1SgoQsf__u4wIM5rAZTooV22KTFf7lRBU,2025-11-11 – Programme-ambassadeur-schoolswp-affiliation – Affiliation.jpg,02_PROJETS/schoolsWP/06_Monetisation/01_Affiliation/2025-11-11 – Programme-ambassadeur-schoolswp-affiliation – Affiliation.jpg,01_Projets/schoolsWP/06_Monetisation/01_Affiliation/2025-11-11 – Programme-ambassadeur-schoolswp-affiliation – Affiliation.jpg,MOVE,READY,02_PROJETS -> 01_Projets,image/jpeg,239371
14qggcsvOjFWv4sP_W6sZMOzVke_ABCnZ,2025-09-14 – Affiliatepress-wordpress-plugin-review – Affiliation.jpg,02_PROJETS/schoolsWP/06_Monetisation/01_Affiliation/2025-09-14 – Affiliatepress-wordpress-plugin-review – Affiliation.jpg,01_Projets/schoolsWP/06_Monetisation/01_Affiliation/2025-09-14 – Affiliatepress-wordpress-plugin-review – Affiliation.jpg,MOVE,READY,02_PROJETS -> 01_Projets,image/jpeg,275466
1tB-m18OsIOtfSAAJBbyQtlUviV6lRs26,2025-08-11 – Affiliatepress-plugin-affiliation-wordpress-tableau-bord – Affiliation.jpg,02_PROJETS/schoolsWP/06_Monetisation/01_Affiliation/2025-08-11 – Affiliatepress-plugin-affiliation-wordpress-tableau-bord – Affiliation.jpg,01_Projets/schoolsWP/06_Monetisation/01_Affiliation/2025-08-11 – Affiliatepress-plugin-affiliation-wordpress-tableau-bord – Affiliation.jpg,MOVE,READY,02_PROJETS -> 01_Projets,image/jpeg,341975
1lWcYkMz1uAoKT_1NnSzB9n37RTe9OhDG,2025-08-09 – FireShot Capture 1266 Affiliatepress I WordPress Affiliate M  [affiliatepress... – Affiliation.jpg,02_PROJETS/schoolsWP/06_Monetisation/01_Affiliation/2025-08-09 – FireShot Capture 1266 Affiliatepress I WordPress Affiliate M  [affiliatepress... – Affiliation.jpg,01_Projets/schoolsWP/06_Monetisation/01_Affiliation/2025-08-09 – FireShot Capture 1266 Affiliatepress I WordPress Affiliate M  [affiliatepress... – Affiliation.jpg,MOVE,READY,02_PROJETS -> 01_Projets,image/jpeg,796263
1iyt1BDlBPk9VUcrf9bba94brlYAQrntK,2025-08-09 – AffiliatePress-Logo-1 – Affiliation.png,02_PROJETS/schoolsWP/06_Monetisation/01_Affiliation/2025-08-09 – AffiliatePress-Logo-1 – Affiliation.png,01_Projets/schoolsWP/06_Monetisation/01_Affiliation/2025-08-09 – AffiliatePress-Logo-1 – Affiliation.png,MOVE,READY,02_PROJETS -> 01_Projets,image/png,14926
1epCAisqTIYXUWglZiY-J2xHBlE0f5U0B,2025-08-09 – FireShot Capture 1267 AffiliatePress Community I Facebook [www.facebook.com] – Affiliation.jpg,02_PROJETS/schoolsWP/06_Monetisation/01_Affiliation/2025-08-09 – FireShot Capture 1267 AffiliatePress Community I Facebook [www.facebook.com] – Affiliation.jpg,01_Projets/schoolsWP/06_Monetisation/01_Affiliation/2025-08-09 – FireShot Capture 1267 AffiliatePress Community I Facebook [www.facebook.com] – Affiliation.jpg,MOVE,READY,02_PROJETS -> 01_Projets,image/jpeg,1002526
1c5QfuqQARL8zgwtseMi0OeIojw14mkh_,2025-08-09 – FireShot Capture 1265 AffiliatePress I The Ultimate WordPres  [affiliatepress... – Affiliation.jpg,02_PROJETS/schoolsWP/06_Monetisation/01_Affiliation/2025-08-09 – FireShot Capture 1265 AffiliatePress I The Ultimate WordPres  [affiliatepress... – Affiliation.jpg,01_Projets/schoolsWP/06_Monetisation/01_Affiliation/2025-08-09 – FireShot Capture 1265 AffiliatePress I The Ultimate WordPres  [affiliatepress... – Affiliation.jpg,MOVE,READY,02_PROJETS -> 01_Projets,image/jpeg,571831
1LdglGWPuxZz_TZzjGjr9snwE3VrtVcCf,2025-08-12 – Affiliatepress-configuration-paypal-mass-payment – Affiliation.jpg,02_PROJETS/schoolsWP/06_Monetisation/01_Affiliation/2025-08-12 – Affiliatepress-configuration-paypal-mass-payment – Affiliation.jpg,01_Projets/schoolsWP/06_Monetisation/01_Affiliation/2025-08-12 – Affiliatepress-configuration-paypal-mass-payment – Affiliation.jpg,MOVE,READY,02_PROJETS -> 01_Projets,image/jpeg,145138
1KvcANNqoXle5J7H5yLQQ9lNrs4kFEjwm,2025-08-12 – Affiliatepress-tableau-de-bord-gestion-affilies – Affiliation.jpg,02_PROJETS/schoolsWP/06_Monetisation/01_Affiliation/2025-08-12 – Affiliatepress-tableau-de-bord-gestion-affilies – Affiliation.jpg,01_Projets/schoolsWP/06_Monetisation/01_Affiliation/2025-08-12 – Affiliatepress-tableau-de-bord-gestion-affilies – Affiliation.jpg,MOVE,READY,02_PROJETS -> 01_Projets,image/jpeg,272045
1GEl0adb2KiB27ynlb69rwkzb3xWAVO1X,2025-08-11 – Affiliatepress-avis-test-plugin-affiliation-wordpress – Affiliation.jpg,02_PROJETS/schoolsWP/06_Monetisation/01_Affiliation/2025-08-11 – Affiliatepress-avis-test-plugin-affiliation-wordpress – Affiliation.jpg,01_Projets/schoolsWP/06_Monetisation/01_Affiliation/2025-08-11 – Affiliatepress-avis-test-plugin-affiliation-wordpress – Affiliation.jpg,MOVE,READY,02_PROJETS -> 01_Projets,image/jpeg,279821
1EptfW65dExvs55IX05EQ9hIEF_y5RGFY,2025-08-09 – FireShot Capture 1268 AFFILIATEPRESS WORDPRESS PLUGIN Home [wpaffiliatepressp... – Affiliation.jpg,02_PROJETS/schoolsWP/06_Monetisation/01_Affiliation/2025-08-09 – FireShot Capture 1268 AFFILIATEPRESS WORDPRESS PLUGIN Home [wpaffiliatepressp... – Affiliation.jpg,01_Projets/schoolsWP/06_Monetisation/01_Affiliation/2025-08-09 – FireShot Capture 1268 AFFILIATEPRESS WORDPRESS PLUGIN Home [wpaffiliatepressp... – Affiliation.jpg,MOVE,READY,02_PROJETS -> 01_Projets,image/jpeg,780605
1BonwpxDyVXdBst0nDgv1VokxKO6N3jW1,2025-08-12 – Affiliatepress-tableau-bord-plugin-wordpress – Affiliation.jpg,02_PROJETS/schoolsWP/06_Monetisation/01_Affiliation/2025-08-12 – Affiliatepress-tableau-bord-plugin-wordpress – Affiliation.jpg,01_Projets/schoolsWP/06_Monetisation/01_Affiliation/2025-08-12 – Affiliatepress-tableau-bord-plugin-wordpress – Affiliation.jpg,MOVE,READY,02_PROJETS -> 01_Projets,image/jpeg,429817
10XyXx72wBVa4noahr4VB_4GGT2G-XGw0,2025-08-12 – Affiliatepress-woocommerce-integrations-plugins-wordpress – Affiliation.jpg,02_PROJETS/schoolsWP/06_Monetisation/01_Affiliation/2025-08-12 – Affiliatepress-woocommerce-integrations-plugins-wordpress – Affiliation.jpg,01_Projets/schoolsWP/06_Monetisation/01_Affiliation/2025-08-12 – Affiliatepress-woocommerce-integrations-plugins-wordpress – Affiliation.jpg,MOVE,READY,02_PROJETS -> 01_Projets,image/jpeg,218075
1h10CfYxeeZRW4DvHtIq1JnQjeFCFRJUx,2025-12-29 – Affiliate Marketing for Beginners  How to Get Started as a BuddyBoss Affiliat... – Affiliation,02_PROJETS/schoolsWP/06_Monetisation/01_Affiliation/2025-12-29 – Affiliate Marketing for Beginners  How to Get Started as a BuddyBoss Affiliat... – Affiliation,01_Projets/schoolsWP/06_Monetisation/01_Affiliation/2025-12-29 – Affiliate Marketing for Beginners  How to Get Started as a BuddyBoss Affiliat... – Affiliation,MOVE,READY,02_PROJETS -> 01_Projets,message/rfc822,5013869
1G_S74anUKa8PTv7N8IxCPKsTFZMHQpfM,02_Liens_ et _Tracking,02_PROJETS/schoolsWP/06_Monetisation/01_Affiliation/02_Liens_ et _Tracking,01_Projets/schoolsWP/06_Monetisation/01_Affiliation/02_Liens_ et _Tracking,MOVE,READY,02_PROJETS -> 01_Projets,application/vnd.google-apps.folder,
1X-2mRyUVh7u5UzR2vTp6T3ShNtKQ53_V,03_Suivi_ et _Performances,02_PROJETS/schoolsWP/06_Monetisation/01_Affiliation/03_Suivi_ et _Performances,01_Projets/schoolsWP/06_Monetisation/01_Affiliation/03_Suivi_ et _Performances,MOVE,READY,02_PROJETS -> 01_Projets,application/vnd.google-apps.folder,
1jY_BhpWsaTDd8RUMpp_V7xlnDxFD6Tyi,99_Archives,02_PROJETS/schoolsWP/06_Monetisation/01_Affiliation/99_Archives,01_Projets/schoolsWP/06_Monetisation/01_Affiliation/99_Archives,MOVE,READY,02_PROJETS -> 01_Projets,application/vnd.google-apps.folder,
1tqGxcJgTooab2-OzM7zZQ2P-nkMtH0qy,04_Assets_Affiliation,02_PROJETS/schoolsWP/06_Monetisation/01_Affiliation/04_Assets_Affiliation,01_Projets/schoolsWP/06_Monetisation/01_Affiliation/04_Assets_Affiliation,MOVE,READY,02_PROJETS -> 01_Projets,application/vnd.google-apps.folder,
1SKxWjYjSsR7pcQyk5IyUW4qR4SZszjGr,01_Partenaires,02_PROJETS/schoolsWP/06_Monetisation/01_Affiliation/01_Partenaires,01_Projets/schoolsWP/06_Monetisation/01_Affiliation/01_Partenaires,MOVE,READY,02_PROJETS -> 01_Projets,application/vnd.google-apps.folder,
1gfcIJbwQ9YjGpjSeIgiwMhQOXt2UsUmq,00_README,02_PROJETS/schoolsWP/06_Monetisation/01_Affiliation/00_README,01_Projets/schoolsWP/06_Monetisation/01_Affiliation/00_README,MOVE,READY,02_PROJETS -> 01_Projets,application/vnd.google-apps.folder,
1tXLmjAiVjABtIqAS9geGI15Xh0WFMfN-PTDQUZeVxh4,2024-02-07 – Qu’est-ce que WP Rocket Plugin ? – Audio,02_PROJETS/schoolsWP/04_Assets/07_Audio/2024-02-07 – Qu’est-ce que WP Rocket Plugin ? – Audio,01_Projets/schoolsWP/04_Assets/07_Audio/2024-02-07 – Qu’est-ce que WP Rocket Plugin ? – Audio,MOVE,READY,02_PROJETS -> 01_Projets,application/vnd.google-apps.document,5543
1ZNL5XKvNlUy-fE6hbpVk9Jya8BVJuLdp,2024-07-07 – Tableau-de-bord-fluentcrm-gestion-campagnes-emails – Cover article.jpg,02_PROJETS/schoolsWP/04_Assets/06_Covers-articles/2024-07-07 – Tableau-de-bord-fluentcrm-gestion-campagnes-emails – Cover article.jpg,01_Projets/schoolsWP/04_Assets/06_Covers-articles/2024-07-07 – Tableau-de-bord-fluentcrm-gestion-campagnes-emails – Cover article.jpg,MOVE,READY,02_PROJETS -> 01_Projets,image/jpeg,164861
1Zhup7KaFXSI9Hrf4j8Ff-8W1o7xAdofN,2024-07-07 – Fluentcrm-meilleur-crm-wordpress-automatisation-marketing – Cover article.jpg,02_PROJETS/schoolsWP/04_Assets/06_Covers-articles/2024-07-07 – Fluentcrm-meilleur-crm-wordpress-automatisation-marketing – Cover article.jpg,01_Projets/schoolsWP/04_Assets/06_Covers-articles/2024-07-07 – Fluentcrm-meilleur-crm-wordpress-automatisation-marketing – Cover article.jpg,MOVE,READY,02_PROJETS -> 01_Projets,image/jpeg,268752
1ZPCu2B7jbJ4LAuYA6pNLQ1zj2kPyBtr6,2024-07-07 – Interface-gestion-contacts-fluentcrm – Cover article.jpg,02_PROJETS/schoolsWP/04_Assets/06_Covers-articles/2024-07-07 – Interface-gestion-contacts-fluentcrm – Cover article.jpg,01_Projets/schoolsWP/04_Assets/06_Covers-articles/2024-07-07 – Interface-gestion-contacts-fluentcrm – Cover article.jpg,MOVE,READY,02_PROJETS -> 01_Projets,image/jpeg,180786
1ZnpuzChmq2HdxpgnClP7c_Hd7H2rng7b,2024-07-08 – Gestion-listes-contacts-fluentcrm – Cover article.jpg,02_PROJETS/schoolsWP/04_Assets/06_Covers-articles/2024-07-08 – Gestion-listes-contacts-fluentcrm – Cover article.jpg,01_Projets/schoolsWP/04_Assets/06_Covers-articles/2024-07-08 – Gestion-listes-contacts-fluentcrm – Cover article.jpg,MOVE,READY,02_PROJETS -> 01_Projets,image/jpeg,294525
1ZpZ77E7nY3Fw-qbucq9OsItkhbNV2CNj,2024-07-08 – Fluentcrm-wordpress-liste-etiquettes – Cover article.jpg,02_PROJETS/schoolsWP/04_Assets/06_Covers-articles/2024-07-08 – Fluentcrm-wordpress-liste-etiquettes – Cover article.jpg,01_Projets/schoolsWP/04_Assets/06_Covers-articles/2024-07-08 – Fluentcrm-wordpress-liste-etiquettes – Cover article.jpg,MOVE,READY,02_PROJETS -> 01_Projets,image/jpeg,355590
1ZpZE6cR0ZSg1fr6FdeHNTOKnILht7Gw4,2024-07-08 – Interface-gestion-segments-dynamiques-fluentcrm – Cover article.jpg,02_PROJETS/schoolsWP/04_Assets/06_Covers-articles/2024-07-08 – Interface-gestion-segments-dynamiques-fluentcrm – Cover article.jpg,01_Projets/schoolsWP/04_Assets/06_Covers-articles/2024-07-08 – Interface-gestion-segments-dynamiques-fluentcrm – Cover article.jpg,MOVE,READY,02_PROJETS -> 01_Projets,image/jpeg,141405
1ZtTJCZi0WazhmHle6oNLKTQu7AqHQsri,2024-07-08 – Fluentcrm-tableau-de-bord-campagnes-email – Cover article.jpg,02_PROJETS/schoolsWP/04_Assets/06_Covers-articles/2024-07-08 – Fluentcrm-tableau-de-bord-campagnes-email – Cover article.jpg,01_Projets/schoolsWP/04_Assets/06_Covers-articles/2024-07-08 – Fluentcrm-tableau-de-bord-campagnes-email – Cover article.jpg,MOVE,READY,02_PROJETS -> 01_Projets,image/jpeg,270247
1ZvSXFUIYcsa7mEitaFuJiWsjApfdN63s,2024-07-08 – Interface-fluentcrm-listes-sequences-emails – Cover article.jpg,02_PROJETS/schoolsWP/04_Assets/06_Covers-articles/2024-07-08 – Interface-fluentcrm-listes-sequences-emails – Cover article.jpg,01_Projets/schoolsWP/04_Assets/06_Covers-articles/2024-07-08 – Interface-fluentcrm-listes-sequences-emails – Cover article.jpg,MOVE,READY,02_PROJETS -> 01_Projets,image/jpeg,269259
1_-bP2C7uuilMzPq7q_aNY6Ggo07PxX9h,2024-07-08 – Fluentcrm-sequence-emails-statistiques – Cover article.jpg,02_PROJETS/schoolsWP/04_Assets/06_Covers-articles/2024-07-08 – Fluentcrm-sequence-emails-statistiques – Cover article.jpg,01_Projets/schoolsWP/04_Assets/06_Covers-articles/2024-07-08 – Fluentcrm-sequence-emails-statistiques – Cover article.jpg,MOVE,READY,02_PROJETS -> 01_Projets,image/jpeg,314107
1_B_imFCvc-GLi5f0mdOZXbLv1BykPXm4,2024-07-08 – Creer-site-web-facilement-fluentcrm-michael-kihl – Cover article.jpg,02_PROJETS/schoolsWP/04_Assets/06_Covers-articles/2024-07-08 – Creer-site-web-facilement-fluentcrm-michael-kihl – Cover article.jpg,01_Projets/schoolsWP/04_Assets/06_Covers-articles/2024-07-08 – Creer-site-web-facilement-fluentcrm-michael-kihl – Cover article.jpg,MOVE,READY,02_PROJETS -> 01_Projets,image/jpeg,260297
1_EQveKWZYaJmDxnfEb4cnhzopOHa49Qz,2024-07-08 – Tableau-de-bord-gestion-formulaires-fluentcrm – Cover article.jpg,02_PROJETS/schoolsWP/04_Assets/06_Covers-articles/2024-07-08 – Tableau-de-bord-gestion-formulaires-fluentcrm – Cover article.jpg,01_Projets/schoolsWP/04_Assets/06_Covers-articles/2024-07-08 – Tableau-de-bord-gestion-formulaires-fluentcrm – Cover article.jpg,MOVE,READY,02_PROJETS -> 01_Projets,image/jpeg,282972
1_OZpSqcIFWMe5KWAEQjbxKWDkcv589js,2024-07-08 – Formulaire-sondage-constructeurs-pages-wordpress – Cover article.jpg,02_PROJETS/schoolsWP/04_Assets/06_Covers-articles/2024-07-08 – Formulaire-sondage-constructeurs-pages-wordpress – Cover article.jpg,01_Projets/schoolsWP/04_Assets/06_Covers-articles/2024-07-08 – Formulaire-sondage-constructeurs-pages-wordpress – Cover article.jpg,MOVE,READY,02_PROJETS -> 01_Projets,image/jpeg,154819
1_Q-3TH5CbanzKeBZIeKkxgrq1BfggEKS,2024-07-08 – Interface-gestion-automatisations-fluentcrm – Cover article.jpg,02_PROJETS/schoolsWP/04_Assets/06_Covers-articles/2024-07-08 – Interface-gestion-automatisations-fluentcrm – Cover article.jpg,01_Projets/schoolsWP/04_Assets/06_Covers-articles/2024-07-08 – Interface-gestion-automatisations-fluentcrm – Cover article.jpg,MOVE,READY,02_PROJETS -> 01_Projets,image/jpeg,241636
1_QlyUEYa6pKycVHXRlTQjO4rp3lpBww3,2024-07-08 – Tunnel-automatisation-fluentcrm-gestion-contacts-automatisation-marketing – Cover article.jpg,02_PROJETS/schoolsWP/04_Assets/06_Covers-articles/2024-07-08 – Tunnel-automatisation-fluentcrm-gestion-contacts-automatisation-marketing – Cover article.jpg,01_Projets/schoolsWP/04_Assets/06_Covers-articles/2024-07-08 – Tunnel-automatisation-fluentcrm-gestion-contacts-automatisation-marketing – Cover article.jpg,MOVE,READY,02_PROJETS -> 01_Projets,image/jpeg,527460
1_YS0lw0h1H7YPDP8ln-1cqEN9h6benoR,2024-07-08 – Tunnel-automatisation-fluentcrm-affiliatewp – Cover article.jpg,02_PROJETS/schoolsWP/04_Assets/06_Covers-articles/2024-07-08 – Tunnel-automatisation-fluentcrm-affiliatewp – Cover article.jpg,01_Projets/schoolsWP/04_Assets/06_Covers-articles/2024-07-08 – Tunnel-automatisation-fluentcrm-affiliatewp – Cover article.jpg,MOVE,READY,02_PROJETS -> 01_Projets,image/jpeg,504811
1i7Aj2tda3qtAQLHaQTdxbRoRQZw75hkx,2024-07-31 – Tableau-bord-fluentcrm-gestion-emails-automatisations – Cover article.jpg,02_PROJETS/schoolsWP/04_Assets/06_Covers-articles/2024-07-31 – Tableau-bord-fluentcrm-gestion-emails-automatisations – Cover article.jpg,01_Projets/schoolsWP/04_Assets/06_Covers-articles/2024-07-31 – Tableau-bord-fluentcrm-gestion-emails-automatisations – Cover article.jpg,MOVE,READY,02_PROJETS -> 01_Projets,image/jpeg,787437
1iCHpP8Cowml1d34IoSyOBC0Kn_zKXIU1,2024-07-31 – Remarques-activites-contact-fluentcrm – Cover article.jpg,02_PROJETS/schoolsWP/04_Assets/06_Covers-articles/2024-07-31 – Remarques-activites-contact-fluentcrm – Cover article.jpg,01_Projets/schoolsWP/04_Assets/06_Covers-articles/2024-07-31 – Remarques-activites-contact-fluentcrm – Cover article.jpg,MOVE,READY,02_PROJETS -> 01_Projets,image/jpeg,45399
1iC_ZS5s9vKi4jntJ_wRUBU_p-u_8WQWH,2024-07-31 – Fluentcrm-interface-creation-automatisation – Cover article.jpg,02_PROJETS/schoolsWP/04_Assets/06_Covers-articles/2024-07-31 – Fluentcrm-interface-creation-automatisation – Cover article.jpg,01_Projets/schoolsWP/04_Assets/06_Covers-articles/2024-07-31 – Fluentcrm-interface-creation-automatisation – Cover article.jpg,MOVE,READY,02_PROJETS -> 01_Projets,image/jpeg,196759
1iEjCinJ6T1K4WtJKA0jJIPKFNijj0L0M,2024-07-31 – Interface-segmentation-dynamique-fluentcrm – Cover article.jpg,02_PROJETS/schoolsWP/04_Assets/06_Covers-articles/2024-07-31 – Interface-segmentation-dynamique-fluentcrm – Cover article.jpg,01_Projets/schoolsWP/04_Assets/06_Covers-articles/2024-07-31 – Interface-segmentation-dynamique-fluentcrm – Cover article.jpg,MOVE,READY,02_PROJETS -> 01_Projets,image/jpeg,136769
1lYaudc9L5Qts7hc94sSc5ZElw0i3yem-,2025-03-04 – Kadence-wp-avis-test – Cover article.jpg,02_PROJETS/schoolsWP/04_Assets/06_Covers-articles/2025-03-04 – Kadence-wp-avis-test – Cover article.jpg,01_Projets/schoolsWP/04_Assets/06_Covers-articles/2025-03-04 – Kadence-wp-avis-test – Cover article.jpg,MOVE,READY,02_PROJETS -> 01_Projets,image/jpeg,203388
11YV9ybOV9sFPM8psocTkjTXUktnrb03g,2025-05-09 – Kadencewp-bundles-comparatif-express-plus-ultimate – Cover article.jpg,02_PROJETS/schoolsWP/04_Assets/06_Covers-articles/2025-05-09 – Kadencewp-bundles-comparatif-express-plus-ultimate – Cover article.jpg,01_Projets/schoolsWP/04_Assets/06_Covers-articles/2025-05-09 – Kadencewp-bundles-comparatif-express-plus-ultimate – Cover article.jpg,MOVE,READY,02_PROJETS -> 01_Projets,image/jpeg,748046
11ZIXBz33i1JrFAS6VXf6mXQJRiW5AtK9,2025-05-09 – Kadencewp-options-gratuit-a-la-carte-lifetime – Cover article.jpg,02_PROJETS/schoolsWP/04_Assets/06_Covers-articles/2025-05-09 – Kadencewp-options-gratuit-a-la-carte-lifetime – Cover article.jpg,01_Projets/schoolsWP/04_Assets/06_Covers-articles/2025-05-09 – Kadencewp-options-gratuit-a-la-carte-lifetime – Cover article.jpg,MOVE,READY,02_PROJETS -> 01_Projets,image/jpeg,148717
11hVChqPq8OKlsIRHCXjMoNO3CdmHbrt3,2025-05-10 – Wp-rocket-plugin-cache-wordpress-performance – Cover article.jpg,02_PROJETS/schoolsWP/04_Assets/06_Covers-articles/2025-05-10 – Wp-rocket-plugin-cache-wordpress-performance – Cover article.jpg,01_Projets/schoolsWP/04_Assets/06_Covers-articles/2025-05-10 – Wp-rocket-plugin-cache-wordpress-performance – Cover article.jpg,MOVE,READY,02_PROJETS -> 01_Projets,image/jpeg,266979
121RvLXz44OEdWxyulrtBrSAv80u4zX_X,2025-05-10 – Wp-rocket-dark – Cover article.svg,02_PROJETS/schoolsWP/04_Assets/06_Covers-articles/2025-05-10 – Wp-rocket-dark – Cover article.svg,01_Projets/schoolsWP/04_Assets/06_Covers-articles/2025-05-10 – Wp-rocket-dark – Cover article.svg,MOVE,READY,02_PROJETS -> 01_Projets,image/svg+xml,11205
1ZRfUpWxtVzvaHRy1X9I8iMWWo5pi07Y7,2026-01-22 – Rank-math-pro-plugin-wordpress-seo – Cover article.jpg,02_PROJETS/schoolsWP/04_Assets/06_Covers-articles/2026-01-22 – Rank-math-pro-plugin-wordpress-seo – Cover article.jpg,01_Projets/schoolsWP/04_Assets/06_Covers-articles/2026-01-22 – Rank-math-pro-plugin-wordpress-seo – Cover article.jpg,MOVE,READY,02_PROJETS -> 01_Projets,image/jpeg,220047
1o57DqvkdrF-wxNMnwTk1cMy7rP48fKs0,2025-03-09 – Plugin-reservation-wordpress-amelia – Cover article.jpg,02_PROJETS/schoolsWP/04_Assets/06_Covers-articles/2025-03-09 – Plugin-reservation-wordpress-amelia – Cover article.jpg,01_Projets/schoolsWP/04_Assets/06_Covers-articles/2025-03-09 – Plugin-reservation-wordpress-amelia – Cover article.jpg,MOVE,READY,02_PROJETS -> 01_Projets,image/jpeg,167419
1oE7rHm_ykQAAEfMuln351zweO4p-9T5n,2025-03-09 – Tarifs-plugin-reservation-wordpress-amelia – Cover article.jpg,02_PROJETS/schoolsWP/04_Assets/06_Covers-articles/2025-03-09 – Tarifs-plugin-reservation-wordpress-amelia – Cover article.jpg,01_Projets/schoolsWP/04_Assets/06_Covers-articles/2025-03-09 – Tarifs-plugin-reservation-wordpress-amelia – Cover article.jpg,MOVE,READY,02_PROJETS -> 01_Projets,image/jpeg,421953
1oGy68RHgPUMA84XwnskuTctkbOSoNBh8,2025-03-09 – Tarifs-lifetime-plugin-reservation-amelia – Cover article.jpg,02_PROJETS/schoolsWP/04_Assets/06_Covers-articles/2025-03-09 – Tarifs-lifetime-plugin-reservation-amelia – Cover article.jpg,01_Projets/schoolsWP/04_Assets/06_Covers-articles/2025-03-09 – Tarifs-lifetime-plugin-reservation-amelia – Cover article.jpg,MOVE,READY,02_PROJETS -> 01_Projets,image/jpeg,420320
1r50sHNqa1dinNbUxNniH0Qv3zw8uolyV,2025-03-17 – Crocoblock-boost-wordpress-elementor – Cover article.jpg,02_PROJETS/schoolsWP/04_Assets/06_Covers-articles/2025-03-17 – Crocoblock-boost-wordpress-elementor – Cover article.jpg,01_Projets/schoolsWP/04_Assets/06_Covers-articles/2025-03-17 – Crocoblock-boost-wordpress-elementor – Cover article.jpg,MOVE,READY,02_PROJETS -> 01_Projets,image/jpeg,280018
1rVEpux2mSW4n2sYwDNclC9DUrcU0lEoB,2025-03-17 – Crocoblock-jetplugins-wordpress-elementor – Cover article.jpg,02_PROJETS/schoolsWP/04_Assets/06_Covers-articles/2025-03-17 – Crocoblock-jetplugins-wordpress-elementor – Cover article.jpg,01_Projets/schoolsWP/04_Assets/06_Covers-articles/2025-03-17 – Crocoblock-jetplugins-wordpress-elementor – Cover article.jpg,MOVE,READY,02_PROJETS -> 01_Projets,image/jpeg,179362
1vKsaOxVQuJtzybxnws2KnAEwhoeH8Hdf,2025-04-03 – Plugin-jetengine-wordpress-contenu-dynamique – Cover article.jpg,02_PROJETS/schoolsWP/04_Assets/06_Covers-articles/2025-04-03 – Plugin-jetengine-wordpress-contenu-dynamique – Cover article.jpg,01_Projets/schoolsWP/04_Assets/06_Covers-articles/2025-04-03 – Plugin-jetengine-wordpress-contenu-dynamique – Cover article.jpg,MOVE,READY,02_PROJETS -> 01_Projets,image/jpeg,183167
1vZuhQQ21nCYT9uPZbMmPLmkatgs0E8CS,2025-04-03 – Plugin-jetwoobuilder-woocommerce-pages-produits – Cover article.jpg,02_PROJETS/schoolsWP/04_Assets/06_Covers-articles/2025-04-03 – Plugin-jetwoobuilder-woocommerce-pages-produits – Cover article.jpg,01_Projets/schoolsWP/04_Assets/06_Covers-articles/2025-04-03 – Plugin-jetwoobuilder-woocommerce-pages-produits – Cover article.jpg,MOVE,READY,02_PROJETS -> 01_Projets,image/jpeg,198551
1vdQYERRO32EcNunkgp6FQTGkXV22MHBI,2025-04-04 – Plugin-wordpress-jetsmartfilters-interface-filtrage – Cover article.jpg,02_PROJETS/schoolsWP/04_Assets/06_Covers-articles/2025-04-04 – Plugin-wordpress-jetsmartfilters-interface-filtrage – Cover article.jpg,01_Projets/schoolsWP/04_Assets/06_Covers-articles/2025-04-04 – Plugin-wordpress-jetsmartfilters-interface-filtrage – Cover article.jpg,MOVE,READY,02_PROJETS -> 01_Projets,image/jpeg,199997
1vdlsQehqdZHI_KLZ_vpe382SMxV0tZ7m,2025-04-04 – Plugin-reservation-wordpress-jetbooking-calendrier – Cover article.jpg,02_PROJETS/schoolsWP/04_Assets/06_Covers-articles/2025-04-04 – Plugin-reservation-wordpress-jetbooking-calendrier – Cover article.jpg,01_Projets/schoolsWP/04_Assets/06_Covers-articles/2025-04-04 – Plugin-reservation-wordpress-jetbooking-calendrier – Cover article.jpg,MOVE,READY,02_PROJETS -> 01_Projets,image/jpeg,200078
1vfalJC174hNFx0DWu2hH_uKkIN9cm2l6,2025-04-04 – Plugin-rendez-vous-wordpress-jetappointment-calendrier – Cover article.jpg,02_PROJETS/schoolsWP/04_Assets/06_Covers-articles/2025-04-04 – Plugin-rendez-vous-wordpress-jetappointment-calendrier – Cover article.jpg,01_Projets/schoolsWP/04_Assets/06_Covers-articles/2025-04-04 – Plugin-rendez-vous-wordpress-jetappointment-calendrier – Cover article.jpg,MOVE,READY,02_PROJETS -> 01_Projets,image/jpeg,175618
1vfwvAGoDiFRqyljJwLoVTtIzyyqfEAJj,2025-04-04 – Theme-wordpress-kava-style-epure-crocoblock – Cover article.jpg,02_PROJETS/schoolsWP/04_Assets/06_Covers-articles/2025-04-04 – Theme-wordpress-kava-style-epure-crocoblock – Cover article.jpg,01_Projets/schoolsWP/04_Assets/06_Covers-articles/2025-04-04 – Theme-wordpress-kava-style-epure-crocoblock – Cover article.jpg,MOVE,READY,02_PROJETS -> 01_Projets,image/jpeg,142362
1hLgaSv0SYppt9Tw-eYBLDUcQxbH68RdU,2025-02-17 – Tutor-lms-ecran-bienvenue-configuration – Cover article.jpg,02_PROJETS/schoolsWP/04_Assets/06_Covers-articles/2025-02-17 – Tutor-lms-ecran-bienvenue-configuration – Cover article.jpg,01_Projets/schoolsWP/04_Assets/06_Covers-articles/2025-02-17 – Tutor-lms-ecran-bienvenue-configuration – Cover article.jpg,MOVE,READY,02_PROJETS -> 01_Projets,image/jpeg,89705
1hO4eGLYE7f3ALNgjxF4sjxxTR_klDzEb,2025-02-17 – Tutor-lms-choix-configuration-elearning – Cover article.jpg,02_PROJETS/schoolsWP/04_Assets/06_Covers-articles/2025-02-17 – Tutor-lms-choix-configuration-elearning – Cover article.jpg,01_Projets/schoolsWP/04_Assets/06_Covers-articles/2025-02-17 – Tutor-lms-choix-configuration-elearning – Cover article.jpg,MOVE,READY,02_PROJETS -> 01_Projets,image/jpeg,101138
1hO8FqClWWZUrUKCA99Uje2Iqlw_RQCb2,2025-02-17 – Tutor-lms-parametres-cours-affichage – Cover article.jpg,02_PROJETS/schoolsWP/04_Assets/06_Covers-articles/2025-02-17 – Tutor-lms-parametres-cours-affichage – Cover article.jpg,01_Projets/schoolsWP/04_Assets/06_Covers-articles/2025-02-17 – Tutor-lms-parametres-cours-affichage – Cover article.jpg,MOVE,READY,02_PROJETS -> 01_Projets,image/jpeg,90388
1hUY581NWnBq1bcuOK4ZWt7dcPMc2m3h7,2025-02-17 – Tutor-lms-parametres-revenus-paiements – Cover article.jpg,02_PROJETS/schoolsWP/04_Assets/06_Covers-articles/2025-02-17 – Tutor-lms-parametres-revenus-paiements – Cover article.jpg,01_Projets/schoolsWP/04_Assets/06_Covers-articles/2025-02-17 – Tutor-lms-parametres-revenus-paiements – Cover article.jpg,MOVE,READY,02_PROJETS -> 01_Projets,image/jpeg,104916
1ha7CjRrYYS7uH07YosQUuua_U4qm_vra,2025-02-17 – Tutor-lms-configuration-devise-affichage-prix – Cover article.jpg,02_PROJETS/schoolsWP/04_Assets/06_Covers-articles/2025-02-17 – Tutor-lms-configuration-devise-affichage-prix – Cover article.jpg,01_Projets/schoolsWP/04_Assets/06_Covers-articles/2025-02-17 – Tutor-lms-configuration-devise-affichage-prix – Cover article.jpg,MOVE,READY,02_PROJETS -> 01_Projets,image/jpeg,77067
1guPxrVKZsH8AaH1c-DqeSMQX-ZFzqL04,2025-02-17 – Tutor-lms-logo-plateforme-e-learning-wordpress – Cover article.jpg,02_PROJETS/schoolsWP/04_Assets/06_Covers-articles/2025-02-17 – Tutor-lms-logo-plateforme-e-learning-wordpress – Cover article.jpg,01_Projets/schoolsWP/04_Assets/06_Covers-articles/2025-02-17 – Tutor-lms-logo-plateforme-e-learning-wordpress – Cover article.jpg,MOVE,READY,02_PROJETS -> 01_Projets,image/jpeg,57495
1hJo_PWnMg45IlrTUua27Vwfv0ESvF7fM,2025-02-17 – Tutor-lms-solution-elearning-wordpress – Cover article.jpg,02_PROJETS/schoolsWP/04_Assets/06_Covers-articles/2025-02-17 – Tutor-lms-solution-elearning-wordpress – Cover article.jpg,01_Projets/schoolsWP/04_Assets/06_Covers-articles/2025-02-17 – Tutor-lms-solution-elearning-wordpress – Cover article.jpg,MOVE,READY,02_PROJETS -> 01_Projets,image/jpeg,125577
1hfuzrjpfQDb5RitT1CGfCWj_rrxjgUz-,2025-02-17 – Tutor-lms-tableau-bord-nouvelles-fonctionnalites – Cover article.jpg,02_PROJETS/schoolsWP/04_Assets/06_Covers-articles/2025-02-17 – Tutor-lms-tableau-bord-nouvelles-fonctionnalites – Cover article.jpg,01_Projets/schoolsWP/04_Assets/06_Covers-articles/2025-02-17 – Tutor-lms-tableau-bord-nouvelles-fonctionnalites – Cover article.jpg,MOVE,READY,02_PROJETS -> 01_Projets,image/jpeg,599619
1hgu31VR4TdJa6FJj9HWBQUwqpp3tf7JX,2025-02-17 – Tutor-lms-addons-extensions-elearning – Cover article.jpg,02_PROJETS/schoolsWP/04_Assets/06_Covers-articles/2025-02-17 – Tutor-lms-addons-extensions-elearning – Cover article.jpg,01_Projets/schoolsWP/04_Assets/06_Covers-articles/2025-02-17 – Tutor-lms-addons-extensions-elearning – Cover article.jpg,MOVE,READY,02_PROJETS -> 01_Projets,image/jpeg,560372
1iBcClfjDPpqmBH0yiywo-z3laThlXyjU,2025-02-18 – Tutor-lms-avis-wordpress – Cover article.jpg,02_PROJETS/schoolsWP/04_Assets/06_Covers-articles/2025-02-18 – Tutor-lms-avis-wordpress – Cover article.jpg,01_Projets/schoolsWP/04_Assets/06_Covers-articles/2025-02-18 – Tutor-lms-avis-wordpress – Cover article.jpg,MOVE,READY,02_PROJETS -> 01_Projets,image/jpeg,111385
1pZEF9Nm8cQ0-3i5_YI46dbgQ4lZkXW8j,2025-07-19 – Plugin-spotlightwp-page-accueil-instagram-wordpress – Cover article.jpg,02_PROJETS/schoolsWP/04_Assets/06_Covers-articles/2025-07-19 – Plugin-spotlightwp-page-accueil-instagram-wordpress – Cover article.jpg,01_Projets/schoolsWP/04_Assets/06_Covers-articles/2025-07-19 – Plugin-spotlightwp-page-accueil-instagram-wordpress – Cover article.jpg,MOVE,READY,02_PROJETS -> 01_Projets,image/jpeg,121329
1XNsgD4d3KhNhlqAgbUwbmlAS6P9LW5zf,2025-07-19 – Spotlightwp-elementor-widgets-instagram-wordpress – Cover article.jpg,02_PROJETS/schoolsWP/04_Assets/06_Covers-articles/2025-07-19 – Spotlightwp-elementor-widgets-instagram-wordpress – Cover article.jpg,01_Projets/schoolsWP/04_Assets/06_Covers-articles/2025-07-19 – Spotlightwp-elementor-widgets-instagram-wordpress – Cover article.jpg,MOVE,READY,02_PROJETS -> 01_Projets,image/jpeg,22575
1OsKONIpAI-H8RFX3HMEYdApihriHEkXu,2025-07-19 – Spotlightwp-testimonial-instagram-plugin-review – Cover article.jpg,02_PROJETS/schoolsWP/04_Assets/06_Covers-articles/2025-07-19 – Spotlightwp-testimonial-instagram-plugin-review – Cover article.jpg,01_Projets/schoolsWP/04_Assets/06_Covers-articles/2025-07-19 – Spotlightwp-testimonial-instagram-plugin-review – Cover article.jpg,MOVE,READY,02_PROJETS -> 01_Projets,image/jpeg,85685
1HsUahOXhyyHOftW4RTB--HEZGWRYGG_b,2025-07-20 – Spotlightwp-avis-test-plugin-instagram-wordpress – Cover article.jpg,02_PROJETS/schoolsWP/04_Assets/06_Covers-articles/2025-07-20 – Spotlightwp-avis-test-plugin-instagram-wordpress – Cover article.jpg,01_Projets/schoolsWP/04_Assets/06_Covers-articles/2025-07-20 – Spotlightwp-avis-test-plugin-instagram-wordpress – Cover article.jpg,MOVE,READY,02_PROJETS -> 01_Projets,image/jpeg,257832
16T-K2Ps3vCJNWsWUrSiUHnG8w0JNcwYJ,2026-01-23 – Comparatif-addons-elementor-plugin-wordpress-extensions – Cover article.jpg,02_PROJETS/schoolsWP/04_Assets/06_Covers-articles/2026-01-23 – Comparatif-addons-elementor-plugin-wordpress-extensions – Cover article.jpg,01_Projets/schoolsWP/04_Assets/06_Covers-articles/2026-01-23 – Comparatif-addons-elementor-plugin-wordpress-extensions – Cover article.jpg,MOVE,READY,02_PROJETS -> 01_Projets,image/jpeg,296051
1cBmiEaYv3yQ_CUrI05-m3nfxJgogloe6,2024-07-21 – Wishlist-member-plugin-wordpress-gestion-membres – Cover article.jpg,02_PROJETS/schoolsWP/04_Assets/06_Covers-articles/2024-07-21 – Wishlist-member-plugin-wordpress-gestion-membres – Cover article.jpg,01_Projets/schoolsWP/04_Assets/06_Covers-articles/2024-07-21 – Wishlist-member-plugin-wordpress-gestion-membres – Cover article.jpg,MOVE,READY,02_PROJETS -> 01_Projets,image/jpeg,242862
185OBCv7aq7S2r3Jr1Pmfo04rzGfJVxYF,2024-11-14 – Surecart-plugin-ecommerce-wordpress – Cover article.jpg,02_PROJETS/schoolsWP/04_Assets/06_Covers-articles/2024-11-14 – Surecart-plugin-ecommerce-wordpress – Cover article.jpg,01_Projets/schoolsWP/04_Assets/06_Covers-articles/2024-11-14 – Surecart-plugin-ecommerce-wordpress – Cover article.jpg,MOVE,READY,02_PROJETS -> 01_Projets,image/jpeg,183837
14jfT-eCe635P-0Hdskz5QO-RJmZIxQxQ,2025-07-08 – Fluent-support-plugin-wordpress-support-client – Cover article.jpg,02_PROJETS/schoolsWP/04_Assets/06_Covers-articles/2025-07-08 – Fluent-support-plugin-wordpress-support-client – Cover article.jpg,01_Projets/schoolsWP/04_Assets/06_Covers-articles/2025-07-08 – Fluent-support-plugin-wordpress-support-client – Cover article.jpg,MOVE,READY,02_PROJETS -> 01_Projets,image/jpeg,272342
1tuyE9c3QY3j23kAvGlNZ9HL_yjMKaRbM,2024-09-22 – Ajouter-extensions-wordpress-suretriggers-surecart – Cover article.jpg,02_PROJETS/schoolsWP/04_Assets/06_Covers-articles/2024-09-22 – Ajouter-extensions-wordpress-suretriggers-surecart – Cover article.jpg,01_Projets/schoolsWP/04_Assets/06_Covers-articles/2024-09-22 – Ajouter-extensions-wordpress-suretriggers-surecart – Cover article.jpg,MOVE,READY,02_PROJETS -> 01_Projets,image/jpeg,279216
1tqGYULgMyg4py672C9zWL6aHC6PIE_PW,2024-09-22 – Suretriggers-assistant-configuration-automatisation – Cover article.jpg,02_PROJETS/schoolsWP/04_Assets/06_Covers-articles/2024-09-22 – Suretriggers-assistant-configuration-automatisation – Cover article.jpg,01_Projets/schoolsWP/04_Assets/06_Covers-articles/2024-09-22 – Suretriggers-assistant-configuration-automatisation – Cover article.jpg,MOVE,READY,02_PROJETS -> 01_Projets,image/jpeg,335919
1u89yFGOw67aFvVipbtjyDGVemiNJRqM3,2024-09-22 – Suretriggers-etape-finale-connexion-compte – Cover article.jpg,02_PROJETS/schoolsWP/04_Assets/06_Covers-articles/2024-09-22 – Suretriggers-etape-finale-connexion-compte – Cover article.jpg,01_Projets/schoolsWP/04_Assets/06_Covers-articles/2024-09-22 – Suretriggers-etape-finale-connexion-compte – Cover article.jpg,MOVE,READY,02_PROJETS -> 01_Projets,image/jpeg,83855
1uF2fw2d0ooFIiIjKXLxkHi-s_jXV3iar,2024-09-22 – Suretriggers-connexions-integrations-applications – Cover article.jpg,02_PROJETS/schoolsWP/04_Assets/06_Covers-articles/2024-09-22 – Suretriggers-connexions-integrations-applications – Cover article.jpg,01_Projets/schoolsWP/04_Assets/06_Covers-articles/2024-09-22 – Suretriggers-connexions-integrations-applications – Cover article.jpg,MOVE,READY,02_PROJETS -> 01_Projets,image/jpeg,242336
1uJ0w5a-SfEocy4F6OSLlL0HMCZk-jQRt,2024-09-22 – Suretriggers-nouvelle-connexion-applications – Cover article.jpg,02_PROJETS/schoolsWP/04_Assets/06_Covers-articles/2024-09-22 – Suretriggers-nouvelle-connexion-applications – Cover article.jpg,01_Projets/schoolsWP/04_Assets/06_Covers-articles/2024-09-22 – Suretriggers-nouvelle-connexion-applications – Cover article.jpg,MOVE,READY,02_PROJETS -> 01_Projets,image/jpeg,183437
1uRvNu6TDfTiQvUtNjRVh6dYquqiijOFJ,2024-09-22 – Suretriggers-connexion-gmail-workflows – Cover article.jpg,02_PROJETS/schoolsWP/04_Assets/06_Covers-articles/2024-09-22 – Suretriggers-connexion-gmail-workflows – Cover article.jpg,01_Projets/schoolsWP/04_Assets/06_Covers-articles/2024-09-22 – Suretriggers-connexion-gmail-workflows – Cover article.jpg,MOVE,READY,02_PROJETS -> 01_Projets,image/jpeg,145406
1uUAo9cg5YXpk6_tKGh6s4rcykUH1203l,2024-09-22 – Suretriggers-creer-premier-workflow-gmail – Cover article.jpg,02_PROJETS/schoolsWP/04_Assets/06_Covers-articles/2024-09-22 – Suretriggers-creer-premier-workflow-gmail – Cover article.jpg,01_Projets/schoolsWP/04_Assets/06_Covers-articles/2024-09-22 – Suretriggers-creer-premier-workflow-gmail – Cover article.jpg,MOVE,READY,02_PROJETS -> 01_Projets,image/jpeg,216947
1X8MUrRgUbHgWwU9sYZEDBmsQmpq6uyaf,2024-06-18 – Fluentboards-outil-gestion-projet-collaboration-equipe – Cover article.jpg,02_PROJETS/schoolsWP/04_Assets/06_Covers-articles/2024-06-18 – Fluentboards-outil-gestion-projet-collaboration-equipe – Cover article.jpg,01_Projets/schoolsWP/04_Assets/06_Covers-articles/2024-06-18 – Fluentboards-outil-gestion-projet-collaboration-equipe – Cover article.jpg,MOVE,READY,02_PROJETS -> 01_Projets,image/jpeg,178162
1XAeQL6EF_WTAfgVQJgoxHIVsbI8NCmog,2024-06-23 – Fluentboards-gestion-projet-wordpress – Cover article.jpg,02_PROJETS/schoolsWP/04_Assets/06_Covers-articles/2024-06-23 – Fluentboards-gestion-projet-wordpress – Cover article.jpg,01_Projets/schoolsWP/04_Assets/06_Covers-articles/2024-06-23 – Fluentboards-gestion-projet-wordpress – Cover article.jpg,MOVE,READY,02_PROJETS -> 01_Projets,image/jpeg,188710
1XJctpGboIdKlDg1CEtdFix4jryr3Ntyo,2024-06-23 – Fluentboards-plugin-gestion-projet-wordpress – Cover article.jpg,02_PROJETS/schoolsWP/04_Assets/06_Covers-articles/2024-06-23 – Fluentboards-plugin-gestion-projet-wordpress – Cover article.jpg,01_Projets/schoolsWP/04_Assets/06_Covers-articles/2024-06-23 – Fluentboards-plugin-gestion-projet-wordpress – Cover article.jpg,MOVE,READY,02_PROJETS -> 01_Projets,image/jpeg,279523
1XM2MGx6iyv3gG4X9fSBIBxD8p-MsN9WD,2024-06-24 – #222---'Modifier-l’article-«-WordPress.com-vs-WordPress.org- -(cut)--Choix-»-... – Cover article.jpg,02_PROJETS/schoolsWP/04_Assets/06_Covers-articles/2024-06-24 – #222---'Modifier-l’article-«-WordPress.com-vs-WordPress.org- -(cut)--Choix-»-... – Cover article.jpg,01_Projets/schoolsWP/04_Assets/06_Covers-articles/2024-06-24 – #222---'Modifier-l’article-«-WordPress.com-vs-WordPress.org- -(cut)--Choix-»-... – Cover article.jpg,MOVE,READY,02_PROJETS -> 01_Projets,image/jpeg,101591
1Xt0XopIKnAtKzW_ErLWMeWTnNTsMCnXP,2024-07-03 – Fluentboards-plugin-gestion-projet-wp – Cover article.jpg,02_PROJETS/schoolsWP/04_Assets/06_Covers-articles/2024-07-03 – Fluentboards-plugin-gestion-projet-wp – Cover article.jpg,01_Projets/schoolsWP/04_Assets/06_Covers-articles/2024-07-03 – Fluentboards-plugin-gestion-projet-wp – Cover article.jpg,MOVE,READY,02_PROJETS -> 01_Projets,image/jpeg,161809
1XtL_8Bgpit8V-sY5Jsbv32MNyUH0NpxD,2024-07-03 – Gestion-projet-wordpress-fluentboards – Cover article.jpg,02_PROJETS/schoolsWP/04_Assets/06_Covers-articles/2024-07-03 – Gestion-projet-wordpress-fluentboards – Cover article.jpg,01_Projets/schoolsWP/04_Assets/06_Covers-articles/2024-07-03 – Gestion-projet-wordpress-fluentboards – Cover article.jpg,MOVE,READY,02_PROJETS -> 01_Projets,image/jpeg,144580
1Xw1A9_X0iCBadgaC3xJTcikxPGbiI0aB,2024-07-03 – Fluentboards-plugin-gestion-de-projet-wordpress – Cover article.jpg,02_PROJETS/schoolsWP/04_Assets/06_Covers-articles/2024-07-03 – Fluentboards-plugin-gestion-de-projet-wordpress – Cover article.jpg,01_Projets/schoolsWP/04_Assets/06_Covers-articles/2024-07-03 – Fluentboards-plugin-gestion-de-projet-wordpress – Cover article.jpg,MOVE,READY,02_PROJETS -> 01_Projets,image/jpeg,125695
1XztP4SqgnQPaFnJCGiZ-GT42SZTB5NcR,2024-07-03 – Decouvrez-fluentboards-gestion-projet-wordpress – Cover article.jpg,02_PROJETS/schoolsWP/04_Assets/06_Covers-articles/2024-07-03 – Decouvrez-fluentboards-gestion-projet-wordpress – Cover article.jpg,01_Projets/schoolsWP/04_Assets/06_Covers-articles/2024-07-03 – Decouvrez-fluentboards-gestion-projet-wordpress – Cover article.jpg,MOVE,READY,02_PROJETS -> 01_Projets,image/jpeg,110439
1Xp6LwTwRjYMZjeehqiwr3mXtt3-RRGfe,2024-06-28 – Nettoyer-base-de-donnees-wordpress-guide-plugins – Cover article.jpg,02_PROJETS/schoolsWP/04_Assets/06_Covers-articles/2024-06-28 – Nettoyer-base-de-donnees-wordpress-guide-plugins – Cover article.jpg,01_Projets/schoolsWP/04_Assets/06_Covers-articles/2024-06-28 – Nettoyer-base-de-donnees-wordpress-guide-plugins – Cover article.jpg,MOVE,READY,02_PROJETS -> 01_Projets,image/jpeg,279905
1YnkLZeF1HLKqAwmVDVcJxMhREmcPu-52,2024-07-05 – Nettoyer-base-donnees-wordpress-guide-complet-plugins – Cover article.jpg,02_PROJETS/schoolsWP/04_Assets/06_Covers-articles/2024-07-05 – Nettoyer-base-donnees-wordpress-guide-complet-plugins – Cover article.jpg,01_Projets/schoolsWP/04_Assets/06_Covers-articles/2024-07-05 – Nettoyer-base-donnees-wordpress-guide-complet-plugins – Cover article.jpg,MOVE,READY,02_PROJETS -> 01_Projets,image/jpeg,164355
1XpGa0F-_aglZZYibCRGVIBxjl94eUPZT,2024-07-01 – Copilhost-hebergement-wordpress-rapide-securise – Cover article.jpg,02_PROJETS/schoolsWP/04_Assets/06_Covers-articles/2024-07-01 – Copilhost-hebergement-wordpress-rapide-securise – Cover article.jpg,01_Projets/schoolsWP/04_Assets/06_Covers-articles/2024-07-01 – Copilhost-hebergement-wordpress-rapide-securise – Cover article.jpg,MOVE,READY,02_PROJETS -> 01_Projets,image/jpeg,245603
1XsvLnJhk1yTcOiLyewB0R0vriohXXFPX,2024-07-01 – Hebergement-wordpress-premium-copilhost – Cover article.jpg,02_PROJETS/schoolsWP/04_Assets/06_Covers-articles/2024-07-01 – Hebergement-wordpress-premium-copilhost – Cover article.jpg,01_Projets/schoolsWP/04_Assets/06_Covers-articles/2024-07-01 – Hebergement-wordpress-premium-copilhost – Cover article.jpg,MOVE,READY,02_PROJETS -> 01_Projets,image/jpeg,220992
1Y-zSzRCm8h2vRiyl4GB2ARYkRqhV3CBW,2024-07-04 – Hebergement-wordpress-rapide-securise-copilhost – Cover article.jpg,02_PROJETS/schoolsWP/04_Assets/06_Covers-articles/2024-07-04 – Hebergement-wordpress-rapide-securise-copilhost – Cover article.jpg,01_Projets/schoolsWP/04_Assets/06_Covers-articles/2024-07-04 – Hebergement-wordpress-rapide-securise-copilhost – Cover article.jpg,MOVE,READY,02_PROJETS -> 01_Projets,image/jpeg,113640
1Y67xsa_GDnJu72lbGOMZF9Ok6LASz7jg,2024-07-04 – Equipe-copilhost-experts-wordpress – Cover article.jpg,02_PROJETS/schoolsWP/04_Assets/06_Covers-articles/2024-07-04 – Equipe-copilhost-experts-wordpress – Cover article.jpg,01_Projets/schoolsWP/04_Assets/06_Covers-articles/2024-07-04 – Equipe-copilhost-experts-wordpress – Cover article.jpg,MOVE,READY,02_PROJETS -> 01_Projets,image/jpeg,280587
1Y92P0_f0M90vOovyBgQHVHsBFbcJPRCM,2024-07-04 – Offres-copilhost-hebergement-wordpress-plans-tarifaires-2024 – Cover article.jpg,02_PROJETS/schoolsWP/04_Assets/06_Covers-articles/2024-07-04 – Offres-copilhost-hebergement-wordpress-plans-tarifaires-2024 – Cover article.jpg,01_Projets/schoolsWP/04_Assets/06_Covers-articles/2024-07-04 – Offres-copilhost-hebergement-wordpress-plans-tarifaires-2024 – Cover article.jpg,MOVE,READY,02_PROJETS -> 01_Projets,image/jpeg,369489
1YA5FvQpQcWPOiHc3SPs4Ie58XrAfeUYL,2024-07-04 – Formulaire-inscription-copilhost – Cover article.jpg,02_PROJETS/schoolsWP/04_Assets/06_Covers-articles/2024-07-04 – Formulaire-inscription-copilhost – Cover article.jpg,01_Projets/schoolsWP/04_Assets/06_Covers-articles/2024-07-04 – Formulaire-inscription-copilhost – Cover article.jpg,MOVE,READY,02_PROJETS -> 01_Projets,image/jpeg,99841
1YHrpBXHM9KBT0e_ZTjfG35qW6QbVLlsh,2024-07-04 – Interface-utilisateur-service-cloud-copilhost – Cover article.jpg,02_PROJETS/schoolsWP/04_Assets/06_Covers-articles/2024-07-04 – Interface-utilisateur-service-cloud-copilhost – Cover article.jpg,01_Projets/schoolsWP/04_Assets/06_Covers-articles/2024-07-04 – Interface-utilisateur-service-cloud-copilhost – Cover article.jpg,MOVE,READY,02_PROJETS -> 01_Projets,image/jpeg,99986
1YLTbdMwP_8lqG2KiysNZL4uOWiNRsVg-,2024-07-04 – Interface-utilisateur-ajout-cloud-copilhost – Cover article.jpg,02_PROJETS/schoolsWP/04_Assets/06_Covers-articles/2024-07-04 – Interface-utilisateur-ajout-cloud-copilhost – Cover article.jpg,01_Projets/schoolsWP/04_Assets/06_Covers-articles/2024-07-04 – Interface-utilisateur-ajout-cloud-copilhost – Cover article.jpg,MOVE,READY,02_PROJETS -> 01_Projets,image/jpeg,107966
1YMMS_Q7IFs0wvH-vJ2G86g1HN1ps-q93,2024-07-04 – Options-abonnement-services-cloud-copilhost – Cover article.jpg,02_PROJETS/schoolsWP/04_Assets/06_Covers-articles/2024-07-04 – Options-abonnement-services-cloud-copilhost – Cover article.jpg,01_Projets/schoolsWP/04_Assets/06_Covers-articles/2024-07-04 – Options-abonnement-services-cloud-copilhost – Cover article.jpg,MOVE,READY,02_PROJETS -> 01_Projets,image/jpeg,135556
1YWlObUYtKXeJHVfy2lpjjjDYNZKprct1,2024-07-04 – Copilhost-centre-aide-support-gestion-sites-wordpress – Cover article.jpg,02_PROJETS/schoolsWP/04_Assets/06_Covers-articles/2024-07-04 – Copilhost-centre-aide-support-gestion-sites-wordpress – Cover article.jpg,01_Projets/schoolsWP/04_Assets/06_Covers-articles/2024-07-04 – Copilhost-centre-aide-support-gestion-sites-wordpress – Cover article.jpg,MOVE,READY,02_PROJETS -> 01_Projets,image/jpeg,261302
1YZquLdecdPpJPAeUBxD-TBrL2g7YflaT,2024-07-04 – Logo-copilhost – Cover article.png,02_PROJETS/schoolsWP/04_Assets/06_Covers-articles/2024-07-04 – Logo-copilhost – Cover article.png,01_Projets/schoolsWP/04_Assets/06_Covers-articles/2024-07-04 – Logo-copilhost – Cover article.png,MOVE,READY,02_PROJETS -> 01_Projets,image/png,42695
1qbzbaUzwIeP6XEcNSIG8c5paaLzPVnXO,2024-06-15 – FluentBooking Tableau de bord – Cover article.jpg,02_PROJETS/schoolsWP/04_Assets/06_Covers-articles/2024-06-15 – FluentBooking Tableau de bord – Cover article.jpg,01_Projets/schoolsWP/04_Assets/06_Covers-articles/2024-06-15 – FluentBooking Tableau de bord – Cover article.jpg,MOVE,READY,02_PROJETS -> 01_Projets,image/jpeg,142776
1qXa4to44kwJ5OKswV3XDkYQHIsVagGne,2024-06-15 – FluentBooking- La Solution Ultime pour Optimiser la Planification et les Rése... – Cover article.jpg,02_PROJETS/schoolsWP/04_Assets/06_Covers-articles/2024-06-15 – FluentBooking- La Solution Ultime pour Optimiser la Planification et les Rése... – Cover article.jpg,01_Projets/schoolsWP/04_Assets/06_Covers-articles/2024-06-15 – FluentBooking- La Solution Ultime pour Optimiser la Planification et les Rése... – Cover article.jpg,MOVE,READY,02_PROJETS -> 01_Projets,image/jpeg,319138
1qsl1vVErvf7Hgw2kVwID5v-xHBSAj7A3,2024-06-15 – FluentBooking---Tableau-de-bord---Disponibilité – Cover article.jpg,02_PROJETS/schoolsWP/04_Assets/06_Covers-articles/2024-06-15 – FluentBooking---Tableau-de-bord---Disponibilité – Cover article.jpg,01_Projets/schoolsWP/04_Assets/06_Covers-articles/2024-06-15 – FluentBooking---Tableau-de-bord---Disponibilité – Cover article.jpg,MOVE,READY,02_PROJETS -> 01_Projets,image/jpeg,94345
1qvchZrIF-U-t8g_GMNtcFoAg3tpzq6Cs,2024-06-15 – FluentBooking-Tableau-de-bord-Ajout-Disponibilité – Cover article.jpg,02_PROJETS/schoolsWP/04_Assets/06_Covers-articles/2024-06-15 – FluentBooking-Tableau-de-bord-Ajout-Disponibilité – Cover article.jpg,01_Projets/schoolsWP/04_Assets/06_Covers-articles/2024-06-15 – FluentBooking-Tableau-de-bord-Ajout-Disponibilité – Cover article.jpg,MOVE,READY,02_PROJETS -> 01_Projets,image/jpeg,50359
1qEiK2RxWtB4gAkaccTSNPHTo8kWk6_JW,2024-06-15 – FluentBooking-ajout-disponibilité-horaires – Cover article.jpg,02_PROJETS/schoolsWP/04_Assets/06_Covers-articles/2024-06-15 – FluentBooking-ajout-disponibilité-horaires – Cover article.jpg,01_Projets/schoolsWP/04_Assets/06_Covers-articles/2024-06-15 – FluentBooking-ajout-disponibilité-horaires – Cover article.jpg,MOVE,READY,02_PROJETS -> 01_Projets,image/jpeg,266459
1qLSGqdM59wmDhis4S56DwXoGhPK-Lgsv,2024-06-15 – FluentBooking pour WordPress Simplifiez vos réservations en ligne – Cover article.jpg,02_PROJETS/schoolsWP/04_Assets/06_Covers-articles/2024-06-15 – FluentBooking pour WordPress Simplifiez vos réservations en ligne – Cover article.jpg,01_Projets/schoolsWP/04_Assets/06_Covers-articles/2024-06-15 – FluentBooking pour WordPress Simplifiez vos réservations en ligne – Cover article.jpg,MOVE,READY,02_PROJETS -> 01_Projets,image/jpeg,139167
1qKC2Ha3hHqwbUBIrYcV2Vgcgac2syITY,2024-06-15 – FluentBooking WordPress Plugin Maximisez vos réservations en ligne – Cover article.jpg,02_PROJETS/schoolsWP/04_Assets/06_Covers-articles/2024-06-15 – FluentBooking WordPress Plugin Maximisez vos réservations en ligne – Cover article.jpg,01_Projets/schoolsWP/04_Assets/06_Covers-articles/2024-06-15 – FluentBooking WordPress Plugin Maximisez vos réservations en ligne – Cover article.jpg,MOVE,READY,02_PROJETS -> 01_Projets,image/jpeg,151347
1qm3xmJwLABA4uyMJeF2M1l8_llzTctzR,2024-06-15 – Comparaison FluentBooking vs Amelia Booking Choix de Plugin de Réservation po... – Cover article.jpg,02_PROJETS/schoolsWP/04_Assets/06_Covers-articles/2024-06-15 – Comparaison FluentBooking vs Amelia Booking Choix de Plugin de Réservation po... – Cover article.jpg,01_Projets/schoolsWP/04_Assets/06_Covers-articles/2024-06-15 – Comparaison FluentBooking vs Amelia Booking Choix de Plugin de Réservation po... – Cover article.jpg,MOVE,READY,02_PROJETS -> 01_Projets,image/jpeg,310546
1_ZhSREOzqpnQEVhcUPE5e8njp7TfX7mI,2024-07-08 – Structurer-article-wordpress-lisibilite – Cover article.jpg,02_PROJETS/schoolsWP/04_Assets/06_Covers-articles/2024-07-08 – Structurer-article-wordpress-lisibilite – Cover article.jpg,01_Projets/schoolsWP/04_Assets/06_Covers-articles/2024-07-08 – Structurer-article-wordpress-lisibilite – Cover article.jpg,MOVE,READY,02_PROJETS -> 01_Projets,image/jpeg,292594
1h0R4e9-VmuWghVgU30ONZqwctrA_bQEi,2024-07-26 – Suremembers-plugin-adhesion-wordpress – Cover article.jpg,02_PROJETS/schoolsWP/04_Assets/06_Covers-articles/2024-07-26 – Suremembers-plugin-adhesion-wordpress – Cover article.jpg,01_Projets/schoolsWP/04_Assets/06_Covers-articles/2024-07-26 – Suremembers-plugin-adhesion-wordpress – Cover article.jpg,MOVE,READY,02_PROJETS -> 01_Projets,image/jpeg,271385
1hIeQsrUdaCagS3cr7dL11a8k7N9pqOEs,2024-07-26 – Suremembers-section-telechargements – Cover article.jpg,02_PROJETS/schoolsWP/04_Assets/06_Covers-articles/2024-07-26 – Suremembers-section-telechargements – Cover article.jpg,01_Projets/schoolsWP/04_Assets/06_Covers-articles/2024-07-26 – Suremembers-section-telechargements – Cover article.jpg,MOVE,READY,02_PROJETS -> 01_Projets,image/jpeg,101650
1hMtqELUZFSISmfhz310yu0VPqYgfjBIp,2024-07-26 – Installation-extension-surememberson-wordpress – Cover article.jpg,02_PROJETS/schoolsWP/04_Assets/06_Covers-articles/2024-07-26 – Installation-extension-surememberson-wordpress – Cover article.jpg,01_Projets/schoolsWP/04_Assets/06_Covers-articles/2024-07-26 – Installation-extension-surememberson-wordpress – Cover article.jpg,MOVE,READY,02_PROJETS -> 01_Projets,image/jpeg,43507
1hRN97EXSYzrbTp0C4ZDEN2gMRzHThvV0,2024-07-26 – Installation-extension-suremembers-1-10-3 – Cover article.jpg,02_PROJETS/schoolsWP/04_Assets/06_Covers-articles/2024-07-26 – Installation-extension-suremembers-1-10-3 – Cover article.jpg,01_Projets/schoolsWP/04_Assets/06_Covers-articles/2024-07-26 – Installation-extension-suremembers-1-10-3 – Cover article.jpg,MOVE,READY,02_PROJETS -> 01_Projets,image/jpeg,148040
1hRZ7_kRvpC1KgU6gURnJhRYyh-iDDPba,2024-07-26 – Interface-administration-suremembres-configuration-roles-acces – Cover article.jpg,02_PROJETS/schoolsWP/04_Assets/06_Covers-articles/2024-07-26 – Interface-administration-suremembres-configuration-roles-acces – Cover article.jpg,01_Projets/schoolsWP/04_Assets/06_Covers-articles/2024-07-26 – Interface-administration-suremembres-configuration-roles-acces – Cover article.jpg,MOVE,READY,02_PROJETS -> 01_Projets,image/jpeg,117155
1hesNJ-9-LDJvF2TWVur5jQnANIHagT13,2024-07-26 – Groupe-acces-suremembers-wordpress-debutants – Cover article.jpg,02_PROJETS/schoolsWP/04_Assets/06_Covers-articles/2024-07-26 – Groupe-acces-suremembers-wordpress-debutants – Cover article.jpg,01_Projets/schoolsWP/04_Assets/06_Covers-articles/2024-07-26 – Groupe-acces-suremembers-wordpress-debutants – Cover article.jpg,MOVE,READY,02_PROJETS -> 01_Projets,image/jpeg,235609
182xMDU7GNH7TMDryt3Tv1rYijJsOo5x9,2024-11-14 – SureMembers – Cover article.jpg,02_PROJETS/schoolsWP/04_Assets/06_Covers-articles/2024-11-14 – SureMembers – Cover article.jpg,01_Projets/schoolsWP/04_Assets/06_Covers-articles/2024-11-14 – SureMembers – Cover article.jpg,MOVE,READY,02_PROJETS -> 01_Projets,image/jpeg,42790
1_sV4UmzTjhgK6_qZNbn0a8hhNg0luBC7,2024-07-09 – Funnelkit-avis-plugin-tunnels-de-vente-wordpress – Cover article.jpg,02_PROJETS/schoolsWP/04_Assets/06_Covers-articles/2024-07-09 – Funnelkit-avis-plugin-tunnels-de-vente-wordpress – Cover article.jpg,01_Projets/schoolsWP/04_Assets/06_Covers-articles/2024-07-09 – Funnelkit-avis-plugin-tunnels-de-vente-wordpress – Cover article.jpg,MOVE,READY,02_PROJETS -> 01_Projets,image/jpeg,257822
1aErJ7cXLLxnQL8ZS3v7O5ILjCL6pa6oV,2024-07-09 – Funnelkit-constructeur-tunnels-vente-wordpress – Cover article.jpg,02_PROJETS/schoolsWP/04_Assets/06_Covers-articles/2024-07-09 – Funnelkit-constructeur-tunnels-vente-wordpress – Cover article.jpg,01_Projets/schoolsWP/04_Assets/06_Covers-articles/2024-07-09 – Funnelkit-constructeur-tunnels-vente-wordpress – Cover article.jpg,MOVE,READY,02_PROJETS -> 01_Projets,image/jpeg,230164
1aTm-R4crMF6ch8gXjJtiFq9Pf_T01OvE,2024-07-11 – Comparaison-plans-tarifaires-funnelkit – Cover article.jpg,02_PROJETS/schoolsWP/04_Assets/06_Covers-articles/2024-07-11 – Comparaison-plans-tarifaires-funnelkit – Cover article.jpg,01_Projets/schoolsWP/04_Assets/06_Covers-articles/2024-07-11 – Comparaison-plans-tarifaires-funnelkit – Cover article.jpg,MOVE,READY,02_PROJETS -> 01_Projets,image/jpeg,886271
1abJmIFDCpmKknfBJc3PjRpMuvLCjm0U4,2024-07-12 – Funnelkit-meilleur-plugin-tunnels-de-vente – Cover article.jpg,02_PROJETS/schoolsWP/04_Assets/06_Covers-articles/2024-07-12 – Funnelkit-meilleur-plugin-tunnels-de-vente – Cover article.jpg,01_Projets/schoolsWP/04_Assets/06_Covers-articles/2024-07-12 – Funnelkit-meilleur-plugin-tunnels-de-vente – Cover article.jpg,MOVE,READY,02_PROJETS -> 01_Projets,image/jpeg,144105
1aeAc57fObf1OjLFA7lTonXUa8Xvm3nLn,2024-07-12 – Avis-funnelkit-meilleur-plugin-tunnels-vente-wordpress – Cover article.jpg,02_PROJETS/schoolsWP/04_Assets/06_Covers-articles/2024-07-12 – Avis-funnelkit-meilleur-plugin-tunnels-vente-wordpress – Cover article.jpg,01_Projets/schoolsWP/04_Assets/06_Covers-articles/2024-07-12 – Avis-funnelkit-meilleur-plugin-tunnels-vente-wordpress – Cover article.jpg,MOVE,READY,02_PROJETS -> 01_Projets,image/jpeg,155146
1cgumXhzFOA1yr-wdyxwXx2Zy3S111Kc_,2024-07-21 – Suremembers-vs-wishlist-members-comparaison – Cover article.jpg,02_PROJETS/schoolsWP/04_Assets/06_Covers-articles/2024-07-21 – Suremembers-vs-wishlist-members-comparaison – Cover article.jpg,01_Projets/schoolsWP/04_Assets/06_Covers-articles/2024-07-21 – Suremembers-vs-wishlist-members-comparaison – Cover article.jpg,MOVE,READY,02_PROJETS -> 01_Projets,image/jpeg,282156
1fyy2OLYIOuvRoSnC6_nrzw4R1spPlr9z,2024-07-21 – Suremembers-vs-wishlist-member – Cover article.jpg,02_PROJETS/schoolsWP/04_Assets/06_Covers-articles/2024-07-21 – Suremembers-vs-wishlist-member – Cover article.jpg,01_Projets/schoolsWP/04_Assets/06_Covers-articles/2024-07-21 – Suremembers-vs-wishlist-member – Cover article.jpg,MOVE,READY,02_PROJETS -> 01_Projets,image/jpeg,191358
1g0kCAPT5L7xctltWnQW2EvIB3MA8i1A2,2024-07-21 – Plugin-wordpress-suremembes-site-adhesion – Cover article.jpg,02_PROJETS/schoolsWP/04_Assets/06_Covers-articles/2024-07-21 – Plugin-wordpress-suremembes-site-adhesion – Cover article.jpg,01_Projets/schoolsWP/04_Assets/06_Covers-articles/2024-07-21 – Plugin-wordpress-suremembes-site-adhesion – Cover article.jpg,MOVE,READY,02_PROJETS -> 01_Projets,image/jpeg,165386
1g1q7NixuGAldziZHNS4UhrsXMI3kP45t,2024-07-25 – Plans-tarification-suremembres – Cover article.jpg,02_PROJETS/schoolsWP/04_Assets/06_Covers-articles/2024-07-25 – Plans-tarification-suremembres – Cover article.jpg,01_Projets/schoolsWP/04_Assets/06_Covers-articles/2024-07-25 – Plans-tarification-suremembres – Cover article.jpg,MOVE,READY,02_PROJETS -> 01_Projets,image/jpeg,182326
1g5vcO2UPKQ69PbUJysNveeOEsiFc7ucU,2024-07-25 – Plans-tarification-wishlist-member – Cover article.jpg,02_PROJETS/schoolsWP/04_Assets/06_Covers-articles/2024-07-25 – Plans-tarification-wishlist-member – Cover article.jpg,01_Projets/schoolsWP/04_Assets/06_Covers-articles/2024-07-25 – Plans-tarification-wishlist-member – Cover article.jpg,MOVE,READY,02_PROJETS -> 01_Projets,image/jpeg,430361
1jJgQnrFgKwgh-vk2bTFmZ7jrZ-r4vDiT,2024-08-02 – Definition-theme-wordpress – Cover article.jpg,02_PROJETS/schoolsWP/04_Assets/06_Covers-articles/2024-08-02 – Definition-theme-wordpress – Cover article.jpg,01_Projets/schoolsWP/04_Assets/06_Covers-articles/2024-08-02 – Definition-theme-wordpress – Cover article.jpg,MOVE,READY,02_PROJETS -> 01_Projets,image/jpeg,270172
1k315_HPLFL8YKnURh_f5d4tJYT1uRqus,2024-08-03 – Capture-tableau-de-bord-wordpress-buddyboss-child-theme – Cover article.jpg,02_PROJETS/schoolsWP/04_Assets/06_Covers-articles/2024-08-03 – Capture-tableau-de-bord-wordpress-buddyboss-child-theme – Cover article.jpg,01_Projets/schoolsWP/04_Assets/06_Covers-articles/2024-08-03 – Capture-tableau-de-bord-wordpress-buddyboss-child-theme – Cover article.jpg,MOVE,READY,02_PROJETS -> 01_Projets,image/jpeg,194830
1k444mXYt7njbLlNHhff6pjCvPRBiuTka,2024-08-03 – Personnalisation-identite-site-wordpress-schoolswp-michael-kihl – Cover article.jpg,02_PROJETS/schoolsWP/04_Assets/06_Covers-articles/2024-08-03 – Personnalisation-identite-site-wordpress-schoolswp-michael-kihl – Cover article.jpg,01_Projets/schoolsWP/04_Assets/06_Covers-articles/2024-08-03 – Personnalisation-identite-site-wordpress-schoolswp-michael-kihl – Cover article.jpg,MOVE,READY,02_PROJETS -> 01_Projets,image/jpeg,115047
1k5TFimH6l0Fe4ppdApF0V8BTALqBoM1a,2024-08-03 – Personnalisation-wordpress-schoolswp-michael-kihl-buddyboss-child – Cover article.jpg,02_PROJETS/schoolsWP/04_Assets/06_Covers-articles/2024-08-03 – Personnalisation-wordpress-schoolswp-michael-kihl-buddyboss-child – Cover article.jpg,01_Projets/schoolsWP/04_Assets/06_Covers-articles/2024-08-03 – Personnalisation-wordpress-schoolswp-michael-kihl-buddyboss-child – Cover article.jpg,MOVE,READY,02_PROJETS -> 01_Projets,image/jpeg,107319
1k65IokTaemclNikUSKgdc_PeNxA9pwI-,2024-08-03 – Selection-themes-wordpress-populaires – Cover article.jpg,02_PROJETS/schoolsWP/04_Assets/06_Covers-articles/2024-08-03 – Selection-themes-wordpress-populaires – Cover article.jpg,01_Projets/schoolsWP/04_Assets/06_Covers-articles/2024-08-03 – Selection-themes-wordpress-populaires – Cover article.jpg,MOVE,READY,02_PROJETS -> 01_Projets,image/jpeg,294219
1k_V7DV1MQSjp62bAhmU_4MkLPU22Qc2h,2024-08-03 – Linkuma-plateforme-netlinking-accompagnement-personnalise – Cover article.jpg,02_PROJETS/schoolsWP/04_Assets/06_Covers-articles/2024-08-03 – Linkuma-plateforme-netlinking-accompagnement-personnalise – Cover article.jpg,01_Projets/schoolsWP/04_Assets/06_Covers-articles/2024-08-03 – Linkuma-plateforme-netlinking-accompagnement-personnalise – Cover article.jpg,MOVE,READY,02_PROJETS -> 01_Projets,image/jpeg,175578
1l4F0t4EjTW0YwVgUOZpvmvDew4D8gL7C,2024-08-03 – Interface-utilisateur-offres-seo-linkuma – Cover article.jpg,02_PROJETS/schoolsWP/04_Assets/06_Covers-articles/2024-08-03 – Interface-utilisateur-offres-seo-linkuma – Cover article.jpg,01_Projets/schoolsWP/04_Assets/06_Covers-articles/2024-08-03 – Interface-utilisateur-offres-seo-linkuma – Cover article.jpg,MOVE,READY,02_PROJETS -> 01_Projets,image/jpeg,320510
1l8gU8aiIxTO0YPWJOAzTcAjNRDcx6NqX,2024-08-03 – Interface-utilisateur-commande-redaction-seo-linkuma – Cover article.jpg,02_PROJETS/schoolsWP/04_Assets/06_Covers-articles/2024-08-03 – Interface-utilisateur-commande-redaction-seo-linkuma – Cover article.jpg,01_Projets/schoolsWP/04_Assets/06_Covers-articles/2024-08-03 – Interface-utilisateur-commande-redaction-seo-linkuma – Cover article.jpg,MOVE,READY,02_PROJETS -> 01_Projets,image/jpeg,485751
1lERc51FgzuFIYfYQ_jCMCWhxSHzwK-KI,2024-08-03 – Interface-delegation-commandes-linkuma – Cover article.jpg,02_PROJETS/schoolsWP/04_Assets/06_Covers-articles/2024-08-03 – Interface-delegation-commandes-linkuma – Cover article.jpg,01_Projets/schoolsWP/04_Assets/06_Covers-articles/2024-08-03 – Interface-delegation-commandes-linkuma – Cover article.jpg,MOVE,READY,02_PROJETS -> 01_Projets,image/jpeg,268038
1laWjX6xe88Mj-crtb9n4eE2QPPx12cYI,2024-08-07 – Interface-creation-formulaires-fluent-forms – Cover article.jpg,02_PROJETS/schoolsWP/04_Assets/06_Covers-articles/2024-08-07 – Interface-creation-formulaires-fluent-forms – Cover article.jpg,01_Projets/schoolsWP/04_Assets/06_Covers-articles/2024-08-07 – Interface-creation-formulaires-fluent-forms – Cover article.jpg,MOVE,READY,02_PROJETS -> 01_Projets,image/jpeg,94157
1lh0aUdWUBsCRUaiw-EZNX6MltnswayXR,2024-08-07 – Interface-selection-modeles-formulaires-fluent-forms – Cover article.jpg,02_PROJETS/schoolsWP/04_Assets/06_Covers-articles/2024-08-07 – Interface-selection-modeles-formulaires-fluent-forms – Cover article.jpg,01_Projets/schoolsWP/04_Assets/06_Covers-articles/2024-08-07 – Interface-selection-modeles-formulaires-fluent-forms – Cover article.jpg,MOVE,READY,02_PROJETS -> 01_Projets,image/jpeg,106769
1li4_qfoi2GZev_Oyebj--KBuKST-CIuz,2024-08-07 – Interface-edition-formulaires-fluent-forms – Cover article.jpg,02_PROJETS/schoolsWP/04_Assets/06_Covers-articles/2024-08-07 – Interface-edition-formulaires-fluent-forms – Cover article.jpg,01_Projets/schoolsWP/04_Assets/06_Covers-articles/2024-08-07 – Interface-edition-formulaires-fluent-forms – Cover article.jpg,MOVE,READY,02_PROJETS -> 01_Projets,image/jpeg,161562
1lqI4f73-uqR55zBIHcF5-EVEt72Wh0mn,2024-08-07 – Fluent-forms-plugin-wordpress-formulaires – Cover article.jpg,02_PROJETS/schoolsWP/04_Assets/06_Covers-articles/2024-08-07 – Fluent-forms-plugin-wordpress-formulaires – Cover article.jpg,01_Projets/schoolsWP/04_Assets/06_Covers-articles/2024-08-07 – Fluent-forms-plugin-wordpress-formulaires – Cover article.jpg,MOVE,READY,02_PROJETS -> 01_Projets,image/jpeg,269377
1lqZKo7u3HkTQd8T3pYkC92GRLi-nraHW,2024-08-07 – Fluent-forms-editeur-champs-formulaires – Cover article.jpg,02_PROJETS/schoolsWP/04_Assets/06_Covers-articles/2024-08-07 – Fluent-forms-editeur-champs-formulaires – Cover article.jpg,01_Projets/schoolsWP/04_Assets/06_Covers-articles/2024-08-07 – Fluent-forms-editeur-champs-formulaires – Cover article.jpg,MOVE,READY,02_PROJETS -> 01_Projets,image/jpeg,383383
1lqwG5WX44m9RQlEsqHkTJgXFcZHnsR5K,2024-08-07 – Reglages-google-recaptcha-fluent-forms – Cover article.jpg,02_PROJETS/schoolsWP/04_Assets/06_Covers-articles/2024-08-07 – Reglages-google-recaptcha-fluent-forms – Cover article.jpg,01_Projets/schoolsWP/04_Assets/06_Covers-articles/2024-08-07 – Reglages-google-recaptcha-fluent-forms – Cover article.jpg,MOVE,READY,02_PROJETS -> 01_Projets,image/jpeg,169581
1lu7BPSotixUfUt2OnXbbbGOVWcSEx5Ut,2024-08-07 – Suivi-entrees-fluent-forms – Cover article.jpg,02_PROJETS/schoolsWP/04_Assets/06_Covers-articles/2024-08-07 – Suivi-entrees-fluent-forms – Cover article.jpg,01_Projets/schoolsWP/04_Assets/06_Covers-articles/2024-08-07 – Suivi-entrees-fluent-forms – Cover article.jpg,MOVE,READY,02_PROJETS -> 01_Projets,image/jpeg,99478
1lxSpK9nH2jaAdYyB15wyA9U17Mrv8zd9,2024-08-07 – Gestion-modules-fluent-forms – Cover article.jpg,02_PROJETS/schoolsWP/04_Assets/06_Covers-articles/2024-08-07 – Gestion-modules-fluent-forms – Cover article.jpg,01_Projets/schoolsWP/04_Assets/06_Covers-articles/2024-08-07 – Gestion-modules-fluent-forms – Cover article.jpg,MOVE,READY,02_PROJETS -> 01_Projets,image/jpeg,1294844
1m0Wm_5nplNjF0DURkDqymWL5m7WBgIOW,2024-08-08 – Connexion-fluentcrm-wp-fluent-forms – Cover article.jpg,02_PROJETS/schoolsWP/04_Assets/06_Covers-articles/2024-08-08 – Connexion-fluentcrm-wp-fluent-forms – Cover article.jpg,01_Projets/schoolsWP/04_Assets/06_Covers-articles/2024-08-08 – Connexion-fluentcrm-wp-fluent-forms – Cover article.jpg,MOVE,READY,02_PROJETS -> 01_Projets,image/jpeg,137908
1m1rEpG67brDVcj5PUUGGR715gAKg3naq,2024-08-08 – Notifications-temps-reel-slack-nouvelles-soumissions – Cover article.jpg,02_PROJETS/schoolsWP/04_Assets/06_Covers-articles/2024-08-08 – Notifications-temps-reel-slack-nouvelles-soumissions – Cover article.jpg,01_Projets/schoolsWP/04_Assets/06_Covers-articles/2024-08-08 – Notifications-temps-reel-slack-nouvelles-soumissions – Cover article.jpg,MOVE,READY,02_PROJETS -> 01_Projets,image/jpeg,115864
1m228UEPsXa5sUnQh_9P1Q_OSLJpQmU9o,2024-08-08 – Integration-google-sheets-fluent-forms – Cover article.jpg,02_PROJETS/schoolsWP/04_Assets/06_Covers-articles/2024-08-08 – Integration-google-sheets-fluent-forms – Cover article.jpg,01_Projets/schoolsWP/04_Assets/06_Covers-articles/2024-08-08 – Integration-google-sheets-fluent-forms – Cover article.jpg,MOVE,READY,02_PROJETS -> 01_Projets,image/jpeg,138083
1m4QZxT_8-XmmNdc9zQiaKC58lNHpb4Xz,2024-08-08 – Creation-post-custom-post-types-fluent-forms – Cover article.jpg,02_PROJETS/schoolsWP/04_Assets/06_Covers-articles/2024-08-08 – Creation-post-custom-post-types-fluent-forms – Cover article.jpg,01_Projets/schoolsWP/04_Assets/06_Covers-articles/2024-08-08 – Creation-post-custom-post-types-fluent-forms – Cover article.jpg,MOVE,READY,02_PROJETS -> 01_Projets,image/jpeg,153811
1mGwKwBY1sbdHFBckAW6_Afrg-v578F0V,2024-08-13 – Wpboutik-plugin-ecommerce-wordpress-simple – Cover article.jpg,02_PROJETS/schoolsWP/04_Assets/06_Covers-articles/2024-08-13 – Wpboutik-plugin-ecommerce-wordpress-simple – Cover article.jpg,01_Projets/schoolsWP/04_Assets/06_Covers-articles/2024-08-13 – Wpboutik-plugin-ecommerce-wordpress-simple – Cover article.jpg,MOVE,READY,02_PROJETS -> 01_Projets,image/jpeg,181437
1pqka_xDQzutCucbj-9XOvcf-lcp0iBIn,2024-08-29 – Boost-seo-seokey-wordpress-plugin – Cover article.jpg,02_PROJETS/schoolsWP/04_Assets/06_Covers-articles/2024-08-29 – Boost-seo-seokey-wordpress-plugin – Cover article.jpg,01_Projets/schoolsWP/04_Assets/06_Covers-articles/2024-08-29 – Boost-seo-seokey-wordpress-plugin – Cover article.jpg,MOVE,READY,02_PROJETS -> 01_Projets,image/jpeg,202759
1pvn-DCFS3lmKUpEcq7CTbpCQp8KovXa5,2024-08-31 – Optimisations-seo-automatiques-seokey-wordpress – Cover article.jpg,02_PROJETS/schoolsWP/04_Assets/06_Covers-articles/2024-08-31 – Optimisations-seo-automatiques-seokey-wordpress – Cover article.jpg,01_Projets/schoolsWP/04_Assets/06_Covers-articles/2024-08-31 – Optimisations-seo-automatiques-seokey-wordpress – Cover article.jpg,MOVE,READY,02_PROJETS -> 01_Projets,image/jpeg,520561
1pxEWeULy7AGa0HvdErNpDnFCQTW5nbBI,2024-08-31 – Rapport-audit-seo-seokey-problemes-identifies – Cover article.jpg,02_PROJETS/schoolsWP/04_Assets/06_Covers-articles/2024-08-31 – Rapport-audit-seo-seokey-problemes-identifies – Cover article.jpg,01_Projets/schoolsWP/04_Assets/06_Covers-articles/2024-08-31 – Rapport-audit-seo-seokey-problemes-identifies – Cover article.jpg,MOVE,READY,02_PROJETS -> 01_Projets,image/jpeg,300395
1pxgbcPMsqgX_u1v9zINoUsDSKk0wR1kl,2024-08-31 – Gestion-textes-alternatifs-seokey-mediatheque-wordpress – Cover article.jpg,02_PROJETS/schoolsWP/04_Assets/06_Covers-articles/2024-08-31 – Gestion-textes-alternatifs-seokey-mediatheque-wordpress – Cover article.jpg,01_Projets/schoolsWP/04_Assets/06_Covers-articles/2024-08-31 – Gestion-textes-alternatifs-seokey-mediatheque-wordpress – Cover article.jpg,MOVE,READY,02_PROJETS -> 01_Projets,image/jpeg,365615
1q2h-4twtXS5QmC0Yi_xgbdiT1b1lvvdf,2024-08-31 – Gestion-redirections-seokey-wordpress – Cover article.jpg,02_PROJETS/schoolsWP/04_Assets/06_Covers-articles/2024-08-31 – Gestion-redirections-seokey-wordpress – Cover article.jpg,01_Projets/schoolsWP/04_Assets/06_Covers-articles/2024-08-31 – Gestion-redirections-seokey-wordpress – Cover article.jpg,MOVE,READY,02_PROJETS -> 01_Projets,image/jpeg,365730
1q4FyhlgVmVUpQdwTmbdTPDZq8qg31tNi,2024-08-31 – Audit-seo-hello-world-seokey-wordpress – Cover article.jpg,02_PROJETS/schoolsWP/04_Assets/06_Covers-articles/2024-08-31 – Audit-seo-hello-world-seokey-wordpress – Cover article.jpg,01_Projets/schoolsWP/04_Assets/06_Covers-articles/2024-08-31 – Audit-seo-hello-world-seokey-wordpress – Cover article.jpg,MOVE,READY,02_PROJETS -> 01_Projets,image/jpeg,248179
1q4u3gOMD9Ww5Vhbhrg2JDtO_JIcXwNo5,2024-08-31 – Tableau-de-bord-seokey-score-outils-seo – Cover article.jpg,02_PROJETS/schoolsWP/04_Assets/06_Covers-articles/2024-08-31 – Tableau-de-bord-seokey-score-outils-seo – Cover article.jpg,01_Projets/schoolsWP/04_Assets/06_Covers-articles/2024-08-31 – Tableau-de-bord-seokey-score-outils-seo – Cover article.jpg,MOVE,READY,02_PROJETS -> 01_Projets,image/jpeg,174270
1rK2Mapq3u8emp2LVIxVFw3JEdfHylWMM,2024-09-16 – Full-site-editing-fse-maitrise-web-wordpress – Cover article.jpg,02_PROJETS/schoolsWP/04_Assets/06_Covers-articles/2024-09-16 – Full-site-editing-fse-maitrise-web-wordpress – Cover article.jpg,01_Projets/schoolsWP/04_Assets/06_Covers-articles/2024-09-16 – Full-site-editing-fse-maitrise-web-wordpress – Cover article.jpg,MOVE,READY,02_PROJETS -> 01_Projets,image/jpeg,284077
1uc7B9Zy7wDXpWccIoXXw6dEP6CmabChD,2024-09-22 – Wordpress-section-apparence-personnalisation – Cover article.jpg,02_PROJETS/schoolsWP/04_Assets/06_Covers-articles/2024-09-22 – Wordpress-section-apparence-personnalisation – Cover article.jpg,01_Projets/schoolsWP/04_Assets/06_Covers-articles/2024-09-22 – Wordpress-section-apparence-personnalisation – Cover article.jpg,MOVE,READY,02_PROJETS -> 01_Projets,image/jpeg,92392
1ull4u7Fdc39ckOayGaletS1Q9IMSqp4A,2024-09-22 – Wordpress-twenty-twenty-four-modeles-pages – Cover article.jpg,02_PROJETS/schoolsWP/04_Assets/06_Covers-articles/2024-09-22 – Wordpress-twenty-twenty-four-modeles-pages – Cover article.jpg,01_Projets/schoolsWP/04_Assets/06_Covers-articles/2024-09-22 – Wordpress-twenty-twenty-four-modeles-pages – Cover article.jpg,MOVE,READY,02_PROJETS -> 01_Projets,image/jpeg,285138
1uwSR1M8Cr5lqFAH-9E4nlpVlDvOSnSrD,2024-09-22 – Wordpress-modeles-mise-en-page-banniere-tarification-galerie – Cover article.jpg,02_PROJETS/schoolsWP/04_Assets/06_Covers-articles/2024-09-22 – Wordpress-modeles-mise-en-page-banniere-tarification-galerie – Cover article.jpg,01_Projets/schoolsWP/04_Assets/06_Covers-articles/2024-09-22 – Wordpress-modeles-mise-en-page-banniere-tarification-galerie – Cover article.jpg,MOVE,READY,02_PROJETS -> 01_Projets,image/jpeg,412275
1v10rodUzBafwALlkeIN2iMhyGbtRuOMY,2024-09-22 – Wordpress-personnalisation-styles-schoolswp – Cover article.jpg,02_PROJETS/schoolsWP/04_Assets/06_Covers-articles/2024-09-22 – Wordpress-personnalisation-styles-schoolswp – Cover article.jpg,01_Projets/schoolsWP/04_Assets/06_Covers-articles/2024-09-22 – Wordpress-personnalisation-styles-schoolswp – Cover article.jpg,MOVE,READY,02_PROJETS -> 01_Projets,image/jpeg,126010
1v14CdNhibLMV6wZ8IQbNw-4l07Tb9kRY,2024-09-22 – Wordpress-editeur-styles-personnalisation-typographie – Cover article.jpg,02_PROJETS/schoolsWP/04_Assets/06_Covers-articles/2024-09-22 – Wordpress-editeur-styles-personnalisation-typographie – Cover article.jpg,01_Projets/schoolsWP/04_Assets/06_Covers-articles/2024-09-22 – Wordpress-editeur-styles-personnalisation-typographie – Cover article.jpg,MOVE,READY,02_PROJETS -> 01_Projets,image/jpeg,138355
1vJQDvg6LuHqPwmbAR8xr74LN5jjX-7mD,2024-09-25 – Suremembers-vs-restrict-content-pro-comparatif-plugins-adhesion – Cover article.jpg,02_PROJETS/schoolsWP/04_Assets/06_Covers-articles/2024-09-25 – Suremembers-vs-restrict-content-pro-comparatif-plugins-adhesion – Cover article.jpg,01_Projets/schoolsWP/04_Assets/06_Covers-articles/2024-09-25 – Suremembers-vs-restrict-content-pro-comparatif-plugins-adhesion – Cover article.jpg,MOVE,READY,02_PROJETS -> 01_Projets,image/jpeg,302386
1wDvNjLy1JH8kOxCSd9VzOepZsO17SUCr,2024-10-02 – Restrict-content-pro-plugin-wordpress-gestion-contenu – Cover article.jpg,02_PROJETS/schoolsWP/04_Assets/06_Covers-articles/2024-10-02 – Restrict-content-pro-plugin-wordpress-gestion-contenu – Cover article.jpg,01_Projets/schoolsWP/04_Assets/06_Covers-articles/2024-10-02 – Restrict-content-pro-plugin-wordpress-gestion-contenu – Cover article.jpg,MOVE,READY,02_PROJETS -> 01_Projets,image/jpeg,169008
1wBZtJdqMraZ2H8rR0B9Y78QRZUCp7Orx,2024-09-30 – Comparatif-zipwp-vs-instawp-lancer-wordpress-rapidement – Cover article.jpg,02_PROJETS/schoolsWP/04_Assets/06_Covers-articles/2024-09-30 – Comparatif-zipwp-vs-instawp-lancer-wordpress-rapidement – Cover article.jpg,01_Projets/schoolsWP/04_Assets/06_Covers-articles/2024-09-30 – Comparatif-zipwp-vs-instawp-lancer-wordpress-rapidement – Cover article.jpg,MOVE,READY,02_PROJETS -> 01_Projets,image/jpeg,276028
1XNmE6lRrvwSquN_tJGUv7Twf3s8GMx_S,2024-06-24 – Comment-créer-article-blog-wordpress – Cover article.jpg,02_PROJETS/schoolsWP/04_Assets/06_Covers-articles/2024-06-24 – Comment-créer-article-blog-wordpress – Cover article.jpg,01_Projets/schoolsWP/04_Assets/06_Covers-articles/2024-06-24 – Comment-créer-article-blog-wordpress – Cover article.jpg,MOVE,READY,02_PROJETS -> 01_Projets,image/jpeg,149123
1Xgn6V8neRIKPKldu1tu5LJ29Zfz9L065,2024-06-25 – Diagram 65b1ea4b8ed647b28be61a0e11c3c241 – Cover article.png,02_PROJETS/schoolsWP/04_Assets/06_Covers-articles/2024-06-25 – Diagram 65b1ea4b8ed647b28be61a0e11c3c241 – Cover article.png,01_Projets/schoolsWP/04_Assets/06_Covers-articles/2024-06-25 – Diagram 65b1ea4b8ed647b28be61a0e11c3c241 – Cover article.png,MOVE,READY,02_PROJETS -> 01_Projets,image/png,86513
1XnOl2fv3GqWSwWP_vaorrrfAUVvtS7EK,2024-06-25 – Guide-structure-article-wordpress-seo – Cover article.jpg,02_PROJETS/schoolsWP/04_Assets/06_Covers-articles/2024-06-25 – Guide-structure-article-wordpress-seo – Cover article.jpg,01_Projets/schoolsWP/04_Assets/06_Covers-articles/2024-06-25 – Guide-structure-article-wordpress-seo – Cover article.jpg,MOVE,READY,02_PROJETS -> 01_Projets,image/jpeg,534227
1XUNG8hynch0bEN4HsA-WvEW2Rc0Edaeb,2024-06-24 – Instawp-creation-site-wordpress-rapide – Cover article.jpg,02_PROJETS/schoolsWP/04_Assets/06_Covers-articles/2024-06-24 – Instawp-creation-site-wordpress-rapide – Cover article.jpg,01_Projets/schoolsWP/04_Assets/06_Covers-articles/2024-06-24 – Instawp-creation-site-wordpress-rapide – Cover article.jpg,MOVE,READY,02_PROJETS -> 01_Projets,image/jpeg,137147
1XaEg2kTB0NbanRk0LJrEqWxDOdETlBkZ,2024-06-24 – Instawp-construction-site-wordpress-rapide – Cover article.jpg,02_PROJETS/schoolsWP/04_Assets/06_Covers-articles/2024-06-24 – Instawp-construction-site-wordpress-rapide – Cover article.jpg,01_Projets/schoolsWP/04_Assets/06_Covers-articles/2024-06-24 – Instawp-construction-site-wordpress-rapide – Cover article.jpg,MOVE,READY,02_PROJETS -> 01_Projets,image/jpeg,144917
1npdBUFRq0Y7t4YVaCH0GeYD_Erihb2do,2024-08-17 – Creez-site-wordpress-instawp-schoolswp – Cover article.jpg,02_PROJETS/schoolsWP/04_Assets/06_Covers-articles/2024-08-17 – Creez-site-wordpress-instawp-schoolswp – Cover article.jpg,01_Projets/schoolsWP/04_Assets/06_Covers-articles/2024-08-17 – Creez-site-wordpress-instawp-schoolswp – Cover article.jpg,MOVE,READY,02_PROJETS -> 01_Projets,image/jpeg,104851
11NvThTTV1emYMdUREffOffD1u-oghgDM,2024-11-06 – Créer un site WordPress sans installation avec TasteWP – Cover article.jpg,02_PROJETS/schoolsWP/04_Assets/06_Covers-articles/2024-11-06 – Créer un site WordPress sans installation avec TasteWP – Cover article.jpg,01_Projets/schoolsWP/04_Assets/06_Covers-articles/2024-11-06 – Créer un site WordPress sans installation avec TasteWP – Cover article.jpg,MOVE,READY,02_PROJETS -> 01_Projets,image/jpeg,243420
11MVO7Ekzdz1Geilvnkv-p7ZWH9UP8ABP,2024-11-06 – Tastewp-creation-facile-site-wordpress-en-ligne – Cover article.jpg,02_PROJETS/schoolsWP/04_Assets/06_Covers-articles/2024-11-06 – Tastewp-creation-facile-site-wordpress-en-ligne – Cover article.jpg,01_Projets/schoolsWP/04_Assets/06_Covers-articles/2024-11-06 – Tastewp-creation-facile-site-wordpress-en-ligne – Cover article.jpg,MOVE,READY,02_PROJETS -> 01_Projets,image/jpeg,260894
11DldGx4fb07sVbWv6GgsqyPT-RXmcHqD,2024-11-06 – Creation-site-wordpress-en-ligne-tastewp – Cover article.jpg,02_PROJETS/schoolsWP/04_Assets/06_Covers-articles/2024-11-06 – Creation-site-wordpress-en-ligne-tastewp – Cover article.jpg,01_Projets/schoolsWP/04_Assets/06_Covers-articles/2024-11-06 – Creation-site-wordpress-en-ligne-tastewp – Cover article.jpg,MOVE,READY,02_PROJETS -> 01_Projets,image/jpeg,223335
11FaVcUmCmhzKlxDFopYKOqX_qeYupfgg,2024-11-06 – Confirmation-creation-site-wordpress-tastewp – Cover article.jpg,02_PROJETS/schoolsWP/04_Assets/06_Covers-articles/2024-11-06 – Confirmation-creation-site-wordpress-tastewp – Cover article.jpg,01_Projets/schoolsWP/04_Assets/06_Covers-articles/2024-11-06 – Confirmation-creation-site-wordpress-tastewp – Cover article.jpg,MOVE,READY,02_PROJETS -> 01_Projets,image/jpeg,216924
11P6MjT-CtTYytAbtGgpE5_QQuFg1Vob0,2024-11-06 – Confirmation-creation-site-wordpress-expiration-tastewp – Cover article.jpg,02_PROJETS/schoolsWP/04_Assets/06_Covers-articles/2024-11-06 – Confirmation-creation-site-wordpress-expiration-tastewp – Cover article.jpg,01_Projets/schoolsWP/04_Assets/06_Covers-articles/2024-11-06 – Confirmation-creation-site-wordpress-expiration-tastewp – Cover article.jpg,MOVE,READY,02_PROJETS -> 01_Projets,image/jpeg,242135
11PmHXgge2eIE30XzFdme9Od7AYrI8ZCc,2024-11-06 – Configuration-avancee-site-wordpress-tastewp – Cover article.jpg,02_PROJETS/schoolsWP/04_Assets/06_Covers-articles/2024-11-06 – Configuration-avancee-site-wordpress-tastewp – Cover article.jpg,01_Projets/schoolsWP/04_Assets/06_Covers-articles/2024-11-06 – Configuration-avancee-site-wordpress-tastewp – Cover article.jpg,MOVE,READY,02_PROJETS -> 01_Projets,image/jpeg,290331
18YOr4ZrrVUEo8Chp0b3jlN1dT9SE-vG-,2024-11-20 – Slug-wordpress-optimisation-seo – Cover article.jpg,02_PROJETS/schoolsWP/04_Assets/06_Covers-articles/2024-11-20 – Slug-wordpress-optimisation-seo – Cover article.jpg,01_Projets/schoolsWP/04_Assets/06_Covers-articles/2024-11-20 – Slug-wordpress-optimisation-seo – Cover article.jpg,MOVE,READY,02_PROJETS -> 01_Projets,image/jpeg,206164
198a-tcdDblV2Ci10BiedhqNsRGBdGy10,2024-11-21 – Slug-wordpress-amelioration-seo – Cover article.jpg,02_PROJETS/schoolsWP/04_Assets/06_Covers-articles/2024-11-21 – Slug-wordpress-amelioration-seo – Cover article.jpg,01_Projets/schoolsWP/04_Assets/06_Covers-articles/2024-11-21 – Slug-wordpress-amelioration-seo – Cover article.jpg,MOVE,READY,02_PROJETS -> 01_Projets,image/jpeg,128168
19CAdHXnHPsMGSu4oHye9YVMqbjAKmD2c,2024-11-21 – Slug-wordpress-importance-seo – Cover article.jpg,02_PROJETS/schoolsWP/04_Assets/06_Covers-articles/2024-11-21 – Slug-wordpress-importance-seo – Cover article.jpg,01_Projets/schoolsWP/04_Assets/06_Covers-articles/2024-11-21 – Slug-wordpress-importance-seo – Cover article.jpg,MOVE,READY,02_PROJETS -> 01_Projets,image/jpeg,27468
19L3G9NCPtsm6I_9xWPP4YJJgcpXOCzSY,2024-11-21 – Link-finder-optimisation-netlinking-moindre-cout – Cover article.jpg,02_PROJETS/schoolsWP/04_Assets/06_Covers-articles/2024-11-21 – Link-finder-optimisation-netlinking-moindre-cout – Cover article.jpg,01_Projets/schoolsWP/04_Assets/06_Covers-articles/2024-11-21 – Link-finder-optimisation-netlinking-moindre-cout – Cover article.jpg,MOVE,READY,02_PROJETS -> 01_Projets,image/jpeg,250858
19aVaW279czFN8xgIbrOU11YdltX4i3hj,2024-11-24 – Link-finder-comparateur-plateformes-netlinking – Cover article.jpg,02_PROJETS/schoolsWP/04_Assets/06_Covers-articles/2024-11-24 – Link-finder-comparateur-plateformes-netlinking – Cover article.jpg,01_Projets/schoolsWP/04_Assets/06_Covers-articles/2024-11-24 – Link-finder-comparateur-plateformes-netlinking – Cover article.jpg,MOVE,READY,02_PROJETS -> 01_Projets,image/jpeg,242333
1A85sWHT6bV6R3g_e5K_VhqrVKsLcCXrW,2024-11-25 – Wordpress-playground-cest-quoi – Cover article.jpg,02_PROJETS/schoolsWP/04_Assets/06_Covers-articles/2024-11-25 – Wordpress-playground-cest-quoi – Cover article.jpg,01_Projets/schoolsWP/04_Assets/06_Covers-articles/2024-11-25 – Wordpress-playground-cest-quoi – Cover article.jpg,MOVE,READY,02_PROJETS -> 01_Projets,image/jpeg,252053
1ALX4X5NVSrtCDUcVP3emvW80uluW6irv,2024-11-25 – Page-accueil-wordpress-hello-world – Cover article.jpg,02_PROJETS/schoolsWP/04_Assets/06_Covers-articles/2024-11-25 – Page-accueil-wordpress-hello-world – Cover article.jpg,01_Projets/schoolsWP/04_Assets/06_Covers-articles/2024-11-25 – Page-accueil-wordpress-hello-world – Cover article.jpg,MOVE,READY,02_PROJETS -> 01_Projets,image/jpeg,78677
1AMbM6e5AB0YtrUWvoMBIeBhGl4LxvFNY,2024-11-25 – Configuration-wordpress-6-7-php-8-langue-francaise – Cover article.jpg,02_PROJETS/schoolsWP/04_Assets/06_Covers-articles/2024-11-25 – Configuration-wordpress-6-7-php-8-langue-francaise – Cover article.jpg,01_Projets/schoolsWP/04_Assets/06_Covers-articles/2024-11-25 – Configuration-wordpress-6-7-php-8-langue-francaise – Cover article.jpg,MOVE,READY,02_PROJETS -> 01_Projets,image/jpeg,102992
1Biquepi2d8CXXy_1M7M_gU9Sxp2Avt--,2024-11-26 – Installation-plugin-surecart-wordpress – Cover article.jpg,02_PROJETS/schoolsWP/04_Assets/06_Covers-articles/2024-11-26 – Installation-plugin-surecart-wordpress – Cover article.jpg,01_Projets/schoolsWP/04_Assets/06_Covers-articles/2024-11-26 – Installation-plugin-surecart-wordpress – Cover article.jpg,MOVE,READY,02_PROJETS -> 01_Projets,image/jpeg,37081
1Bi47_AT2MErus-wLrDgMYsd5HYfyj13e,2024-11-26 – Activation-plugin-surecart-wordpress – Cover article.jpg,02_PROJETS/schoolsWP/04_Assets/06_Covers-articles/2024-11-26 – Activation-plugin-surecart-wordpress – Cover article.jpg,01_Projets/schoolsWP/04_Assets/06_Covers-articles/2024-11-26 – Activation-plugin-surecart-wordpress – Cover article.jpg,MOVE,READY,02_PROJETS -> 01_Projets,image/jpeg,35366
1BaeaiZC6k3yEFwygaB6LzHmZYJ9WU4QS,2024-11-26 – Preparation-initialisation-wordpress – Cover article.jpg,02_PROJETS/schoolsWP/04_Assets/06_Covers-articles/2024-11-26 – Preparation-initialisation-wordpress – Cover article.jpg,01_Projets/schoolsWP/04_Assets/06_Covers-articles/2024-11-26 – Preparation-initialisation-wordpress – Cover article.jpg,MOVE,READY,02_PROJETS -> 01_Projets,image/jpeg,36088
1AQrswbA5c_Tfc8rATdf6BQWGxNEF17TO,2024-11-25 – Tableau-de-bord-wordpress-plugin-surecart – Cover article.jpg,02_PROJETS/schoolsWP/04_Assets/06_Covers-articles/2024-11-25 – Tableau-de-bord-wordpress-plugin-surecart – Cover article.jpg,01_Projets/schoolsWP/04_Assets/06_Covers-articles/2024-11-25 – Tableau-de-bord-wordpress-plugin-surecart – Cover article.jpg,MOVE,READY,02_PROJETS -> 01_Projets,image/jpeg,233543
1BnUfQ7EdFwL5Vh--p4Y_lnmtc9-Tmrj2,2024-11-26 – Page-accueil-wordpress-playground – Cover article.jpg,02_PROJETS/schoolsWP/04_Assets/06_Covers-articles/2024-11-26 – Page-accueil-wordpress-playground – Cover article.jpg,01_Projets/schoolsWP/04_Assets/06_Covers-articles/2024-11-26 – Page-accueil-wordpress-playground – Cover article.jpg,MOVE,READY,02_PROJETS -> 01_Projets,image/jpeg,152936
1ByVtowHLq-aAzb_CY8YmUyyYJjJ6enH-,2024-11-26 – Gestion-plugins-wordpress – Cover article.jpg,02_PROJETS/schoolsWP/04_Assets/06_Covers-articles/2024-11-26 – Gestion-plugins-wordpress – Cover article.jpg,01_Projets/schoolsWP/04_Assets/06_Covers-articles/2024-11-26 – Gestion-plugins-wordpress – Cover article.jpg,MOVE,READY,02_PROJETS -> 01_Projets,image/jpeg,209947
1BzOLm0qpIU6B3ed7FLHSW0ZoAuqld3y9,2024-11-26 – Theme-frost-wordpress-page-accueil – Cover article.jpg,02_PROJETS/schoolsWP/04_Assets/06_Covers-articles/2024-11-26 – Theme-frost-wordpress-page-accueil – Cover article.jpg,01_Projets/schoolsWP/04_Assets/06_Covers-articles/2024-11-26 – Theme-frost-wordpress-page-accueil – Cover article.jpg,MOVE,READY,02_PROJETS -> 01_Projets,image/jpeg,107556
1C-v7tNaI6H4-wPxzVdv-C0ASR2GqkcIQ,2024-11-26 – Gestion-themes-wordpress – Cover article.jpg,02_PROJETS/schoolsWP/04_Assets/06_Covers-articles/2024-11-26 – Gestion-themes-wordpress – Cover article.jpg,01_Projets/schoolsWP/04_Assets/06_Covers-articles/2024-11-26 – Gestion-themes-wordpress – Cover article.jpg,MOVE,READY,02_PROJETS -> 01_Projets,image/jpeg,139401
1EdKCrsfpcZCl9avDj1PnO3i-E84siV-P,2024-12-05 – Creation-site-wordpress-sur-mesure-avantages – Cover article.jpg,02_PROJETS/schoolsWP/04_Assets/06_Covers-articles/2024-12-05 – Creation-site-wordpress-sur-mesure-avantages – Cover article.jpg,01_Projets/schoolsWP/04_Assets/06_Covers-articles/2024-12-05 – Creation-site-wordpress-sur-mesure-avantages – Cover article.jpg,MOVE,READY,02_PROJETS -> 01_Projets,image/jpeg,288062
1J3Ys9T0ZJrRb3qFr9bSidV9VuJV4UKn1,2024-12-11 – Vendre-rapidement-wordpress-wpmarmite-pay – Cover article.jpg,02_PROJETS/schoolsWP/04_Assets/06_Covers-articles/2024-12-11 – Vendre-rapidement-wordpress-wpmarmite-pay – Cover article.jpg,01_Projets/schoolsWP/04_Assets/06_Covers-articles/2024-12-11 – Vendre-rapidement-wordpress-wpmarmite-pay – Cover article.jpg,MOVE,READY,02_PROJETS -> 01_Projets,image/jpeg,133831
1JHXBPwTYT6N2y6FFBqg7Nsi_y3dk5KMp,2024-12-12 – Reglages-wpmarmite-pay-stripe-api-webhook – Cover article.jpg,02_PROJETS/schoolsWP/04_Assets/06_Covers-articles/2024-12-12 – Reglages-wpmarmite-pay-stripe-api-webhook – Cover article.jpg,01_Projets/schoolsWP/04_Assets/06_Covers-articles/2024-12-12 – Reglages-wpmarmite-pay-stripe-api-webhook – Cover article.jpg,MOVE,READY,02_PROJETS -> 01_Projets,image/jpeg,119903
1JI5uzt4d4007_TkBuZ8A5Gy0ow4ivYAc,2024-12-12 – Configuration-emails-wordpress-wp-marmite-pay – Cover article.jpg,02_PROJETS/schoolsWP/04_Assets/06_Covers-articles/2024-12-12 – Configuration-emails-wordpress-wp-marmite-pay – Cover article.jpg,01_Projets/schoolsWP/04_Assets/06_Covers-articles/2024-12-12 – Configuration-emails-wordpress-wp-marmite-pay – Cover article.jpg,MOVE,READY,02_PROJETS -> 01_Projets,image/jpeg,218712
1JQ8mICwi6DzgymlsOSRRJEzjJFWNozaX,2024-12-12 – Parametres-stripe-wp-marmite-pay – Cover article.jpg,02_PROJETS/schoolsWP/04_Assets/06_Covers-articles/2024-12-12 – Parametres-stripe-wp-marmite-pay – Cover article.jpg,01_Projets/schoolsWP/04_Assets/06_Covers-articles/2024-12-12 – Parametres-stripe-wp-marmite-pay – Cover article.jpg,MOVE,READY,02_PROJETS -> 01_Projets,image/jpeg,112809
1JQGPKx0jyli3UWDC43cKxUMsQdYI61HY,2024-12-12 – Stripe-wordpress-mode-live-test-configuration – Cover article.jpg,02_PROJETS/schoolsWP/04_Assets/06_Covers-articles/2024-12-12 – Stripe-wordpress-mode-live-test-configuration – Cover article.jpg,01_Projets/schoolsWP/04_Assets/06_Covers-articles/2024-12-12 – Stripe-wordpress-mode-live-test-configuration – Cover article.jpg,MOVE,READY,02_PROJETS -> 01_Projets,image/jpeg,36791
1JVHRnwJg8qn8_jhEmxcj9GwD6BTEoLXs,2024-12-12 – Fluentcommunity-plugin-creer-communaute-wordpress – Cover article.jpg,02_PROJETS/schoolsWP/04_Assets/06_Covers-articles/2024-12-12 – Fluentcommunity-plugin-creer-communaute-wordpress – Cover article.jpg,01_Projets/schoolsWP/04_Assets/06_Covers-articles/2024-12-12 – Fluentcommunity-plugin-creer-communaute-wordpress – Cover article.jpg,MOVE,READY,02_PROJETS -> 01_Projets,image/jpeg,273520
1LB0dKUWS3C6vI4ayyZMGaDyIr4Z1MHc4,2024-12-19 – Fluentcommunity-plugin-wordpress-rapide-organisations – Cover article.jpg,02_PROJETS/schoolsWP/04_Assets/06_Covers-articles/2024-12-19 – Fluentcommunity-plugin-wordpress-rapide-organisations – Cover article.jpg,01_Projets/schoolsWP/04_Assets/06_Covers-articles/2024-12-19 – Fluentcommunity-plugin-wordpress-rapide-organisations – Cover article.jpg,MOVE,READY,02_PROJETS -> 01_Projets,image/jpeg,252918
1LEY7Mp4DI9Kl4QCqeCKUU-wx579ECbj3,2024-12-19 – Group-1321316680 – Cover article.webp,02_PROJETS/schoolsWP/04_Assets/06_Covers-articles/2024-12-19 – Group-1321316680 – Cover article.webp,01_Projets/schoolsWP/04_Assets/06_Covers-articles/2024-12-19 – Group-1321316680 – Cover article.webp,MOVE,READY,02_PROJETS -> 01_Projets,image/webp,2750
1LGhZcqZOX3MoD1imq067TPiUM1QvLX7m,2024-12-19 – Fluentcommunity-gestion-communautes-en-ligne-interface – Cover article.jpg,02_PROJETS/schoolsWP/04_Assets/06_Covers-articles/2024-12-19 – Fluentcommunity-gestion-communautes-en-ligne-interface – Cover article.jpg,01_Projets/schoolsWP/04_Assets/06_Covers-articles/2024-12-19 – Fluentcommunity-gestion-communautes-en-ligne-interface – Cover article.jpg,MOVE,READY,02_PROJETS -> 01_Projets,image/jpeg,222035
1OjxKtLCmsEZ5LLVNj9A3lEBLgMBoDeRV,2024-12-27 – Pourquoi-thot-seo-outil-optimisation-semantique-numero-1 – Cover article.jpg,02_PROJETS/schoolsWP/04_Assets/06_Covers-articles/2024-12-27 – Pourquoi-thot-seo-outil-optimisation-semantique-numero-1 – Cover article.jpg,01_Projets/schoolsWP/04_Assets/06_Covers-articles/2024-12-27 – Pourquoi-thot-seo-outil-optimisation-semantique-numero-1 – Cover article.jpg,MOVE,READY,02_PROJETS -> 01_Projets,image/jpeg,233620
1SvaFVFEozm8_7AHn1v3IDpB7iL24eDa4,2025-01-08 – Thotseo-optimisation-contenu-seo – Cover article.jpg,02_PROJETS/schoolsWP/04_Assets/06_Covers-articles/2025-01-08 – Thotseo-optimisation-contenu-seo – Cover article.jpg,01_Projets/schoolsWP/04_Assets/06_Covers-articles/2025-01-08 – Thotseo-optimisation-contenu-seo – Cover article.jpg,MOVE,READY,02_PROJETS -> 01_Projets,image/jpeg,180896
1T-biPxnMtgvwl2cCA0EKbQ48rJt5lw76,2025-01-08 – Logo-thot-seo-expertise-referencement-naturel – Cover article.jpg,02_PROJETS/schoolsWP/04_Assets/06_Covers-articles/2025-01-08 – Logo-thot-seo-expertise-referencement-naturel – Cover article.jpg,01_Projets/schoolsWP/04_Assets/06_Covers-articles/2025-01-08 – Logo-thot-seo-expertise-referencement-naturel – Cover article.jpg,MOVE,READY,02_PROJETS -> 01_Projets,image/jpeg,33519
1T6y_0Z8wUF4bTO536yND4MMH_YuqGimp,2025-01-08 – Interface-thot-seo-analyse-optimisation – Cover article.jpg,02_PROJETS/schoolsWP/04_Assets/06_Covers-articles/2025-01-08 – Interface-thot-seo-analyse-optimisation – Cover article.jpg,01_Projets/schoolsWP/04_Assets/06_Covers-articles/2025-01-08 – Interface-thot-seo-analyse-optimisation – Cover article.jpg,MOVE,READY,02_PROJETS -> 01_Projets,image/jpeg,263233
1T7yEkNC_6RU7GFd2VzNFMx3DcxJ6HxBQ,2025-01-08 – Thot-seo-optimisation-contenu-referencement – Cover article.jpg,02_PROJETS/schoolsWP/04_Assets/06_Covers-articles/2025-01-08 – Thot-seo-optimisation-contenu-referencement – Cover article.jpg,01_Projets/schoolsWP/04_Assets/06_Covers-articles/2025-01-08 – Thot-seo-optimisation-contenu-referencement – Cover article.jpg,MOVE,READY,02_PROJETS -> 01_Projets,image/jpeg,505549
1TRtGtGsSOqoN6dZaZF5NZSxTB78E3SFr,2025-01-08 – Interface-outil-thot-seo-analyse-mots-cles – Cover article.jpg,02_PROJETS/schoolsWP/04_Assets/06_Covers-articles/2025-01-08 – Interface-outil-thot-seo-analyse-mots-cles – Cover article.jpg,01_Projets/schoolsWP/04_Assets/06_Covers-articles/2025-01-08 – Interface-outil-thot-seo-analyse-mots-cles – Cover article.jpg,MOVE,READY,02_PROJETS -> 01_Projets,image/jpeg,88380
1TZotBXJbf7BpAw2UxcuxMC1HUst89sKs,2025-01-08 – Analyse-mots-cles-optimisation-seo – Cover article.jpg,02_PROJETS/schoolsWP/04_Assets/06_Covers-articles/2025-01-08 – Analyse-mots-cles-optimisation-seo – Cover article.jpg,01_Projets/schoolsWP/04_Assets/06_Covers-articles/2025-01-08 – Analyse-mots-cles-optimisation-seo – Cover article.jpg,MOVE,READY,02_PROJETS -> 01_Projets,image/jpeg,1299712
1TSWAzZRloaT7w7ETHglmFUkkkgCQRp7S,2025-01-08 – Optimisation-seo-thot-strategie-maillage-interne – Cover article.jpg,02_PROJETS/schoolsWP/04_Assets/06_Covers-articles/2025-01-08 – Optimisation-seo-thot-strategie-maillage-interne – Cover article.jpg,01_Projets/schoolsWP/04_Assets/06_Covers-articles/2025-01-08 – Optimisation-seo-thot-strategie-maillage-interne – Cover article.jpg,MOVE,READY,02_PROJETS -> 01_Projets,image/jpeg,1003613
1TcWlLzoRCeP_Ml67ijNmRoL0TXVuRZF-,2025-01-09 – Analyse-seo-score-indicateurs-optimisation – Cover article.jpg,02_PROJETS/schoolsWP/04_Assets/06_Covers-articles/2025-01-09 – Analyse-seo-score-indicateurs-optimisation – Cover article.jpg,01_Projets/schoolsWP/04_Assets/06_Covers-articles/2025-01-09 – Analyse-seo-score-indicateurs-optimisation – Cover article.jpg,MOVE,READY,02_PROJETS -> 01_Projets,image/jpeg,43058
1TdpdtLc6ADVwHC6AXZgBWNuUTP4siY5L,2025-01-09 – Analyse-comparative-seo-concurrents – Cover article.jpg,02_PROJETS/schoolsWP/04_Assets/06_Covers-articles/2025-01-09 – Analyse-comparative-seo-concurrents – Cover article.jpg,01_Projets/schoolsWP/04_Assets/06_Covers-articles/2025-01-09 – Analyse-comparative-seo-concurrents – Cover article.jpg,MOVE,READY,02_PROJETS -> 01_Projets,image/jpeg,995307
1PC7C8_z_1wL30esXLxXxCksY60WexTeq,2025-01-01 – Gutenberg-wordpress-introduction-editeur-blocs – Cover article.jpg,02_PROJETS/schoolsWP/04_Assets/06_Covers-articles/2025-01-01 – Gutenberg-wordpress-introduction-editeur-blocs – Cover article.jpg,01_Projets/schoolsWP/04_Assets/06_Covers-articles/2025-01-01 – Gutenberg-wordpress-introduction-editeur-blocs – Cover article.jpg,MOVE,READY,02_PROJETS -> 01_Projets,image/jpeg,217465
1Q3AfEQsLOBbp3DgHurgheEsAxNULskLF,2025-01-02 – Gutenberg-editeur-wordpress – Cover article.jpg,02_PROJETS/schoolsWP/04_Assets/06_Covers-articles/2025-01-02 – Gutenberg-editeur-wordpress – Cover article.jpg,01_Projets/schoolsWP/04_Assets/06_Covers-articles/2025-01-02 – Gutenberg-editeur-wordpress – Cover article.jpg,MOVE,READY,02_PROJETS -> 01_Projets,image/jpeg,117515
1VWTSLpaYzWqm-3tcYA-rfZx9nzXtGpIi,2025-01-10 – Wp-umbrella-pourquoi-agences-wordpress-adorent – Cover article.jpg,02_PROJETS/schoolsWP/04_Assets/06_Covers-articles/2025-01-10 – Wp-umbrella-pourquoi-agences-wordpress-adorent – Cover article.jpg,01_Projets/schoolsWP/04_Assets/06_Covers-articles/2025-01-10 – Wp-umbrella-pourquoi-agences-wordpress-adorent – Cover article.jpg,MOVE,READY,02_PROJETS -> 01_Projets,image/jpeg,218953
1W1pI1oeAECWgHC-uxZx5b7I8bpfTWwOA,2025-01-10 – Outil-gestion-wordpress-wp-umbrella – Cover article.jpg,02_PROJETS/schoolsWP/04_Assets/06_Covers-articles/2025-01-10 – Outil-gestion-wordpress-wp-umbrella – Cover article.jpg,01_Projets/schoolsWP/04_Assets/06_Covers-articles/2025-01-10 – Outil-gestion-wordpress-wp-umbrella – Cover article.jpg,MOVE,READY,02_PROJETS -> 01_Projets,image/jpeg,173788
1W3lJXehxovBAiwFVVD9E9twvbhmblokJ,2025-01-10 – Tableau-de-bord-gestion-sites-wordpress – Cover article.jpg,02_PROJETS/schoolsWP/04_Assets/06_Covers-articles/2025-01-10 – Tableau-de-bord-gestion-sites-wordpress – Cover article.jpg,01_Projets/schoolsWP/04_Assets/06_Covers-articles/2025-01-10 – Tableau-de-bord-gestion-sites-wordpress – Cover article.jpg,MOVE,READY,02_PROJETS -> 01_Projets,image/jpeg,132388
1W5C8XJDV3VllH3Q_MU9Y2VSci-uyvDBE,2025-01-10 – Monitoring-uptime-domaine-schoolswp – Cover article.jpg,02_PROJETS/schoolsWP/04_Assets/06_Covers-articles/2025-01-10 – Monitoring-uptime-domaine-schoolswp – Cover article.jpg,01_Projets/schoolsWP/04_Assets/06_Covers-articles/2025-01-10 – Monitoring-uptime-domaine-schoolswp – Cover article.jpg,MOVE,READY,02_PROJETS -> 01_Projets,image/jpeg,156710
1W6kLdYaHNsTqCw1_jzpB-VtJgSKbktIN,2025-01-10 – Gestion-plugins-wordpress-mon-mini-electro – Cover article.jpg,02_PROJETS/schoolsWP/04_Assets/06_Covers-articles/2025-01-10 – Gestion-plugins-wordpress-mon-mini-electro – Cover article.jpg,01_Projets/schoolsWP/04_Assets/06_Covers-articles/2025-01-10 – Gestion-plugins-wordpress-mon-mini-electro – Cover article.jpg,MOVE,READY,02_PROJETS -> 01_Projets,image/jpeg,346602
1W7iPVvlhDRJZRISexe2X0V_hL3BH08Q2,2025-01-10 – Rapport-securite-wordpress – Cover article.jpg,02_PROJETS/schoolsWP/04_Assets/06_Covers-articles/2025-01-10 – Rapport-securite-wordpress – Cover article.jpg,01_Projets/schoolsWP/04_Assets/06_Covers-articles/2025-01-10 – Rapport-securite-wordpress – Cover article.jpg,MOVE,READY,02_PROJETS -> 01_Projets,image/jpeg,179897
1WMxExxT9sPRHsy0rd1OFq_59SFtN5FkV,2025-01-10 – Gestion-alertes-temps-reel-sites-web – Cover article.jpg,02_PROJETS/schoolsWP/04_Assets/06_Covers-articles/2025-01-10 – Gestion-alertes-temps-reel-sites-web – Cover article.jpg,01_Projets/schoolsWP/04_Assets/06_Covers-articles/2025-01-10 – Gestion-alertes-temps-reel-sites-web – Cover article.jpg,MOVE,READY,02_PROJETS -> 01_Projets,image/jpeg,89187
1WTrs4V9zt_tgzmGE-veWms1ZUfyfQfor,2025-01-10 – Rapports-maintenance-mensuels-gestion-schoolswp – Cover article.jpg,02_PROJETS/schoolsWP/04_Assets/06_Covers-articles/2025-01-10 – Rapports-maintenance-mensuels-gestion-schoolswp – Cover article.jpg,01_Projets/schoolsWP/04_Assets/06_Covers-articles/2025-01-10 – Rapports-maintenance-mensuels-gestion-schoolswp – Cover article.jpg,MOVE,READY,02_PROJETS -> 01_Projets,image/jpeg,285674
1Wbsti0sTYFFBI7f0cxGKNm_8j9-CXpqB,2025-01-10 – Wp-umbrella-rapport-mensuel-maintenance – Cover article.jpg,02_PROJETS/schoolsWP/04_Assets/06_Covers-articles/2025-01-10 – Wp-umbrella-rapport-mensuel-maintenance – Cover article.jpg,01_Projets/schoolsWP/04_Assets/06_Covers-articles/2025-01-10 – Wp-umbrella-rapport-mensuel-maintenance – Cover article.jpg,MOVE,READY,02_PROJETS -> 01_Projets,image/jpeg,143137
1YIXm6QfTyko0IRkARYJmXrxtkGoggp-Y,2025-01-11 – Traduire-sans-migraine-plugin-wordpress – Cover article.jpg,02_PROJETS/schoolsWP/04_Assets/06_Covers-articles/2025-01-11 – Traduire-sans-migraine-plugin-wordpress – Cover article.jpg,01_Projets/schoolsWP/04_Assets/06_Covers-articles/2025-01-11 – Traduire-sans-migraine-plugin-wordpress – Cover article.jpg,MOVE,READY,02_PROJETS -> 01_Projets,image/jpeg,239460
1YMvFy7qa7ALz2cmXD93GpGmyHZsM2AaB,2025-01-13 – Plugin-traduction-wordpress-seo – Cover article.jpg,02_PROJETS/schoolsWP/04_Assets/06_Covers-articles/2025-01-13 – Plugin-traduction-wordpress-seo – Cover article.jpg,01_Projets/schoolsWP/04_Assets/06_Covers-articles/2025-01-13 – Plugin-traduction-wordpress-seo – Cover article.jpg,MOVE,READY,02_PROJETS -> 01_Projets,image/jpeg,214567
1YN87ChktomA8Mbj_tv1UJYN6WqLSnciV,2025-01-13 – Comparatif-forfaits-seo-traduction-international – Cover article.jpg,02_PROJETS/schoolsWP/04_Assets/06_Covers-articles/2025-01-13 – Comparatif-forfaits-seo-traduction-international – Cover article.jpg,01_Projets/schoolsWP/04_Assets/06_Covers-articles/2025-01-13 – Comparatif-forfaits-seo-traduction-international – Cover article.jpg,MOVE,READY,02_PROJETS -> 01_Projets,image/jpeg,509689
1YP__x4Azz3T4iEWmHMS0ecRc50gE-MDw,2025-01-13 – Forfaits-seo-options-loutre – Cover article.jpg,02_PROJETS/schoolsWP/04_Assets/06_Covers-articles/2025-01-13 – Forfaits-seo-options-loutre – Cover article.jpg,01_Projets/schoolsWP/04_Assets/06_Covers-articles/2025-01-13 – Forfaits-seo-options-loutre – Cover article.jpg,MOVE,READY,02_PROJETS -> 01_Projets,image/jpeg,507787
1aKlsOaBYczGWZaIkXLHHAj4Gvrz9_ilV,2025-01-23 – Skoatch-generateur-articles-1-clic – Cover article.jpg,02_PROJETS/schoolsWP/04_Assets/06_Covers-articles/2025-01-23 – Skoatch-generateur-articles-1-clic – Cover article.jpg,01_Projets/schoolsWP/04_Assets/06_Covers-articles/2025-01-23 – Skoatch-generateur-articles-1-clic – Cover article.jpg,MOVE,READY,02_PROJETS -> 01_Projets,image/jpeg,190497
1aOICIQk4YkuN-vSIm3pksKQ984BEXADa,2025-01-24 – Skoatch-inscription-creation-compte-automatisation – Cover article.jpg,02_PROJETS/schoolsWP/04_Assets/06_Covers-articles/2025-01-24 – Skoatch-inscription-creation-compte-automatisation – Cover article.jpg,01_Projets/schoolsWP/04_Assets/06_Covers-articles/2025-01-24 – Skoatch-inscription-creation-compte-automatisation – Cover article.jpg,MOVE,READY,02_PROJETS -> 01_Projets,image/jpeg,143724
1aQcVXGK6ZR6rqsve32SYPnNErxJMCSBP,2025-01-24 – Skoatch-interface-gestion-wordpress – Cover article.jpg,02_PROJETS/schoolsWP/04_Assets/06_Covers-articles/2025-01-24 – Skoatch-interface-gestion-wordpress – Cover article.jpg,01_Projets/schoolsWP/04_Assets/06_Covers-articles/2025-01-24 – Skoatch-interface-gestion-wordpress – Cover article.jpg,MOVE,READY,02_PROJETS -> 01_Projets,image/jpeg,124205
1aRBtsWMyrIdP-ET5mr23cw0eFtjxQOG_,2025-01-24 – Interface-skoatch-creation-de-personas – Cover article.jpg,02_PROJETS/schoolsWP/04_Assets/06_Covers-articles/2025-01-24 – Interface-skoatch-creation-de-personas – Cover article.jpg,01_Projets/schoolsWP/04_Assets/06_Covers-articles/2025-01-24 – Interface-skoatch-creation-de-personas – Cover article.jpg,MOVE,READY,02_PROJETS -> 01_Projets,image/jpeg,140428
1aaADbQGE8WcvltyphI0kKoUT_dIuS3s-,2025-01-24 – Tableau-de-bord-skoatch-schoolswp-seo – Cover article.jpg,02_PROJETS/schoolsWP/04_Assets/06_Covers-articles/2025-01-24 – Tableau-de-bord-skoatch-schoolswp-seo – Cover article.jpg,01_Projets/schoolsWP/04_Assets/06_Covers-articles/2025-01-24 – Tableau-de-bord-skoatch-schoolswp-seo – Cover article.jpg,MOVE,READY,02_PROJETS -> 01_Projets,image/jpeg,305402
1ad2BmlwTaSf4VXdbNrx18NX_mJzdiwuf,2025-01-24 – Plans-skoatch-prix-creation-contenu – Cover article.jpg,02_PROJETS/schoolsWP/04_Assets/06_Covers-articles/2025-01-24 – Plans-skoatch-prix-creation-contenu – Cover article.jpg,01_Projets/schoolsWP/04_Assets/06_Covers-articles/2025-01-24 – Plans-skoatch-prix-creation-contenu – Cover article.jpg,MOVE,READY,02_PROJETS -> 01_Projets,image/jpeg,787793
1aePDYzAAYnqjW0ufl_BT2GqqZRkBrnkc,2025-01-24 – Skoatch-performance-redaction-ia – Cover article.jpg,02_PROJETS/schoolsWP/04_Assets/06_Covers-articles/2025-01-24 – Skoatch-performance-redaction-ia – Cover article.jpg,01_Projets/schoolsWP/04_Assets/06_Covers-articles/2025-01-24 – Skoatch-performance-redaction-ia – Cover article.jpg,MOVE,READY,02_PROJETS -> 01_Projets,image/jpeg,240759
1bLfaUV5q_G2sHjlHghvaD1qx9qag5Pzz,2025-01-30 – Concours-schoolswp-skoatch-gagnez-cadeau – Cover article.jpg,02_PROJETS/schoolsWP/04_Assets/06_Covers-articles/2025-01-30 – Concours-schoolswp-skoatch-gagnez-cadeau – Cover article.jpg,01_Projets/schoolsWP/04_Assets/06_Covers-articles/2025-01-30 – Concours-schoolswp-skoatch-gagnez-cadeau – Cover article.jpg,MOVE,READY,02_PROJETS -> 01_Projets,image/jpeg,414222
1bhPpyfmPrj-JRAIHTuefMMFo7eSwKC41,2025-01-31 – Logo skoatch – Cover article.jpg_large,02_PROJETS/schoolsWP/04_Assets/06_Covers-articles/2025-01-31 – Logo skoatch – Cover article.jpg_large,01_Projets/schoolsWP/04_Assets/06_Covers-articles/2025-01-31 – Logo skoatch – Cover article.jpg_large,MOVE,READY,02_PROJETS -> 01_Projets,image/jpeg,51578
1XArAUf0aPuhAVhWV5_g15iGZcRmPRXjb,2025-08-30 – Pulse-avis-banniere-article-fiches-produits-ecommerce – Cover article.jpg,02_PROJETS/schoolsWP/04_Assets/06_Covers-articles/2025-08-30 – Pulse-avis-banniere-article-fiches-produits-ecommerce – Cover article.jpg,01_Projets/schoolsWP/04_Assets/06_Covers-articles/2025-08-30 – Pulse-avis-banniere-article-fiches-produits-ecommerce – Cover article.jpg,MOVE,READY,02_PROJETS -> 01_Projets,image/jpeg,275515
1bX983xHlAud0urQz071nRCElucoTqY4p,2025-09-11 – Fluentsmtp-plugin-wordpress-smtp-gratuit – Cover article.jpg,02_PROJETS/schoolsWP/04_Assets/06_Covers-articles/2025-09-11 – Fluentsmtp-plugin-wordpress-smtp-gratuit – Cover article.jpg,01_Projets/schoolsWP/04_Assets/06_Covers-articles/2025-09-11 – Fluentsmtp-plugin-wordpress-smtp-gratuit – Cover article.jpg,MOVE,READY,02_PROJETS -> 01_Projets,image/jpeg,254979
1W1UhDgOHU62RGtuX7tw88PGfMN0dA739,2025-09-06 – Fluentsmtp-plugin-wordpress-smtp-free – Cover article.jpg,02_PROJETS/schoolsWP/04_Assets/06_Covers-articles/2025-09-06 – Fluentsmtp-plugin-wordpress-smtp-free – Cover article.jpg,01_Projets/schoolsWP/04_Assets/06_Covers-articles/2025-09-06 – Fluentsmtp-plugin-wordpress-smtp-free – Cover article.jpg,MOVE,READY,02_PROJETS -> 01_Projets,image/jpeg,215459
1Ognxh85AbUZz6lz64g9ESyFfiX5a4ysp,2025-09-13 – Fluentsmtp-configuration-plugin-wordpress-smtp – Cover article.jpg,02_PROJETS/schoolsWP/04_Assets/06_Covers-articles/2025-09-13 – Fluentsmtp-configuration-plugin-wordpress-smtp – Cover article.jpg,01_Projets/schoolsWP/04_Assets/06_Covers-articles/2025-09-13 – Fluentsmtp-configuration-plugin-wordpress-smtp – Cover article.jpg,MOVE,READY,02_PROJETS -> 01_Projets,image/jpeg,119598
1yWgsxsCxwyGhiqGzVtN-4jpknJdhuAah,2025-09-13 – Fluentsmtp-logs-journaux-emails-plugin-wordpress – Cover article.jpg,02_PROJETS/schoolsWP/04_Assets/06_Covers-articles/2025-09-13 – Fluentsmtp-logs-journaux-emails-plugin-wordpress – Cover article.jpg,01_Projets/schoolsWP/04_Assets/06_Covers-articles/2025-09-13 – Fluentsmtp-logs-journaux-emails-plugin-wordpress – Cover article.jpg,MOVE,READY,02_PROJETS -> 01_Projets,image/jpeg,85902
1BAOqmadlRTtuQmzhYIGqwioJxlz3CkeP,2025-09-13 – Fluentsmtp-alertes-notifications-plugin-wordpress – Cover article.jpg,02_PROJETS/schoolsWP/04_Assets/06_Covers-articles/2025-09-13 – Fluentsmtp-alertes-notifications-plugin-wordpress – Cover article.jpg,01_Projets/schoolsWP/04_Assets/06_Covers-articles/2025-09-13 – Fluentsmtp-alertes-notifications-plugin-wordpress – Cover article.jpg,MOVE,READY,02_PROJETS -> 01_Projets,image/jpeg,80689
1ED7Ztpo9Lt5rl_47UjwsN379wC7C8g_5,2025-09-13 – Fluentsmtp-email-test-plugin-smtp-wordpress – Cover article.jpg,02_PROJETS/schoolsWP/04_Assets/06_Covers-articles/2025-09-13 – Fluentsmtp-email-test-plugin-smtp-wordpress – Cover article.jpg,01_Projets/schoolsWP/04_Assets/06_Covers-articles/2025-09-13 – Fluentsmtp-email-test-plugin-smtp-wordpress – Cover article.jpg,MOVE,READY,02_PROJETS -> 01_Projets,image/jpeg,105949
1FJMcZlm7uY-k1XqlcCpCa7PLWk7G3MHo,2025-09-22 – Virfice-woocommerce-email-builder – Cover article.jpg,02_PROJETS/schoolsWP/04_Assets/06_Covers-articles/2025-09-22 – Virfice-woocommerce-email-builder – Cover article.jpg,01_Projets/schoolsWP/04_Assets/06_Covers-articles/2025-09-22 – Virfice-woocommerce-email-builder – Cover article.jpg,MOVE,READY,02_PROJETS -> 01_Projets,image/jpeg,157978
1i1ZVwRNZiH5e2TTVa1d4xYCTyxKuuEeU,2025-09-22 – Virfice-avis-plugin-wordpress-woocommerce-emails – Cover article.jpg,02_PROJETS/schoolsWP/04_Assets/06_Covers-articles/2025-09-22 – Virfice-avis-plugin-wordpress-woocommerce-emails – Cover article.jpg,01_Projets/schoolsWP/04_Assets/06_Covers-articles/2025-09-22 – Virfice-avis-plugin-wordpress-woocommerce-emails – Cover article.jpg,MOVE,READY,02_PROJETS -> 01_Projets,image/jpeg,266148
1D2pDpy0McxiEF48ybLKlfpBgGXDdOHsc,2025-09-22 – Virfice-plugin-wordpress-emails-woocommerce – Cover article.jpg,02_PROJETS/schoolsWP/04_Assets/06_Covers-articles/2025-09-22 – Virfice-plugin-wordpress-emails-woocommerce – Cover article.jpg,01_Projets/schoolsWP/04_Assets/06_Covers-articles/2025-09-22 – Virfice-plugin-wordpress-emails-woocommerce – Cover article.jpg,MOVE,READY,02_PROJETS -> 01_Projets,image/jpeg,226241
1EQ3SnuMLaMSBrRdkcYIG1m_3VMU94Tnh,2025-09-22 – Virfice-configuration-email-woocommerce – Cover article.jpg,02_PROJETS/schoolsWP/04_Assets/06_Covers-articles/2025-09-22 – Virfice-configuration-email-woocommerce – Cover article.jpg,01_Projets/schoolsWP/04_Assets/06_Covers-articles/2025-09-22 – Virfice-configuration-email-woocommerce – Cover article.jpg,MOVE,READY,02_PROJETS -> 01_Projets,image/jpeg,187940
1Db2eItHtllNlyPxRxgC0_mLDTwn2MKdL,2025-09-22 – Virfice-plugin-wordpress-brand-reseaux-sociaux – Cover article.jpg,02_PROJETS/schoolsWP/04_Assets/06_Covers-articles/2025-09-22 – Virfice-plugin-wordpress-brand-reseaux-sociaux – Cover article.jpg,01_Projets/schoolsWP/04_Assets/06_Covers-articles/2025-09-22 – Virfice-plugin-wordpress-brand-reseaux-sociaux – Cover article.jpg,MOVE,READY,02_PROJETS -> 01_Projets,image/jpeg,155113
1EnGSV5qhTkG1yGBhhZWApXGqSgysrlzC,2025-09-22 – Virfice-woocommerce-email-personnalisation – Cover article.jpg,02_PROJETS/schoolsWP/04_Assets/06_Covers-articles/2025-09-22 – Virfice-woocommerce-email-personnalisation – Cover article.jpg,01_Projets/schoolsWP/04_Assets/06_Covers-articles/2025-09-22 – Virfice-woocommerce-email-personnalisation – Cover article.jpg,MOVE,READY,02_PROJETS -> 01_Projets,image/jpeg,551831
1GhW9y9HHYJ8BfxXEZyZ3Tv1Fqs_Pxrd9,2025-09-22 – Virfice-plugin-wordpress-woocommerce-notifications – Cover article.jpg,02_PROJETS/schoolsWP/04_Assets/06_Covers-articles/2025-09-22 – Virfice-plugin-wordpress-woocommerce-notifications – Cover article.jpg,01_Projets/schoolsWP/04_Assets/06_Covers-articles/2025-09-22 – Virfice-plugin-wordpress-woocommerce-notifications – Cover article.jpg,MOVE,READY,02_PROJETS -> 01_Projets,image/jpeg,190566
1NhBbjCP6MiE_Xq-PYjPbhH9gvldAhfm8,2025-09-25 – Pageradar-avis-outil-seo – Cover article.jpg,02_PROJETS/schoolsWP/04_Assets/06_Covers-articles/2025-09-25 – Pageradar-avis-outil-seo – Cover article.jpg,01_Projets/schoolsWP/04_Assets/06_Covers-articles/2025-09-25 – Pageradar-avis-outil-seo – Cover article.jpg,MOVE,READY,02_PROJETS -> 01_Projets,image/jpeg,248748
1VJjnUb2CYu9nHWoX-xv7gICanEbab0MH,2025-09-25 – Pageradar-seo-alert-tracker – Cover article.jpg,02_PROJETS/schoolsWP/04_Assets/06_Covers-articles/2025-09-25 – Pageradar-seo-alert-tracker – Cover article.jpg,01_Projets/schoolsWP/04_Assets/06_Covers-articles/2025-09-25 – Pageradar-seo-alert-tracker – Cover article.jpg,MOVE,READY,02_PROJETS -> 01_Projets,image/jpeg,214950
1d371HSjlqd4QvkrzflWdpUDbNeAGZ4r5,2025-09-25 – Pageradar-dashboard-seo – Cover article.jpg,02_PROJETS/schoolsWP/04_Assets/06_Covers-articles/2025-09-25 – Pageradar-dashboard-seo – Cover article.jpg,01_Projets/schoolsWP/04_Assets/06_Covers-articles/2025-09-25 – Pageradar-dashboard-seo – Cover article.jpg,MOVE,READY,02_PROJETS -> 01_Projets,image/jpeg,293988
14mVIge1NEN2YG1GftFlVRyQ3Y0G5dPf_,2025-09-25 – Pageradar-core-web-vitals – Cover article.jpg,02_PROJETS/schoolsWP/04_Assets/06_Covers-articles/2025-09-25 – Pageradar-core-web-vitals – Cover article.jpg,01_Projets/schoolsWP/04_Assets/06_Covers-articles/2025-09-25 – Pageradar-core-web-vitals – Cover article.jpg,MOVE,READY,02_PROJETS -> 01_Projets,image/jpeg,435184
1PnOzn2j8sBdF3LGvcGVbzeIZszf76_CO,2025-09-25 – Pageradar-monitoring-html-seo – Cover article.jpg,02_PROJETS/schoolsWP/04_Assets/06_Covers-articles/2025-09-25 – Pageradar-monitoring-html-seo – Cover article.jpg,01_Projets/schoolsWP/04_Assets/06_Covers-articles/2025-09-25 – Pageradar-monitoring-html-seo – Cover article.jpg,MOVE,READY,02_PROJETS -> 01_Projets,image/jpeg,283894
1G8exmI1cN8PQj2lPNleB9tNnEruEVcCy,2025-09-25 – Pageradar-html-monitor-details – Cover article.jpg,02_PROJETS/schoolsWP/04_Assets/06_Covers-articles/2025-09-25 – Pageradar-html-monitor-details – Cover article.jpg,01_Projets/schoolsWP/04_Assets/06_Covers-articles/2025-09-25 – Pageradar-html-monitor-details – Cover article.jpg,MOVE,READY,02_PROJETS -> 01_Projets,image/jpeg,464945
1MBR-MyWQaGjlngQ-HtdoZCoRYEAnP7RN,2025-09-25 – Pageradar-liens-affilies – Cover article.jpg,02_PROJETS/schoolsWP/04_Assets/06_Covers-articles/2025-09-25 – Pageradar-liens-affilies – Cover article.jpg,01_Projets/schoolsWP/04_Assets/06_Covers-articles/2025-09-25 – Pageradar-liens-affilies – Cover article.jpg,MOVE,READY,02_PROJETS -> 01_Projets,image/jpeg,239287
1zGLN4u7wpxDhPfQEPl7ioYUbIO1xcvca,2025-09-25 – Pageradar-robots-txt-monitoring – Cover article.jpg,02_PROJETS/schoolsWP/04_Assets/06_Covers-articles/2025-09-25 – Pageradar-robots-txt-monitoring – Cover article.jpg,01_Projets/schoolsWP/04_Assets/06_Covers-articles/2025-09-25 – Pageradar-robots-txt-monitoring – Cover article.jpg,MOVE,READY,02_PROJETS -> 01_Projets,image/jpeg,189251
1jIB17qU8ayJcft_z8GYO2Z0UuFPu7Qpp,2025-10-10 – Bit-flows-plugin-wordpress-automation-avis – Cover article.jpg,02_PROJETS/schoolsWP/04_Assets/06_Covers-articles/2025-10-10 – Bit-flows-plugin-wordpress-automation-avis – Cover article.jpg,01_Projets/schoolsWP/04_Assets/06_Covers-articles/2025-10-10 – Bit-flows-plugin-wordpress-automation-avis – Cover article.jpg,MOVE,READY,02_PROJETS -> 01_Projets,image/jpeg,244556
1v5XGrITtB-DKRrLpBxqCKhG_8pCWDUui,2025-10-17 – Bit-flows-ai-plugin-wordpress-automation – Cover article.jpg,02_PROJETS/schoolsWP/04_Assets/06_Covers-articles/2025-10-17 – Bit-flows-ai-plugin-wordpress-automation – Cover article.jpg,01_Projets/schoolsWP/04_Assets/06_Covers-articles/2025-10-17 – Bit-flows-ai-plugin-wordpress-automation – Cover article.jpg,MOVE,READY,02_PROJETS -> 01_Projets,image/jpeg,257160
1pbZB8HOPoJoeiMzdxMnTxr07UrAS4Na8,2025-10-17 – Bit-flows-plugin-wordpress-zapier-alternative – Cover article.jpg,02_PROJETS/schoolsWP/04_Assets/06_Covers-articles/2025-10-17 – Bit-flows-plugin-wordpress-zapier-alternative – Cover article.jpg,01_Projets/schoolsWP/04_Assets/06_Covers-articles/2025-10-17 – Bit-flows-plugin-wordpress-zapier-alternative – Cover article.jpg,MOVE,READY,02_PROJETS -> 01_Projets,image/jpeg,182612
1HoTY5F9ujXUWZs243tS32Onn5p3Xok5b,2025-10-17 – Bit-flows-plugin-wordpress-workflow-webhook – Cover article.jpg,02_PROJETS/schoolsWP/04_Assets/06_Covers-articles/2025-10-17 – Bit-flows-plugin-wordpress-workflow-webhook – Cover article.jpg,01_Projets/schoolsWP/04_Assets/06_Covers-articles/2025-10-17 – Bit-flows-plugin-wordpress-workflow-webhook – Cover article.jpg,MOVE,READY,02_PROJETS -> 01_Projets,image/jpeg,149979
1m2ym1dNgJph99cABIQoYTOvwd9rb8hjB,2025-10-17 – Bit-flows-plugin-wordpress-creation-workflow – Cover article.jpg,02_PROJETS/schoolsWP/04_Assets/06_Covers-articles/2025-10-17 – Bit-flows-plugin-wordpress-creation-workflow – Cover article.jpg,01_Projets/schoolsWP/04_Assets/06_Covers-articles/2025-10-17 – Bit-flows-plugin-wordpress-creation-workflow – Cover article.jpg,MOVE,READY,02_PROJETS -> 01_Projets,image/jpeg,143562
1jkdWasnZD9pZNAvpBNk_xAPD8VjvFZL9,2025-10-17 – Plugin-sceenshot---7 – Cover article.jpg,02_PROJETS/schoolsWP/04_Assets/06_Covers-articles/2025-10-17 – Plugin-sceenshot---7 – Cover article.jpg,01_Projets/schoolsWP/04_Assets/06_Covers-articles/2025-10-17 – Plugin-sceenshot---7 – Cover article.jpg,MOVE,READY,02_PROJETS -> 01_Projets,image/jpeg,0
1FK4bw-t-6To4HSk9eohJG5NhatAlJllY,2025-10-17 – Bit-flows-plugin-wordpress-interface-workflow – Cover article.jpg,02_PROJETS/schoolsWP/04_Assets/06_Covers-articles/2025-10-17 – Bit-flows-plugin-wordpress-interface-workflow – Cover article.jpg,01_Projets/schoolsWP/04_Assets/06_Covers-articles/2025-10-17 – Bit-flows-plugin-wordpress-interface-workflow – Cover article.jpg,MOVE,READY,02_PROJETS -> 01_Projets,image/jpeg,266489
1c80KUB7T0inZLUgW3B2UZtXm1OAZ6NM4,2025-10-17 – Bit-flows-plugin-wordpress-tarifs-licences – Cover article.jpg,02_PROJETS/schoolsWP/04_Assets/06_Covers-articles/2025-10-17 – Bit-flows-plugin-wordpress-tarifs-licences – Cover article.jpg,01_Projets/schoolsWP/04_Assets/06_Covers-articles/2025-10-17 – Bit-flows-plugin-wordpress-tarifs-licences – Cover article.jpg,MOVE,READY,02_PROJETS -> 01_Projets,image/jpeg,328169
1u9XPVFMhhmIBjJmYn02-fQ377PQMlTiN,2025-10-17 – Bit-flows-plugin-wordpress-licence-lifetime – Cover article.jpg,02_PROJETS/schoolsWP/04_Assets/06_Covers-articles/2025-10-17 – Bit-flows-plugin-wordpress-licence-lifetime – Cover article.jpg,01_Projets/schoolsWP/04_Assets/06_Covers-articles/2025-10-17 – Bit-flows-plugin-wordpress-licence-lifetime – Cover article.jpg,MOVE,READY,02_PROJETS -> 01_Projets,image/jpeg,361919
1_pEhVhH95ey7VwTsKDD6NztBQpFAqckz,2025-10-21 – Easycommerce-plugin-wordpress-avis – Cover article.jpg,02_PROJETS/schoolsWP/04_Assets/06_Covers-articles/2025-10-21 – Easycommerce-plugin-wordpress-avis – Cover article.jpg,01_Projets/schoolsWP/04_Assets/06_Covers-articles/2025-10-21 – Easycommerce-plugin-wordpress-avis – Cover article.jpg,MOVE,READY,02_PROJETS -> 01_Projets,image/jpeg,275257
1SkdxnmJNZtJQbQGmiboOdSPW6ZLyyhhR,2025-10-24 – Easycommerce-plugin-wordpress-test – Cover article.jpg,02_PROJETS/schoolsWP/04_Assets/06_Covers-articles/2025-10-24 – Easycommerce-plugin-wordpress-test – Cover article.jpg,01_Projets/schoolsWP/04_Assets/06_Covers-articles/2025-10-24 – Easycommerce-plugin-wordpress-test – Cover article.jpg,MOVE,READY,02_PROJETS -> 01_Projets,image/jpeg,160772
1_my6536wOsB6CvxycvMZdat1Iy6g6do9,2025-10-24 – Easycommerce-ai-copy-writer-plugin-wordpress – Cover article.jpg,02_PROJETS/schoolsWP/04_Assets/06_Covers-articles/2025-10-24 – Easycommerce-ai-copy-writer-plugin-wordpress – Cover article.jpg,01_Projets/schoolsWP/04_Assets/06_Covers-articles/2025-10-24 – Easycommerce-ai-copy-writer-plugin-wordpress – Cover article.jpg,MOVE,READY,02_PROJETS -> 01_Projets,image/jpeg,110372
1mBw5ckGz9hAhwRpZ2TJcEET6gJvThf0M,2025-10-24 – Easycommerce-tableau-de-bord-produits-wordpress – Cover article.jpg,02_PROJETS/schoolsWP/04_Assets/06_Covers-articles/2025-10-24 – Easycommerce-tableau-de-bord-produits-wordpress – Cover article.jpg,01_Projets/schoolsWP/04_Assets/06_Covers-articles/2025-10-24 – Easycommerce-tableau-de-bord-produits-wordpress – Cover article.jpg,MOVE,READY,02_PROJETS -> 01_Projets,image/jpeg,146923
1C_LsVxNZ4DnD3jujAQeqTliMPpABXq0h,2025-10-24 – Easycommerce-emails-automatiques-plugin-wordpress – Cover article.jpg,02_PROJETS/schoolsWP/04_Assets/06_Covers-articles/2025-10-24 – Easycommerce-emails-automatiques-plugin-wordpress – Cover article.jpg,01_Projets/schoolsWP/04_Assets/06_Covers-articles/2025-10-24 – Easycommerce-emails-automatiques-plugin-wordpress – Cover article.jpg,MOVE,READY,02_PROJETS -> 01_Projets,image/jpeg,379388
1TNTBPFdVcxlHeZk2Mm0OsDrUZsyp7a5F,2025-11-21 – Apprendre-wordpress-difficulte – Cover article.jpg,02_PROJETS/schoolsWP/04_Assets/06_Covers-articles/2025-11-21 – Apprendre-wordpress-difficulte – Cover article.jpg,01_Projets/schoolsWP/04_Assets/06_Covers-articles/2025-11-21 – Apprendre-wordpress-difficulte – Cover article.jpg,MOVE,READY,02_PROJETS -> 01_Projets,image/jpeg,255537
1pydiRM16cdAvCmsXP93bU5JwI5gnqFCH,2025-11-27 – Wordpress-6-9-nouveautes-ia-collaboration – Cover article.jpg,02_PROJETS/schoolsWP/04_Assets/06_Covers-articles/2025-11-27 – Wordpress-6-9-nouveautes-ia-collaboration – Cover article.jpg,01_Projets/schoolsWP/04_Assets/06_Covers-articles/2025-11-27 – Wordpress-6-9-nouveautes-ia-collaboration – Cover article.jpg,MOVE,READY,02_PROJETS -> 01_Projets,image/jpeg,277387
1xnvsIF180FPBR_-eXKB8eV9p7F3kHHGs,2025-11-27 – Fluentcart-plugin-wordpress-ecommerce – Cover article.jpg,02_PROJETS/schoolsWP/04_Assets/06_Covers-articles/2025-11-27 – Fluentcart-plugin-wordpress-ecommerce – Cover article.jpg,01_Projets/schoolsWP/04_Assets/06_Covers-articles/2025-11-27 – Fluentcart-plugin-wordpress-ecommerce – Cover article.jpg,MOVE,READY,02_PROJETS -> 01_Projets,image/jpeg,248538
14j7YqsomWQo4j3c_TFdJ45wzwiES3yTL,2025-11-29 – Metricool-avis-outil-gestion-reseaux-sociaux – Cover article.jpg,02_PROJETS/schoolsWP/04_Assets/06_Covers-articles/2025-11-29 – Metricool-avis-outil-gestion-reseaux-sociaux – Cover article.jpg,01_Projets/schoolsWP/04_Assets/06_Covers-articles/2025-11-29 – Metricool-avis-outil-gestion-reseaux-sociaux – Cover article.jpg,MOVE,READY,02_PROJETS -> 01_Projets,image/jpeg,197701
19e5G3O5WUHT-BEUkd41tbNF9-ikYUX0i,2025-12-09 – Metricool-test-complet-avis – Cover article.jpg,02_PROJETS/schoolsWP/04_Assets/06_Covers-articles/2025-12-09 – Metricool-test-complet-avis – Cover article.jpg,01_Projets/schoolsWP/04_Assets/06_Covers-articles/2025-12-09 – Metricool-test-complet-avis – Cover article.jpg,MOVE,READY,02_PROJETS -> 01_Projets,image/jpeg,205916
13ugMRA2oKrWCNpgbUV5sT3CVXus7C4Ll,2025-12-16 – Mailerpress-1-1-plugin-wordpress-email-marketing – Cover article.jpg,02_PROJETS/schoolsWP/04_Assets/06_Covers-articles/2025-12-16 – Mailerpress-1-1-plugin-wordpress-email-marketing – Cover article.jpg,01_Projets/schoolsWP/04_Assets/06_Covers-articles/2025-12-16 – Mailerpress-1-1-plugin-wordpress-email-marketing – Cover article.jpg,MOVE,READY,02_PROJETS -> 01_Projets,image/jpeg,275857
1zZxbfiBlCuwbyNSZbzvWuprfBii2rqa-,2025-12-16 – Mailerpress-email-marketing-dashboard-wordpress – Cover article.jpg,02_PROJETS/schoolsWP/04_Assets/06_Covers-articles/2025-12-16 – Mailerpress-email-marketing-dashboard-wordpress – Cover article.jpg,01_Projets/schoolsWP/04_Assets/06_Covers-articles/2025-12-16 – Mailerpress-email-marketing-dashboard-wordpress – Cover article.jpg,MOVE,READY,02_PROJETS -> 01_Projets,image/jpeg,205365
1hmEm_3PXxHIXruL26A0huqDCikzaZ-Dv,2025-12-17 – Ninja-tables-plugin-wordpress-tables-interactives-fluentcart – Cover article.jpg,02_PROJETS/schoolsWP/04_Assets/06_Covers-articles/2025-12-17 – Ninja-tables-plugin-wordpress-tables-interactives-fluentcart – Cover article.jpg,01_Projets/schoolsWP/04_Assets/06_Covers-articles/2025-12-17 – Ninja-tables-plugin-wordpress-tables-interactives-fluentcart – Cover article.jpg,MOVE,READY,02_PROJETS -> 01_Projets,image/jpeg,279143
1i1jP6SS62h_wfc5GGY9rhZnP7-S0dc1a,2025-12-29 – Linksclub-plateforme-netlinking-backlinks – Cover article.jpg,02_PROJETS/schoolsWP/04_Assets/06_Covers-articles/2025-12-29 – Linksclub-plateforme-netlinking-backlinks – Cover article.jpg,01_Projets/schoolsWP/04_Assets/06_Covers-articles/2025-12-29 – Linksclub-plateforme-netlinking-backlinks – Cover article.jpg,MOVE,READY,02_PROJETS -> 01_Projets,image/jpeg,299819
1o4EN80AqHENMDWGX9m3d-pqCfKljzrXf,2025-12-29 – Logo-linksclub-by-linksgarden-netlinking – Cover article.jpg,02_PROJETS/schoolsWP/04_Assets/06_Covers-articles/2025-12-29 – Logo-linksclub-by-linksgarden-netlinking – Cover article.jpg,01_Projets/schoolsWP/04_Assets/06_Covers-articles/2025-12-29 – Logo-linksclub-by-linksgarden-netlinking – Cover article.jpg,MOVE,READY,02_PROJETS -> 01_Projets,image/jpeg,90608
1dZqYIghj2baGOFn-eVjKW4zNY1T0nxYm,2025-12-29 – Linksclub-packs-dilution-amorcage-booster-tarifs – Cover article.jpg,02_PROJETS/schoolsWP/04_Assets/06_Covers-articles/2025-12-29 – Linksclub-packs-dilution-amorcage-booster-tarifs – Cover article.jpg,01_Projets/schoolsWP/04_Assets/06_Covers-articles/2025-12-29 – Linksclub-packs-dilution-amorcage-booster-tarifs – Cover article.jpg,MOVE,READY,02_PROJETS -> 01_Projets,image/jpeg,226404
1iK_u7DZsSWD7SrFbWJo35iJkun0Bz5hB,2025-12-29 – Linksclub-page-accueil-backlinks-thematiques-seo – Cover article.jpg,02_PROJETS/schoolsWP/04_Assets/06_Covers-articles/2025-12-29 – Linksclub-page-accueil-backlinks-thematiques-seo – Cover article.jpg,01_Projets/schoolsWP/04_Assets/06_Covers-articles/2025-12-29 – Linksclub-page-accueil-backlinks-thematiques-seo – Cover article.jpg,MOVE,READY,02_PROJETS -> 01_Projets,image/jpeg,247908
1d08RfSSEI1mvCLYCQKANTxl_JGKYSwKf,2025-12-29 – Linksclub-choix-thematiques-campagne-backlinks-seo – Cover article.jpg,02_PROJETS/schoolsWP/04_Assets/06_Covers-articles/2025-12-29 – Linksclub-choix-thematiques-campagne-backlinks-seo – Cover article.jpg,01_Projets/schoolsWP/04_Assets/06_Covers-articles/2025-12-29 – Linksclub-choix-thematiques-campagne-backlinks-seo – Cover article.jpg,MOVE,READY,02_PROJETS -> 01_Projets,image/jpeg,798120
1WJWS4PaC35eQ_mQA9TzX8a_E5arCq4kA,2026-01-03 – Masteriyo-retina-logo – Cover article.png,02_PROJETS/schoolsWP/04_Assets/06_Covers-articles/2026-01-03 – Masteriyo-retina-logo – Cover article.png,01_Projets/schoolsWP/04_Assets/06_Covers-articles/2026-01-03 – Masteriyo-retina-logo – Cover article.png,MOVE,READY,02_PROJETS -> 01_Projets,image/png,5410
1thP3uKxThXhC5GdqNLOnEh7VpF0kQgsI,2026-01-03 – Masteriyo-lms-avis-site-officiel-cours-en-ligne – Cover article.jpg,02_PROJETS/schoolsWP/04_Assets/06_Covers-articles/2026-01-03 – Masteriyo-lms-avis-site-officiel-cours-en-ligne – Cover article.jpg,01_Projets/schoolsWP/04_Assets/06_Covers-articles/2026-01-03 – Masteriyo-lms-avis-site-officiel-cours-en-ligne – Cover article.jpg,MOVE,READY,02_PROJETS -> 01_Projets,image/jpeg,77043
1PEe1xPQpmBP9X9MldicUwVsFQvHvg_07,2026-01-03 – Masteriyo-lms-plugin-wordpress-creation-cours-debutants – Cover article.jpg,02_PROJETS/schoolsWP/04_Assets/06_Covers-articles/2026-01-03 – Masteriyo-lms-plugin-wordpress-creation-cours-debutants – Cover article.jpg,01_Projets/schoolsWP/04_Assets/06_Covers-articles/2026-01-03 – Masteriyo-lms-plugin-wordpress-creation-cours-debutants – Cover article.jpg,MOVE,READY,02_PROJETS -> 01_Projets,image/jpeg,225800
1T7e_vtgvFZSTqGnmCsK3pNcvAae8biB6,2026-01-03 – Masteriyo-lms-plugin-wordpress-choisir-type-lecon – Cover article.jpg,02_PROJETS/schoolsWP/04_Assets/06_Covers-articles/2026-01-03 – Masteriyo-lms-plugin-wordpress-choisir-type-lecon – Cover article.jpg,01_Projets/schoolsWP/04_Assets/06_Covers-articles/2026-01-03 – Masteriyo-lms-plugin-wordpress-choisir-type-lecon – Cover article.jpg,MOVE,READY,02_PROJETS -> 01_Projets,image/jpeg,54323
17O6Bjn47LRugF3clmkWZFdiI8rqr86Ol,2026-01-03 – Masteriyo-lms-plugin-wordpress-builder-modules-cours – Cover article.jpg,02_PROJETS/schoolsWP/04_Assets/06_Covers-articles/2026-01-03 – Masteriyo-lms-plugin-wordpress-builder-modules-cours – Cover article.jpg,01_Projets/schoolsWP/04_Assets/06_Covers-articles/2026-01-03 – Masteriyo-lms-plugin-wordpress-builder-modules-cours – Cover article.jpg,MOVE,READY,02_PROJETS -> 01_Projets,image/jpeg,286969
1MsLgOiWI3gbakcNd0LKNekGZHjIf82LH,2026-01-03 – Quiz-wordpress-debutant-masteriyo-lms-plugin-wordpress – Cover article.jpg,02_PROJETS/schoolsWP/04_Assets/06_Covers-articles/2026-01-03 – Quiz-wordpress-debutant-masteriyo-lms-plugin-wordpress – Cover article.jpg,01_Projets/schoolsWP/04_Assets/06_Covers-articles/2026-01-03 – Quiz-wordpress-debutant-masteriyo-lms-plugin-wordpress – Cover article.jpg,MOVE,READY,02_PROJETS -> 01_Projets,image/jpeg,83993
1GNedUvG94XtMxZzBmeUTQC5BpVh4HGVJ,2026-01-03 – Masteriyo-lms-plugin-wordpress-types-questions-quiz – Cover article.jpg,02_PROJETS/schoolsWP/04_Assets/06_Covers-articles/2026-01-03 – Masteriyo-lms-plugin-wordpress-types-questions-quiz – Cover article.jpg,01_Projets/schoolsWP/04_Assets/06_Covers-articles/2026-01-03 – Masteriyo-lms-plugin-wordpress-types-questions-quiz – Cover article.jpg,MOVE,READY,02_PROJETS -> 01_Projets,image/jpeg,80796
1Isi5xoqJZZ9SeUKar1_IpWgx2LNrCyTN,2026-01-03 – Masteriyo-lms-plugin-wordpress-editeur-questions-quiz-qcm – Cover article.jpg,02_PROJETS/schoolsWP/04_Assets/06_Covers-articles/2026-01-03 – Masteriyo-lms-plugin-wordpress-editeur-questions-quiz-qcm – Cover article.jpg,01_Projets/schoolsWP/04_Assets/06_Covers-articles/2026-01-03 – Masteriyo-lms-plugin-wordpress-editeur-questions-quiz-qcm – Cover article.jpg,MOVE,READY,02_PROJETS -> 01_Projets,image/jpeg,156981
1H-TJeDdLJbIHalfAY5I8pIis6IaZby46,2026-01-03 – Quiz-wordpress-debutant-masteriyo-lms-interface-apprenant – Cover article.jpg,02_PROJETS/schoolsWP/04_Assets/06_Covers-articles/2026-01-03 – Quiz-wordpress-debutant-masteriyo-lms-interface-apprenant – Cover article.jpg,01_Projets/schoolsWP/04_Assets/06_Covers-articles/2026-01-03 – Quiz-wordpress-debutant-masteriyo-lms-interface-apprenant – Cover article.jpg,MOVE,READY,02_PROJETS -> 01_Projets,image/jpeg,177088
1qKPhGUEMyVyZC-ST-R9_KQjI-C8Pkn_3,2026-01-03 – Masteriyo-lms-plugin-wordpress-methodes-paiement-checkout – Cover article.jpg,02_PROJETS/schoolsWP/04_Assets/06_Covers-articles/2026-01-03 – Masteriyo-lms-plugin-wordpress-methodes-paiement-checkout – Cover article.jpg,01_Projets/schoolsWP/04_Assets/06_Covers-articles/2026-01-03 – Masteriyo-lms-plugin-wordpress-methodes-paiement-checkout – Cover article.jpg,MOVE,READY,02_PROJETS -> 01_Projets,image/jpeg,89766
1jbN09Ym_IqCeOM3zW-5SD41hap6CI__J,2026-01-03 – Masteriyo-lms-plugin-wordpress-content-drip-acces-progressif – Cover article.jpg,02_PROJETS/schoolsWP/04_Assets/06_Covers-articles/2026-01-03 – Masteriyo-lms-plugin-wordpress-content-drip-acces-progressif – Cover article.jpg,01_Projets/schoolsWP/04_Assets/06_Covers-articles/2026-01-03 – Masteriyo-lms-plugin-wordpress-content-drip-acces-progressif – Cover article.jpg,MOVE,READY,02_PROJETS -> 01_Projets,image/jpeg,48059
1FFnKHmsWXXjdcUJ8j-BP_rRn-zIuTexS,2026-01-03 – Cours-wordpress-debutant-page-masteriyo-lms – Cover article.jpg,02_PROJETS/schoolsWP/04_Assets/06_Covers-articles/2026-01-03 – Cours-wordpress-debutant-page-masteriyo-lms – Cover article.jpg,01_Projets/schoolsWP/04_Assets/06_Covers-articles/2026-01-03 – Cours-wordpress-debutant-page-masteriyo-lms – Cover article.jpg,MOVE,READY,02_PROJETS -> 01_Projets,image/jpeg,212363
1uq-ySJ7ygzuuJP0Bs8zO-VQk5hix81Ab,2026-01-03 – Masteriyo-lms-plugin-wordpress-reglages-permaliens-advanced-seo – Cover article.jpg,02_PROJETS/schoolsWP/04_Assets/06_Covers-articles/2026-01-03 – Masteriyo-lms-plugin-wordpress-reglages-permaliens-advanced-seo – Cover article.jpg,01_Projets/schoolsWP/04_Assets/06_Covers-articles/2026-01-03 – Masteriyo-lms-plugin-wordpress-reglages-permaliens-advanced-seo – Cover article.jpg,MOVE,READY,02_PROJETS -> 01_Projets,image/jpeg,139842
1WWns3KnFAhv5_Ug43Fczaavl6WBU98P9,2026-01-03 – Masteriyo-lms-plugin-wordpress-formation-en-ligne – Cover article.jpg,02_PROJETS/schoolsWP/04_Assets/06_Covers-articles/2026-01-03 – Masteriyo-lms-plugin-wordpress-formation-en-ligne – Cover article.jpg,01_Projets/schoolsWP/04_Assets/06_Covers-articles/2026-01-03 – Masteriyo-lms-plugin-wordpress-formation-en-ligne – Cover article.jpg,MOVE,READY,02_PROJETS -> 01_Projets,image/jpeg,248534
1kxvz88yWaDxQ4sjgncWPHRw9V-HNPDAF,2026-01-08 – Apprendre-wordpress-en-1-journee-formation-debutant – Cover article.jpg,02_PROJETS/schoolsWP/04_Assets/06_Covers-articles/2026-01-08 – Apprendre-wordpress-en-1-journee-formation-debutant – Cover article.jpg,01_Projets/schoolsWP/04_Assets/06_Covers-articles/2026-01-08 – Apprendre-wordpress-en-1-journee-formation-debutant – Cover article.jpg,MOVE,READY,02_PROJETS -> 01_Projets,image/jpeg,265598
1k9oCjo63NuAvapR1T0IsfKD_WcnaDyXy,2026-01-16 – Wplingua-logo-small – Cover article.png,02_PROJETS/schoolsWP/04_Assets/06_Covers-articles/2026-01-16 – Wplingua-logo-small – Cover article.png,01_Projets/schoolsWP/04_Assets/06_Covers-articles/2026-01-16 – Wplingua-logo-small – Cover article.png,MOVE,READY,02_PROJETS -> 01_Projets,image/png,28685
14seEJ80tQ0PhMJl2XquumE9J00pIB05c,2026-01-16 – Wplingua-plugin-wordpress-traduction-multilingue – Cover article.png,02_PROJETS/schoolsWP/04_Assets/06_Covers-articles/2026-01-16 – Wplingua-plugin-wordpress-traduction-multilingue – Cover article.png,01_Projets/schoolsWP/04_Assets/06_Covers-articles/2026-01-16 – Wplingua-plugin-wordpress-traduction-multilingue – Cover article.png,MOVE,READY,02_PROJETS -> 01_Projets,image/png,30631
1vFieLcOMTbMzzktIb_O1LsAbp6A1zW6Q,2026-01-16 – Wplingua-plugin-traduction-wordpress-multilingue – Cover article.jpg,02_PROJETS/schoolsWP/04_Assets/06_Covers-articles/2026-01-16 – Wplingua-plugin-traduction-wordpress-multilingue – Cover article.jpg,01_Projets/schoolsWP/04_Assets/06_Covers-articles/2026-01-16 – Wplingua-plugin-traduction-wordpress-multilingue – Cover article.jpg,MOVE,READY,02_PROJETS -> 01_Projets,image/jpeg,245401
1azu94AwhXZypyRP6hme1O3hPTrWsX_Y8,2026-01-16 – Wplingua-reglages-seo-traduction-multilingue – Cover article.jpg,02_PROJETS/schoolsWP/04_Assets/06_Covers-articles/2026-01-16 – Wplingua-reglages-seo-traduction-multilingue – Cover article.jpg,01_Projets/schoolsWP/04_Assets/06_Covers-articles/2026-01-16 – Wplingua-reglages-seo-traduction-multilingue – Cover article.jpg,MOVE,READY,02_PROJETS -> 01_Projets,image/jpeg,146373
1uGyTfMrvwtUtPHOQd1yZgnrbq9YIU-77,2026-01-17 – Sureforms-plugin-wordpress-stockage-local – Cover article.jpg,02_PROJETS/schoolsWP/04_Assets/06_Covers-articles/2026-01-17 – Sureforms-plugin-wordpress-stockage-local – Cover article.jpg,01_Projets/schoolsWP/04_Assets/06_Covers-articles/2026-01-17 – Sureforms-plugin-wordpress-stockage-local – Cover article.jpg,MOVE,READY,02_PROJETS -> 01_Projets,image/jpeg,277712
1W_7B5gESth63KuCN8zYa51lfiluF-Mqa,2026-01-23 – Fluent-forms-gutenberg-ajouter-formulaire – Cover article.jpg,02_PROJETS/schoolsWP/04_Assets/06_Covers-articles/2026-01-23 – Fluent-forms-gutenberg-ajouter-formulaire – Cover article.jpg,01_Projets/schoolsWP/04_Assets/06_Covers-articles/2026-01-23 – Fluent-forms-gutenberg-ajouter-formulaire – Cover article.jpg,MOVE,READY,02_PROJETS -> 01_Projets,image/jpeg,118083
1T6ZeVC8ibDzjzIfjfy7Zl2CvXP1hZnNt,2026-01-23 – Fluent-forms-gutenberg-selection-formulaire – Cover article.jpg,02_PROJETS/schoolsWP/04_Assets/06_Covers-articles/2026-01-23 – Fluent-forms-gutenberg-selection-formulaire – Cover article.jpg,01_Projets/schoolsWP/04_Assets/06_Covers-articles/2026-01-23 – Fluent-forms-gutenberg-selection-formulaire – Cover article.jpg,MOVE,READY,02_PROJETS -> 01_Projets,image/jpeg,26837
1Ha4fiR9mainIlRAx61DpY6EZB8Zjv7Wq,2026-01-23 – Fluent-forms-gutenberg-reglages-bloc-style – Cover article.jpg,02_PROJETS/schoolsWP/04_Assets/06_Covers-articles/2026-01-23 – Fluent-forms-gutenberg-reglages-bloc-style – Cover article.jpg,01_Projets/schoolsWP/04_Assets/06_Covers-articles/2026-01-23 – Fluent-forms-gutenberg-reglages-bloc-style – Cover article.jpg,MOVE,READY,02_PROJETS -> 01_Projets,image/jpeg,79142
1RPDk05ZDhghsXRTvFi6c-HqdBvWlMoD0,2026-01-23 – Fluent-forms-gutenberg-styles-formulaire – Cover article.jpg,02_PROJETS/schoolsWP/04_Assets/06_Covers-articles/2026-01-23 – Fluent-forms-gutenberg-styles-formulaire – Cover article.jpg,01_Projets/schoolsWP/04_Assets/06_Covers-articles/2026-01-23 – Fluent-forms-gutenberg-styles-formulaire – Cover article.jpg,MOVE,READY,02_PROJETS -> 01_Projets,image/jpeg,69684
1QL1OxiAbKHAxtNO-zR7exXKqBGSv0HbW,2026-01-23 – Fluent-forms-gutenberg-styles-avances – Cover article.jpg,02_PROJETS/schoolsWP/04_Assets/06_Covers-articles/2026-01-23 – Fluent-forms-gutenberg-styles-avances – Cover article.jpg,01_Projets/schoolsWP/04_Assets/06_Covers-articles/2026-01-23 – Fluent-forms-gutenberg-styles-avances – Cover article.jpg,MOVE,READY,02_PROJETS -> 01_Projets,image/jpeg,61310
1TLD0lN1iF--Lat5PXdBJp8RO8ANBEXAX,2026-01-23 – Fluent-forms-gutenberg-styles-bouton-cta – Cover article.jpg,02_PROJETS/schoolsWP/04_Assets/06_Covers-articles/2026-01-23 – Fluent-forms-gutenberg-styles-bouton-cta – Cover article.jpg,01_Projets/schoolsWP/04_Assets/06_Covers-articles/2026-01-23 – Fluent-forms-gutenberg-styles-bouton-cta – Cover article.jpg,MOVE,READY,02_PROJETS -> 01_Projets,image/jpeg,144814
1B9jv9uZPb5mXhsmmlmq9KA8MUPH1Ciay,2026-01-23 – Fluent-forms-gutenberg-messages-succes-erreur – Cover article.jpg,02_PROJETS/schoolsWP/04_Assets/06_Covers-articles/2026-01-23 – Fluent-forms-gutenberg-messages-succes-erreur – Cover article.jpg,01_Projets/schoolsWP/04_Assets/06_Covers-articles/2026-01-23 – Fluent-forms-gutenberg-messages-succes-erreur – Cover article.jpg,MOVE,READY,02_PROJETS -> 01_Projets,image/jpeg,90762
12dc5RTP6oEcrXw2wYODSB1hnCTe7MKBq,2026-01-23 – Fluent-forms-gutenberg-style-champs-requis – Cover article.jpg,02_PROJETS/schoolsWP/04_Assets/06_Covers-articles/2026-01-23 – Fluent-forms-gutenberg-style-champs-requis – Cover article.jpg,01_Projets/schoolsWP/04_Assets/06_Covers-articles/2026-01-23 – Fluent-forms-gutenberg-style-champs-requis – Cover article.jpg,MOVE,READY,02_PROJETS -> 01_Projets,image/jpeg,64769
1IHNp3gCog4XsQnwahjb2A1a6Ll23cOEu,2026-01-23 – Fluent-forms-gutenberg-personnaliser-formulaire-sans-code – Cover article.jpg,02_PROJETS/schoolsWP/04_Assets/06_Covers-articles/2026-01-23 – Fluent-forms-gutenberg-personnaliser-formulaire-sans-code – Cover article.jpg,01_Projets/schoolsWP/04_Assets/06_Covers-articles/2026-01-23 – Fluent-forms-gutenberg-personnaliser-formulaire-sans-code – Cover article.jpg,MOVE,READY,02_PROJETS -> 01_Projets,image/jpeg,295419
16XdQIJHh_3gtGPyt6mnK-U2DXr6ummly,2026-01-26 – Cartflows-alternatives-plugin-wordpress-tunnel-woocommerce – Cover article.jpg,02_PROJETS/schoolsWP/04_Assets/06_Covers-articles/2026-01-26 – Cartflows-alternatives-plugin-wordpress-tunnel-woocommerce – Cover article.jpg,01_Projets/schoolsWP/04_Assets/06_Covers-articles/2026-01-26 – Cartflows-alternatives-plugin-wordpress-tunnel-woocommerce – Cover article.jpg,MOVE,READY,02_PROJETS -> 01_Projets,image/jpeg,239841
1I09eauVpdG6dOvbwg4hWLGasSbR8B2NU,2026-01-29 – Avis-chatseo-assistant-seo-ia – Cover article.jpg,02_PROJETS/schoolsWP/04_Assets/06_Covers-articles/2026-01-29 – Avis-chatseo-assistant-seo-ia – Cover article.jpg,01_Projets/schoolsWP/04_Assets/06_Covers-articles/2026-01-29 – Avis-chatseo-assistant-seo-ia – Cover article.jpg,MOVE,READY,02_PROJETS -> 01_Projets,image/jpeg,239642
14A73__GCjd9QJ7vspZ0woWc0mvhhW86K,2026-01-29 – Logo – Cover article.png,02_PROJETS/schoolsWP/04_Assets/06_Covers-articles/2026-01-29 – Logo – Cover article.png,01_Projets/schoolsWP/04_Assets/06_Covers-articles/2026-01-29 – Logo – Cover article.png,MOVE,READY,02_PROJETS -> 01_Projets,image/png,80288
18naMToMJS_VRdkB6gC7cGSbX85yuGjQr,2026-01-29 – Chatseo-page-accueil-agent-seo-ia – Cover article.jpg,02_PROJETS/schoolsWP/04_Assets/06_Covers-articles/2026-01-29 – Chatseo-page-accueil-agent-seo-ia – Cover article.jpg,01_Projets/schoolsWP/04_Assets/06_Covers-articles/2026-01-29 – Chatseo-page-accueil-agent-seo-ia – Cover article.jpg,MOVE,READY,02_PROJETS -> 01_Projets,image/jpeg,54623
1iSiJ6JcFJPnkIaEq4DjVsCj16dc9pIli,2026-01-29 – Chatseo-concurrents-plugin-wordpress-seo – Cover article.jpg,02_PROJETS/schoolsWP/04_Assets/06_Covers-articles/2026-01-29 – Chatseo-concurrents-plugin-wordpress-seo – Cover article.jpg,01_Projets/schoolsWP/04_Assets/06_Covers-articles/2026-01-29 – Chatseo-concurrents-plugin-wordpress-seo – Cover article.jpg,MOVE,READY,02_PROJETS -> 01_Projets,image/jpeg,48978
1gHwdEQr3sKZ56oZ6giBnaUT3hg8tVpvu,2026-01-29 – Logo-chatseo-avis-saas-seo-analyse-search-console – Cover article.png,02_PROJETS/schoolsWP/04_Assets/06_Covers-articles/2026-01-29 – Logo-chatseo-avis-saas-seo-analyse-search-console – Cover article.png,01_Projets/schoolsWP/04_Assets/06_Covers-articles/2026-01-29 – Logo-chatseo-avis-saas-seo-analyse-search-console – Cover article.png,MOVE,READY,02_PROJETS -> 01_Projets,image/png,68272
1D_SCicTPFGnlghaKsdvvAayW2WYa3ZNQ,2026-01-29 – Chatseo-dashboard-etat-seo-google-search-console – Cover article.jpg,02_PROJETS/schoolsWP/04_Assets/06_Covers-articles/2026-01-29 – Chatseo-dashboard-etat-seo-google-search-console – Cover article.jpg,01_Projets/schoolsWP/04_Assets/06_Covers-articles/2026-01-29 – Chatseo-dashboard-etat-seo-google-search-console – Cover article.jpg,MOVE,READY,02_PROJETS -> 01_Projets,image/jpeg,55064
1NTh-xz1dPzxwvdwqlOFAbYQ7mPPQIUDb,2026-01-29 – Chatseo-categories-mots-cles-prioritaires-strategie-seo – Cover article.jpg,02_PROJETS/schoolsWP/04_Assets/06_Covers-articles/2026-01-29 – Chatseo-categories-mots-cles-prioritaires-strategie-seo – Cover article.jpg,01_Projets/schoolsWP/04_Assets/06_Covers-articles/2026-01-29 – Chatseo-categories-mots-cles-prioritaires-strategie-seo – Cover article.jpg,MOVE,READY,02_PROJETS -> 01_Projets,image/jpeg,55846
1YasNuCAifS6mykWCCD4yaIlz_hVClX1f,2026-01-29 – Chatseo-quick-wins-actions-seo-prioritaires-roi – Cover article.jpg,02_PROJETS/schoolsWP/04_Assets/06_Covers-articles/2026-01-29 – Chatseo-quick-wins-actions-seo-prioritaires-roi – Cover article.jpg,01_Projets/schoolsWP/04_Assets/06_Covers-articles/2026-01-29 – Chatseo-quick-wins-actions-seo-prioritaires-roi – Cover article.jpg,MOVE,READY,02_PROJETS -> 01_Projets,image/jpeg,67086
1dbYUsvLIAcm2dSl6Iiqo8Reft-tfolYg,2026-01-29 – Chatseo-plan-action-immediat-seo-30-minutes – Cover article.jpg,02_PROJETS/schoolsWP/04_Assets/06_Covers-articles/2026-01-29 – Chatseo-plan-action-immediat-seo-30-minutes – Cover article.jpg,01_Projets/schoolsWP/04_Assets/06_Covers-articles/2026-01-29 – Chatseo-plan-action-immediat-seo-30-minutes – Cover article.jpg,MOVE,READY,02_PROJETS -> 01_Projets,image/jpeg,68665
1iYlNCLttY5XAKpFHnT1fbK4TBWM1V0zc,2026-01-06 – Mailerpress-plugin-wordpress-emailing-newsletter – Cover article.jpg,02_PROJETS/schoolsWP/04_Assets/06_Covers-articles/2026-01-06 – Mailerpress-plugin-wordpress-emailing-newsletter – Cover article.jpg,01_Projets/schoolsWP/04_Assets/06_Covers-articles/2026-01-06 – Mailerpress-plugin-wordpress-emailing-newsletter – Cover article.jpg,MOVE,READY,02_PROJETS -> 01_Projets,image/jpeg,268071
1kDCxqKbn4mf_0VL5zcbJ_IkcLuSQm4My,2025-11-13 – Wpmissioncontrol-plugin-wordpress-monitoring – Cover article.jpg,02_PROJETS/schoolsWP/04_Assets/06_Covers-articles/2025-11-13 – Wpmissioncontrol-plugin-wordpress-monitoring – Cover article.jpg,01_Projets/schoolsWP/04_Assets/06_Covers-articles/2025-11-13 – Wpmissioncontrol-plugin-wordpress-monitoring – Cover article.jpg,MOVE,READY,02_PROJETS -> 01_Projets,image/jpeg,296478
1n_hp6UA2Na6mxtI8tGksqF9n-itNggCk,2025-11-15 – Wpmc-plugin-wordpress-monitoring-securite – Cover article.jpg,02_PROJETS/schoolsWP/04_Assets/06_Covers-articles/2025-11-15 – Wpmc-plugin-wordpress-monitoring-securite – Cover article.jpg,01_Projets/schoolsWP/04_Assets/06_Covers-articles/2025-11-15 – Wpmc-plugin-wordpress-monitoring-securite – Cover article.jpg,MOVE,READY,02_PROJETS -> 01_Projets,image/jpeg,164051
1UyHPkjGnd-LmAzCk47wob5hQXuTyB5yd,2025-11-15 – Monitoring-plugin-wordpress-performance-uptime – Cover article.jpg,02_PROJETS/schoolsWP/04_Assets/06_Covers-articles/2025-11-15 – Monitoring-plugin-wordpress-performance-uptime – Cover article.jpg,01_Projets/schoolsWP/04_Assets/06_Covers-articles/2025-11-15 – Monitoring-plugin-wordpress-performance-uptime – Cover article.jpg,MOVE,READY,02_PROJETS -> 01_Projets,image/jpeg,288527
1fLiAVDntcnC57tTTO62Xcj9Rvxuqb4YN,2025-11-15 – Ssl-plugin-wordpress-securite-https – Cover article.jpg,02_PROJETS/schoolsWP/04_Assets/06_Covers-articles/2025-11-15 – Ssl-plugin-wordpress-securite-https – Cover article.jpg,01_Projets/schoolsWP/04_Assets/06_Covers-articles/2025-11-15 – Ssl-plugin-wordpress-securite-https – Cover article.jpg,MOVE,READY,02_PROJETS -> 01_Projets,image/jpeg,243793
1mlJQErv5a6cSFySGJOL7c6FEI6CL9SX1,2025-11-15 – Logo-wpmissioncontrol – Cover article.webp,02_PROJETS/schoolsWP/04_Assets/06_Covers-articles/2025-11-15 – Logo-wpmissioncontrol – Cover article.webp,01_Projets/schoolsWP/04_Assets/06_Covers-articles/2025-11-15 – Logo-wpmissioncontrol – Cover article.webp,MOVE,READY,02_PROJETS -> 01_Projets,image/webp,6680
1Gg_nwEePh_-IhivzMTi2gwD5WOiDviwF,2025-11-15 – Malware-scanner-plugin-wordpress-securite – Cover article.jpg,02_PROJETS/schoolsWP/04_Assets/06_Covers-articles/2025-11-15 – Malware-scanner-plugin-wordpress-securite – Cover article.jpg,01_Projets/schoolsWP/04_Assets/06_Covers-articles/2025-11-15 – Malware-scanner-plugin-wordpress-securite – Cover article.jpg,MOVE,READY,02_PROJETS -> 01_Projets,image/jpeg,164172
14koY1Pe7x_PsAxc3awI6nFQ5coq-wrML,2025-11-15 – Full-site-scan-plugin-wordpress-monitoring – Cover article.jpg,02_PROJETS/schoolsWP/04_Assets/06_Covers-articles/2025-11-15 – Full-site-scan-plugin-wordpress-monitoring – Cover article.jpg,01_Projets/schoolsWP/04_Assets/06_Covers-articles/2025-11-15 – Full-site-scan-plugin-wordpress-monitoring – Cover article.jpg,MOVE,READY,02_PROJETS -> 01_Projets,image/jpeg,323230
1eTRkpsOfmBuQ6kVMiZGovPWifMfTbn9o,2025-11-18 – Wpmissioncontrol-core-issues-monitoring-wordpress – Cover article.jpg,02_PROJETS/schoolsWP/04_Assets/06_Covers-articles/2025-11-18 – Wpmissioncontrol-core-issues-monitoring-wordpress – Cover article.jpg,01_Projets/schoolsWP/04_Assets/06_Covers-articles/2025-11-18 – Wpmissioncontrol-core-issues-monitoring-wordpress – Cover article.jpg,MOVE,READY,02_PROJETS -> 01_Projets,image/jpeg,52864
1SEByi0BQCzOyQ8auP9DUahprOAzKU1X8,2025-11-18 – Wpmissioncontrol-plugin-wordpress-monitoring-domaine – Cover article.jpg,02_PROJETS/schoolsWP/04_Assets/06_Covers-articles/2025-11-18 – Wpmissioncontrol-plugin-wordpress-monitoring-domaine – Cover article.jpg,01_Projets/schoolsWP/04_Assets/06_Covers-articles/2025-11-18 – Wpmissioncontrol-plugin-wordpress-monitoring-domaine – Cover article.jpg,MOVE,READY,02_PROJETS -> 01_Projets,image/jpeg,273025
1xIW854qdW2RShNa6Xrbuqyy93F8w1hxp,2025-11-18 – Wpmissioncontrol-security-badge-plugin-wordpress-monitoring – Cover article.jpg,02_PROJETS/schoolsWP/04_Assets/06_Covers-articles/2025-11-18 – Wpmissioncontrol-security-badge-plugin-wordpress-monitoring – Cover article.jpg,01_Projets/schoolsWP/04_Assets/06_Covers-articles/2025-11-18 – Wpmissioncontrol-security-badge-plugin-wordpress-monitoring – Cover article.jpg,MOVE,READY,02_PROJETS -> 01_Projets,image/jpeg,174245
1DIRPAq-spvGCQBVaFfDfH9CQ7Mm_fK-Q,2025-11-19 – Logo dark – Cover article.png,02_PROJETS/schoolsWP/04_Assets/06_Covers-articles/2025-11-19 – Logo dark – Cover article.png,01_Projets/schoolsWP/04_Assets/06_Covers-articles/2025-11-19 – Logo dark – Cover article.png,MOVE,READY,02_PROJETS -> 01_Projets,image/png,3028
1_8s4VM1YLshEK8sQZbMdscjDQf_Efgck,2025-01-17 – Puissant-plugin-planification-wordpress – Cover article.jpg,02_PROJETS/schoolsWP/04_Assets/06_Covers-articles/2025-01-17 – Puissant-plugin-planification-wordpress – Cover article.jpg,01_Projets/schoolsWP/04_Assets/06_Covers-articles/2025-01-17 – Puissant-plugin-planification-wordpress – Cover article.jpg,MOVE,READY,02_PROJETS -> 01_Projets,image/jpeg,149664
1_ColeCytisW-sH1KDfCJRdejeWepk-_F,2025-01-17 – Latepoint-setup-wizard-plugin-reservation-wordpress – Cover article.jpg,02_PROJETS/schoolsWP/04_Assets/06_Covers-articles/2025-01-17 – Latepoint-setup-wizard-plugin-reservation-wordpress – Cover article.jpg,01_Projets/schoolsWP/04_Assets/06_Covers-articles/2025-01-17 – Latepoint-setup-wizard-plugin-reservation-wordpress – Cover article.jpg,MOVE,READY,02_PROJETS -> 01_Projets,image/jpeg,73184
1_EA61q9WCFMuBFTypSGgNu0Pwjyk27aC,2025-01-17 – Configuration-notifications-latepoint-wordpress – Cover article.jpg,02_PROJETS/schoolsWP/04_Assets/06_Covers-articles/2025-01-17 – Configuration-notifications-latepoint-wordpress – Cover article.jpg,01_Projets/schoolsWP/04_Assets/06_Covers-articles/2025-01-17 – Configuration-notifications-latepoint-wordpress – Cover article.jpg,MOVE,READY,02_PROJETS -> 01_Projets,image/jpeg,63077
1_K_rl-9jvEivLI2TpDEgXbuPVvZ2xKS0,2025-01-17 – Latepoint-ajout-services-wordpress – Cover article.jpg,02_PROJETS/schoolsWP/04_Assets/06_Covers-articles/2025-01-17 – Latepoint-ajout-services-wordpress – Cover article.jpg,01_Projets/schoolsWP/04_Assets/06_Covers-articles/2025-01-17 – Latepoint-ajout-services-wordpress – Cover article.jpg,MOVE,READY,02_PROJETS -> 01_Projets,image/jpeg,83702
1_OQxmTsECqlsl2YVnXYGDG8O2eJny8Zc,2025-01-17 – Latepoint-configuration-horaires-travail-wordpress – Cover article.jpg,02_PROJETS/schoolsWP/04_Assets/06_Covers-articles/2025-01-17 – Latepoint-configuration-horaires-travail-wordpress – Cover article.jpg,01_Projets/schoolsWP/04_Assets/06_Covers-articles/2025-01-17 – Latepoint-configuration-horaires-travail-wordpress – Cover article.jpg,MOVE,READY,02_PROJETS -> 01_Projets,image/jpeg,152140
1_RV0S_bC9UTTW04jtCM_osV3_5e63xg9,2025-01-17 – Latepoint-setup-complete-wordpress – Cover article.jpg,02_PROJETS/schoolsWP/04_Assets/06_Covers-articles/2025-01-17 – Latepoint-setup-complete-wordpress – Cover article.jpg,01_Projets/schoolsWP/04_Assets/06_Covers-articles/2025-01-17 – Latepoint-setup-complete-wordpress – Cover article.jpg,MOVE,READY,02_PROJETS -> 01_Projets,image/jpeg,84533
1_U1OyhfOrTCtBQrLQQXyTHLBp64hUS8c,2025-01-17 – Latepoint-tableau-de-bord-gestion-reservations – Cover article.jpg,02_PROJETS/schoolsWP/04_Assets/06_Covers-articles/2025-01-17 – Latepoint-tableau-de-bord-gestion-reservations – Cover article.jpg,01_Projets/schoolsWP/04_Assets/06_Covers-articles/2025-01-17 – Latepoint-tableau-de-bord-gestion-reservations – Cover article.jpg,MOVE,READY,02_PROJETS -> 01_Projets,image/jpeg,140952
1__-zWifhxMMiDCHpttSV3-Iac_IwI9Xc,2025-01-17 – Latepoint-gestion-services-wordpress – Cover article.jpg,02_PROJETS/schoolsWP/04_Assets/06_Covers-articles/2025-01-17 – Latepoint-gestion-services-wordpress – Cover article.jpg,01_Projets/schoolsWP/04_Assets/06_Covers-articles/2025-01-17 – Latepoint-gestion-services-wordpress – Cover article.jpg,MOVE,READY,02_PROJETS -> 01_Projets,image/jpeg,119817
1_eonxEnJt_bBS4PMlNZhFmo0jGMU5vX_,2025-01-17 – Latepoint-configuration-avancee-service-wordpress – Cover article.jpg,02_PROJETS/schoolsWP/04_Assets/06_Covers-articles/2025-01-17 – Latepoint-configuration-avancee-service-wordpress – Cover article.jpg,01_Projets/schoolsWP/04_Assets/06_Covers-articles/2025-01-17 – Latepoint-configuration-avancee-service-wordpress – Cover article.jpg,MOVE,READY,02_PROJETS -> 01_Projets,image/jpeg,564017
1_iDH-a4n9KrbKT2R-RCsGa_lx8XoHMJs,2025-01-17 – Latepoint-automatisations-workflow-notifications – Cover article.jpg,02_PROJETS/schoolsWP/04_Assets/06_Covers-articles/2025-01-17 – Latepoint-automatisations-workflow-notifications – Cover article.jpg,01_Projets/schoolsWP/04_Assets/06_Covers-articles/2025-01-17 – Latepoint-automatisations-workflow-notifications – Cover article.jpg,MOVE,READY,02_PROJETS -> 01_Projets,image/jpeg,184279
1_ityT69uDMWjnjIOr7bJjnEClJQcj7mw,2025-01-17 – Latepoint-configuration-agents-wordpress – Cover article.jpg,02_PROJETS/schoolsWP/04_Assets/06_Covers-articles/2025-01-17 – Latepoint-configuration-agents-wordpress – Cover article.jpg,01_Projets/schoolsWP/04_Assets/06_Covers-articles/2025-01-17 – Latepoint-configuration-agents-wordpress – Cover article.jpg,MOVE,READY,02_PROJETS -> 01_Projets,image/jpeg,407444
1frPLnsrGjHtQPg3z-MDCftiftmPPlCO7,2025-02-15 – Late-point-plugin-reservation-wordpress-intuitif-rapide – Cover article.jpg,02_PROJETS/schoolsWP/04_Assets/06_Covers-articles/2025-02-15 – Late-point-plugin-reservation-wordpress-intuitif-rapide – Cover article.jpg,01_Projets/schoolsWP/04_Assets/06_Covers-articles/2025-02-15 – Late-point-plugin-reservation-wordpress-intuitif-rapide – Cover article.jpg,MOVE,READY,02_PROJETS -> 01_Projets,image/jpeg,155656
1foO_PeuQ2cyXQgvvtZeFBrUWwV196EPN,2025-02-15 – Latepoint-plugin-wordpress-reservation-en-ligne – Cover article.jpg,02_PROJETS/schoolsWP/04_Assets/06_Covers-articles/2025-02-15 – Latepoint-plugin-wordpress-reservation-en-ligne – Cover article.jpg,01_Projets/schoolsWP/04_Assets/06_Covers-articles/2025-02-15 – Latepoint-plugin-wordpress-reservation-en-ligne – Cover article.jpg,MOVE,READY,02_PROJETS -> 01_Projets,image/jpeg,154804
17PYmbzScDoH9PIfDEUzJlqaQXRdG-L0K,2024-10-29 – Sureforms-formulaires-esthetiques-fonctionnels – Cover article.jpg,02_PROJETS/schoolsWP/04_Assets/06_Covers-articles/2024-10-29 – Sureforms-formulaires-esthetiques-fonctionnels – Cover article.jpg,01_Projets/schoolsWP/04_Assets/06_Covers-articles/2024-10-29 – Sureforms-formulaires-esthetiques-fonctionnels – Cover article.jpg,MOVE,READY,02_PROJETS -> 01_Projets,image/jpeg,778641
17KOkrdA68zVRvHDBa5TPaPaDs2Pxp5ol,2024-10-29 – Sureforms-creation-formulaire-IA-personnalise – Cover article.jpg,02_PROJETS/schoolsWP/04_Assets/06_Covers-articles/2024-10-29 – Sureforms-creation-formulaire-IA-personnalise – Cover article.jpg,01_Projets/schoolsWP/04_Assets/06_Covers-articles/2024-10-29 – Sureforms-creation-formulaire-IA-personnalise – Cover article.jpg,MOVE,READY,02_PROJETS -> 01_Projets,image/jpeg,104678
17A-XHdK-FU4AAi0fla4VubjKjhjgmbRQ,2024-10-29 – Sureforms-formulaire-demande-devis-site-web – Cover article.jpg,02_PROJETS/schoolsWP/04_Assets/06_Covers-articles/2024-10-29 – Sureforms-formulaire-demande-devis-site-web – Cover article.jpg,01_Projets/schoolsWP/04_Assets/06_Covers-articles/2024-10-29 – Sureforms-formulaire-demande-devis-site-web – Cover article.jpg,MOVE,READY,02_PROJETS -> 01_Projets,image/jpeg,138269
17-X-f4tA4brk-UeeoSknt-T6EqvubPqQ,2024-10-29 – Sureforms-description-formulaire-demande-devis – Cover article.jpg,02_PROJETS/schoolsWP/04_Assets/06_Covers-articles/2024-10-29 – Sureforms-description-formulaire-demande-devis – Cover article.jpg,01_Projets/schoolsWP/04_Assets/06_Covers-articles/2024-10-29 – Sureforms-description-formulaire-demande-devis – Cover article.jpg,MOVE,READY,02_PROJETS -> 01_Projets,image/jpeg,145027
16wfKczicGgfS67JXbB12iJgGibvojRPq,2024-10-29 – Sureforms-formulaire-demande-devis-site-web-complet – Cover article.jpg,02_PROJETS/schoolsWP/04_Assets/06_Covers-articles/2024-10-29 – Sureforms-formulaire-demande-devis-site-web-complet – Cover article.jpg,01_Projets/schoolsWP/04_Assets/06_Covers-articles/2024-10-29 – Sureforms-formulaire-demande-devis-site-web-complet – Cover article.jpg,MOVE,READY,02_PROJETS -> 01_Projets,image/jpeg,201226
15yAxVv7GpfRPqJFTH4i_x4fjBQnPz9o2,2024-11-11 – Sureforms-logo-full-color – Cover article.svg,02_PROJETS/schoolsWP/04_Assets/06_Covers-articles/2024-11-11 – Sureforms-logo-full-color – Cover article.svg,01_Projets/schoolsWP/04_Assets/06_Covers-articles/2024-11-11 – Sureforms-logo-full-color – Cover article.svg,MOVE,READY,02_PROJETS -> 01_Projets,image/svg+xml,5708
17Quo1-FaSr167u5_z6knj_Wv_O6fW4kG,2024-11-13 – Protection-spam-sureforms-recaptcha-wordpress – Cover article.jpg,02_PROJETS/schoolsWP/04_Assets/06_Covers-articles/2024-11-13 – Protection-spam-sureforms-recaptcha-wordpress – Cover article.jpg,01_Projets/schoolsWP/04_Assets/06_Covers-articles/2024-11-13 – Protection-spam-sureforms-recaptcha-wordpress – Cover article.jpg,MOVE,READY,02_PROJETS -> 01_Projets,image/jpeg,130091
17gHrOj1hYsD-uF4mul1sDfmx0cL4-Awy,2024-11-13 – Types-champs-sureforms-formulaire-wordpress – Cover article.jpg,02_PROJETS/schoolsWP/04_Assets/06_Covers-articles/2024-11-13 – Types-champs-sureforms-formulaire-wordpress – Cover article.jpg,01_Projets/schoolsWP/04_Assets/06_Covers-articles/2024-11-13 – Types-champs-sureforms-formulaire-wordpress – Cover article.jpg,MOVE,READY,02_PROJETS -> 01_Projets,image/jpeg,355470
17m1Ab4nP0tf58i-XdhgLXS8-KaHsqfbi,2024-11-13 – Tableau-de-bord-sureforms-gestion-formulaires – Cover article.jpg,02_PROJETS/schoolsWP/04_Assets/06_Covers-articles/2024-11-13 – Tableau-de-bord-sureforms-gestion-formulaires – Cover article.jpg,01_Projets/schoolsWP/04_Assets/06_Covers-articles/2024-11-13 – Tableau-de-bord-sureforms-gestion-formulaires – Cover article.jpg,MOVE,READY,02_PROJETS -> 01_Projets,image/jpeg,162953
1VYQ1zzGz0O_G6DhbMyO30BFgGYt9dzaU,2024-06-07 – Comparaison-launchflows-vs-cartflows-funnel-wordpress – Cover article.jpg,02_PROJETS/schoolsWP/04_Assets/06_Covers-articles/2024-06-07 – Comparaison-launchflows-vs-cartflows-funnel-wordpress – Cover article.jpg,01_Projets/schoolsWP/04_Assets/06_Covers-articles/2024-06-07 – Comparaison-launchflows-vs-cartflows-funnel-wordpress – Cover article.jpg,MOVE,READY,02_PROJETS -> 01_Projets,image/jpeg,287429
1VjSI1VH7i29l_-u2oDDxfTKuZZd6sgwR,2024-06-08 – LaunchFlows vs CartFlows lequel choisir pour votre funnel WordPress – Cover article.jpg,02_PROJETS/schoolsWP/04_Assets/06_Covers-articles/2024-06-08 – LaunchFlows vs CartFlows lequel choisir pour votre funnel WordPress – Cover article.jpg,01_Projets/schoolsWP/04_Assets/06_Covers-articles/2024-06-08 – LaunchFlows vs CartFlows lequel choisir pour votre funnel WordPress – Cover article.jpg,MOVE,READY,02_PROJETS -> 01_Projets,image/jpeg,128421
1VeIlVASXkWe_SvyoEmnpV4pGb86orS2G,2024-06-08 – Comparatif Launchflows vs Cartflows   Boostez Vos Ventes! – Cover article.jpg,02_PROJETS/schoolsWP/04_Assets/06_Covers-articles/2024-06-08 – Comparatif Launchflows vs Cartflows   Boostez Vos Ventes! – Cover article.jpg,01_Projets/schoolsWP/04_Assets/06_Covers-articles/2024-06-08 – Comparatif Launchflows vs Cartflows   Boostez Vos Ventes! – Cover article.jpg,MOVE,READY,02_PROJETS -> 01_Projets,image/jpeg,119030
1Vml98haLoXgfNSOvHm2TRnajkWj1HJSU,2024-06-08 – Comparatif-launchflows-vs-cartflows-boostez-vos-ventes – Cover article.jpg,02_PROJETS/schoolsWP/04_Assets/06_Covers-articles/2024-06-08 – Comparatif-launchflows-vs-cartflows-boostez-vos-ventes – Cover article.jpg,01_Projets/schoolsWP/04_Assets/06_Covers-articles/2024-06-08 – Comparatif-launchflows-vs-cartflows-boostez-vos-ventes – Cover article.jpg,MOVE,READY,02_PROJETS -> 01_Projets,image/jpeg,150956
1VuqQ-DYuWDJ78V0a9gY7RX8uLjElYn3w,2024-06-08 – Launchflows-woocommerce-sales-funnels – Cover article.jpg,02_PROJETS/schoolsWP/04_Assets/06_Covers-articles/2024-06-08 – Launchflows-woocommerce-sales-funnels – Cover article.jpg,01_Projets/schoolsWP/04_Assets/06_Covers-articles/2024-06-08 – Launchflows-woocommerce-sales-funnels – Cover article.jpg,MOVE,READY,02_PROJETS -> 01_Projets,image/jpeg,161915
1VysmFidrcI7onFnHfWSJIuJ_q_0r4sZy,2024-06-08 – Cartflows-sales-funnel-builder-wordpress – Cover article.jpg,02_PROJETS/schoolsWP/04_Assets/06_Covers-articles/2024-06-08 – Cartflows-sales-funnel-builder-wordpress – Cover article.jpg,01_Projets/schoolsWP/04_Assets/06_Covers-articles/2024-06-08 – Cartflows-sales-funnel-builder-wordpress – Cover article.jpg,MOVE,READY,02_PROJETS -> 01_Projets,image/jpeg,142608
1-IEkcIcIiXpnUXyV8fMPrkzyGQG_z7s2,2024-10-21 – Comparatif-local-flywheel-xampp-wordpress – Cover article.jpg,02_PROJETS/schoolsWP/04_Assets/06_Covers-articles/2024-10-21 – Comparatif-local-flywheel-xampp-wordpress – Cover article.jpg,01_Projets/schoolsWP/04_Assets/06_Covers-articles/2024-10-21 – Comparatif-local-flywheel-xampp-wordpress – Cover article.jpg,MOVE,READY,02_PROJETS -> 01_Projets,image/jpeg,256473
111Foj_jRDEfiX_FR3Vw3ywFIfHWpT7OD,2024-10-26 – Local-outil-developpement-wordpress-wp-engine – Cover article.jpg,02_PROJETS/schoolsWP/04_Assets/06_Covers-articles/2024-10-26 – Local-outil-developpement-wordpress-wp-engine – Cover article.jpg,01_Projets/schoolsWP/04_Assets/06_Covers-articles/2024-10-26 – Local-outil-developpement-wordpress-wp-engine – Cover article.jpg,MOVE,READY,02_PROJETS -> 01_Projets,image/jpeg,64371
1rjCnMIG3LObgSlqLcoK_fmaqIv1tWSVL,2024-09-21 – Suretriggers-vs-zapier-comparaison-automation – Cover article.jpg,02_PROJETS/schoolsWP/04_Assets/06_Covers-articles/2024-09-21 – Suretriggers-vs-zapier-comparaison-automation – Cover article.jpg,01_Projets/schoolsWP/04_Assets/06_Covers-articles/2024-09-21 – Suretriggers-vs-zapier-comparaison-automation – Cover article.jpg,MOVE,READY,02_PROJETS -> 01_Projets,image/jpeg,272575
1sYGYOEGFTVIVFiNc1usiIqq0c8zUl1Ij,2024-09-21 – Suretriggers-vs-zapier-choisir-outil-automatisation – Cover article.jpg,02_PROJETS/schoolsWP/04_Assets/06_Covers-articles/2024-09-21 – Suretriggers-vs-zapier-choisir-outil-automatisation – Cover article.jpg,01_Projets/schoolsWP/04_Assets/06_Covers-articles/2024-09-21 – Suretriggers-vs-zapier-choisir-outil-automatisation – Cover article.jpg,MOVE,READY,02_PROJETS -> 01_Projets,image/jpeg,137576
1sdwcf8iOmkb9itT7yopaTmxAK0xtuhF0,2024-09-21 – Suretriggers-vs-zapier-solution-automation – Cover article.jpg,02_PROJETS/schoolsWP/04_Assets/06_Covers-articles/2024-09-21 – Suretriggers-vs-zapier-solution-automation – Cover article.jpg,01_Projets/schoolsWP/04_Assets/06_Covers-articles/2024-09-21 – Suretriggers-vs-zapier-solution-automation – Cover article.jpg,MOVE,READY,02_PROJETS -> 01_Projets,image/jpeg,141257
1sggQApIt041EOQ9W_n4nskgobUqJ93oi,2024-09-21 – Inscription-zapier-automatisation-taches – Cover article.jpg,02_PROJETS/schoolsWP/04_Assets/06_Covers-articles/2024-09-21 – Inscription-zapier-automatisation-taches – Cover article.jpg,01_Projets/schoolsWP/04_Assets/06_Covers-articles/2024-09-21 – Inscription-zapier-automatisation-taches – Cover article.jpg,MOVE,READY,02_PROJETS -> 01_Projets,image/jpeg,148206
1svcYkhxX7B0WyzWw6jfe_1V2BalrMMfH,2024-09-21 – Suretriggers-automation-workflow-wordpress – Cover article.jpg,02_PROJETS/schoolsWP/04_Assets/06_Covers-articles/2024-09-21 – Suretriggers-automation-workflow-wordpress – Cover article.jpg,01_Projets/schoolsWP/04_Assets/06_Covers-articles/2024-09-21 – Suretriggers-automation-workflow-wordpress – Cover article.jpg,MOVE,READY,02_PROJETS -> 01_Projets,image/jpeg,142483
1t82bcc-quUdVUNqJ3TyNEkjwpBAgYMWk,2024-09-22 – Suretriggers-810-applications-automatisation-workflow – Cover article.jpg,02_PROJETS/schoolsWP/04_Assets/06_Covers-articles/2024-09-22 – Suretriggers-810-applications-automatisation-workflow – Cover article.jpg,01_Projets/schoolsWP/04_Assets/06_Covers-articles/2024-09-22 – Suretriggers-810-applications-automatisation-workflow – Cover article.jpg,MOVE,READY,02_PROJETS -> 01_Projets,image/jpeg,162759
1tMwx24JXzwJZoRW5l7sWqbk1VVlS4XZe,2024-09-22 – Zapier-applications-populaires-google-sheets-gmail-slack – Cover article.jpg,02_PROJETS/schoolsWP/04_Assets/06_Covers-articles/2024-09-22 – Zapier-applications-populaires-google-sheets-gmail-slack – Cover article.jpg,01_Projets/schoolsWP/04_Assets/06_Covers-articles/2024-09-22 – Zapier-applications-populaires-google-sheets-gmail-slack – Cover article.jpg,MOVE,READY,02_PROJETS -> 01_Projets,image/jpeg,266912
1oIKiIi1JL3Wc9MwAtRxrtTLa43MoNcb4,2024-08-24 – Elementskit-elementor-addons-widgets-site-professionnel – Cover article.jpg,02_PROJETS/schoolsWP/04_Assets/06_Covers-articles/2024-08-24 – Elementskit-elementor-addons-widgets-site-professionnel – Cover article.jpg,01_Projets/schoolsWP/04_Assets/06_Covers-articles/2024-08-24 – Elementskit-elementor-addons-widgets-site-professionnel – Cover article.jpg,MOVE,READY,02_PROJETS -> 01_Projets,image/jpeg,276507
1oTFZUZ3d6m7PkZ1FnfmWZs8yrZjiIjDt,2024-08-24 – Elementskit-logo – Cover article.svg,02_PROJETS/schoolsWP/04_Assets/06_Covers-articles/2024-08-24 – Elementskit-logo – Cover article.svg,01_Projets/schoolsWP/04_Assets/06_Covers-articles/2024-08-24 – Elementskit-logo – Cover article.svg,MOVE,READY,02_PROJETS -> 01_Projets,image/svg+xml,8255
1oR6gdZxaw-RwEYXEJff2frg0hRDgMBMh,2024-08-24 – Elementskit-addons-elementor – Cover article.jpg,02_PROJETS/schoolsWP/04_Assets/06_Covers-articles/2024-08-24 – Elementskit-addons-elementor – Cover article.jpg,01_Projets/schoolsWP/04_Assets/06_Covers-articles/2024-08-24 – Elementskit-addons-elementor – Cover article.jpg,MOVE,READY,02_PROJETS -> 01_Projets,image/jpeg,155544
1objZOO68Gb4_X1aNB4xLNZLumGRpsGxp,2024-08-27 – Elementskit-gestion-templates-wordpress-pied-de-page-en-tete – Cover article.jpg,02_PROJETS/schoolsWP/04_Assets/06_Covers-articles/2024-08-27 – Elementskit-gestion-templates-wordpress-pied-de-page-en-tete – Cover article.jpg,01_Projets/schoolsWP/04_Assets/06_Covers-articles/2024-08-27 – Elementskit-gestion-templates-wordpress-pied-de-page-en-tete – Cover article.jpg,MOVE,READY,02_PROJETS -> 01_Projets,image/jpeg,114876
1oV19Nu0UPykVAH-ObxcvbaCjaVkB8R0B,2024-08-27 – Elementskit-interface-gestion-modules-wordpress – Cover article.jpg,02_PROJETS/schoolsWP/04_Assets/06_Covers-articles/2024-08-27 – Elementskit-interface-gestion-modules-wordpress – Cover article.jpg,01_Projets/schoolsWP/04_Assets/06_Covers-articles/2024-08-27 – Elementskit-interface-gestion-modules-wordpress – Cover article.jpg,MOVE,READY,02_PROJETS -> 01_Projets,image/jpeg,209700
1ok9x284dp9pa6JendXzEMA4xUSrmm3kw,2024-08-27 – Configuration-template-elementskit-wordpress – Cover article.jpg,02_PROJETS/schoolsWP/04_Assets/06_Covers-articles/2024-08-27 – Configuration-template-elementskit-wordpress – Cover article.jpg,01_Projets/schoolsWP/04_Assets/06_Covers-articles/2024-08-27 – Configuration-template-elementskit-wordpress – Cover article.jpg,MOVE,READY,02_PROJETS -> 01_Projets,image/jpeg,141768
1olfvtIgmWpNTtSv_laJFo7ULf0EIra5T,2024-08-27 – Bibliotheque-modeles-elementskit-wordpress – Cover article.jpg,02_PROJETS/schoolsWP/04_Assets/06_Covers-articles/2024-08-27 – Bibliotheque-modeles-elementskit-wordpress – Cover article.jpg,01_Projets/schoolsWP/04_Assets/06_Covers-articles/2024-08-27 – Bibliotheque-modeles-elementskit-wordpress – Cover article.jpg,MOVE,READY,02_PROJETS -> 01_Projets,image/jpeg,453116
1omRr254Un8R5vUf-eDe1JJPeTeuXCwDc,2024-08-27 – Widgets-header-footer-elementskit-wordpress – Cover article.jpg,02_PROJETS/schoolsWP/04_Assets/06_Covers-articles/2024-08-27 – Widgets-header-footer-elementskit-wordpress – Cover article.jpg,01_Projets/schoolsWP/04_Assets/06_Covers-articles/2024-08-27 – Widgets-header-footer-elementskit-wordpress – Cover article.jpg,MOVE,READY,02_PROJETS -> 01_Projets,image/jpeg,76772
1on6I2ZHUKKYDSPcNOL2tBZtO67SreekC,2024-08-27 – Widgets-de-base-elementskit-wordpress – Cover article.jpg,02_PROJETS/schoolsWP/04_Assets/06_Covers-articles/2024-08-27 – Widgets-de-base-elementskit-wordpress – Cover article.jpg,01_Projets/schoolsWP/04_Assets/06_Covers-articles/2024-08-27 – Widgets-de-base-elementskit-wordpress – Cover article.jpg,MOVE,READY,02_PROJETS -> 01_Projets,image/jpeg,98076
1oqxhgE90vVLxm0eUCWsI1M9024dOu8uw,2024-08-27 – Mega-menu-builder-elementskit-elementor – Cover article.jpg,02_PROJETS/schoolsWP/04_Assets/06_Covers-articles/2024-08-27 – Mega-menu-builder-elementskit-elementor – Cover article.jpg,01_Projets/schoolsWP/04_Assets/06_Covers-articles/2024-08-27 – Mega-menu-builder-elementskit-elementor – Cover article.jpg,MOVE,READY,02_PROJETS -> 01_Projets,image/jpeg,145394
1owgEv7RWfOF2gfMbQeLmoaxo5lgJHXwS,2024-08-27 – Exemple-mega-menu-electronics-dark-elementskit – Cover article.jpg,02_PROJETS/schoolsWP/04_Assets/06_Covers-articles/2024-08-27 – Exemple-mega-menu-electronics-dark-elementskit – Cover article.jpg,01_Projets/schoolsWP/04_Assets/06_Covers-articles/2024-08-27 – Exemple-mega-menu-electronics-dark-elementskit – Cover article.jpg,MOVE,READY,02_PROJETS -> 01_Projets,image/jpeg,180285
1oxy5BuMxrgahltIYWgjzmjhZDPQIy3IX,2024-08-27 – Gestion-widgets-elementskit-wordpress – Cover article.jpg,02_PROJETS/schoolsWP/04_Assets/06_Covers-articles/2024-08-27 – Gestion-widgets-elementskit-wordpress – Cover article.jpg,01_Projets/schoolsWP/04_Assets/06_Covers-articles/2024-08-27 – Gestion-widgets-elementskit-wordpress – Cover article.jpg,MOVE,READY,02_PROJETS -> 01_Projets,image/jpeg,500051
1atMHLHE2gfmH6OyCxTYJ-564REFibKxe,2024-07-13 – Comparatif-divi-builder-vs-elementor-pro – Cover article.jpg,02_PROJETS/schoolsWP/04_Assets/06_Covers-articles/2024-07-13 – Comparatif-divi-builder-vs-elementor-pro – Cover article.jpg,01_Projets/schoolsWP/04_Assets/06_Covers-articles/2024-07-13 – Comparatif-divi-builder-vs-elementor-pro – Cover article.jpg,MOVE,READY,02_PROJETS -> 01_Projets,image/jpeg,271954
1bMfmcRK8Ek22rc2Zo7n25UNb1G6GEvaK,2024-07-13 – Comparatif-divi-builder-contre-elementor-pro – Cover article.jpg,02_PROJETS/schoolsWP/04_Assets/06_Covers-articles/2024-07-13 – Comparatif-divi-builder-contre-elementor-pro – Cover article.jpg,01_Projets/schoolsWP/04_Assets/06_Covers-articles/2024-07-13 – Comparatif-divi-builder-contre-elementor-pro – Cover article.jpg,MOVE,READY,02_PROJETS -> 01_Projets,image/jpeg,154602
1bO3fsX4J97OqwUsnVFUVXMOT2qMzHEoa,2024-07-13 – Michael-kihl-creation-sites-web – Cover article.jpg,02_PROJETS/schoolsWP/04_Assets/06_Covers-articles/2024-07-13 – Michael-kihl-creation-sites-web – Cover article.jpg,01_Projets/schoolsWP/04_Assets/06_Covers-articles/2024-07-13 – Michael-kihl-creation-sites-web – Cover article.jpg,MOVE,READY,02_PROJETS -> 01_Projets,image/jpeg,257878
1bVvYsPwCB5c2_3CY0LtRfWdyfxpiG8xq,2024-07-13 – Michael-kihl-conception-expert-divi-elementor – Cover article.jpg,02_PROJETS/schoolsWP/04_Assets/06_Covers-articles/2024-07-13 – Michael-kihl-conception-expert-divi-elementor – Cover article.jpg,01_Projets/schoolsWP/04_Assets/06_Covers-articles/2024-07-13 – Michael-kihl-conception-expert-divi-elementor – Cover article.jpg,MOVE,READY,02_PROJETS -> 01_Projets,image/jpeg,225770
1b_HHrHC9S81RIhnPy2_GUY_Cugs_c81M,2024-07-14 – Divi-builder-vs-elementor-pro-comparatif-tarifs – Cover article.jpg,02_PROJETS/schoolsWP/04_Assets/06_Covers-articles/2024-07-14 – Divi-builder-vs-elementor-pro-comparatif-tarifs – Cover article.jpg,01_Projets/schoolsWP/04_Assets/06_Covers-articles/2024-07-14 – Divi-builder-vs-elementor-pro-comparatif-tarifs – Cover article.jpg,MOVE,READY,02_PROJETS -> 01_Projets,image/jpeg,378782
1bdpaAd9bC5rjDagtoQ1-RedCeDHqZDMx,2024-07-14 – Divi-builder-contre-elementor-pro-comparatif-tarifs – Cover article.jpg,02_PROJETS/schoolsWP/04_Assets/06_Covers-articles/2024-07-14 – Divi-builder-contre-elementor-pro-comparatif-tarifs – Cover article.jpg,01_Projets/schoolsWP/04_Assets/06_Covers-articles/2024-07-14 – Divi-builder-contre-elementor-pro-comparatif-tarifs – Cover article.jpg,MOVE,READY,02_PROJETS -> 01_Projets,image/jpeg,459900
1bjqZ0mlKuRRodpIAzzz7S1mDo7ETQDcv,2024-07-14 – Elementor-pro-contre-divi-builder-comparatif-tarifs – Cover article.jpg,02_PROJETS/schoolsWP/04_Assets/06_Covers-articles/2024-07-14 – Elementor-pro-contre-divi-builder-comparatif-tarifs – Cover article.jpg,01_Projets/schoolsWP/04_Assets/06_Covers-articles/2024-07-14 – Elementor-pro-contre-divi-builder-comparatif-tarifs – Cover article.jpg,MOVE,READY,02_PROJETS -> 01_Projets,image/jpeg,504633
1W7EDnk95lHPzds888Q5OabC4n7tVUzLX,2024-06-15 – WordPresscom vs WordPressorg comparatif pour faire le bon choix – Cover article.jpg,02_PROJETS/schoolsWP/04_Assets/06_Covers-articles/2024-06-15 – WordPresscom vs WordPressorg comparatif pour faire le bon choix – Cover article.jpg,01_Projets/schoolsWP/04_Assets/06_Covers-articles/2024-06-15 – WordPresscom vs WordPressorg comparatif pour faire le bon choix – Cover article.jpg,MOVE,READY,02_PROJETS -> 01_Projets,image/jpeg,161035
1WP1PcmI3HlveOqPUOZMMeYADq_tN_1zP,2024-06-15 – Wordpress-com-vs-wordpress-org-comparaison – Cover article.jpg,02_PROJETS/schoolsWP/04_Assets/06_Covers-articles/2024-06-15 – Wordpress-com-vs-wordpress-org-comparaison – Cover article.jpg,01_Projets/schoolsWP/04_Assets/06_Covers-articles/2024-06-15 – Wordpress-com-vs-wordpress-org-comparaison – Cover article.jpg,MOVE,READY,02_PROJETS -> 01_Projets,image/jpeg,125501
1WcImxeKiFrHOGrdLxXJFcTGUm4C_SsXd,2024-06-15 – Wordpress-com-vs-wordpress-org-comparatif – Cover article.jpg,02_PROJETS/schoolsWP/04_Assets/06_Covers-articles/2024-06-15 – Wordpress-com-vs-wordpress-org-comparatif – Cover article.jpg,01_Projets/schoolsWP/04_Assets/06_Covers-articles/2024-06-15 – Wordpress-com-vs-wordpress-org-comparatif – Cover article.jpg,MOVE,READY,02_PROJETS -> 01_Projets,image/jpeg,293409
1WPSND04epW7MHXWYy2HK3BVXBvots1Cz,2024-06-15 – Wordpress-org-vs-wordpress-com-comparatif – Cover article.jpg,02_PROJETS/schoolsWP/04_Assets/06_Covers-articles/2024-06-15 – Wordpress-org-vs-wordpress-com-comparatif – Cover article.jpg,01_Projets/schoolsWP/04_Assets/06_Covers-articles/2024-06-15 – Wordpress-org-vs-wordpress-com-comparatif – Cover article.jpg,MOVE,READY,02_PROJETS -> 01_Projets,image/jpeg,127780
1WhQ9jkKI48RY-MhhioOPltFgmGlsktHN,2024-06-17 – Page-accueil-wordpress-org-francais – Cover article.jpg,02_PROJETS/schoolsWP/04_Assets/06_Covers-articles/2024-06-17 – Page-accueil-wordpress-org-francais – Cover article.jpg,01_Projets/schoolsWP/04_Assets/06_Covers-articles/2024-06-17 – Page-accueil-wordpress-org-francais – Cover article.jpg,MOVE,READY,02_PROJETS -> 01_Projets,image/jpeg,141038
1WpG3asYVY7lGhW5aMUgfq_ruQcJSTj1_,2024-06-17 – Page-accueil-wordpress-com-francais – Cover article.jpg,02_PROJETS/schoolsWP/04_Assets/06_Covers-articles/2024-06-17 – Page-accueil-wordpress-com-francais – Cover article.jpg,01_Projets/schoolsWP/04_Assets/06_Covers-articles/2024-06-17 – Page-accueil-wordpress-com-francais – Cover article.jpg,MOVE,READY,02_PROJETS -> 01_Projets,image/jpeg,266723
1WszQvBFhE01iClD61L-nBic27oSniFMK,2024-06-17 – Diagram 74af588da95e4a8783a962746dbbdbf9 – Cover article.png,02_PROJETS/schoolsWP/04_Assets/06_Covers-articles/2024-06-17 – Diagram 74af588da95e4a8783a962746dbbdbf9 – Cover article.png,01_Projets/schoolsWP/04_Assets/06_Covers-articles/2024-06-17 – Diagram 74af588da95e4a8783a962746dbbdbf9 – Cover article.png,MOVE,READY,02_PROJETS -> 01_Projets,image/png,89644
1WyoqHAMdh2hJSHSlNnYGD_dnV3_xiDlS,2024-06-17 – Diagram b3f50e183cf14244935f4b2b5444adf9 – Cover article.png,02_PROJETS/schoolsWP/04_Assets/06_Covers-articles/2024-06-17 – Diagram b3f50e183cf14244935f4b2b5444adf9 – Cover article.png,01_Projets/schoolsWP/04_Assets/06_Covers-articles/2024-06-17 – Diagram b3f50e183cf14244935f4b2b5444adf9 – Cover article.png,MOVE,READY,02_PROJETS -> 01_Projets,image/png,87372
1Wz2aeFRf7aqCkQW9lwBkTf0-ODSa8DvE,2024-06-17 – Diagram be7e2e84ce2c4f87a162b904d74e691a – Cover article.png,02_PROJETS/schoolsWP/04_Assets/06_Covers-articles/2024-06-17 – Diagram be7e2e84ce2c4f87a162b904d74e691a – Cover article.png,01_Projets/schoolsWP/04_Assets/06_Covers-articles/2024-06-17 – Diagram be7e2e84ce2c4f87a162b904d74e691a – Cover article.png,MOVE,READY,02_PROJETS -> 01_Projets,image/png,90644
1WLJbrqfhE1cB4pVrwq21ab6Q7_vVg23H,2024-06-15 – WordPress.com vs WordPress.org Choisissez la meilleure option! – Cover article.jpg,02_PROJETS/schoolsWP/04_Assets/06_Covers-articles/2024-06-15 – WordPress.com vs WordPress.org Choisissez la meilleure option! – Cover article.jpg,01_Projets/schoolsWP/04_Assets/06_Covers-articles/2024-06-15 – WordPress.com vs WordPress.org Choisissez la meilleure option! – Cover article.jpg,MOVE,READY,02_PROJETS -> 01_Projets,image/jpeg,159237
1-cUZFU-0NJNB6Ck6LbTxHbMhw5Daxj7q,2024-10-25 – Zipwp-vs-instawp-vergleich-wordpress-website – Cover article.jpg,02_PROJETS/schoolsWP/04_Assets/06_Covers-articles/2024-10-25 – Zipwp-vs-instawp-vergleich-wordpress-website – Cover article.jpg,01_Projets/schoolsWP/04_Assets/06_Covers-articles/2024-10-25 – Zipwp-vs-instawp-vergleich-wordpress-website – Cover article.jpg,MOVE,READY,02_PROJETS -> 01_Projets,image/jpeg,123464
16IYbfI6C7u-S2pvNWT42K4HMCwMIlXys,2024-11-12 – Linkuma-test-netlinking-referenz – Cover article.jpg,02_PROJETS/schoolsWP/04_Assets/06_Covers-articles/2024-11-12 – Linkuma-test-netlinking-referenz – Cover article.jpg,01_Projets/schoolsWP/04_Assets/06_Covers-articles/2024-11-12 – Linkuma-test-netlinking-referenz – Cover article.jpg,MOVE,READY,02_PROJETS -> 01_Projets,image/jpeg,238197
1CtskNj5YCHT5sxlVK8u6B2dD9_VQ1BCW,2024-11-30 – Slug-wordpress-optimieren-guide – Cover article.jpg,02_PROJETS/schoolsWP/04_Assets/06_Covers-articles/2024-11-30 – Slug-wordpress-optimieren-guide – Cover article.jpg,01_Projets/schoolsWP/04_Assets/06_Covers-articles/2024-11-30 – Slug-wordpress-optimieren-guide – Cover article.jpg,MOVE,READY,02_PROJETS -> 01_Projets,image/jpeg,268748
1FDJnvxTndb8pkXKmc1I_YnZRQ9AzhSEg,2024-12-06 – Sureforms-plugin-wordpress-ki-formular – Cover article.jpg,02_PROJETS/schoolsWP/04_Assets/06_Covers-articles/2024-12-06 – Sureforms-plugin-wordpress-ki-formular – Cover article.jpg,01_Projets/schoolsWP/04_Assets/06_Covers-articles/2024-12-06 – Sureforms-plugin-wordpress-ki-formular – Cover article.jpg,MOVE,READY,02_PROJETS -> 01_Projets,image/jpeg,252526
1Fun7VlYmYutI7ja4F2FlZ44ZVTdr357s,2024-12-09 – Was-ist-massgeschneiderte-wordpress-website-vorteile – Cover article.jpg,02_PROJETS/schoolsWP/04_Assets/06_Covers-articles/2024-12-09 – Was-ist-massgeschneiderte-wordpress-website-vorteile – Cover article.jpg,01_Projets/schoolsWP/04_Assets/06_Covers-articles/2024-12-09 – Was-ist-massgeschneiderte-wordpress-website-vorteile – Cover article.jpg,MOVE,READY,02_PROJETS -> 01_Projets,image/jpeg,343779
1IA5ndjAxYNtB81mEkUSGS89a7X6zqZRi,2024-12-10 – Was-ist-ein-wordpress-plugin-effektiv-nutzen – Cover article.jpg,02_PROJETS/schoolsWP/04_Assets/06_Covers-articles/2024-12-10 – Was-ist-ein-wordpress-plugin-effektiv-nutzen – Cover article.jpg,01_Projets/schoolsWP/04_Assets/06_Covers-articles/2024-12-10 – Was-ist-ein-wordpress-plugin-effektiv-nutzen – Cover article.jpg,MOVE,READY,02_PROJETS -> 01_Projets,image/jpeg,253236
1KG4aUUbL5tMiAk9T4X2749rl8t11Uzm5,2024-12-16 – Wordpress-playground-was-ist-das-anleitung – Cover article.jpg,02_PROJETS/schoolsWP/04_Assets/06_Covers-articles/2024-12-16 – Wordpress-playground-was-ist-das-anleitung – Cover article.jpg,01_Projets/schoolsWP/04_Assets/06_Covers-articles/2024-12-16 – Wordpress-playground-was-ist-das-anleitung – Cover article.jpg,MOVE,READY,02_PROJETS -> 01_Projets,image/jpeg,248815
1LJmuVaAnuzv-5PqRTrxf6QrCgCYrXv_z,2024-12-20 – Wpboutik-commerce-en-ligne-wordpress – Cover article.jpg,02_PROJETS/schoolsWP/04_Assets/06_Covers-articles/2024-12-20 – Wpboutik-commerce-en-ligne-wordpress – Cover article.jpg,01_Projets/schoolsWP/04_Assets/06_Covers-articles/2024-12-20 – Wpboutik-commerce-en-ligne-wordpress – Cover article.jpg,MOVE,READY,02_PROJETS -> 01_Projets,image/jpeg,218604
1NrTP6Yf8wt1xJ_ESqoGWaQHJW0pxoaOs,2024-12-21 – Zipwp-wordpress-erstellung-ki-revolution – Cover article.jpg,02_PROJETS/schoolsWP/04_Assets/06_Covers-articles/2024-12-21 – Zipwp-wordpress-erstellung-ki-revolution – Cover article.jpg,01_Projets/schoolsWP/04_Assets/06_Covers-articles/2024-12-21 – Zipwp-wordpress-erstellung-ki-revolution – Cover article.jpg,MOVE,READY,02_PROJETS -> 01_Projets,image/jpeg,245582
1OZ7UFFy79Tg8hHyou2VIwDVeEaCSjQQD,2024-12-23 – Wp-marmite-pay-einfache-zahlungen-wordpress – Cover article.jpg,02_PROJETS/schoolsWP/04_Assets/06_Covers-articles/2024-12-23 – Wp-marmite-pay-einfache-zahlungen-wordpress – Cover article.jpg,01_Projets/schoolsWP/04_Assets/06_Covers-articles/2024-12-23 – Wp-marmite-pay-einfache-zahlungen-wordpress – Cover article.jpg,MOVE,READY,02_PROJETS -> 01_Projets,image/jpeg,238217
1QsF_XiCAOmi57zMET4f-SOE7apfHRSrh,2025-01-07 – Was-ist-gutenberg-in-wordpress – Cover article.jpg,02_PROJETS/schoolsWP/04_Assets/06_Covers-articles/2025-01-07 – Was-ist-gutenberg-in-wordpress – Cover article.jpg,01_Projets/schoolsWP/04_Assets/06_Covers-articles/2025-01-07 – Was-ist-gutenberg-in-wordpress – Cover article.jpg,MOVE,READY,02_PROJETS -> 01_Projets,image/jpeg,222657
1RmbzGp--7wfFvjocdsXFADwZPg8JuZRx,2025-01-07 – Fluentcommunity-plugin-schnell-wordpress-community-aufbauen – Cover article.jpg,02_PROJETS/schoolsWP/04_Assets/06_Covers-articles/2025-01-07 – Fluentcommunity-plugin-schnell-wordpress-community-aufbauen – Cover article.jpg,01_Projets/schoolsWP/04_Assets/06_Covers-articles/2025-01-07 – Fluentcommunity-plugin-schnell-wordpress-community-aufbauen – Cover article.jpg,MOVE,READY,02_PROJETS -> 01_Projets,image/jpeg,266911
1UQrhtek4KGFGlD6vPoETCBvfHrdPkvim,2025-01-10 – Thot-seo-tool-semantische-optimierung – Cover article.jpg,02_PROJETS/schoolsWP/04_Assets/06_Covers-articles/2025-01-10 – Thot-seo-tool-semantische-optimierung – Cover article.jpg,01_Projets/schoolsWP/04_Assets/06_Covers-articles/2025-01-10 – Thot-seo-tool-semantische-optimierung – Cover article.jpg,MOVE,READY,02_PROJETS -> 01_Projets,image/jpeg,240477
1XfOqZlDvr8eipKmPINFoZnhoxcx5J6vm,2025-01-11 – Wp-umbrella-warum-wordpress-agenturen – Cover article.jpg,02_PROJETS/schoolsWP/04_Assets/06_Covers-articles/2025-01-11 – Wp-umbrella-warum-wordpress-agenturen – Cover article.jpg,01_Projets/schoolsWP/04_Assets/06_Covers-articles/2025-01-11 – Wp-umbrella-warum-wordpress-agenturen – Cover article.jpg,MOVE,READY,02_PROJETS -> 01_Projets,image/jpeg,234110
1kpTsizsctV7fLomK8DN-E_QSqkRVGPrO,2025-08-22 – Droip-wordpress-alternative-webflow-test – Cover article.jpg,02_PROJETS/schoolsWP/04_Assets/06_Covers-articles/2025-08-22 – Droip-wordpress-alternative-webflow-test – Cover article.jpg,01_Projets/schoolsWP/04_Assets/06_Covers-articles/2025-08-22 – Droip-wordpress-alternative-webflow-test – Cover article.jpg,MOVE,READY,02_PROJETS -> 01_Projets,image/jpeg,237335
1W8KGtaUFVxg4EmT9mvvQPKt6ZnVAeY3u,2025-09-06 – Linksgarden-plugin-wordpress-netlinking – Cover article.jpg,02_PROJETS/schoolsWP/04_Assets/06_Covers-articles/2025-09-06 – Linksgarden-plugin-wordpress-netlinking – Cover article.jpg,01_Projets/schoolsWP/04_Assets/06_Covers-articles/2025-09-06 – Linksgarden-plugin-wordpress-netlinking – Cover article.jpg,MOVE,READY,02_PROJETS -> 01_Projets,image/jpeg,268369
1A7gJ95rkvNkkpYzcYRNhscp3k6bqyuaS,2025-09-21 – Wordpress-com-vs-wordpress-org-vergleich – Cover article.jpg,02_PROJETS/schoolsWP/04_Assets/06_Covers-articles/2025-09-21 – Wordpress-com-vs-wordpress-org-vergleich – Cover article.jpg,01_Projets/schoolsWP/04_Assets/06_Covers-articles/2025-09-21 – Wordpress-com-vs-wordpress-org-vergleich – Cover article.jpg,MOVE,READY,02_PROJETS -> 01_Projets,image/jpeg,307165
1Kvig9E9LeuatLiR5ygyY20RE7RNnBOhX,2025-10-02 – Fluent-forms-wordpress-plugin-formulare – Cover article.jpg,02_PROJETS/schoolsWP/04_Assets/06_Covers-articles/2025-10-02 – Fluent-forms-wordpress-plugin-formulare – Cover article.jpg,01_Projets/schoolsWP/04_Assets/06_Covers-articles/2025-10-02 – Fluent-forms-wordpress-plugin-formulare – Cover article.jpg,MOVE,READY,02_PROJETS -> 01_Projets,image/jpeg,260981
1VGfuAd22HaVFY6MQ9wKkW5cx1CgfOv0C,2025-10-02 – Suremembers-vs-wishlist-member-wordpress-plugin – Cover article.jpg,02_PROJETS/schoolsWP/04_Assets/06_Covers-articles/2025-10-02 – Suremembers-vs-wishlist-member-wordpress-plugin – Cover article.jpg,01_Projets/schoolsWP/04_Assets/06_Covers-articles/2025-10-02 – Suremembers-vs-wishlist-member-wordpress-plugin – Cover article.jpg,MOVE,READY,02_PROJETS -> 01_Projets,image/jpeg,304108
1ARagJKLVFChHLBmW4HJ7xLsgTejQ13G-,2025-10-02 – Full-site-editing-fse-wordpress-webdesign – Cover article.jpg,02_PROJETS/schoolsWP/04_Assets/06_Covers-articles/2025-10-02 – Full-site-editing-fse-wordpress-webdesign – Cover article.jpg,01_Projets/schoolsWP/04_Assets/06_Covers-articles/2025-10-02 – Full-site-editing-fse-wordpress-webdesign – Cover article.jpg,MOVE,READY,02_PROJETS -> 01_Projets,image/jpeg,278528
11Na9eHJTaJBlqLAKtRu1HOKTjAUyHXeZ,2025-10-03 – Fluentboards-plugin-wordpress-projektmanagement – Cover article.jpg,02_PROJETS/schoolsWP/04_Assets/06_Covers-articles/2025-10-03 – Fluentboards-plugin-wordpress-projektmanagement – Cover article.jpg,01_Projets/schoolsWP/04_Assets/06_Covers-articles/2025-10-03 – Fluentboards-plugin-wordpress-projektmanagement – Cover article.jpg,MOVE,READY,02_PROJETS -> 01_Projets,image/jpeg,279681
1tDeFS31R63c0w4glruzrr49eXo0Jf-Hu,2025-10-17 – Virfice-plugin-wordpress-woocommerce-emails – Cover article.jpg,02_PROJETS/schoolsWP/04_Assets/06_Covers-articles/2025-10-17 – Virfice-plugin-wordpress-woocommerce-emails – Cover article.jpg,01_Projets/schoolsWP/04_Assets/06_Covers-articles/2025-10-17 – Virfice-plugin-wordpress-woocommerce-emails – Cover article.jpg,MOVE,READY,02_PROJETS -> 01_Projets,image/jpeg,246884
1DmVkXJHJem5bwlfm6giSKAF_M0Gl0smp,2025-10-28 – EasyCommerce Meinung 2025 Das WordPress KI-E-Commerce-Plugin der nächsten Gen... – Cover article.jpg,02_PROJETS/schoolsWP/04_Assets/06_Covers-articles/2025-10-28 – EasyCommerce Meinung 2025 Das WordPress KI-E-Commerce-Plugin der nächsten Gen... – Cover article.jpg,01_Projets/schoolsWP/04_Assets/06_Covers-articles/2025-10-28 – EasyCommerce Meinung 2025 Das WordPress KI-E-Commerce-Plugin der nächsten Gen... – Cover article.jpg,MOVE,READY,02_PROJETS -> 01_Projets,image/jpeg,284339
1_8IU0C59omhxiM4wJTX2sfLwDvs2NnyJ,2025-12-24 – Wpmissioncontrol-wordpress-plugin-monitoring – Cover article.jpg,02_PROJETS/schoolsWP/04_Assets/06_Covers-articles/2025-12-24 – Wpmissioncontrol-wordpress-plugin-monitoring – Cover article.jpg,01_Projets/schoolsWP/04_Assets/06_Covers-articles/2025-12-24 – Wpmissioncontrol-wordpress-plugin-monitoring – Cover article.jpg,MOVE,READY,02_PROJETS -> 01_Projets,image/jpeg,270477
10n0823u_IH6OiJ1yl7nr3yWmHIkGFWcJ,2026-01-10 – Mailerpress-1-1-plugin-wordpress-e-mail-marketing – Cover article.jpg,02_PROJETS/schoolsWP/04_Assets/06_Covers-articles/2026-01-10 – Mailerpress-1-1-plugin-wordpress-e-mail-marketing – Cover article.jpg,01_Projets/schoolsWP/04_Assets/06_Covers-articles/2026-01-10 – Mailerpress-1-1-plugin-wordpress-e-mail-marketing – Cover article.jpg,MOVE,READY,02_PROJETS -> 01_Projets,image/jpeg,275281
14iZiQsq-McmBFQbqd38lgGuasDgONVu9,2026-01-12 – Ninja-tables-fluentcart-wordpress-plugin-interaktive-tabellen – Cover article.jpg,02_PROJETS/schoolsWP/04_Assets/06_Covers-articles/2026-01-12 – Ninja-tables-fluentcart-wordpress-plugin-interaktive-tabellen – Cover article.jpg,01_Projets/schoolsWP/04_Assets/06_Covers-articles/2026-01-12 – Ninja-tables-fluentcart-wordpress-plugin-interaktive-tabellen – Cover article.jpg,MOVE,READY,02_PROJETS -> 01_Projets,image/jpeg,271270
1XYuiWCgj4GcEv47dAAYv8b1jHqnCNh86,2026-01-15 – Fluentcart-plugin-wordpress-woocommerce-alternative – Cover article.jpg,02_PROJETS/schoolsWP/04_Assets/06_Covers-articles/2026-01-15 – Fluentcart-plugin-wordpress-woocommerce-alternative – Cover article.jpg,01_Projets/schoolsWP/04_Assets/06_Covers-articles/2026-01-15 – Fluentcart-plugin-wordpress-woocommerce-alternative – Cover article.jpg,MOVE,READY,02_PROJETS -> 01_Projets,image/jpeg,376942
11NLqjn2mObhmt1zj9aCWFmBeDzEi1Jvs,2026-01-22 – Elements-kit-elementor-addons-widgets – Cover article.jpg,02_PROJETS/schoolsWP/04_Assets/06_Covers-articles/2026-01-22 – Elements-kit-elementor-addons-widgets – Cover article.jpg,01_Projets/schoolsWP/04_Assets/06_Covers-articles/2026-01-22 – Elements-kit-elementor-addons-widgets – Cover article.jpg,MOVE,READY,02_PROJETS -> 01_Projets,image/jpeg,275630
1Q740ePWOtrNhdH6lU-ht68leotOM7DhV,2026-01-17 – Affiliatepress-plugin-wordpress-partnerprogramm-auto-payout – Cover article.jpg,02_PROJETS/schoolsWP/04_Assets/06_Covers-articles/2026-01-17 – Affiliatepress-plugin-wordpress-partnerprogramm-auto-payout – Cover article.jpg,01_Projets/schoolsWP/04_Assets/06_Covers-articles/2026-01-17 – Affiliatepress-plugin-wordpress-partnerprogramm-auto-payout – Cover article.jpg,MOVE,READY,02_PROJETS -> 01_Projets,image/jpeg,263446
1EB47vPvYgLPI0Th_LLCaqVJ4UD0LKP_g,2026-01-02 – Amelia-wp-plugin-wordpress-termine-events – Cover article.jpg,02_PROJETS/schoolsWP/04_Assets/06_Covers-articles/2026-01-02 – Amelia-wp-plugin-wordpress-termine-events – Cover article.jpg,01_Projets/schoolsWP/04_Assets/06_Covers-articles/2026-01-02 – Amelia-wp-plugin-wordpress-termine-events – Cover article.jpg,MOVE,READY,02_PROJETS -> 01_Projets,image/jpeg,281296
1-kKA6ydKMdXpCYI6hKQZ4UrSBlJYBnsf,2025-05-07 – Suremembers-restrict-content-pro-vergleich-wordpress – Cover article.jpg,02_PROJETS/schoolsWP/04_Assets/06_Covers-articles/2025-05-07 – Suremembers-restrict-content-pro-vergleich-wordpress – Cover article.jpg,01_Projets/schoolsWP/04_Assets/06_Covers-articles/2025-05-07 – Suremembers-restrict-content-pro-vergleich-wordpress – Cover article.jpg,MOVE,READY,02_PROJETS -> 01_Projets,image/jpeg,301224
123rqugmH6Z70QzwnxC95JBpaMze1-lEM,2024-11-07 – Tastewp-easily-create-wordpress-website – Cover article.jpg,02_PROJETS/schoolsWP/04_Assets/06_Covers-articles/2024-11-07 – Tastewp-easily-create-wordpress-website – Cover article.jpg,01_Projets/schoolsWP/04_Assets/06_Covers-articles/2024-11-07 – Tastewp-easily-create-wordpress-website – Cover article.jpg,MOVE,READY,02_PROJETS -> 01_Projets,image/jpeg,257943
14yAwdUwUbr23_uwrHieIKzVOhbiYfe8K,2024-11-09 – Seokey-essential-seo-plugin-for-wordpress – Cover article.jpg,02_PROJETS/schoolsWP/04_Assets/06_Covers-articles/2024-11-09 – Seokey-essential-seo-plugin-for-wordpress – Cover article.jpg,01_Projets/schoolsWP/04_Assets/06_Covers-articles/2024-11-09 – Seokey-essential-seo-plugin-for-wordpress – Cover article.jpg,MOVE,READY,02_PROJETS -> 01_Projets,image/jpeg,224120
14ztuy6jd7FERGikrNlxvI_snMyup7BYc,2024-11-09 – Seokey-essential-seo-plugin-wordpress – Cover article.jpg,02_PROJETS/schoolsWP/04_Assets/06_Covers-articles/2024-11-09 – Seokey-essential-seo-plugin-wordpress – Cover article.jpg,01_Projets/schoolsWP/04_Assets/06_Covers-articles/2024-11-09 – Seokey-essential-seo-plugin-wordpress – Cover article.jpg,MOVE,READY,02_PROJETS -> 01_Projets,image/jpeg,104349
153F5oOmwP-Wbz3Udw6PdWRWHOehLVfRY,2024-11-09 – Seokey-seo-plugin-wordpress-visibility – Cover article.jpg,02_PROJETS/schoolsWP/04_Assets/06_Covers-articles/2024-11-09 – Seokey-seo-plugin-wordpress-visibility – Cover article.jpg,01_Projets/schoolsWP/04_Assets/06_Covers-articles/2024-11-09 – Seokey-seo-plugin-wordpress-visibility – Cover article.jpg,MOVE,READY,02_PROJETS -> 01_Projets,image/jpeg,116856
16RLjc3XYK-DZnlbM8aUKcZn2R8ZKiFi_,2024-11-12 – Opinions-on-linkuma-benchmark-for-netlinking – Cover article.jpg,02_PROJETS/schoolsWP/04_Assets/06_Covers-articles/2024-11-12 – Opinions-on-linkuma-benchmark-for-netlinking – Cover article.jpg,01_Projets/schoolsWP/04_Assets/06_Covers-articles/2024-11-12 – Opinions-on-linkuma-benchmark-for-netlinking – Cover article.jpg,MOVE,READY,02_PROJETS -> 01_Projets,image/jpeg,231533
1C2YCbgPHVuXr8oH-fKC6439eL-vy--Kz,2024-11-26 – Optimize-wordpress-slugs-seo – Cover article.jpg,02_PROJETS/schoolsWP/04_Assets/06_Covers-articles/2024-11-26 – Optimize-wordpress-slugs-seo – Cover article.jpg,01_Projets/schoolsWP/04_Assets/06_Covers-articles/2024-11-26 – Optimize-wordpress-slugs-seo – Cover article.jpg,MOVE,READY,02_PROJETS -> 01_Projets,image/jpeg,246259
1DI2OhyDW-LHWKCEIM-84zGm6dcLEvpNa,2024-12-03 – Suremembers  Discover the Best Membership Plugin for WordPress (2) – Cover article.jpg,02_PROJETS/schoolsWP/04_Assets/06_Covers-articles/2024-12-03 – Suremembers  Discover the Best Membership Plugin for WordPress (2) – Cover article.jpg,01_Projets/schoolsWP/04_Assets/06_Covers-articles/2024-12-03 – Suremembers  Discover the Best Membership Plugin for WordPress (2) – Cover article.jpg,MOVE,READY,02_PROJETS -> 01_Projets,image/jpeg,247418
1GbvVnze_S2VScYBg43104dbca3DB6eGi,2024-12-10 – Custom-wordpress-website-design-benefits – Cover article.jpg,02_PROJETS/schoolsWP/04_Assets/06_Covers-articles/2024-12-10 – Custom-wordpress-website-design-benefits – Cover article.jpg,01_Projets/schoolsWP/04_Assets/06_Covers-articles/2024-12-10 – Custom-wordpress-website-design-benefits – Cover article.jpg,MOVE,READY,02_PROJETS -> 01_Projets,image/jpeg,270184
1HJ7s8J7o2AZqZpBIr34ZQ2jrT8K5ZAot,2024-12-10 – Wordpress-plugin-guide-effective-use – Cover article.jpg,02_PROJETS/schoolsWP/04_Assets/06_Covers-articles/2024-12-10 – Wordpress-plugin-guide-effective-use – Cover article.jpg,01_Projets/schoolsWP/04_Assets/06_Covers-articles/2024-12-10 – Wordpress-plugin-guide-effective-use – Cover article.jpg,MOVE,READY,02_PROJETS -> 01_Projets,image/jpeg,246313
112zm840BTbUEtSyZhhBFZT5EflCDWUGY,2024-10-22 – Suremembers-vs-wishlist-member-wordpress-comparison – Cover article.jpg,02_PROJETS/schoolsWP/04_Assets/06_Covers-articles/2024-10-22 – Suremembers-vs-wishlist-member-wordpress-comparison – Cover article.jpg,01_Projets/schoolsWP/04_Assets/06_Covers-articles/2024-10-22 – Suremembers-vs-wishlist-member-wordpress-comparison – Cover article.jpg,MOVE,READY,02_PROJETS -> 01_Projets,image/jpeg,281041
1NZRX5N0C0SOCDEIwaIkby3-XuUx9NzVd,2024-12-20 – Zipwp-revolutionize-wordpress-site-creation-ai – Cover article.jpg,02_PROJETS/schoolsWP/04_Assets/06_Covers-articles/2024-12-20 – Zipwp-revolutionize-wordpress-site-creation-ai – Cover article.jpg,01_Projets/schoolsWP/04_Assets/06_Covers-articles/2024-12-20 – Zipwp-revolutionize-wordpress-site-creation-ai – Cover article.jpg,MOVE,READY,02_PROJETS -> 01_Projets,image/jpeg,222117
1OGcwBiusOqdQSXETUJr1RwPzQXqSpYfR,2024-12-23 – Wp-marmite-pay-simplifies-payments-wordpress – Cover article.jpg,02_PROJETS/schoolsWP/04_Assets/06_Covers-articles/2024-12-23 – Wp-marmite-pay-simplifies-payments-wordpress – Cover article.jpg,01_Projets/schoolsWP/04_Assets/06_Covers-articles/2024-12-23 – Wp-marmite-pay-simplifies-payments-wordpress – Cover article.jpg,MOVE,READY,02_PROJETS -> 01_Projets,image/jpeg,233450
1QICxwLhJi5wflWIuEm9NRZkkjAZmDM6x,2025-01-07 – What-is-gutenberg-in-wordpress – Cover article.jpg,02_PROJETS/schoolsWP/04_Assets/06_Covers-articles/2025-01-07 – What-is-gutenberg-in-wordpress – Cover article.jpg,01_Projets/schoolsWP/04_Assets/06_Covers-articles/2025-01-07 – What-is-gutenberg-in-wordpress – Cover article.jpg,MOVE,READY,02_PROJETS -> 01_Projets,image/jpeg,212260
1SOoxOFGrbHZhmspOUF6FdI-Wnxu9i6Ro,2025-01-07 – Fluentcommunity-wordpress-plugin-build-community-fast – Cover article.jpg,02_PROJETS/schoolsWP/04_Assets/06_Covers-articles/2025-01-07 – Fluentcommunity-wordpress-plugin-build-community-fast – Cover article.jpg,01_Projets/schoolsWP/04_Assets/06_Covers-articles/2025-01-07 – Fluentcommunity-wordpress-plugin-build-community-fast – Cover article.jpg,MOVE,READY,02_PROJETS -> 01_Projets,image/jpeg,245861
1VJIvH0kshEFSvrX7bZBRAgyOueTETjVA,2025-01-10 – Clean-wordpress-database-complete-guide-plugins – Cover article.jpg,02_PROJETS/schoolsWP/04_Assets/06_Covers-articles/2025-01-10 – Clean-wordpress-database-complete-guide-plugins – Cover article.jpg,01_Projets/schoolsWP/04_Assets/06_Covers-articles/2025-01-10 – Clean-wordpress-database-complete-guide-plugins – Cover article.jpg,MOVE,READY,02_PROJETS -> 01_Projets,image/jpeg,251108
11BA6PVb9rPjhicgIIiD4pQXLbfOVgI_R,2025-05-08 – Wordpress-multisite-guide-centralized-management – Cover article.jpg,02_PROJETS/schoolsWP/04_Assets/06_Covers-articles/2025-05-08 – Wordpress-multisite-guide-centralized-management – Cover article.jpg,01_Projets/schoolsWP/04_Assets/06_Covers-articles/2025-05-08 – Wordpress-multisite-guide-centralized-management – Cover article.jpg,MOVE,READY,02_PROJETS -> 01_Projets,image/jpeg,283202
1Ed_hgTto0uy3G4_i-8E4u2DYTr-k2QO6,2025-06-05 – O2switch-review-french-web-host-worth-it – Cover article.jpg,02_PROJETS/schoolsWP/04_Assets/06_Covers-articles/2025-06-05 – O2switch-review-french-web-host-worth-it – Cover article.jpg,01_Projets/schoolsWP/04_Assets/06_Covers-articles/2025-06-05 – O2switch-review-french-web-host-worth-it – Cover article.jpg,MOVE,READY,02_PROJETS -> 01_Projets,image/jpeg,241902
1NpQm9ynfyAapG1PUnaBInotB0cmkD6oR,2025-06-05 – Fluentcrm-promo-code-20-discount-schoolswp – Cover article.jpg,02_PROJETS/schoolsWP/04_Assets/06_Covers-articles/2025-06-05 – Fluentcrm-promo-code-20-discount-schoolswp – Cover article.jpg,01_Projets/schoolsWP/04_Assets/06_Covers-articles/2025-06-05 – Fluentcrm-promo-code-20-discount-schoolswp – Cover article.jpg,MOVE,READY,02_PROJETS -> 01_Projets,image/jpeg,272554
1JTvRTd8vXiJ9av6250dOqhyM6znpQXOh,2025-06-13 – Rapyd-cloud-promo-code-wordpress-hosting – Cover article.jpg,02_PROJETS/schoolsWP/04_Assets/06_Covers-articles/2025-06-13 – Rapyd-cloud-promo-code-wordpress-hosting – Cover article.jpg,01_Projets/schoolsWP/04_Assets/06_Covers-articles/2025-06-13 – Rapyd-cloud-promo-code-wordpress-hosting – Cover article.jpg,MOVE,READY,02_PROJETS -> 01_Projets,image/jpeg,299460
1lJIy2bXvkThFOzmpXDFRiIlNwywfHN1J,2025-07-04 – Fast-secure-wordpress-hosting-copilhost – Cover article.jpg,02_PROJETS/schoolsWP/04_Assets/06_Covers-articles/2025-07-04 – Fast-secure-wordpress-hosting-copilhost – Cover article.jpg,01_Projets/schoolsWP/04_Assets/06_Covers-articles/2025-07-04 – Fast-secure-wordpress-hosting-copilhost – Cover article.jpg,MOVE,READY,02_PROJETS -> 01_Projets,image/jpeg,240986
1Akriic4WLq4olQJU4SBB9ZD1pGunww32,2025-07-05 – Learn-wordpress-own-complete-guide – Cover article.jpg,02_PROJETS/schoolsWP/04_Assets/06_Covers-articles/2025-07-05 – Learn-wordpress-own-complete-guide – Cover article.jpg,01_Projets/schoolsWP/04_Assets/06_Covers-articles/2025-07-05 – Learn-wordpress-own-complete-guide – Cover article.jpg,MOVE,READY,02_PROJETS -> 01_Projets,image/jpeg,291261
1s6uU2tqA9QzbkfSUhQ-z0HxYLpyr-iXs,2025-07-06 – Fluentcart-review-wordpress-store-cover – Cover article.jpg,02_PROJETS/schoolsWP/04_Assets/06_Covers-articles/2025-07-06 – Fluentcart-review-wordpress-store-cover – Cover article.jpg,01_Projets/schoolsWP/04_Assets/06_Covers-articles/2025-07-06 – Fluentcart-review-wordpress-store-cover – Cover article.jpg,MOVE,READY,02_PROJETS -> 01_Projets,image/jpeg,266095
1imPSjRZBT7SwM5D3Iphcx5RUEsRVzcjT,2025-08-01 – Droip-wordpress-alternative-webflow-plugin-free – Cover article.jpg,02_PROJETS/schoolsWP/04_Assets/06_Covers-articles/2025-08-01 – Droip-wordpress-alternative-webflow-plugin-free – Cover article.jpg,01_Projets/schoolsWP/04_Assets/06_Covers-articles/2025-08-01 – Droip-wordpress-alternative-webflow-plugin-free – Cover article.jpg,MOVE,READY,02_PROJETS -> 01_Projets,image/jpeg,240904
1x2pxy6RODnWT1sOdpu9fgUvSC3W_Wqcg,2025-08-07 – Wp-rocket-wordpress-caching-plugin-speed – Cover article.jpg,02_PROJETS/schoolsWP/04_Assets/06_Covers-articles/2025-08-07 – Wp-rocket-wordpress-caching-plugin-speed – Cover article.jpg,01_Projets/schoolsWP/04_Assets/06_Covers-articles/2025-08-07 – Wp-rocket-wordpress-caching-plugin-speed – Cover article.jpg,MOVE,READY,02_PROJETS -> 01_Projets,image/jpeg,264745
18fDm_VHNlxTur2-IlD9J4OI4PyqlgPUX,2025-08-09 – Clickwhale-wordpress-link-shortener-click-tracker – Cover article.jpg,02_PROJETS/schoolsWP/04_Assets/06_Covers-articles/2025-08-09 – Clickwhale-wordpress-link-shortener-click-tracker – Cover article.jpg,01_Projets/schoolsWP/04_Assets/06_Covers-articles/2025-08-09 – Clickwhale-wordpress-link-shortener-click-tracker – Cover article.jpg,MOVE,READY,02_PROJETS -> 01_Projets,image/jpeg,256992
12EpIICB1z5ndtVx28UCkM2uQFStNMR61,2025-08-09 – Wp-social-ninja-wordpress-plugin-reviews-feeds-chat – Cover article.jpg,02_PROJETS/schoolsWP/04_Assets/06_Covers-articles/2025-08-09 – Wp-social-ninja-wordpress-plugin-reviews-feeds-chat – Cover article.jpg,01_Projets/schoolsWP/04_Assets/06_Covers-articles/2025-08-09 – Wp-social-ninja-wordpress-plugin-reviews-feeds-chat – Cover article.jpg,MOVE,READY,02_PROJETS -> 01_Projets,image/jpeg,262716
1n5gGrJToQjyIvCTBX71jLRMqOls92k8c,2025-08-09 – Microthemer-visual-css-editor-wordpress – Cover article.jpg,02_PROJETS/schoolsWP/04_Assets/06_Covers-articles/2025-08-09 – Microthemer-visual-css-editor-wordpress – Cover article.jpg,01_Projets/schoolsWP/04_Assets/06_Covers-articles/2025-08-09 – Microthemer-visual-css-editor-wordpress – Cover article.jpg,MOVE,READY,02_PROJETS -> 01_Projets,image/jpeg,281046
1zrzdvhRStROvaO9ex9xoKi8AVUh7MlSx,2025-08-09 – Solid-affiliate-top-plugin-wordpress – Cover article.jpg,02_PROJETS/schoolsWP/04_Assets/06_Covers-articles/2025-08-09 – Solid-affiliate-top-plugin-wordpress – Cover article.jpg,01_Projets/schoolsWP/04_Assets/06_Covers-articles/2025-08-09 – Solid-affiliate-top-plugin-wordpress – Cover article.jpg,MOVE,READY,02_PROJETS -> 01_Projets,image/jpeg,248402
1_rZLrozHYp4mc1Zw6PVBrxqW8rtkxsTi,2025-08-09 – Perfmatters-wordpress-optimization-site-speed – Cover article.jpg,02_PROJETS/schoolsWP/04_Assets/06_Covers-articles/2025-08-09 – Perfmatters-wordpress-optimization-site-speed – Cover article.jpg,01_Projets/schoolsWP/04_Assets/06_Covers-articles/2025-08-09 – Perfmatters-wordpress-optimization-site-speed – Cover article.jpg,MOVE,READY,02_PROJETS -> 01_Projets,image/jpeg,268419
1Fil7SrkqQbyupN-iJC7N2YJigcA3pueU,2025-08-10 – Google-amp-explained – Cover article.jpg,02_PROJETS/schoolsWP/04_Assets/06_Covers-articles/2025-08-10 – Google-amp-explained – Cover article.jpg,01_Projets/schoolsWP/04_Assets/06_Covers-articles/2025-08-10 – Google-amp-explained – Cover article.jpg,MOVE,READY,02_PROJETS -> 01_Projets,image/jpeg,193540
1cjNQtpTjynqZjLk5Zr7gPVhqWALel1JG,2025-08-10 – Thruuu-serp-scraping-analysis-tool – Cover article.jpg,02_PROJETS/schoolsWP/04_Assets/06_Covers-articles/2025-08-10 – Thruuu-serp-scraping-analysis-tool – Cover article.jpg,01_Projets/schoolsWP/04_Assets/06_Covers-articles/2025-08-10 – Thruuu-serp-scraping-analysis-tool – Cover article.jpg,MOVE,READY,02_PROJETS -> 01_Projets,image/jpeg,228290
1ckrkMmlzwsNkC5ybNZNfr6rKCvhQJ85W,2025-08-21 – Flyingpress-vs-wp-rocket-wordpress-caching – Cover article.jpg,02_PROJETS/schoolsWP/04_Assets/06_Covers-articles/2025-08-21 – Flyingpress-vs-wp-rocket-wordpress-caching – Cover article.jpg,01_Projets/schoolsWP/04_Assets/06_Covers-articles/2025-08-21 – Flyingpress-vs-wp-rocket-wordpress-caching – Cover article.jpg,MOVE,READY,02_PROJETS -> 01_Projets,image/jpeg,296241
12lFomeQnA8Tos5ZieQdUJcE4Z5JQsQV1,2025-11-21 – Create-online-training-platform-wordpress-lms – Cover article.jpg,02_PROJETS/schoolsWP/04_Assets/06_Covers-articles/2025-11-21 – Create-online-training-platform-wordpress-lms – Cover article.jpg,01_Projets/schoolsWP/04_Assets/06_Covers-articles/2025-11-21 – Create-online-training-platform-wordpress-lms – Cover article.jpg,MOVE,READY,02_PROJETS -> 01_Projets,image/jpeg,269544
1TIM3yQjHwAwJ7aFQ2IKFY7BQug3lhO0A,2025-11-22 – Amelia-wp-wordpress-booking-plugin – Cover article.jpg,02_PROJETS/schoolsWP/04_Assets/06_Covers-articles/2025-11-22 – Amelia-wp-wordpress-booking-plugin – Cover article.jpg,01_Projets/schoolsWP/04_Assets/06_Covers-articles/2025-11-22 – Amelia-wp-wordpress-booking-plugin – Cover article.jpg,MOVE,READY,02_PROJETS -> 01_Projets,image/jpeg,248044
1BZlXI2ttlfAM0aSnhtrGYoW9SoMLhPjE,2025-11-22 – Boost-wordpress-blog-tips – Cover article.jpg,02_PROJETS/schoolsWP/04_Assets/06_Covers-articles/2025-11-22 – Boost-wordpress-blog-tips – Cover article.jpg,01_Projets/schoolsWP/04_Assets/06_Covers-articles/2025-11-22 – Boost-wordpress-blog-tips – Cover article.jpg,MOVE,READY,02_PROJETS -> 01_Projets,image/jpeg,275547
1yInnm6XNp9YAut8bgw7Mf3qZExp9LNEt,2025-12-13 – Wpmissioncontrol-wordpress-monitoring-plugin – Cover article.jpg,02_PROJETS/schoolsWP/04_Assets/06_Covers-articles/2025-12-13 – Wpmissioncontrol-wordpress-monitoring-plugin – Cover article.jpg,01_Projets/schoolsWP/04_Assets/06_Covers-articles/2025-12-13 – Wpmissioncontrol-wordpress-monitoring-plugin – Cover article.jpg,MOVE,READY,02_PROJETS -> 01_Projets,image/jpeg,276759
1TBXUra_RQDi3GzOILbteFEr_fwNzNc2T,2025-12-27 – Metricool-social-media-tool-review – Cover article.jpg,02_PROJETS/schoolsWP/04_Assets/06_Covers-articles/2025-12-27 – Metricool-social-media-tool-review – Cover article.jpg,01_Projets/schoolsWP/04_Assets/06_Covers-articles/2025-12-27 – Metricool-social-media-tool-review – Cover article.jpg,MOVE,READY,02_PROJETS -> 01_Projets,image/jpeg,209305
1d-hG3ZDcA0yYtLYOVuYv05rLICNTd3xT,2025-12-27 – Ninja-tables-integrates-fluentcart-interactive-tables – Cover article.jpg,02_PROJETS/schoolsWP/04_Assets/06_Covers-articles/2025-12-27 – Ninja-tables-integrates-fluentcart-interactive-tables – Cover article.jpg,01_Projets/schoolsWP/04_Assets/06_Covers-articles/2025-12-27 – Ninja-tables-integrates-fluentcart-interactive-tables – Cover article.jpg,MOVE,READY,02_PROJETS -> 01_Projets,image/jpeg,274143
10V3i5kfBgboHYGgLGhd0p1bKMC4jFoI0,2025-12-28 – Instawp-wordpress-one-click-site – Cover article.jpg,02_PROJETS/schoolsWP/04_Assets/06_Covers-articles/2025-12-28 – Instawp-wordpress-one-click-site – Cover article.jpg,01_Projets/schoolsWP/04_Assets/06_Covers-articles/2025-12-28 – Instawp-wordpress-one-click-site – Cover article.jpg,MOVE,READY,02_PROJETS -> 01_Projets,image/jpeg,256707
122xVsG_O8zpuGaqNiPoizZ3Xq9XyMMzc,2026-01-03 – Wordpress-theme-wordpress-guide-use – Cover article.jpg,02_PROJETS/schoolsWP/04_Assets/06_Covers-articles/2026-01-03 – Wordpress-theme-wordpress-guide-use – Cover article.jpg,01_Projets/schoolsWP/04_Assets/06_Covers-articles/2026-01-03 – Wordpress-theme-wordpress-guide-use – Cover article.jpg,MOVE,READY,02_PROJETS -> 01_Projets,image/jpeg,275997
1iBnvsatVnYTIDeBTZBUtxvGE8dIKNqrh,2026-01-03 – Ninja-tables-plugin-wordpress-tables – Cover article.jpg,02_PROJETS/schoolsWP/04_Assets/06_Covers-articles/2026-01-03 – Ninja-tables-plugin-wordpress-tables – Cover article.jpg,01_Projets/schoolsWP/04_Assets/06_Covers-articles/2026-01-03 – Ninja-tables-plugin-wordpress-tables – Cover article.jpg,MOVE,READY,02_PROJETS -> 01_Projets,image/jpeg,283225
1m6FqnN2o_OV7tZ1_xGPW96yeuxVXmJNk,2026-01-06 – Easyhoster-wordpress-hosting-security-backups-performance-seo – Cover article.jpg,02_PROJETS/schoolsWP/04_Assets/06_Covers-articles/2026-01-06 – Easyhoster-wordpress-hosting-security-backups-performance-seo – Cover article.jpg,01_Projets/schoolsWP/04_Assets/06_Covers-articles/2026-01-06 – Easyhoster-wordpress-hosting-security-backups-performance-seo – Cover article.jpg,MOVE,READY,02_PROJETS -> 01_Projets,image/jpeg,279309
1x7K9EY5-LMRMZEtQm85HeaJ-FNXQcKy2,2026-01-08 – Alidropship-plugin-wordpress-aliexpress-dropshipping – Cover article.jpg,02_PROJETS/schoolsWP/04_Assets/06_Covers-articles/2026-01-08 – Alidropship-plugin-wordpress-aliexpress-dropshipping – Cover article.jpg,01_Projets/schoolsWP/04_Assets/06_Covers-articles/2026-01-08 – Alidropship-plugin-wordpress-aliexpress-dropshipping – Cover article.jpg,MOVE,READY,02_PROJETS -> 01_Projets,image/jpeg,276714
16jePvAUfTZgkr84GJ__gY1zEcMVMlsoR,2026-01-17 – Mailerpress-wordpress-plugin-redesigned-interface-custom-fields – Cover article.jpg,02_PROJETS/schoolsWP/04_Assets/06_Covers-articles/2026-01-17 – Mailerpress-wordpress-plugin-redesigned-interface-custom-fields – Cover article.jpg,01_Projets/schoolsWP/04_Assets/06_Covers-articles/2026-01-17 – Mailerpress-wordpress-plugin-redesigned-interface-custom-fields – Cover article.jpg,MOVE,READY,02_PROJETS -> 01_Projets,image/jpeg,257278
1rgh6XWxTUInu8beAmr9Q34RyCeY95Ksr,2026-01-17 – Learn-wordpress-wordpress-beginners-guide – Cover article.jpg,02_PROJETS/schoolsWP/04_Assets/06_Covers-articles/2026-01-17 – Learn-wordpress-wordpress-beginners-guide – Cover article.jpg,01_Projets/schoolsWP/04_Assets/06_Covers-articles/2026-01-17 – Learn-wordpress-wordpress-beginners-guide – Cover article.jpg,MOVE,READY,02_PROJETS -> 01_Projets,image/jpeg,249420
18Ny53GScdNyw3PeKOlS5T-3NlLaCg2KO,2026-01-22 – Pageradar-seo-monitoring-tool-anticipate-issues – Cover article.jpg,02_PROJETS/schoolsWP/04_Assets/06_Covers-articles/2026-01-22 – Pageradar-seo-monitoring-tool-anticipate-issues – Cover article.jpg,01_Projets/schoolsWP/04_Assets/06_Covers-articles/2026-01-22 – Pageradar-seo-monitoring-tool-anticipate-issues – Cover article.jpg,MOVE,READY,02_PROJETS -> 01_Projets,image/jpeg,246196
16wvkddE0cFPmY7His5jhMrscoW638YoQ,2026-01-28 – Elementor-plugin-wordpress-page-builder – Cover article.jpg,02_PROJETS/schoolsWP/04_Assets/06_Covers-articles/2026-01-28 – Elementor-plugin-wordpress-page-builder – Cover article.jpg,01_Projets/schoolsWP/04_Assets/06_Covers-articles/2026-01-28 – Elementor-plugin-wordpress-page-builder – Cover article.jpg,MOVE,READY,02_PROJETS -> 01_Projets,image/jpeg,267051
1-k4d6mGO2V3MW7hVSdGMmCfjxiMesVIx,2025-05-07 – Suremembers-vs-restrict-content-pro-plugin-comparison – Cover article.jpg,02_PROJETS/schoolsWP/04_Assets/06_Covers-articles/2025-05-07 – Suremembers-vs-restrict-content-pro-plugin-comparison – Cover article.jpg,01_Projets/schoolsWP/04_Assets/06_Covers-articles/2025-05-07 – Suremembers-vs-restrict-content-pro-plugin-comparison – Cover article.jpg,MOVE,READY,02_PROJETS -> 01_Projets,image/jpeg,291968
1KzWz_sW5J3YOlUUX7Ys24_fzLIFIMf_C,2024-12-16 – Wordpress-playground-what-is-it-how-to-use – Cover article.jpg,02_PROJETS/schoolsWP/04_Assets/06_Covers-articles/2024-12-16 – Wordpress-playground-what-is-it-how-to-use – Cover article.jpg,01_Projets/schoolsWP/04_Assets/06_Covers-articles/2024-12-16 – Wordpress-playground-what-is-it-how-to-use – Cover article.jpg,MOVE,READY,02_PROJETS -> 01_Projets,image/jpeg,232749
1_FoerJIFXe0rjErtAMhb_OpwZBrEk7zx,2025-12-06 – Wordpress-6-9-new-features – Cover article.jpg,02_PROJETS/schoolsWP/04_Assets/06_Covers-articles/2025-12-06 – Wordpress-6-9-new-features – Cover article.jpg,01_Projets/schoolsWP/04_Assets/06_Covers-articles/2025-12-06 – Wordpress-6-9-new-features – Cover article.jpg,MOVE,READY,02_PROJETS -> 01_Projets,image/jpeg,279600
1Z9FIxA2_XACOv26YxNBykTA_olCxU8h-,2024-07-05 – Hebergement-rapide-securise-wordpress-copilhost – Ressource.jpg,02_PROJETS/schoolsWP/04_Assets/04_Illustrations/2024-07-05 – Hebergement-rapide-securise-wordpress-copilhost – Ressource.jpg,01_Projets/schoolsWP/04_Assets/04_Illustrations/2024-07-05 – Hebergement-rapide-securise-wordpress-copilhost – Ressource.jpg,MOVE,READY,02_PROJETS -> 01_Projets,image/jpeg,147144
1ZItjr-ZQZpDM-7bY7qPNJ7DAT8EU9gU-,2024-07-05 – Decouvrez-copilhost-puissance-securite-wordpress – Ressource.jpg,02_PROJETS/schoolsWP/04_Assets/04_Illustrations/2024-07-05 – Decouvrez-copilhost-puissance-securite-wordpress – Ressource.jpg,01_Projets/schoolsWP/04_Assets/04_Illustrations/2024-07-05 – Decouvrez-copilhost-puissance-securite-wordpress – Ressource.jpg,MOVE,READY,02_PROJETS -> 01_Projets,image/jpeg,142545
1aLUXaAc7HiKJpqYu6pGeJ7gM3VJDJMsy,2024-07-11 – Structurer vos articles WordPress efficacement   Boostez votre SEO – Ressource.jpg,02_PROJETS/schoolsWP/04_Assets/04_Illustrations/2024-07-11 – Structurer vos articles WordPress efficacement   Boostez votre SEO – Ressource.jpg,01_Projets/schoolsWP/04_Assets/04_Illustrations/2024-07-11 – Structurer vos articles WordPress efficacement   Boostez votre SEO – Ressource.jpg,MOVE,READY,02_PROJETS -> 01_Projets,image/jpeg,171610
1aSbkdJ1OpVW32NeOSwLjd-IyiabeVICv,2024-07-11 – Structurer-article-wordpress-ameliorer-lisibi – Ressource.jpg,02_PROJETS/schoolsWP/04_Assets/04_Illustrations/2024-07-11 – Structurer-article-wordpress-ameliorer-lisibi – Ressource.jpg,01_Projets/schoolsWP/04_Assets/04_Illustrations/2024-07-11 – Structurer-article-wordpress-ameliorer-lisibi – Ressource.jpg,MOVE,READY,02_PROJETS -> 01_Projets,image/jpeg,170934
1i3efbXIItNx91F4dXl_0DPtghxeENRTV,2024-07-31 – Plugin-adhesion-wordpress-suremembers – Ressource.jpg,02_PROJETS/schoolsWP/04_Assets/04_Illustrations/2024-07-31 – Plugin-adhesion-wordpress-suremembers – Ressource.jpg,01_Projets/schoolsWP/04_Assets/04_Illustrations/2024-07-31 – Plugin-adhesion-wordpress-suremembers – Ressource.jpg,MOVE,READY,02_PROJETS -> 01_Projets,image/jpeg,149460
1i77Pm0c49ZycmXifph7pyIP4NfhcedYn,2024-07-31 – Meilleur-plugin-adhesion-wordpress-suremembers – Ressource.jpg,02_PROJETS/schoolsWP/04_Assets/04_Illustrations/2024-07-31 – Meilleur-plugin-adhesion-wordpress-suremembers – Ressource.jpg,01_Projets/schoolsWP/04_Assets/04_Illustrations/2024-07-31 – Meilleur-plugin-adhesion-wordpress-suremembers – Ressource.jpg,MOVE,READY,02_PROJETS -> 01_Projets,image/jpeg,160721
1gXH-15nLzmCaaomE1q836dXNoPKJe2WG,2024-07-26 – Suremembers-vs-wishlist-members-comparaison-extension – Ressource.jpg,02_PROJETS/schoolsWP/04_Assets/04_Illustrations/2024-07-26 – Suremembers-vs-wishlist-members-comparaison-extension – Ressource.jpg,01_Projets/schoolsWP/04_Assets/04_Illustrations/2024-07-26 – Suremembers-vs-wishlist-members-comparaison-extension – Ressource.jpg,MOVE,READY,02_PROJETS -> 01_Projets,image/jpeg,214857
1gb3CHR-RbNegjm2fgqRRsetjk9jbkabJ,2024-07-26 – Suremembers-vs-wishlist-members-meilleur-choix – Ressource.jpg,02_PROJETS/schoolsWP/04_Assets/04_Illustrations/2024-07-26 – Suremembers-vs-wishlist-members-meilleur-choix – Ressource.jpg,01_Projets/schoolsWP/04_Assets/04_Illustrations/2024-07-26 – Suremembers-vs-wishlist-members-meilleur-choix – Ressource.jpg,MOVE,READY,02_PROJETS -> 01_Projets,image/jpeg,202420
1k0HptMh3q4xi3TIxbKHHXq7A3-CpwXhE,2024-08-03 – Guide-complet-theme-wordpress-utilisation – Ressource.jpg,02_PROJETS/schoolsWP/04_Assets/04_Illustrations/2024-08-03 – Guide-complet-theme-wordpress-utilisation – Ressource.jpg,01_Projets/schoolsWP/04_Assets/04_Illustrations/2024-08-03 – Guide-complet-theme-wordpress-utilisation – Ressource.jpg,MOVE,READY,02_PROJETS -> 01_Projets,image/jpeg,157960
1k04Sv9KKbfk-CTwq4vXIBLsb0Q7-D9xh,2024-08-03 – Theme-wordpress-definition-choix-optimisation-facile – Ressource.jpg,02_PROJETS/schoolsWP/04_Assets/04_Illustrations/2024-08-03 – Theme-wordpress-definition-choix-optimisation-facile – Ressource.jpg,01_Projets/schoolsWP/04_Assets/04_Illustrations/2024-08-03 – Theme-wordpress-definition-choix-optimisation-facile – Ressource.jpg,MOVE,READY,02_PROJETS -> 01_Projets,image/jpeg,147022
1lUmjQjaCzlhUILWnGMQsXd5PE1nGZtZV,2024-08-03 – Avis-linkuma-reference-netlinking – Ressource.jpg,02_PROJETS/schoolsWP/04_Assets/04_Illustrations/2024-08-03 – Avis-linkuma-reference-netlinking – Ressource.jpg,01_Projets/schoolsWP/04_Assets/04_Illustrations/2024-08-03 – Avis-linkuma-reference-netlinking – Ressource.jpg,MOVE,READY,02_PROJETS -> 01_Projets,image/jpeg,142911
1lWzPTLFMNl5_4s7DJ_CVDGNU-lfNPiNp,2024-08-03 – Linkuma-backlinks-qualite-netlinking-simplifie – Ressource.jpg,02_PROJETS/schoolsWP/04_Assets/04_Illustrations/2024-08-03 – Linkuma-backlinks-qualite-netlinking-simplifie – Ressource.jpg,01_Projets/schoolsWP/04_Assets/04_Illustrations/2024-08-03 – Linkuma-backlinks-qualite-netlinking-simplifie – Ressource.jpg,MOVE,READY,02_PROJETS -> 01_Projets,image/jpeg,143583
1nGSEtbjJulqcB7ktCEIPJEU9cEoyOicx,2024-08-13 – Wpboutik-boost-ecommerce-wordpress – Ressource.jpg,02_PROJETS/schoolsWP/04_Assets/04_Illustrations/2024-08-13 – Wpboutik-boost-ecommerce-wordpress – Ressource.jpg,01_Projets/schoolsWP/04_Assets/04_Illustrations/2024-08-13 – Wpboutik-boost-ecommerce-wordpress – Ressource.jpg,MOVE,READY,02_PROJETS -> 01_Projets,image/jpeg,150768
1oEUW6EbOuUH_5LkV7fXW7qj5YAtnA2S_,2024-08-21 – Top-10-plugins-wordpress-traduction-multilingue – Ressource.jpg,02_PROJETS/schoolsWP/04_Assets/04_Illustrations/2024-08-21 – Top-10-plugins-wordpress-traduction-multilingue – Ressource.jpg,01_Projets/schoolsWP/04_Assets/04_Illustrations/2024-08-21 – Top-10-plugins-wordpress-traduction-multilingue – Ressource.jpg,MOVE,READY,02_PROJETS -> 01_Projets,image/jpeg,149582
1oGmEaITNTgyekrTgc-vIFBmUpQW0p1Z_,2024-08-21 – Top-10-plugins-traduction-wordpress-multilingue – Ressource.jpg,02_PROJETS/schoolsWP/04_Assets/04_Illustrations/2024-08-21 – Top-10-plugins-traduction-wordpress-multilingue – Ressource.jpg,01_Projets/schoolsWP/04_Assets/04_Illustrations/2024-08-21 – Top-10-plugins-traduction-wordpress-multilingue – Ressource.jpg,MOVE,READY,02_PROJETS -> 01_Projets,image/jpeg,159522
1pfJFRkxJD0jieRTaTuCJ_AEEuEgwX5AE,2024-08-29 – Seokey-plugin-seo-essentiel-wordpress – Ressource.jpg,02_PROJETS/schoolsWP/04_Assets/04_Illustrations/2024-08-29 – Seokey-plugin-seo-essentiel-wordpress – Ressource.jpg,01_Projets/schoolsWP/04_Assets/04_Illustrations/2024-08-29 – Seokey-plugin-seo-essentiel-wordpress – Ressource.jpg,MOVE,READY,02_PROJETS -> 01_Projets,image/jpeg,126725
1pX9VO2zZB_i0M9oJvG6mfP8zwV5o-M5N,2024-08-29 – Seokey-plugin-seo-indispensable-wordpress – Ressource.jpg,02_PROJETS/schoolsWP/04_Assets/04_Illustrations/2024-08-29 – Seokey-plugin-seo-indispensable-wordpress – Ressource.jpg,01_Projets/schoolsWP/04_Assets/04_Illustrations/2024-08-29 – Seokey-plugin-seo-indispensable-wordpress – Ressource.jpg,MOVE,READY,02_PROJETS -> 01_Projets,image/jpeg,130856
1rgLiKrbKMfQ6iWsoDxlL92epV82H8MLh,"2024-09-16 – WordPress Full Site Editing (FSE)   Personnalisez tout, sans code ! – Ressource.jpg","02_PROJETS/schoolsWP/04_Assets/04_Illustrations/2024-09-16 – WordPress Full Site Editing (FSE)   Personnalisez tout, sans code ! – Ressource.jpg","01_Projets/schoolsWP/04_Assets/04_Illustrations/2024-09-16 – WordPress Full Site Editing (FSE)   Personnalisez tout, sans code ! – Ressource.jpg",MOVE,READY,02_PROJETS -> 01_Projets,image/jpeg,139580
1rdCJK8WQG3DsbwopjCUBE9Q6-016qwuc,2024-09-16 – Full Site Editing (FSE) WordPress   Maîtrise Le Futur Du Web WordPress- le pl... – Ressource.jpg,02_PROJETS/schoolsWP/04_Assets/04_Illustrations/2024-09-16 – Full Site Editing (FSE) WordPress   Maîtrise Le Futur Du Web WordPress- le pl... – Ressource.jpg,01_Projets/schoolsWP/04_Assets/04_Illustrations/2024-09-16 – Full Site Editing (FSE) WordPress   Maîtrise Le Futur Du Web WordPress- le pl... – Ressource.jpg,MOVE,READY,02_PROJETS -> 01_Projets,image/jpeg,143101
1w-wI2gRDj3eLSzZ6N9usoTRBK9EbqMFr,2024-09-30 – SureMembers vs Restrict Content Pro   Quel plugin WordPress choisir – Ressource.jpg,02_PROJETS/schoolsWP/04_Assets/04_Illustrations/2024-09-30 – SureMembers vs Restrict Content Pro   Quel plugin WordPress choisir – Ressource.jpg,01_Projets/schoolsWP/04_Assets/04_Illustrations/2024-09-30 – SureMembers vs Restrict Content Pro   Quel plugin WordPress choisir – Ressource.jpg,MOVE,READY,02_PROJETS -> 01_Projets,image/jpeg,146886
1vzNVMTps0AwN31QVcRRFkuVx1bcI2yDI,2024-09-30 – SureMembers vs Restrict Content Pro   comparatif des plugins d'adhésion – Ressource.jpg,02_PROJETS/schoolsWP/04_Assets/04_Illustrations/2024-09-30 – SureMembers vs Restrict Content Pro   comparatif des plugins d'adhésion – Ressource.jpg,01_Projets/schoolsWP/04_Assets/04_Illustrations/2024-09-30 – SureMembers vs Restrict Content Pro   comparatif des plugins d'adhésion – Ressource.jpg,MOVE,READY,02_PROJETS -> 01_Projets,image/jpeg,148860
1-GFDJ4db3kDF0GmvD29WAl5TQs6GKB7m,2024-10-11 – Zipwp-vs-instawp-comparaison-outils-wordpress – Ressource.jpg,02_PROJETS/schoolsWP/04_Assets/04_Illustrations/2024-10-11 – Zipwp-vs-instawp-comparaison-outils-wordpress – Ressource.jpg,01_Projets/schoolsWP/04_Assets/04_Illustrations/2024-10-11 – Zipwp-vs-instawp-comparaison-outils-wordpress – Ressource.jpg,MOVE,READY,02_PROJETS -> 01_Projets,image/jpeg,134737
1-EpqWArUD_XW1-5K81I8wBn207f1Vht1,2024-10-11 – Zipwp-vs-instawp-lancement-rapide-site-wordpress – Ressource.jpg,02_PROJETS/schoolsWP/04_Assets/04_Illustrations/2024-10-11 – Zipwp-vs-instawp-lancement-rapide-site-wordpress – Ressource.jpg,01_Projets/schoolsWP/04_Assets/04_Illustrations/2024-10-11 – Zipwp-vs-instawp-lancement-rapide-site-wordpress – Ressource.jpg,MOVE,READY,02_PROJETS -> 01_Projets,image/jpeg,149883
14qHTJ78KcW_s9Cnanvttt_XW17t3M9hx,2024-11-08 – Creer-site-wordpress-sans-installation-tastewp – Ressource.jpg,02_PROJETS/schoolsWP/04_Assets/04_Illustrations/2024-11-08 – Creer-site-wordpress-sans-installation-tastewp – Ressource.jpg,01_Projets/schoolsWP/04_Assets/04_Illustrations/2024-11-08 – Creer-site-wordpress-sans-installation-tastewp – Ressource.jpg,MOVE,READY,02_PROJETS -> 01_Projets,image/jpeg,134177
14oxOtS32LQvStHX_EJyvo53upnWGw4Xp,2024-11-08 – Tastewp-decouvrez-creer-facilement-site-wordpress – Ressource.jpg,02_PROJETS/schoolsWP/04_Assets/04_Illustrations/2024-11-08 – Tastewp-decouvrez-creer-facilement-site-wordpress – Ressource.jpg,01_Projets/schoolsWP/04_Assets/04_Illustrations/2024-11-08 – Tastewp-decouvrez-creer-facilement-site-wordpress – Ressource.jpg,MOVE,READY,02_PROJETS -> 01_Projets,image/jpeg,137106
18sdcVVPn2WM9S7xQzIQ8HZpFtaUbFSX4,2024-11-20 – Optimisez-slugs-wordpress-seo – Ressource.jpg,02_PROJETS/schoolsWP/04_Assets/04_Illustrations/2024-11-20 – Optimisez-slugs-wordpress-seo – Ressource.jpg,01_Projets/schoolsWP/04_Assets/04_Illustrations/2024-11-20 – Optimisez-slugs-wordpress-seo – Ressource.jpg,MOVE,READY,02_PROJETS -> 01_Projets,image/jpeg,135619
19-BsH3QGI7v3OUX7013mYyKRezZFvO7r,2024-11-20 – Slug-wordpress-definition-optimisation – Ressource.jpg,02_PROJETS/schoolsWP/04_Assets/04_Illustrations/2024-11-20 – Slug-wordpress-definition-optimisation – Ressource.jpg,01_Projets/schoolsWP/04_Assets/04_Illustrations/2024-11-20 – Slug-wordpress-definition-optimisation – Ressource.jpg,MOVE,READY,02_PROJETS -> 01_Projets,image/jpeg,130735
19zO4J7v7Mr8g1St7CXSLg1uyAVY9qv0p,2024-11-25 – Link-finder-strategie-netlinking-economique – Ressource.jpg,02_PROJETS/schoolsWP/04_Assets/04_Illustrations/2024-11-25 – Link-finder-strategie-netlinking-economique – Ressource.jpg,01_Projets/schoolsWP/04_Assets/04_Illustrations/2024-11-25 – Link-finder-strategie-netlinking-economique – Ressource.jpg,MOVE,READY,02_PROJETS -> 01_Projets,image/jpeg,136886
1A0L6pmzgc1aRGLETjhQftHBSWV1uKB9r,2024-11-25 – Link-finder-backlinks-qualite-petit-prix – Ressource.jpg,02_PROJETS/schoolsWP/04_Assets/04_Illustrations/2024-11-25 – Link-finder-backlinks-qualite-petit-prix – Ressource.jpg,01_Projets/schoolsWP/04_Assets/04_Illustrations/2024-11-25 – Link-finder-backlinks-qualite-petit-prix – Ressource.jpg,MOVE,READY,02_PROJETS -> 01_Projets,image/jpeg,129261
1Aq8d1TpGJQ7zBv0XNnYEP9ZngyKYbTaD,2024-11-25 – Wordpress-playground-utilisation-guide – Ressource.jpg,02_PROJETS/schoolsWP/04_Assets/04_Illustrations/2024-11-25 – Wordpress-playground-utilisation-guide – Ressource.jpg,01_Projets/schoolsWP/04_Assets/04_Illustrations/2024-11-25 – Wordpress-playground-utilisation-guide – Ressource.jpg,MOVE,READY,02_PROJETS -> 01_Projets,image/jpeg,135311
1Anp8dGNq3MyU0klAjA3rJqoKlFdk4sOS,2024-11-25 – Wordpress-playground-test-en-ligne – Ressource.jpg,02_PROJETS/schoolsWP/04_Assets/04_Illustrations/2024-11-25 – Wordpress-playground-test-en-ligne – Ressource.jpg,01_Projets/schoolsWP/04_Assets/04_Illustrations/2024-11-25 – Wordpress-playground-test-en-ligne – Ressource.jpg,MOVE,READY,02_PROJETS -> 01_Projets,image/jpeg,142912
1F-5SHwrMuuAjRzMif_ryX7AVBmFOb5FZ,2024-12-05 – Creation-site-wordpress-sur-mesure-schoolswp – Ressource.jpg,02_PROJETS/schoolsWP/04_Assets/04_Illustrations/2024-12-05 – Creation-site-wordpress-sur-mesure-schoolswp – Ressource.jpg,01_Projets/schoolsWP/04_Assets/04_Illustrations/2024-12-05 – Creation-site-wordpress-sur-mesure-schoolswp – Ressource.jpg,MOVE,READY,02_PROJETS -> 01_Projets,image/jpeg,145452
1F6bBSVciRRzEqWS8rWOObPkmX-NgvCti,2024-12-05 – Avantages-creation-site-wordpress-sur-mesure – Ressource.jpg,02_PROJETS/schoolsWP/04_Assets/04_Illustrations/2024-12-05 – Avantages-creation-site-wordpress-sur-mesure – Ressource.jpg,01_Projets/schoolsWP/04_Assets/04_Illustrations/2024-12-05 – Avantages-creation-site-wordpress-sur-mesure – Ressource.jpg,MOVE,READY,02_PROJETS -> 01_Projets,image/jpeg,161526
1IzETtPVNegjcRynbk4WSmHuwuiSfnirv,2024-12-11 – Facilitez-paiements-wordpress-wp-marmite-pay – Ressource.jpg,02_PROJETS/schoolsWP/04_Assets/04_Illustrations/2024-12-11 – Facilitez-paiements-wordpress-wp-marmite-pay – Ressource.jpg,01_Projets/schoolsWP/04_Assets/04_Illustrations/2024-12-11 – Facilitez-paiements-wordpress-wp-marmite-pay – Ressource.jpg,MOVE,READY,02_PROJETS -> 01_Projets,image/jpeg,142187
1J00uSo3hlD5LqwjrsPA6z3tPCxpd364E,2024-12-11 – Wp-marmite-pay-simplifie-paiements-wordpress – Ressource.jpg,02_PROJETS/schoolsWP/04_Assets/04_Illustrations/2024-12-11 – Wp-marmite-pay-simplifie-paiements-wordpress – Ressource.jpg,01_Projets/schoolsWP/04_Assets/04_Illustrations/2024-12-11 – Wp-marmite-pay-simplifie-paiements-wordpress – Ressource.jpg,MOVE,READY,02_PROJETS -> 01_Projets,image/jpeg,146139
1L67KhUJAmSMSRdMfC-LC1ulg23KTW6UB,2024-12-18 – Creez-communaute-wordpress-fluentcommunity – Ressource.jpg,02_PROJETS/schoolsWP/04_Assets/04_Illustrations/2024-12-18 – Creez-communaute-wordpress-fluentcommunity – Ressource.jpg,01_Projets/schoolsWP/04_Assets/04_Illustrations/2024-12-18 – Creez-communaute-wordpress-fluentcommunity – Ressource.jpg,MOVE,READY,02_PROJETS -> 01_Projets,image/jpeg,151295
1L3QNRq51ilMYj-iqg5Lct6VvKZ2bcflg,2024-12-18 – Fluentcommunity-plugin-communaute-wordpress – Ressource.jpg,02_PROJETS/schoolsWP/04_Assets/04_Illustrations/2024-12-18 – Fluentcommunity-plugin-communaute-wordpress – Ressource.jpg,01_Projets/schoolsWP/04_Assets/04_Illustrations/2024-12-18 – Fluentcommunity-plugin-communaute-wordpress – Ressource.jpg,MOVE,READY,02_PROJETS -> 01_Projets,image/jpeg,166852
1bG3A_LWouIyVI5FsERu1vIAstgJpPD1o,2025-01-27 – Thot-seo-optimisation-semantique-outil-n1 – Ressource.jpg,02_PROJETS/schoolsWP/04_Assets/04_Illustrations/2025-01-27 – Thot-seo-optimisation-semantique-outil-n1 – Ressource.jpg,01_Projets/schoolsWP/04_Assets/04_Illustrations/2025-01-27 – Thot-seo-optimisation-semantique-outil-n1 – Ressource.jpg,MOVE,READY,02_PROJETS -> 01_Projets,image/jpeg,143456
1bHJKwLKjaVo6MB6MgYGNUI6Ll3CqV83E,2025-01-27 – Thot-seo-dominance-google-outil-semantique – Ressource.jpg,02_PROJETS/schoolsWP/04_Assets/04_Illustrations/2025-01-27 – Thot-seo-dominance-google-outil-semantique – Ressource.jpg,01_Projets/schoolsWP/04_Assets/04_Illustrations/2025-01-27 – Thot-seo-dominance-google-outil-semantique – Ressource.jpg,MOVE,READY,02_PROJETS -> 01_Projets,image/jpeg,135006
1YbxMQLBsBqk7FoerRBR-4Zf8zFr-BhIU,2025-01-14 – Decouvrez-gutenberg-editeur-wordpress – Ressource.jpg,02_PROJETS/schoolsWP/04_Assets/04_Illustrations/2025-01-14 – Decouvrez-gutenberg-editeur-wordpress – Ressource.jpg,01_Projets/schoolsWP/04_Assets/04_Illustrations/2025-01-14 – Decouvrez-gutenberg-editeur-wordpress – Ressource.jpg,MOVE,READY,02_PROJETS -> 01_Projets,image/jpeg,136731
1YUhYn4oGnzTSPgcsZGHUMPguefzjTyMG,2025-01-14 – Qu-est-ce-que-gutenberg-wordpress – Ressource.jpg,02_PROJETS/schoolsWP/04_Assets/04_Illustrations/2025-01-14 – Qu-est-ce-que-gutenberg-wordpress – Ressource.jpg,01_Projets/schoolsWP/04_Assets/04_Illustrations/2025-01-14 – Qu-est-ce-que-gutenberg-wordpress – Ressource.jpg,MOVE,READY,02_PROJETS -> 01_Projets,image/jpeg,131010
1bCTcdHEhSmy3KM2HNh-7WVHkDNcCoPho,2025-01-27 – Wp-umbrella-gestion-sites-wordpress – Ressource.jpg,02_PROJETS/schoolsWP/04_Assets/04_Illustrations/2025-01-27 – Wp-umbrella-gestion-sites-wordpress – Ressource.jpg,01_Projets/schoolsWP/04_Assets/04_Illustrations/2025-01-27 – Wp-umbrella-gestion-sites-wordpress – Ressource.jpg,MOVE,READY,02_PROJETS -> 01_Projets,image/jpeg,161241
1bBzE0U_WXOgAxyYftILzb6_7hhNlvlT9,2025-01-27 – Wp-umbrella-agences-wordpress – Ressource.jpg,02_PROJETS/schoolsWP/04_Assets/04_Illustrations/2025-01-27 – Wp-umbrella-agences-wordpress – Ressource.jpg,01_Projets/schoolsWP/04_Assets/04_Illustrations/2025-01-27 – Wp-umbrella-agences-wordpress – Ressource.jpg,MOVE,READY,02_PROJETS -> 01_Projets,image/jpeg,145781
1a9gWkIDbMQ9Rl22ZlMMEUC4gX5XKSXr8,2025-01-22 – Traduire-sans-migraine-plugin-wordpress-seo – Ressource.jpg,02_PROJETS/schoolsWP/04_Assets/04_Illustrations/2025-01-22 – Traduire-sans-migraine-plugin-wordpress-seo – Ressource.jpg,01_Projets/schoolsWP/04_Assets/04_Illustrations/2025-01-22 – Traduire-sans-migraine-plugin-wordpress-seo – Ressource.jpg,MOVE,READY,02_PROJETS -> 01_Projets,image/jpeg,162904
1a3SQOL90Q6WptAX8oWMzkug6BkEaIN_i,2025-01-22 – Test-traduire-sans-migraine-plugin-wordpress – Ressource.jpg,02_PROJETS/schoolsWP/04_Assets/04_Illustrations/2025-01-22 – Test-traduire-sans-migraine-plugin-wordpress – Ressource.jpg,01_Projets/schoolsWP/04_Assets/04_Illustrations/2025-01-22 – Test-traduire-sans-migraine-plugin-wordpress – Ressource.jpg,MOVE,READY,02_PROJETS -> 01_Projets,image/jpeg,156784
1i9OC46K-plJUYnrGMujK5tyuUposbenM,2025-02-18 – Skoatch-redaction-ia-seo-automatisation – Ressource.jpg,02_PROJETS/schoolsWP/04_Assets/04_Illustrations/2025-02-18 – Skoatch-redaction-ia-seo-automatisation – Ressource.jpg,01_Projets/schoolsWP/04_Assets/04_Illustrations/2025-02-18 – Skoatch-redaction-ia-seo-automatisation – Ressource.jpg,MOVE,READY,02_PROJETS -> 01_Projets,image/jpeg,146821
1i9BAxXUcHyt9uVu_iQGwvi-AuPERILtL,2025-02-18 – Skoatch-avis-outil-ia-seo-automatisation – Ressource.jpg,02_PROJETS/schoolsWP/04_Assets/04_Illustrations/2025-02-18 – Skoatch-avis-outil-ia-seo-automatisation – Ressource.jpg,01_Projets/schoolsWP/04_Assets/04_Illustrations/2025-02-18 – Skoatch-avis-outil-ia-seo-automatisation – Ressource.jpg,MOVE,READY,02_PROJETS -> 01_Projets,image/jpeg,147569
1dPn1xIXkEckk-itMgfYtYpHioa5RdHcN,2025-02-10 – Academy-lms-plugin-wordpress-e-learning – Ressource.jpg,02_PROJETS/schoolsWP/04_Assets/04_Illustrations/2025-02-10 – Academy-lms-plugin-wordpress-e-learning – Ressource.jpg,01_Projets/schoolsWP/04_Assets/04_Illustrations/2025-02-10 – Academy-lms-plugin-wordpress-e-learning – Ressource.jpg,MOVE,READY,02_PROJETS -> 01_Projets,image/jpeg,155937
1dUGZ8yR9LsEhYCV_0JCmXE0WM6UUStGO,2025-02-10 – Academy-lms-wordpress-lancer-academie-en-ligne – Ressource.jpg,02_PROJETS/schoolsWP/04_Assets/04_Illustrations/2025-02-10 – Academy-lms-wordpress-lancer-academie-en-ligne – Ressource.jpg,01_Projets/schoolsWP/04_Assets/04_Illustrations/2025-02-10 – Academy-lms-wordpress-lancer-academie-en-ligne – Ressource.jpg,MOVE,READY,02_PROJETS -> 01_Projets,image/jpeg,155006
1rn2tHv3-whQLT1DJg5gQ9ldX-Bpk37L6,2025-03-20 – Hebergement-wordpress-rapyd-cloud-performance – Ressource.jpg,02_PROJETS/schoolsWP/04_Assets/04_Illustrations/2025-03-20 – Hebergement-wordpress-rapyd-cloud-performance – Ressource.jpg,01_Projets/schoolsWP/04_Assets/04_Illustrations/2025-03-20 – Hebergement-wordpress-rapyd-cloud-performance – Ressource.jpg,MOVE,READY,02_PROJETS -> 01_Projets,image/jpeg,159218
1rpU9Aj5k2-522H0Sf7Yt-rqSi72RmWDD,2025-03-20 – Rapyd-cloud-avis-hebergement-performant – Ressource.jpg,02_PROJETS/schoolsWP/04_Assets/04_Illustrations/2025-03-20 – Rapyd-cloud-avis-hebergement-performant – Ressource.jpg,01_Projets/schoolsWP/04_Assets/04_Illustrations/2025-03-20 – Rapyd-cloud-avis-hebergement-performant – Ressource.jpg,MOVE,READY,02_PROJETS -> 01_Projets,image/jpeg,157145
16uOjiyBi6qIc0tWMsvchstn61y_nfzlJ,2024-11-13 – Formulaires-wordpress-simplifies-sureforms-ia – Ressource.jpg,02_PROJETS/schoolsWP/04_Assets/04_Illustrations/2024-11-13 – Formulaires-wordpress-simplifies-sureforms-ia – Ressource.jpg,01_Projets/schoolsWP/04_Assets/04_Illustrations/2024-11-13 – Formulaires-wordpress-simplifies-sureforms-ia – Ressource.jpg,MOVE,READY,02_PROJETS -> 01_Projets,image/jpeg,131245
16rbLbtzbXID_RlAtXtTUAL9r-fsomwSe,2024-11-13 – Sureforms-createur-formulaires-wordpress-ia-puissant – Ressource.jpg,02_PROJETS/schoolsWP/04_Assets/04_Illustrations/2024-11-13 – Sureforms-createur-formulaires-wordpress-ia-puissant – Ressource.jpg,01_Projets/schoolsWP/04_Assets/04_Illustrations/2024-11-13 – Sureforms-createur-formulaires-wordpress-ia-puissant – Ressource.jpg,MOVE,READY,02_PROJETS -> 01_Projets,image/jpeg,140963
1-c505T1LIyy0r13KORNdLgavQc4luXZW,2024-10-25 – Local-by-flywheel-vs-xampp-installer-wordpress-en-local – Ressource.jpg,02_PROJETS/schoolsWP/04_Assets/04_Illustrations/2024-10-25 – Local-by-flywheel-vs-xampp-installer-wordpress-en-local – Ressource.jpg,01_Projets/schoolsWP/04_Assets/04_Illustrations/2024-10-25 – Local-by-flywheel-vs-xampp-installer-wordpress-en-local – Ressource.jpg,MOVE,READY,02_PROJETS -> 01_Projets,image/jpeg,135908
1-Yh_KfoRtwWeN45j92jtQSVEIor-ZZ3t,2024-10-25 – Local-wp-choisir-entre-local-by-flywheel-ou-xampp – Ressource.jpg,02_PROJETS/schoolsWP/04_Assets/04_Illustrations/2024-10-25 – Local-wp-choisir-entre-local-by-flywheel-ou-xampp – Ressource.jpg,01_Projets/schoolsWP/04_Assets/04_Illustrations/2024-10-25 – Local-wp-choisir-entre-local-by-flywheel-ou-xampp – Ressource.jpg,MOVE,READY,02_PROJETS -> 01_Projets,image/jpeg,133271
1btzNrb0-lC32XqxrIfROtB_agW1A5IY4,2024-07-18 – Divi-builder-vs-elementor-pro-comparaison-extensions-wordpress – Ressource.jpg,02_PROJETS/schoolsWP/04_Assets/04_Illustrations/2024-07-18 – Divi-builder-vs-elementor-pro-comparaison-extensions-wordpress – Ressource.jpg,01_Projets/schoolsWP/04_Assets/04_Illustrations/2024-07-18 – Divi-builder-vs-elementor-pro-comparaison-extensions-wordpress – Ressource.jpg,MOVE,READY,02_PROJETS -> 01_Projets,image/jpeg,161433
1c1TVF-0_2T5C0XR7HtEBTDs1bFkhpDUq,2024-07-18 – Extensions-divi-builder-vs-elementor-pro-comparaison-wordpress – Ressource.jpg,02_PROJETS/schoolsWP/04_Assets/04_Illustrations/2024-07-18 – Extensions-divi-builder-vs-elementor-pro-comparaison-wordpress – Ressource.jpg,01_Projets/schoolsWP/04_Assets/04_Illustrations/2024-07-18 – Extensions-divi-builder-vs-elementor-pro-comparaison-wordpress – Ressource.jpg,MOVE,READY,02_PROJETS -> 01_Projets,image/jpeg,155687
1E3300jhJxDl4W606EFRBapefFAA6YAMG,2024-12-03 – Suremembers   Discover the Best Membership Plugin for WordPress – Ressource.jpg,02_PROJETS/schoolsWP/04_Assets/04_Illustrations/2024-12-03 – Suremembers   Discover the Best Membership Plugin for WordPress – Ressource.jpg,01_Projets/schoolsWP/04_Assets/04_Illustrations/2024-12-03 – Suremembers   Discover the Best Membership Plugin for WordPress – Ressource.jpg,MOVE,READY,02_PROJETS -> 01_Projets,image/jpeg,140945
1DuyEg8c1Sbzlzk9Bno1bQcMTT3GyMPLA,2024-12-03 – SureMembers   WordPress membership plugin   Earn more ! – Ressource.jpg,02_PROJETS/schoolsWP/04_Assets/04_Illustrations/2024-12-03 – SureMembers   WordPress membership plugin   Earn more ! – Ressource.jpg,01_Projets/schoolsWP/04_Assets/04_Illustrations/2024-12-03 – SureMembers   WordPress membership plugin   Earn more ! – Ressource.jpg,MOVE,READY,02_PROJETS -> 01_Projets,image/jpeg,132670
1_-jjt67u_CgFm16GNejS3p5W1u3FRmQk,2025-12-28 – Scolaire-Seingbouse-2025-58 – Ressource.jpg,02_PROJETS/schoolsWP/04_Assets/04_Illustrations/2025-12-28 – Scolaire-Seingbouse-2025-58 – Ressource.jpg,01_Projets/schoolsWP/04_Assets/04_Illustrations/2025-12-28 – Scolaire-Seingbouse-2025-58 – Ressource.jpg,MOVE,READY,02_PROJETS -> 01_Projets,image/jpeg,7770567
1pcfC4hJd8X1_0bWuOm-64KXAHRbd-RfP,2025-12-28 – Screenshot 20251217 121019 Chrome – Ressource.jpg,02_PROJETS/schoolsWP/04_Assets/04_Illustrations/2025-12-28 – Screenshot 20251217 121019 Chrome – Ressource.jpg,01_Projets/schoolsWP/04_Assets/04_Illustrations/2025-12-28 – Screenshot 20251217 121019 Chrome – Ressource.jpg,MOVE,READY,02_PROJETS -> 01_Projets,image/jpeg,403297
1ECwlqrXmXqz0EvQFGFY8aNlzD_jFJV_Z,2025-12-28 – Resized 20251210 122151 – Ressource.jpg,02_PROJETS/schoolsWP/04_Assets/04_Illustrations/2025-12-28 – Resized 20251210 122151 – Ressource.jpg,01_Projets/schoolsWP/04_Assets/04_Illustrations/2025-12-28 – Resized 20251210 122151 – Ressource.jpg,MOVE,READY,02_PROJETS -> 01_Projets,image/jpeg,431103
1L1KkLn0I1MjjAeyg1muIyxZoepCfHNxm,2025-12-28 – Messenger creation BEC56C61-0D5B-4DB3-AF59-30E6ED50EC1B – Ressource.jpeg,02_PROJETS/schoolsWP/04_Assets/04_Illustrations/2025-12-28 – Messenger creation BEC56C61-0D5B-4DB3-AF59-30E6ED50EC1B – Ressource.jpeg,01_Projets/schoolsWP/04_Assets/04_Illustrations/2025-12-28 – Messenger creation BEC56C61-0D5B-4DB3-AF59-30E6ED50EC1B – Ressource.jpeg,MOVE,READY,02_PROJETS -> 01_Projets,image/jpeg,270881
1YqwWwdMS-udkuJpDLWvBAHPBzThVz8vQ,2025-12-28 – Messenger creation FFD59DFB-1794-4818-8058-FA17E976023A – Ressource.jpeg,02_PROJETS/schoolsWP/04_Assets/04_Illustrations/2025-12-28 – Messenger creation FFD59DFB-1794-4818-8058-FA17E976023A – Ressource.jpeg,01_Projets/schoolsWP/04_Assets/04_Illustrations/2025-12-28 – Messenger creation FFD59DFB-1794-4818-8058-FA17E976023A – Ressource.jpeg,MOVE,READY,02_PROJETS -> 01_Projets,image/jpeg,293760
1G3aS6BVqQEz5levyOFBYLUmmHFuK9Z-n,2025-12-28 – File 00000000fdc871f5910775fbc4f638db – Ressource.png,02_PROJETS/schoolsWP/04_Assets/04_Illustrations/2025-12-28 – File 00000000fdc871f5910775fbc4f638db – Ressource.png,01_Projets/schoolsWP/04_Assets/04_Illustrations/2025-12-28 – File 00000000fdc871f5910775fbc4f638db – Ressource.png,MOVE,READY,02_PROJETS -> 01_Projets,image/png,1496590
1vA-dv0pywecxTtZ4QZ2o-L6dghxbwiU3,2025-12-28 – IMG 98711 – Ressource.jpg,02_PROJETS/schoolsWP/04_Assets/04_Illustrations/2025-12-28 – IMG 98711 – Ressource.jpg,01_Projets/schoolsWP/04_Assets/04_Illustrations/2025-12-28 – IMG 98711 – Ressource.jpg,MOVE,READY,02_PROJETS -> 01_Projets,image/jpeg,378703
1wMGnF-TpDcL97-qfGFe0sJMgV-lpVv73,2025-12-28 – File 00000000ffe071f589a7127f65c677ab – Ressource.png,02_PROJETS/schoolsWP/04_Assets/04_Illustrations/2025-12-28 – File 00000000ffe071f589a7127f65c677ab – Ressource.png,01_Projets/schoolsWP/04_Assets/04_Illustrations/2025-12-28 – File 00000000ffe071f589a7127f65c677ab – Ressource.png,MOVE,READY,02_PROJETS -> 01_Projets,image/png,2442072
1DxG6f9EmUJjY-h32FeuCkZUuY78vUXl3,2025-12-28 – Resized 20251125 115244 – Ressource.jpg,02_PROJETS/schoolsWP/04_Assets/04_Illustrations/2025-12-28 – Resized 20251125 115244 – Ressource.jpg,01_Projets/schoolsWP/04_Assets/04_Illustrations/2025-12-28 – Resized 20251125 115244 – Ressource.jpg,MOVE,READY,02_PROJETS -> 01_Projets,image/jpeg,495963
1zHNwq7lLxl6andxZj_UQIYBcxEh0X5C6,2025-12-28 – Messenger creation FC23FA24-BD8F-4F1D-9879-6AFF52777359 – Ressource.jpeg,02_PROJETS/schoolsWP/04_Assets/04_Illustrations/2025-12-28 – Messenger creation FC23FA24-BD8F-4F1D-9879-6AFF52777359 – Ressource.jpeg,01_Projets/schoolsWP/04_Assets/04_Illustrations/2025-12-28 – Messenger creation FC23FA24-BD8F-4F1D-9879-6AFF52777359 – Ressource.jpeg,MOVE,READY,02_PROJETS -> 01_Projets,image/jpeg,92215
1ceK6bt_6hMzccM4SnzFHE5bNJ7bG2Ud6,2025-12-28 – Messenger creation 56EA69C0-2211-4D69-A936-713D0E7C7F1E – Ressource.jpeg,02_PROJETS/schoolsWP/04_Assets/04_Illustrations/2025-12-28 – Messenger creation 56EA69C0-2211-4D69-A936-713D0E7C7F1E – Ressource.jpeg,01_Projets/schoolsWP/04_Assets/04_Illustrations/2025-12-28 – Messenger creation 56EA69C0-2211-4D69-A936-713D0E7C7F1E – Ressource.jpeg,MOVE,READY,02_PROJETS -> 01_Projets,image/jpeg,83955
1xbpny394RTn91yldy47N72dd2mCJJFdE,2025-12-28 – Messenger creation 635936F7-0941-4F7B-9B15-3D20A453C85C – Ressource.jpeg,02_PROJETS/schoolsWP/04_Assets/04_Illustrations/2025-12-28 – Messenger creation 635936F7-0941-4F7B-9B15-3D20A453C85C – Ressource.jpeg,01_Projets/schoolsWP/04_Assets/04_Illustrations/2025-12-28 – Messenger creation 635936F7-0941-4F7B-9B15-3D20A453C85C – Ressource.jpeg,MOVE,READY,02_PROJETS -> 01_Projets,image/jpeg,91153
1uBVgbnLVBqegpt9awqbEeHgD3cLGfV2_,2025-12-28 – Messenger creation 34D9FAD0-7873-4B6F-B847-CF61B7765665 – Ressource.jpeg,02_PROJETS/schoolsWP/04_Assets/04_Illustrations/2025-12-28 – Messenger creation 34D9FAD0-7873-4B6F-B847-CF61B7765665 – Ressource.jpeg,01_Projets/schoolsWP/04_Assets/04_Illustrations/2025-12-28 – Messenger creation 34D9FAD0-7873-4B6F-B847-CF61B7765665 – Ressource.jpeg,MOVE,READY,02_PROJETS -> 01_Projets,image/jpeg,187130
1xerV7zfigcmpLcNbbjfDJ_GWHATGDK_S,2025-12-28 – Messenger creation C0A4B67E-F003-45C8-87B7-2134DE40886E – Ressource.jpeg,02_PROJETS/schoolsWP/04_Assets/04_Illustrations/2025-12-28 – Messenger creation C0A4B67E-F003-45C8-87B7-2134DE40886E – Ressource.jpeg,01_Projets/schoolsWP/04_Assets/04_Illustrations/2025-12-28 – Messenger creation C0A4B67E-F003-45C8-87B7-2134DE40886E – Ressource.jpeg,MOVE,READY,02_PROJETS -> 01_Projets,image/jpeg,125466
1MO9QHZG_srEbDGdTKX_ITpD7HSjxHE4j,2025-12-28 – Messenger creation C8CDCF00-19B6-4069-9698-02833A097ABB – Ressource.jpeg,02_PROJETS/schoolsWP/04_Assets/04_Illustrations/2025-12-28 – Messenger creation C8CDCF00-19B6-4069-9698-02833A097ABB – Ressource.jpeg,01_Projets/schoolsWP/04_Assets/04_Illustrations/2025-12-28 – Messenger creation C8CDCF00-19B6-4069-9698-02833A097ABB – Ressource.jpeg,MOVE,READY,02_PROJETS -> 01_Projets,image/jpeg,153972
14D4VSpCTDeuMgq73e1mEtwz41oPBLcgZ,2025-12-28 – Messenger creation 67051D68-77F5-44C7-8556-C518B8C70CB3 – Ressource.jpeg,02_PROJETS/schoolsWP/04_Assets/04_Illustrations/2025-12-28 – Messenger creation 67051D68-77F5-44C7-8556-C518B8C70CB3 – Ressource.jpeg,01_Projets/schoolsWP/04_Assets/04_Illustrations/2025-12-28 – Messenger creation 67051D68-77F5-44C7-8556-C518B8C70CB3 – Ressource.jpeg,MOVE,READY,02_PROJETS -> 01_Projets,image/jpeg,164742
1JQfUk_bcQQB1vG1iDindIONmGooRpyA4,2025-12-28 – Messenger creation 76BACA46-06BC-47F3-A5BA-1723E4AC9D58 – Ressource.jpeg,02_PROJETS/schoolsWP/04_Assets/04_Illustrations/2025-12-28 – Messenger creation 76BACA46-06BC-47F3-A5BA-1723E4AC9D58 – Ressource.jpeg,01_Projets/schoolsWP/04_Assets/04_Illustrations/2025-12-28 – Messenger creation 76BACA46-06BC-47F3-A5BA-1723E4AC9D58 – Ressource.jpeg,MOVE,READY,02_PROJETS -> 01_Projets,image/jpeg,205695
1rFog9cRBMz_Qfyi9r-d0UxHobNOXycEU,2025-12-28 – Messenger creation 289B2888-7468-4B85-960D-A2E76EB06807 – Ressource.jpeg,02_PROJETS/schoolsWP/04_Assets/04_Illustrations/2025-12-28 – Messenger creation 289B2888-7468-4B85-960D-A2E76EB06807 – Ressource.jpeg,01_Projets/schoolsWP/04_Assets/04_Illustrations/2025-12-28 – Messenger creation 289B2888-7468-4B85-960D-A2E76EB06807 – Ressource.jpeg,MOVE,READY,02_PROJETS -> 01_Projets,image/jpeg,213033
1FbwXo12-bP5GuRjsQ71LpQJCxW--rv6K,2025-12-28 – Resized IMG-20251114-WA0002 – Ressource.jpg,02_PROJETS/schoolsWP/04_Assets/04_Illustrations/2025-12-28 – Resized IMG-20251114-WA0002 – Ressource.jpg,01_Projets/schoolsWP/04_Assets/04_Illustrations/2025-12-28 – Resized IMG-20251114-WA0002 – Ressource.jpg,MOVE,READY,02_PROJETS -> 01_Projets,image/jpeg,155871
174BqCx6xIwzg42Ism3YWL7Op5K5YG8WV,2025-12-28 – Messenger creation F091489D-5C06-4640-8319-3A8639AFD389 – Ressource.jpeg,02_PROJETS/schoolsWP/04_Assets/04_Illustrations/2025-12-28 – Messenger creation F091489D-5C06-4640-8319-3A8639AFD389 – Ressource.jpeg,01_Projets/schoolsWP/04_Assets/04_Illustrations/2025-12-28 – Messenger creation F091489D-5C06-4640-8319-3A8639AFD389 – Ressource.jpeg,MOVE,READY,02_PROJETS -> 01_Projets,image/jpeg,225677
1G7Ppkd4eFpF53ZhVCII-wOEBW6jdgJDN,2025-12-28 – IMG 95531 – Ressource.jpg,02_PROJETS/schoolsWP/04_Assets/04_Illustrations/2025-12-28 – IMG 95531 – Ressource.jpg,01_Projets/schoolsWP/04_Assets/04_Illustrations/2025-12-28 – IMG 95531 – Ressource.jpg,MOVE,READY,02_PROJETS -> 01_Projets,image/jpeg,382700
1qFA5Lb-vgEZ7CVILcYpj_pM_yJTXIWCe,2025-12-28 – IMG 9499 – Ressource.heic,02_PROJETS/schoolsWP/04_Assets/04_Illustrations/2025-12-28 – IMG 9499 – Ressource.heic,01_Projets/schoolsWP/04_Assets/04_Illustrations/2025-12-28 – IMG 9499 – Ressource.heic,MOVE,READY,02_PROJETS -> 01_Projets,image/heif,1462337
16g0Q2mXvdpH3N0nhGS6R3KCK-kmsvzMi,2025-12-28 – Screenshot 20251022 100528 Chrome – Ressource.jpg,02_PROJETS/schoolsWP/04_Assets/04_Illustrations/2025-12-28 – Screenshot 20251022 100528 Chrome – Ressource.jpg,01_Projets/schoolsWP/04_Assets/04_Illustrations/2025-12-28 – Screenshot 20251022 100528 Chrome – Ressource.jpg,MOVE,READY,02_PROJETS -> 01_Projets,image/jpeg,109900
1cZEq6GprbBog_OvhBy5xz7hhMMAtJc7Z,2025-12-28 – IMG 9473 – Ressource.heic,02_PROJETS/schoolsWP/04_Assets/04_Illustrations/2025-12-28 – IMG 9473 – Ressource.heic,01_Projets/schoolsWP/04_Assets/04_Illustrations/2025-12-28 – IMG 9473 – Ressource.heic,MOVE,READY,02_PROJETS -> 01_Projets,image/heif,3049368
1jzhxfwSUi7nKQwFC7_T1rnpzZsOnLK6L,2025-12-28 – Screenshot 20251022 094013 Chrome – Ressource.jpg,02_PROJETS/schoolsWP/04_Assets/04_Illustrations/2025-12-28 – Screenshot 20251022 094013 Chrome – Ressource.jpg,01_Projets/schoolsWP/04_Assets/04_Illustrations/2025-12-28 – Screenshot 20251022 094013 Chrome – Ressource.jpg,MOVE,READY,02_PROJETS -> 01_Projets,image/jpeg,255742
1jHAQgbwEXn0-bGvBhnQFrWlWRSe-IcAn,2025-12-28 – Messenger creation 06C9A38E-56AB-4389-A546-E54878B61B93 – Ressource.jpeg,02_PROJETS/schoolsWP/04_Assets/04_Illustrations/2025-12-28 – Messenger creation 06C9A38E-56AB-4389-A546-E54878B61B93 – Ressource.jpeg,01_Projets/schoolsWP/04_Assets/04_Illustrations/2025-12-28 – Messenger creation 06C9A38E-56AB-4389-A546-E54878B61B93 – Ressource.jpeg,MOVE,READY,02_PROJETS -> 01_Projets,image/jpeg,77348
1VX6IIHyEJjx6baR4cGHpoD3itoh9wPw6,2025-12-28 – IMG 9464 – Ressource.heic,02_PROJETS/schoolsWP/04_Assets/04_Illustrations/2025-12-28 – IMG 9464 – Ressource.heic,01_Projets/schoolsWP/04_Assets/04_Illustrations/2025-12-28 – IMG 9464 – Ressource.heic,MOVE,READY,02_PROJETS -> 01_Projets,image/heif,2884703
1DYvw5ey3X_OX5e7QtMi5C6WNdhuau4TL,2025-12-28 – Messenger creation FB70965A-9444-4EBB-BE7D-AEC1239B3DDA – Ressource.jpeg,02_PROJETS/schoolsWP/04_Assets/04_Illustrations/2025-12-28 – Messenger creation FB70965A-9444-4EBB-BE7D-AEC1239B3DDA – Ressource.jpeg,01_Projets/schoolsWP/04_Assets/04_Illustrations/2025-12-28 – Messenger creation FB70965A-9444-4EBB-BE7D-AEC1239B3DDA – Ressource.jpeg,MOVE,READY,02_PROJETS -> 01_Projets,image/jpeg,251402
1uDMedAH28GAT0fp-1vRAhoxkicNcMDGb,2025-12-28 – Messenger creation 65C710EC-9077-4752-9A3B-946EB32A3DC4 – Ressource.jpeg,02_PROJETS/schoolsWP/04_Assets/04_Illustrations/2025-12-28 – Messenger creation 65C710EC-9077-4752-9A3B-946EB32A3DC4 – Ressource.jpeg,01_Projets/schoolsWP/04_Assets/04_Illustrations/2025-12-28 – Messenger creation 65C710EC-9077-4752-9A3B-946EB32A3DC4 – Ressource.jpeg,MOVE,READY,02_PROJETS -> 01_Projets,image/jpeg,255775
1AYhRB7u5NwB_mq2HawOrZtDc3vcUYirL,2025-12-28 – Screenshot 20251008 092508 Adobe Acrobat – Ressource.jpg,02_PROJETS/schoolsWP/04_Assets/04_Illustrations/2025-12-28 – Screenshot 20251008 092508 Adobe Acrobat – Ressource.jpg,01_Projets/schoolsWP/04_Assets/04_Illustrations/2025-12-28 – Screenshot 20251008 092508 Adobe Acrobat – Ressource.jpg,MOVE,READY,02_PROJETS -> 01_Projets,image/jpeg,992885
1ygN-OLYFygTRvcF7fFblnCtF75Tfkkug,2025-12-28 – Messenger creation D0939E13-1B76-4A75-9DE5-9052C2743CB8 – Ressource.jpeg,02_PROJETS/schoolsWP/04_Assets/04_Illustrations/2025-12-28 – Messenger creation D0939E13-1B76-4A75-9DE5-9052C2743CB8 – Ressource.jpeg,01_Projets/schoolsWP/04_Assets/04_Illustrations/2025-12-28 – Messenger creation D0939E13-1B76-4A75-9DE5-9052C2743CB8 – Ressource.jpeg,MOVE,READY,02_PROJETS -> 01_Projets,image/jpeg,256863
1j2b3imZCBPGN66F2c9T4tkL91hFXbowH,2025-12-28 – Adobe-express-qr-code – Ressource.png,02_PROJETS/schoolsWP/04_Assets/04_Illustrations/2025-12-28 – Adobe-express-qr-code – Ressource.png,01_Projets/schoolsWP/04_Assets/04_Illustrations/2025-12-28 – Adobe-express-qr-code – Ressource.png,MOVE,READY,02_PROJETS -> 01_Projets,image/png,14610
1iDpfBURgZcWLjVTsxmq7CMuJkIXR5vRB,2025-12-28 – Messenger creation AB998AE5-E7DF-425D-AE89-DE5E15784C48 – Ressource.jpeg,02_PROJETS/schoolsWP/04_Assets/04_Illustrations/2025-12-28 – Messenger creation AB998AE5-E7DF-425D-AE89-DE5E15784C48 – Ressource.jpeg,01_Projets/schoolsWP/04_Assets/04_Illustrations/2025-12-28 – Messenger creation AB998AE5-E7DF-425D-AE89-DE5E15784C48 – Ressource.jpeg,MOVE,READY,02_PROJETS -> 01_Projets,image/jpeg,61640
1fhHqai6c-p8KxkBDObWke0arCSPsU79g,2025-12-28 – Messenger creation 938965E4-C032-4B60-85F8-41875DBBD203 – Ressource.jpeg,02_PROJETS/schoolsWP/04_Assets/04_Illustrations/2025-12-28 – Messenger creation 938965E4-C032-4B60-85F8-41875DBBD203 – Ressource.jpeg,01_Projets/schoolsWP/04_Assets/04_Illustrations/2025-12-28 – Messenger creation 938965E4-C032-4B60-85F8-41875DBBD203 – Ressource.jpeg,MOVE,READY,02_PROJETS -> 01_Projets,image/jpeg,404183
16tLwh8EJL0JYxfRKnY-zPcA-jR0PtuGc,2025-12-28 – Messenger creation D9796079-D855-460A-BCA8-393CF8E02349 – Ressource.jpeg,02_PROJETS/schoolsWP/04_Assets/04_Illustrations/2025-12-28 – Messenger creation D9796079-D855-460A-BCA8-393CF8E02349 – Ressource.jpeg,01_Projets/schoolsWP/04_Assets/04_Illustrations/2025-12-28 – Messenger creation D9796079-D855-460A-BCA8-393CF8E02349 – Ressource.jpeg,MOVE,READY,02_PROJETS -> 01_Projets,image/jpeg,144042
1zR8src48-fb7KHbnoC2hmpAKcPNiBYyf,2025-12-28 – Messenger creation 4EFE9D2D-47E1-46F7-AEF0-4FA937DEF6D8 – Ressource.jpeg,02_PROJETS/schoolsWP/04_Assets/04_Illustrations/2025-12-28 – Messenger creation 4EFE9D2D-47E1-46F7-AEF0-4FA937DEF6D8 – Ressource.jpeg,01_Projets/schoolsWP/04_Assets/04_Illustrations/2025-12-28 – Messenger creation 4EFE9D2D-47E1-46F7-AEF0-4FA937DEF6D8 – Ressource.jpeg,MOVE,READY,02_PROJETS -> 01_Projets,image/jpeg,195412
1kP5Bl0zcBFVBTjFD0753ENkBmvkgOL0H,2025-12-28 – Messenger creation A2ECBBCB-45A1-470A-B62B-9C2E7B290618 – Ressource.jpeg,02_PROJETS/schoolsWP/04_Assets/04_Illustrations/2025-12-28 – Messenger creation A2ECBBCB-45A1-470A-B62B-9C2E7B290618 – Ressource.jpeg,01_Projets/schoolsWP/04_Assets/04_Illustrations/2025-12-28 – Messenger creation A2ECBBCB-45A1-470A-B62B-9C2E7B290618 – Ressource.jpeg,MOVE,READY,02_PROJETS -> 01_Projets,image/jpeg,65793
17Kk-ftHlYKgE6-K3AWE89x9s2qsDSu9y,2025-12-28 – 78126997142  E417BA51-24A8-4A26-A210-560AA30B4A18 – Ressource.heic,02_PROJETS/schoolsWP/04_Assets/04_Illustrations/2025-12-28 – 78126997142  E417BA51-24A8-4A26-A210-560AA30B4A18 – Ressource.heic,01_Projets/schoolsWP/04_Assets/04_Illustrations/2025-12-28 – 78126997142  E417BA51-24A8-4A26-A210-560AA30B4A18 – Ressource.heic,MOVE,READY,02_PROJETS -> 01_Projets,image/heif,2215382
1XntEtMA9gYeOvoD7RQV5yCHwZspgxGiL,2025-12-28 – Messenger creation 0567E205-81E6-4FA7-97D1-229C8D0F62EE – Ressource.jpeg,02_PROJETS/schoolsWP/04_Assets/04_Illustrations/2025-12-28 – Messenger creation 0567E205-81E6-4FA7-97D1-229C8D0F62EE – Ressource.jpeg,01_Projets/schoolsWP/04_Assets/04_Illustrations/2025-12-28 – Messenger creation 0567E205-81E6-4FA7-97D1-229C8D0F62EE – Ressource.jpeg,MOVE,READY,02_PROJETS -> 01_Projets,image/jpeg,113811
1-PVXsvElXJ1J-4WwzN-2laawAzTn8RSl,2025-12-28 – Messenger creation EB525ADF-F855-4901-8F08-E8BDDA15DD00 – Ressource.jpeg,02_PROJETS/schoolsWP/04_Assets/04_Illustrations/2025-12-28 – Messenger creation EB525ADF-F855-4901-8F08-E8BDDA15DD00 – Ressource.jpeg,01_Projets/schoolsWP/04_Assets/04_Illustrations/2025-12-28 – Messenger creation EB525ADF-F855-4901-8F08-E8BDDA15DD00 – Ressource.jpeg,MOVE,READY,02_PROJETS -> 01_Projets,image/jpeg,104899
1Ku3LkcY0x-1M30eSvkxVlI4zS_sdYjZt,2025-12-28 – Messenger creation B449FB68-B008-48DD-A5CA-17FCC2B2BF92 – Ressource.jpeg,02_PROJETS/schoolsWP/04_Assets/04_Illustrations/2025-12-28 – Messenger creation B449FB68-B008-48DD-A5CA-17FCC2B2BF92 – Ressource.jpeg,01_Projets/schoolsWP/04_Assets/04_Illustrations/2025-12-28 – Messenger creation B449FB68-B008-48DD-A5CA-17FCC2B2BF92 – Ressource.jpeg,MOVE,READY,02_PROJETS -> 01_Projets,image/jpeg,98643
1Hj7fXSUoTyclkP0ejovCMV8D-M1bTLT8,2025-12-28 – Messenger creation A7A2C6FB-DBB6-496A-A3FE-EEE571BBD75B – Ressource.jpeg,02_PROJETS/schoolsWP/04_Assets/04_Illustrations/2025-12-28 – Messenger creation A7A2C6FB-DBB6-496A-A3FE-EEE571BBD75B – Ressource.jpeg,01_Projets/schoolsWP/04_Assets/04_Illustrations/2025-12-28 – Messenger creation A7A2C6FB-DBB6-496A-A3FE-EEE571BBD75B – Ressource.jpeg,MOVE,READY,02_PROJETS -> 01_Projets,image/jpeg,240392
1Kj8gVYiYCCi7S395M0T5aOi0xqgY7L53,2025-12-28 – Messenger creation A0017443-1435-4644-A03E-6132AA9FFC29 – Ressource.jpeg,02_PROJETS/schoolsWP/04_Assets/04_Illustrations/2025-12-28 – Messenger creation A0017443-1435-4644-A03E-6132AA9FFC29 – Ressource.jpeg,01_Projets/schoolsWP/04_Assets/04_Illustrations/2025-12-28 – Messenger creation A0017443-1435-4644-A03E-6132AA9FFC29 – Ressource.jpeg,MOVE,READY,02_PROJETS -> 01_Projets,image/jpeg,225531
1Fdj6lhzo5NwXQ522z0haQZVd0N07waI0,2025-12-28 – Messenger creation 25875EA7-2A64-401C-8AEC-5D2859B03E39 – Ressource.jpeg,02_PROJETS/schoolsWP/04_Assets/04_Illustrations/2025-12-28 – Messenger creation 25875EA7-2A64-401C-8AEC-5D2859B03E39 – Ressource.jpeg,01_Projets/schoolsWP/04_Assets/04_Illustrations/2025-12-28 – Messenger creation 25875EA7-2A64-401C-8AEC-5D2859B03E39 – Ressource.jpeg,MOVE,READY,02_PROJETS -> 01_Projets,image/jpeg,132870
1IrZCj91ujgqAWdHMejN4lkh6Pqiw8Tqr,2025-12-28 – Messenger creation 1014EBEC-4874-4030-988C-856440C80574 – Ressource.jpeg,02_PROJETS/schoolsWP/04_Assets/04_Illustrations/2025-12-28 – Messenger creation 1014EBEC-4874-4030-988C-856440C80574 – Ressource.jpeg,01_Projets/schoolsWP/04_Assets/04_Illustrations/2025-12-28 – Messenger creation 1014EBEC-4874-4030-988C-856440C80574 – Ressource.jpeg,MOVE,READY,02_PROJETS -> 01_Projets,image/jpeg,117679
1wlKqGqxoYz8ghk98tao5S9sgCO56hnp7,2025-12-28 – Messenger creation 2462EABE-A696-4E8D-95A3-7D3FD69C4918 – Ressource.jpeg,02_PROJETS/schoolsWP/04_Assets/04_Illustrations/2025-12-28 – Messenger creation 2462EABE-A696-4E8D-95A3-7D3FD69C4918 – Ressource.jpeg,01_Projets/schoolsWP/04_Assets/04_Illustrations/2025-12-28 – Messenger creation 2462EABE-A696-4E8D-95A3-7D3FD69C4918 – Ressource.jpeg,MOVE,READY,02_PROJETS -> 01_Projets,image/jpeg,132809
1gti9faRnVZ78aYK1hu3P60P5TZpcoXxo,2025-12-28 – Messenger creation 7DE5CB1B-DB52-4C24-BF21-005DB924B44D – Ressource.jpeg,02_PROJETS/schoolsWP/04_Assets/04_Illustrations/2025-12-28 – Messenger creation 7DE5CB1B-DB52-4C24-BF21-005DB924B44D – Ressource.jpeg,01_Projets/schoolsWP/04_Assets/04_Illustrations/2025-12-28 – Messenger creation 7DE5CB1B-DB52-4C24-BF21-005DB924B44D – Ressource.jpeg,MOVE,READY,02_PROJETS -> 01_Projets,image/jpeg,193229
11GK553jco3guVfZ_Rja_XEsuX1Y2cohT,2025-12-28 – Messenger creation DCAD04E8-EBC5-4813-AE83-F8CB64A13C8A – Ressource.jpeg,02_PROJETS/schoolsWP/04_Assets/04_Illustrations/2025-12-28 – Messenger creation DCAD04E8-EBC5-4813-AE83-F8CB64A13C8A – Ressource.jpeg,01_Projets/schoolsWP/04_Assets/04_Illustrations/2025-12-28 – Messenger creation DCAD04E8-EBC5-4813-AE83-F8CB64A13C8A – Ressource.jpeg,MOVE,READY,02_PROJETS -> 01_Projets,image/jpeg,322190
1n8x-KiaAIgCkbAtM3sW9MgmQnKglFXG_,2025-12-28 – Messenger creation 3978FCD0-4145-4306-8E78-F0C42B2471DA – Ressource.jpeg,02_PROJETS/schoolsWP/04_Assets/04_Illustrations/2025-12-28 – Messenger creation 3978FCD0-4145-4306-8E78-F0C42B2471DA – Ressource.jpeg,01_Projets/schoolsWP/04_Assets/04_Illustrations/2025-12-28 – Messenger creation 3978FCD0-4145-4306-8E78-F0C42B2471DA – Ressource.jpeg,MOVE,READY,02_PROJETS -> 01_Projets,image/jpeg,260966
1V5yeFubJQMofUnXI0daaaPKf4aMGSPi8,2025-12-28 – Messenger creation E39E9D90-829B-4CD7-B255-7494A17DF0F0 – Ressource.jpeg,02_PROJETS/schoolsWP/04_Assets/04_Illustrations/2025-12-28 – Messenger creation E39E9D90-829B-4CD7-B255-7494A17DF0F0 – Ressource.jpeg,01_Projets/schoolsWP/04_Assets/04_Illustrations/2025-12-28 – Messenger creation E39E9D90-829B-4CD7-B255-7494A17DF0F0 – Ressource.jpeg,MOVE,READY,02_PROJETS -> 01_Projets,image/jpeg,311298
1KcUjUyM5DLLCVmNj2d0Uj9t7hRNhq7ii,2025-12-28 – Messenger creation 7E022BAB-AE8E-4885-A5E5-3B218AFF797A – Ressource.jpeg,02_PROJETS/schoolsWP/04_Assets/04_Illustrations/2025-12-28 – Messenger creation 7E022BAB-AE8E-4885-A5E5-3B218AFF797A – Ressource.jpeg,01_Projets/schoolsWP/04_Assets/04_Illustrations/2025-12-28 – Messenger creation 7E022BAB-AE8E-4885-A5E5-3B218AFF797A – Ressource.jpeg,MOVE,READY,02_PROJETS -> 01_Projets,image/jpeg,275000
18Cie2h2Oec23PKhnSu_gC6iEiToCKxWZ,2025-12-28 – Messenger creation 53845E21-7821-474C-9F7A-BB25057C57B4 – Ressource.jpeg,02_PROJETS/schoolsWP/04_Assets/04_Illustrations/2025-12-28 – Messenger creation 53845E21-7821-474C-9F7A-BB25057C57B4 – Ressource.jpeg,01_Projets/schoolsWP/04_Assets/04_Illustrations/2025-12-28 – Messenger creation 53845E21-7821-474C-9F7A-BB25057C57B4 – Ressource.jpeg,MOVE,READY,02_PROJETS -> 01_Projets,image/jpeg,96127
1WdnT3CVO37AB8mtPHsl3gilOWdeJxD4S,2025-12-28 – Messenger creation 169216DE-0391-46CD-9668-1519FC4C6DB4 – Ressource.jpeg,02_PROJETS/schoolsWP/04_Assets/04_Illustrations/2025-12-28 – Messenger creation 169216DE-0391-46CD-9668-1519FC4C6DB4 – Ressource.jpeg,01_Projets/schoolsWP/04_Assets/04_Illustrations/2025-12-28 – Messenger creation 169216DE-0391-46CD-9668-1519FC4C6DB4 – Ressource.jpeg,MOVE,READY,02_PROJETS -> 01_Projets,image/jpeg,260569
1_QSD9IMQOXbz69wqTsKFcrwiklkJkjzr,2025-12-28 – Messenger creation E3AEEAD1-3ABE-4CAB-8B81-DE665D2CB6EF – Ressource.jpeg,02_PROJETS/schoolsWP/04_Assets/04_Illustrations/2025-12-28 – Messenger creation E3AEEAD1-3ABE-4CAB-8B81-DE665D2CB6EF – Ressource.jpeg,01_Projets/schoolsWP/04_Assets/04_Illustrations/2025-12-28 – Messenger creation E3AEEAD1-3ABE-4CAB-8B81-DE665D2CB6EF – Ressource.jpeg,MOVE,READY,02_PROJETS -> 01_Projets,image/jpeg,334594
12EyZ7dGjebpvy6jMmwZwhTMDk9h_oBpR,2025-12-28 – Messenger creation 7321886C-FC38-458E-9BA6-8B767A5396A3 – Ressource.jpeg,02_PROJETS/schoolsWP/04_Assets/04_Illustrations/2025-12-28 – Messenger creation 7321886C-FC38-458E-9BA6-8B767A5396A3 – Ressource.jpeg,01_Projets/schoolsWP/04_Assets/04_Illustrations/2025-12-28 – Messenger creation 7321886C-FC38-458E-9BA6-8B767A5396A3 – Ressource.jpeg,MOVE,READY,02_PROJETS -> 01_Projets,image/jpeg,187303
1rSRsCyeL8RMgAtFZLu7riBICtFkvyVle,2025-12-28 – Messenger creation D403D57A-CEA3-46DE-AC5E-9E226995F5A9 – Ressource.jpeg,02_PROJETS/schoolsWP/04_Assets/04_Illustrations/2025-12-28 – Messenger creation D403D57A-CEA3-46DE-AC5E-9E226995F5A9 – Ressource.jpeg,01_Projets/schoolsWP/04_Assets/04_Illustrations/2025-12-28 – Messenger creation D403D57A-CEA3-46DE-AC5E-9E226995F5A9 – Ressource.jpeg,MOVE,READY,02_PROJETS -> 01_Projets,image/jpeg,304290
1ZLNCB08ahYJ0oiVqYhHDQkJYAvdJ-HOb,2025-12-28 – Messenger creation 3795368F-52D9-4172-8AA9-1BBED7CDE3A1 – Ressource.jpeg,02_PROJETS/schoolsWP/04_Assets/04_Illustrations/2025-12-28 – Messenger creation 3795368F-52D9-4172-8AA9-1BBED7CDE3A1 – Ressource.jpeg,01_Projets/schoolsWP/04_Assets/04_Illustrations/2025-12-28 – Messenger creation 3795368F-52D9-4172-8AA9-1BBED7CDE3A1 – Ressource.jpeg,MOVE,READY,02_PROJETS -> 01_Projets,image/jpeg,118064
1UfxsU1uwaDy4M73ulo0Dx-zNVFUTuz-r,2025-12-28 – Messenger creation 952BF5B6-2D20-48BC-AB14-BDDFD701EDC0 – Ressource.jpeg,02_PROJETS/schoolsWP/04_Assets/04_Illustrations/2025-12-28 – Messenger creation 952BF5B6-2D20-48BC-AB14-BDDFD701EDC0 – Ressource.jpeg,01_Projets/schoolsWP/04_Assets/04_Illustrations/2025-12-28 – Messenger creation 952BF5B6-2D20-48BC-AB14-BDDFD701EDC0 – Ressource.jpeg,MOVE,READY,02_PROJETS -> 01_Projets,image/jpeg,208458
1Z_K1YcYlJAeBWIFhR4LL9IlMOn4pqaku,2025-12-28 – Messenger creation 44E443C8-853C-4A3A-91F0-07D0EFFC0D43 – Ressource.jpeg,02_PROJETS/schoolsWP/04_Assets/04_Illustrations/2025-12-28 – Messenger creation 44E443C8-853C-4A3A-91F0-07D0EFFC0D43 – Ressource.jpeg,01_Projets/schoolsWP/04_Assets/04_Illustrations/2025-12-28 – Messenger creation 44E443C8-853C-4A3A-91F0-07D0EFFC0D43 – Ressource.jpeg,MOVE,READY,02_PROJETS -> 01_Projets,image/jpeg,331178
1DiROuo4ih--hpzWi0yHzs75EgTR6nbwV,2025-12-28 – Messenger creation B7404B20-15EE-41D6-84AB-E27B6E9ED54A – Ressource.jpeg,02_PROJETS/schoolsWP/04_Assets/04_Illustrations/2025-12-28 – Messenger creation B7404B20-15EE-41D6-84AB-E27B6E9ED54A – Ressource.jpeg,01_Projets/schoolsWP/04_Assets/04_Illustrations/2025-12-28 – Messenger creation B7404B20-15EE-41D6-84AB-E27B6E9ED54A – Ressource.jpeg,MOVE,READY,02_PROJETS -> 01_Projets,image/jpeg,329660
1LMNyTQzv2wJdBemimqapN8Cb7XQ8m1hG,2025-12-28 – Messenger creation 4F5276C3-F255-4431-97E8-A57A5DDE20AD – Ressource.jpeg,02_PROJETS/schoolsWP/04_Assets/04_Illustrations/2025-12-28 – Messenger creation 4F5276C3-F255-4431-97E8-A57A5DDE20AD – Ressource.jpeg,01_Projets/schoolsWP/04_Assets/04_Illustrations/2025-12-28 – Messenger creation 4F5276C3-F255-4431-97E8-A57A5DDE20AD – Ressource.jpeg,MOVE,READY,02_PROJETS -> 01_Projets,image/jpeg,311126
1SUAsoO9Tl8zRAMnVMK2jeTX8oPdB8cDe,2025-12-28 – Messenger creation CDF2AD01-4A4F-4DB5-A92A-9E40CC2B184E – Ressource.jpeg,02_PROJETS/schoolsWP/04_Assets/04_Illustrations/2025-12-28 – Messenger creation CDF2AD01-4A4F-4DB5-A92A-9E40CC2B184E – Ressource.jpeg,01_Projets/schoolsWP/04_Assets/04_Illustrations/2025-12-28 – Messenger creation CDF2AD01-4A4F-4DB5-A92A-9E40CC2B184E – Ressource.jpeg,MOVE,READY,02_PROJETS -> 01_Projets,image/jpeg,303187
105CPQniwlffucmQvGfSKUGJiIka7rJ2O,2025-12-28 – Messenger creation 5D2C3B4E-11EE-4394-B1EA-1E6B534DF62F – Ressource.jpeg,02_PROJETS/schoolsWP/04_Assets/04_Illustrations/2025-12-28 – Messenger creation 5D2C3B4E-11EE-4394-B1EA-1E6B534DF62F – Ressource.jpeg,01_Projets/schoolsWP/04_Assets/04_Illustrations/2025-12-28 – Messenger creation 5D2C3B4E-11EE-4394-B1EA-1E6B534DF62F – Ressource.jpeg,MOVE,READY,02_PROJETS -> 01_Projets,image/jpeg,330567
1sX6Lyi5n8Sqxf0uf9T-MBG8mNHxpewiH,2025-12-28 – Messenger creation FC625163-ABA2-49CF-9E08-B120C9B72394 – Ressource.jpeg,02_PROJETS/schoolsWP/04_Assets/04_Illustrations/2025-12-28 – Messenger creation FC625163-ABA2-49CF-9E08-B120C9B72394 – Ressource.jpeg,01_Projets/schoolsWP/04_Assets/04_Illustrations/2025-12-28 – Messenger creation FC625163-ABA2-49CF-9E08-B120C9B72394 – Ressource.jpeg,MOVE,READY,02_PROJETS -> 01_Projets,image/jpeg,291051
1ZpPhStIfD7C_cxSnzsmneM893gZb4NmA,2025-12-28 – Messenger creation 9C22D4AC-2777-43F2-9C86-A503EB954937 – Ressource.jpeg,02_PROJETS/schoolsWP/04_Assets/04_Illustrations/2025-12-28 – Messenger creation 9C22D4AC-2777-43F2-9C86-A503EB954937 – Ressource.jpeg,01_Projets/schoolsWP/04_Assets/04_Illustrations/2025-12-28 – Messenger creation 9C22D4AC-2777-43F2-9C86-A503EB954937 – Ressource.jpeg,MOVE,READY,02_PROJETS -> 01_Projets,image/jpeg,312505
1IbSC41SjGQetFw9Xq1WZ1XbsA6JJ1_et,2025-12-28 – Messenger creation B5AAFB01-0D5F-4CF7-A554-16CCD65FA2F0 – Ressource.jpeg,02_PROJETS/schoolsWP/04_Assets/04_Illustrations/2025-12-28 – Messenger creation B5AAFB01-0D5F-4CF7-A554-16CCD65FA2F0 – Ressource.jpeg,01_Projets/schoolsWP/04_Assets/04_Illustrations/2025-12-28 – Messenger creation B5AAFB01-0D5F-4CF7-A554-16CCD65FA2F0 – Ressource.jpeg,MOVE,READY,02_PROJETS -> 01_Projets,image/jpeg,259612
1c84vp2HmRheaRlmqsyzdiOXnnBQXaYLF,2025-12-28 – Messenger creation 51CAA951-DACE-4ECB-8938-DBF2D9F39FE3 – Ressource.jpeg,02_PROJETS/schoolsWP/04_Assets/04_Illustrations/2025-12-28 – Messenger creation 51CAA951-DACE-4ECB-8938-DBF2D9F39FE3 – Ressource.jpeg,01_Projets/schoolsWP/04_Assets/04_Illustrations/2025-12-28 – Messenger creation 51CAA951-DACE-4ECB-8938-DBF2D9F39FE3 – Ressource.jpeg,MOVE,READY,02_PROJETS -> 01_Projets,image/jpeg,266710
1WZst-X60VHssDUKAfjr6BMm_X_xDhd9u,2025-12-28 – Messenger creation 4980AE28-8123-4FA6-A519-0ABFA07F7A7E – Ressource.jpeg,02_PROJETS/schoolsWP/04_Assets/04_Illustrations/2025-12-28 – Messenger creation 4980AE28-8123-4FA6-A519-0ABFA07F7A7E – Ressource.jpeg,01_Projets/schoolsWP/04_Assets/04_Illustrations/2025-12-28 – Messenger creation 4980AE28-8123-4FA6-A519-0ABFA07F7A7E – Ressource.jpeg,MOVE,READY,02_PROJETS -> 01_Projets,image/jpeg,239940
1F4zAXZtQO8ycQV91ALQ674xmSIFEEuZd,2025-12-28 – Messenger creation 52007536-33D7-41A6-A6CD-2EBB75D7D2E3 – Ressource.jpeg,02_PROJETS/schoolsWP/04_Assets/04_Illustrations/2025-12-28 – Messenger creation 52007536-33D7-41A6-A6CD-2EBB75D7D2E3 – Ressource.jpeg,01_Projets/schoolsWP/04_Assets/04_Illustrations/2025-12-28 – Messenger creation 52007536-33D7-41A6-A6CD-2EBB75D7D2E3 – Ressource.jpeg,MOVE,READY,02_PROJETS -> 01_Projets,image/jpeg,261385
1mKDLEsEqOZ-Y_S_tsm9Y_YKSFEuYb1LI,2025-12-28 – Messenger creation FB736ACC-A1DA-47B5-A2AA-2902FF649341 – Ressource.jpeg,02_PROJETS/schoolsWP/04_Assets/04_Illustrations/2025-12-28 – Messenger creation FB736ACC-A1DA-47B5-A2AA-2902FF649341 – Ressource.jpeg,01_Projets/schoolsWP/04_Assets/04_Illustrations/2025-12-28 – Messenger creation FB736ACC-A1DA-47B5-A2AA-2902FF649341 – Ressource.jpeg,MOVE,READY,02_PROJETS -> 01_Projets,image/jpeg,121934
1_Yh4Fq0MogJFACsa_4eAlHX1AZso0btF,2025-12-28 – Messenger creation 8F1EB8B7-1C0F-4CAB-8B62-F5F4CFF625D7 – Ressource.jpeg,02_PROJETS/schoolsWP/04_Assets/04_Illustrations/2025-12-28 – Messenger creation 8F1EB8B7-1C0F-4CAB-8B62-F5F4CFF625D7 – Ressource.jpeg,01_Projets/schoolsWP/04_Assets/04_Illustrations/2025-12-28 – Messenger creation 8F1EB8B7-1C0F-4CAB-8B62-F5F4CFF625D7 – Ressource.jpeg,MOVE,READY,02_PROJETS -> 01_Projets,image/jpeg,150141
1HJi9sih7FRoeTo8i6DIO55tdStRojU7-,2025-12-28 – Messenger creation E3CF2E0B-D8DA-4B03-8F8B-D95C2E615896 – Ressource.jpeg,02_PROJETS/schoolsWP/04_Assets/04_Illustrations/2025-12-28 – Messenger creation E3CF2E0B-D8DA-4B03-8F8B-D95C2E615896 – Ressource.jpeg,01_Projets/schoolsWP/04_Assets/04_Illustrations/2025-12-28 – Messenger creation E3CF2E0B-D8DA-4B03-8F8B-D95C2E615896 – Ressource.jpeg,MOVE,READY,02_PROJETS -> 01_Projets,image/jpeg,124901
1m6mOuck7uwjAKbjrAVQ0DkVryo5nBv3_,2025-12-28 – Messenger creation 43C3CAE8-589F-4413-8A1A-FD71ECC66064 – Ressource.jpeg,02_PROJETS/schoolsWP/04_Assets/04_Illustrations/2025-12-28 – Messenger creation 43C3CAE8-589F-4413-8A1A-FD71ECC66064 – Ressource.jpeg,01_Projets/schoolsWP/04_Assets/04_Illustrations/2025-12-28 – Messenger creation 43C3CAE8-589F-4413-8A1A-FD71ECC66064 – Ressource.jpeg,MOVE,READY,02_PROJETS -> 01_Projets,image/jpeg,436327
1DYSviPsExnLJqz4dGtVdqom2NfxWrHRc,2025-12-28 – Messenger creation F1E149E4-C6C8-4B69-8500-C03D3B9ABE20 – Ressource.jpeg,02_PROJETS/schoolsWP/04_Assets/04_Illustrations/2025-12-28 – Messenger creation F1E149E4-C6C8-4B69-8500-C03D3B9ABE20 – Ressource.jpeg,01_Projets/schoolsWP/04_Assets/04_Illustrations/2025-12-28 – Messenger creation F1E149E4-C6C8-4B69-8500-C03D3B9ABE20 – Ressource.jpeg,MOVE,READY,02_PROJETS -> 01_Projets,image/jpeg,376715
1wgGwB4Xe4jbt3W0lK4DGsv_hbNdfqdiN,2025-12-28 – Messenger creation EB346EE3-3BFC-42D0-8B8C-77FFAA144325 – Ressource.jpeg,02_PROJETS/schoolsWP/04_Assets/04_Illustrations/2025-12-28 – Messenger creation EB346EE3-3BFC-42D0-8B8C-77FFAA144325 – Ressource.jpeg,01_Projets/schoolsWP/04_Assets/04_Illustrations/2025-12-28 – Messenger creation EB346EE3-3BFC-42D0-8B8C-77FFAA144325 – Ressource.jpeg,MOVE,READY,02_PROJETS -> 01_Projets,image/jpeg,298494
1oGbcYohGZorKmqECbsdcEeh9iSYgdOYO,2025-12-28 – Messenger creation BC746BD6-B0A1-4FCE-84B2-EFE12B61A390 – Ressource.jpeg,02_PROJETS/schoolsWP/04_Assets/04_Illustrations/2025-12-28 – Messenger creation BC746BD6-B0A1-4FCE-84B2-EFE12B61A390 – Ressource.jpeg,01_Projets/schoolsWP/04_Assets/04_Illustrations/2025-12-28 – Messenger creation BC746BD6-B0A1-4FCE-84B2-EFE12B61A390 – Ressource.jpeg,MOVE,READY,02_PROJETS -> 01_Projets,image/jpeg,409168
1A_ll8upr47SdyCOyOpyXzP1Z4JOBvZ4y,2025-12-28 – Messenger creation 7405C598-920C-4A81-86B1-41238DAAF581 – Ressource.jpeg,02_PROJETS/schoolsWP/04_Assets/04_Illustrations/2025-12-28 – Messenger creation 7405C598-920C-4A81-86B1-41238DAAF581 – Ressource.jpeg,01_Projets/schoolsWP/04_Assets/04_Illustrations/2025-12-28 – Messenger creation 7405C598-920C-4A81-86B1-41238DAAF581 – Ressource.jpeg,MOVE,READY,02_PROJETS -> 01_Projets,image/jpeg,152194
1_N_c20MSoUBZm_3-9RHkwfS2ziKV5w59,2025-12-28 – Messenger creation 004366B0-C6F3-4726-8C44-7F1233353264 – Ressource.jpeg,02_PROJETS/schoolsWP/04_Assets/04_Illustrations/2025-12-28 – Messenger creation 004366B0-C6F3-4726-8C44-7F1233353264 – Ressource.jpeg,01_Projets/schoolsWP/04_Assets/04_Illustrations/2025-12-28 – Messenger creation 004366B0-C6F3-4726-8C44-7F1233353264 – Ressource.jpeg,MOVE,READY,02_PROJETS -> 01_Projets,image/jpeg,178066
1JoWktsjmCN4PZkXfmD_K_QKPIv4busoc,2025-12-28 – Messenger creation 45DC8543-3255-4390-A3CC-A25EA67298D8 – Ressource.jpeg,02_PROJETS/schoolsWP/04_Assets/04_Illustrations/2025-12-28 – Messenger creation 45DC8543-3255-4390-A3CC-A25EA67298D8 – Ressource.jpeg,01_Projets/schoolsWP/04_Assets/04_Illustrations/2025-12-28 – Messenger creation 45DC8543-3255-4390-A3CC-A25EA67298D8 – Ressource.jpeg,MOVE,READY,02_PROJETS -> 01_Projets,image/jpeg,117067
1WVwLWGqo1zC1fADhoaiSkwxLoZVZ_zwu,2025-12-28 – Messenger creation 5C932AC1-A986-463E-B7C7-F08CB72676B6 – Ressource.jpeg,02_PROJETS/schoolsWP/04_Assets/04_Illustrations/2025-12-28 – Messenger creation 5C932AC1-A986-463E-B7C7-F08CB72676B6 – Ressource.jpeg,01_Projets/schoolsWP/04_Assets/04_Illustrations/2025-12-28 – Messenger creation 5C932AC1-A986-463E-B7C7-F08CB72676B6 – Ressource.jpeg,MOVE,READY,02_PROJETS -> 01_Projets,image/jpeg,126343
1oxftlhn8LvU8SRuluIh_57lsk4n43jsG,2025-12-28 – Messenger creation B63B3CCE-D029-42CB-8251-C13DFECBDC36 – Ressource.jpeg,02_PROJETS/schoolsWP/04_Assets/04_Illustrations/2025-12-28 – Messenger creation B63B3CCE-D029-42CB-8251-C13DFECBDC36 – Ressource.jpeg,01_Projets/schoolsWP/04_Assets/04_Illustrations/2025-12-28 – Messenger creation B63B3CCE-D029-42CB-8251-C13DFECBDC36 – Ressource.jpeg,MOVE,READY,02_PROJETS -> 01_Projets,image/jpeg,371883
1GtUNVa0syUkH0cpv08N_t7o-XCWtRVo8,2025-12-28 – Messenger creation A49AFF26-0EC6-4DDF-8BEE-0BA5C9CA9EEC – Ressource.jpeg,02_PROJETS/schoolsWP/04_Assets/04_Illustrations/2025-12-28 – Messenger creation A49AFF26-0EC6-4DDF-8BEE-0BA5C9CA9EEC – Ressource.jpeg,01_Projets/schoolsWP/04_Assets/04_Illustrations/2025-12-28 – Messenger creation A49AFF26-0EC6-4DDF-8BEE-0BA5C9CA9EEC – Ressource.jpeg,MOVE,READY,02_PROJETS -> 01_Projets,image/jpeg,184208
1C1oiXPzMbRF4JH7wXlubqDh4BWpr47vY,2025-12-28 – Messenger creation 7129B10E-E738-4226-BF91-5167289170C1 – Ressource.jpeg,02_PROJETS/schoolsWP/04_Assets/04_Illustrations/2025-12-28 – Messenger creation 7129B10E-E738-4226-BF91-5167289170C1 – Ressource.jpeg,01_Projets/schoolsWP/04_Assets/04_Illustrations/2025-12-28 – Messenger creation 7129B10E-E738-4226-BF91-5167289170C1 – Ressource.jpeg,MOVE,READY,02_PROJETS -> 01_Projets,image/jpeg,96876
1_S4vXHy1eX2XIDCPspP04wlTTK7VNQ7F,2025-12-28 – Messenger creation 2559CE18-DF93-4203-99D2-555429841936 – Ressource.jpeg,02_PROJETS/schoolsWP/04_Assets/04_Illustrations/2025-12-28 – Messenger creation 2559CE18-DF93-4203-99D2-555429841936 – Ressource.jpeg,01_Projets/schoolsWP/04_Assets/04_Illustrations/2025-12-28 – Messenger creation 2559CE18-DF93-4203-99D2-555429841936 – Ressource.jpeg,MOVE,READY,02_PROJETS -> 01_Projets,image/jpeg,102472
1AbGXyHKerZ6lVJX119rJlESK07tqhRS7,2025-12-28 – Messenger creation 879103B8-66A6-4237-A61A-55A13F93DFE2 – Ressource.jpeg,02_PROJETS/schoolsWP/04_Assets/04_Illustrations/2025-12-28 – Messenger creation 879103B8-66A6-4237-A61A-55A13F93DFE2 – Ressource.jpeg,01_Projets/schoolsWP/04_Assets/04_Illustrations/2025-12-28 – Messenger creation 879103B8-66A6-4237-A61A-55A13F93DFE2 – Ressource.jpeg,MOVE,READY,02_PROJETS -> 01_Projets,image/jpeg,404239
1XLeDGwi7taPB7G4oECeH4Hn0QGxTgHPp,2025-12-28 – Messenger creation 95BF2BF8-CFFB-464B-93CB-AC6EE4E349FB – Ressource.jpeg,02_PROJETS/schoolsWP/04_Assets/04_Illustrations/2025-12-28 – Messenger creation 95BF2BF8-CFFB-464B-93CB-AC6EE4E349FB – Ressource.jpeg,01_Projets/schoolsWP/04_Assets/04_Illustrations/2025-12-28 – Messenger creation 95BF2BF8-CFFB-464B-93CB-AC6EE4E349FB – Ressource.jpeg,MOVE,READY,02_PROJETS -> 01_Projets,image/jpeg,73502
16CiizHMZ2XmP9Br39wfpUj0NfJqZwKnN,2025-12-28 – Messenger creation F8347F60-90FD-4148-9889-9E03B7CC512C – Ressource.jpeg,02_PROJETS/schoolsWP/04_Assets/04_Illustrations/2025-12-28 – Messenger creation F8347F60-90FD-4148-9889-9E03B7CC512C – Ressource.jpeg,01_Projets/schoolsWP/04_Assets/04_Illustrations/2025-12-28 – Messenger creation F8347F60-90FD-4148-9889-9E03B7CC512C – Ressource.jpeg,MOVE,READY,02_PROJETS -> 01_Projets,image/jpeg,126114
1Jrj_llcrEISoY4cT1gQOx4TVk8gRZOm-,2025-12-28 – Messenger creation E6B9596F-9CAF-4B1B-99DA-F8481DFFD3F9 – Ressource.jpeg,02_PROJETS/schoolsWP/04_Assets/04_Illustrations/2025-12-28 – Messenger creation E6B9596F-9CAF-4B1B-99DA-F8481DFFD3F9 – Ressource.jpeg,01_Projets/schoolsWP/04_Assets/04_Illustrations/2025-12-28 – Messenger creation E6B9596F-9CAF-4B1B-99DA-F8481DFFD3F9 – Ressource.jpeg,MOVE,READY,02_PROJETS -> 01_Projets,image/jpeg,372130
1xFxnnCcelHMUvw32Rt_aE-nk7LzpQnzF,2025-12-28 – Messenger creation BC636765-9BD7-4F51-9872-A41395601DDE – Ressource.jpeg,02_PROJETS/schoolsWP/04_Assets/04_Illustrations/2025-12-28 – Messenger creation BC636765-9BD7-4F51-9872-A41395601DDE – Ressource.jpeg,01_Projets/schoolsWP/04_Assets/04_Illustrations/2025-12-28 – Messenger creation BC636765-9BD7-4F51-9872-A41395601DDE – Ressource.jpeg,MOVE,READY,02_PROJETS -> 01_Projets,image/jpeg,368576
1F-ad5HUvOlkSVU7THTwEA_0nbbpLEPt-,2025-12-28 – Messenger creation 612DFC3A-1996-4237-8B1B-508B87E6B3F1 – Ressource.jpeg,02_PROJETS/schoolsWP/04_Assets/04_Illustrations/2025-12-28 – Messenger creation 612DFC3A-1996-4237-8B1B-508B87E6B3F1 – Ressource.jpeg,01_Projets/schoolsWP/04_Assets/04_Illustrations/2025-12-28 – Messenger creation 612DFC3A-1996-4237-8B1B-508B87E6B3F1 – Ressource.jpeg,MOVE,READY,02_PROJETS -> 01_Projets,image/jpeg,199684
1hFLSi77pJolMXWFKhxVlG6AO5dQzbNTp,2025-12-28 – Messenger creation 251BDCC0-138E-439E-A0C2-0163978AC274 – Ressource.jpeg,02_PROJETS/schoolsWP/04_Assets/04_Illustrations/2025-12-28 – Messenger creation 251BDCC0-138E-439E-A0C2-0163978AC274 – Ressource.jpeg,01_Projets/schoolsWP/04_Assets/04_Illustrations/2025-12-28 – Messenger creation 251BDCC0-138E-439E-A0C2-0163978AC274 – Ressource.jpeg,MOVE,READY,02_PROJETS -> 01_Projets,image/jpeg,332767
1TvWf1_MdAbQscxCDviuknX-WNM_vFzZ2,2025-12-28 – Messenger creation 01246BFA-F0A8-4701-AEED-5D84E6FA9F7D – Ressource.jpeg,02_PROJETS/schoolsWP/04_Assets/04_Illustrations/2025-12-28 – Messenger creation 01246BFA-F0A8-4701-AEED-5D84E6FA9F7D – Ressource.jpeg,01_Projets/schoolsWP/04_Assets/04_Illustrations/2025-12-28 – Messenger creation 01246BFA-F0A8-4701-AEED-5D84E6FA9F7D – Ressource.jpeg,MOVE,READY,02_PROJETS -> 01_Projets,image/jpeg,122322
1Ubt49nVDGgKRGHZbSEfPmwvxTs_pOEZH,2025-12-28 – Messenger creation 3060AB0E-B407-44AF-AF32-43CCF6C9234F – Ressource.jpeg,02_PROJETS/schoolsWP/04_Assets/04_Illustrations/2025-12-28 – Messenger creation 3060AB0E-B407-44AF-AF32-43CCF6C9234F – Ressource.jpeg,01_Projets/schoolsWP/04_Assets/04_Illustrations/2025-12-28 – Messenger creation 3060AB0E-B407-44AF-AF32-43CCF6C9234F – Ressource.jpeg,MOVE,READY,02_PROJETS -> 01_Projets,image/jpeg,119300
1CR1fKtM2H-EfBwkHsHHjVrV-1GxVhEEG,2025-12-28 – Messenger creation E257B17E-303F-4045-938A-A617D8731153 – Ressource.jpeg,02_PROJETS/schoolsWP/04_Assets/04_Illustrations/2025-12-28 – Messenger creation E257B17E-303F-4045-938A-A617D8731153 – Ressource.jpeg,01_Projets/schoolsWP/04_Assets/04_Illustrations/2025-12-28 – Messenger creation E257B17E-303F-4045-938A-A617D8731153 – Ressource.jpeg,MOVE,READY,02_PROJETS -> 01_Projets,image/jpeg,217319
1a9QU1tlCySBYzCBAoZUWF-deNAslkk1I,2025-12-28 – Messenger creation 41B2584D-49FA-4659-81AE-9F51E3602274 – Ressource.jpeg,02_PROJETS/schoolsWP/04_Assets/04_Illustrations/2025-12-28 – Messenger creation 41B2584D-49FA-4659-81AE-9F51E3602274 – Ressource.jpeg,01_Projets/schoolsWP/04_Assets/04_Illustrations/2025-12-28 – Messenger creation 41B2584D-49FA-4659-81AE-9F51E3602274 – Ressource.jpeg,MOVE,READY,02_PROJETS -> 01_Projets,image/jpeg,144176
1JccnZxDoyItsovXIEG1cypw2YXrsh4Mr,2025-12-28 – Messenger creation F1F74560-A5E4-4116-8EF8-45690C5CE06B – Ressource.jpeg,02_PROJETS/schoolsWP/04_Assets/04_Illustrations/2025-12-28 – Messenger creation F1F74560-A5E4-4116-8EF8-45690C5CE06B – Ressource.jpeg,01_Projets/schoolsWP/04_Assets/04_Illustrations/2025-12-28 – Messenger creation F1F74560-A5E4-4116-8EF8-45690C5CE06B – Ressource.jpeg,MOVE,READY,02_PROJETS -> 01_Projets,image/jpeg,105364
1QtZhv9vm4d0rYIUCpgk2PrD3JZQkvVcD,2025-12-28 – Messenger creation 09C8D333-7BDF-4D62-9428-BC403038A6C6 – Ressource.jpeg,02_PROJETS/schoolsWP/04_Assets/04_Illustrations/2025-12-28 – Messenger creation 09C8D333-7BDF-4D62-9428-BC403038A6C6 – Ressource.jpeg,01_Projets/schoolsWP/04_Assets/04_Illustrations/2025-12-28 – Messenger creation 09C8D333-7BDF-4D62-9428-BC403038A6C6 – Ressource.jpeg,MOVE,READY,02_PROJETS -> 01_Projets,image/jpeg,108518
1wNUljDOJGV7pXev7X-ope8AQZcjOwrYB,2025-12-28 – Messenger creation 9FCAE5E9-8FDC-4007-9E69-8192C2C5FDF1 – Ressource.jpeg,02_PROJETS/schoolsWP/04_Assets/04_Illustrations/2025-12-28 – Messenger creation 9FCAE5E9-8FDC-4007-9E69-8192C2C5FDF1 – Ressource.jpeg,01_Projets/schoolsWP/04_Assets/04_Illustrations/2025-12-28 – Messenger creation 9FCAE5E9-8FDC-4007-9E69-8192C2C5FDF1 – Ressource.jpeg,MOVE,READY,02_PROJETS -> 01_Projets,image/jpeg,115831
1PS-77WEnkFLingmRAO4h0ZB5Ae8bYEv-,2025-12-28 – Messenger creation B5A149FE-467E-443F-AE09-8CF9ED0DD2FE – Ressource.jpeg,02_PROJETS/schoolsWP/04_Assets/04_Illustrations/2025-12-28 – Messenger creation B5A149FE-467E-443F-AE09-8CF9ED0DD2FE – Ressource.jpeg,01_Projets/schoolsWP/04_Assets/04_Illustrations/2025-12-28 – Messenger creation B5A149FE-467E-443F-AE09-8CF9ED0DD2FE – Ressource.jpeg,MOVE,READY,02_PROJETS -> 01_Projets,image/jpeg,156048
1YF2YyImQAQzwAerTth6t8j13--OIzy0e,2025-12-28 – Messenger creation D9207991-E107-44E3-9CC5-B838D9AD9256 – Ressource.jpeg,02_PROJETS/schoolsWP/04_Assets/04_Illustrations/2025-12-28 – Messenger creation D9207991-E107-44E3-9CC5-B838D9AD9256 – Ressource.jpeg,01_Projets/schoolsWP/04_Assets/04_Illustrations/2025-12-28 – Messenger creation D9207991-E107-44E3-9CC5-B838D9AD9256 – Ressource.jpeg,MOVE,READY,02_PROJETS -> 01_Projets,image/jpeg,189339
1cSmNZOt4NqfygSn3wrvcztxRZNFRKWKP,2025-12-28 – Messenger creation FF45D3DC-921C-4804-B899-D21413FF97B8 – Ressource.jpeg,02_PROJETS/schoolsWP/04_Assets/04_Illustrations/2025-12-28 – Messenger creation FF45D3DC-921C-4804-B899-D21413FF97B8 – Ressource.jpeg,01_Projets/schoolsWP/04_Assets/04_Illustrations/2025-12-28 – Messenger creation FF45D3DC-921C-4804-B899-D21413FF97B8 – Ressource.jpeg,MOVE,READY,02_PROJETS -> 01_Projets,image/jpeg,375059
1JEPgymNwFvNTpcMhnm0LrsopQY6Bit7_,2025-12-28 – Messenger creation AA12067B-B533-489E-A6EB-6429C4D45CFB – Ressource.jpeg,02_PROJETS/schoolsWP/04_Assets/04_Illustrations/2025-12-28 – Messenger creation AA12067B-B533-489E-A6EB-6429C4D45CFB – Ressource.jpeg,01_Projets/schoolsWP/04_Assets/04_Illustrations/2025-12-28 – Messenger creation AA12067B-B533-489E-A6EB-6429C4D45CFB – Ressource.jpeg,MOVE,READY,02_PROJETS -> 01_Projets,image/jpeg,268410
1gvDsGYtZGKk9nGtbUBlFS58704DJbckr,2025-12-28 – Messenger creation 2986C522-8891-4C1C-A086-2D9994928075 – Ressource.jpeg,02_PROJETS/schoolsWP/04_Assets/04_Illustrations/2025-12-28 – Messenger creation 2986C522-8891-4C1C-A086-2D9994928075 – Ressource.jpeg,01_Projets/schoolsWP/04_Assets/04_Illustrations/2025-12-28 – Messenger creation 2986C522-8891-4C1C-A086-2D9994928075 – Ressource.jpeg,MOVE,READY,02_PROJETS -> 01_Projets,image/jpeg,173815
19FSiyylHn_ycjlhsQ99O2qrYIJ8i9dTt,2025-12-28 – Messenger creation D4AA79BB-707B-4E09-979A-D2CF8510E93F – Ressource.jpeg,02_PROJETS/schoolsWP/04_Assets/04_Illustrations/2025-12-28 – Messenger creation D4AA79BB-707B-4E09-979A-D2CF8510E93F – Ressource.jpeg,01_Projets/schoolsWP/04_Assets/04_Illustrations/2025-12-28 – Messenger creation D4AA79BB-707B-4E09-979A-D2CF8510E93F – Ressource.jpeg,MOVE,READY,02_PROJETS -> 01_Projets,image/jpeg,232476
1nS7Hhtrewd6Pzh8b-3xpcQ1gNTxxilwp,2025-12-28 – Messenger creation 6E37BDDF-CC5F-4C17-B824-C505F231528F – Ressource.jpeg,02_PROJETS/schoolsWP/04_Assets/04_Illustrations/2025-12-28 – Messenger creation 6E37BDDF-CC5F-4C17-B824-C505F231528F – Ressource.jpeg,01_Projets/schoolsWP/04_Assets/04_Illustrations/2025-12-28 – Messenger creation 6E37BDDF-CC5F-4C17-B824-C505F231528F – Ressource.jpeg,MOVE,READY,02_PROJETS -> 01_Projets,image/jpeg,283490
1SytSXooSKYUceZReG3_1kkPrwHWpcQ09,2025-12-28 – Messenger creation 2483ECAD-3BB7-4FA4-9245-DCE351471FB8 – Ressource.jpeg,02_PROJETS/schoolsWP/04_Assets/04_Illustrations/2025-12-28 – Messenger creation 2483ECAD-3BB7-4FA4-9245-DCE351471FB8 – Ressource.jpeg,01_Projets/schoolsWP/04_Assets/04_Illustrations/2025-12-28 – Messenger creation 2483ECAD-3BB7-4FA4-9245-DCE351471FB8 – Ressource.jpeg,MOVE,READY,02_PROJETS -> 01_Projets,image/jpeg,220213
1AQA4Fg_Kt7SRgb8qzVJh7EomCHeYbiHS,2025-12-28 – Messenger creation EAD5C7D1-3882-438A-B6E0-EE6E23D0AE49 – Ressource.jpeg,02_PROJETS/schoolsWP/04_Assets/04_Illustrations/2025-12-28 – Messenger creation EAD5C7D1-3882-438A-B6E0-EE6E23D0AE49 – Ressource.jpeg,01_Projets/schoolsWP/04_Assets/04_Illustrations/2025-12-28 – Messenger creation EAD5C7D1-3882-438A-B6E0-EE6E23D0AE49 – Ressource.jpeg,MOVE,READY,02_PROJETS -> 01_Projets,image/jpeg,223299
1nsgxqprIfFycT3c2pSWplqjxc24t1d8U,2025-12-28 – Messenger creation 7346C375-574D-4863-8643-CEBACA64DDDB – Ressource.jpeg,02_PROJETS/schoolsWP/04_Assets/04_Illustrations/2025-12-28 – Messenger creation 7346C375-574D-4863-8643-CEBACA64DDDB – Ressource.jpeg,01_Projets/schoolsWP/04_Assets/04_Illustrations/2025-12-28 – Messenger creation 7346C375-574D-4863-8643-CEBACA64DDDB – Ressource.jpeg,MOVE,READY,02_PROJETS -> 01_Projets,image/jpeg,220550
1whiWGOU3whcOzn14uMgz3GxVXAtOBHaZ,2025-12-28 – Messenger creation F376C8AA-D0CC-4EF5-B963-F8331F5D3BA1 – Ressource.jpeg,02_PROJETS/schoolsWP/04_Assets/04_Illustrations/2025-12-28 – Messenger creation F376C8AA-D0CC-4EF5-B963-F8331F5D3BA1 – Ressource.jpeg,01_Projets/schoolsWP/04_Assets/04_Illustrations/2025-12-28 – Messenger creation F376C8AA-D0CC-4EF5-B963-F8331F5D3BA1 – Ressource.jpeg,MOVE,READY,02_PROJETS -> 01_Projets,image/jpeg,210519
1i4CdAMomm-t2FZfQUvuxXPoPenI9rn7E,2025-12-28 – 20250509 090027 – Ressource.jpg,02_PROJETS/schoolsWP/04_Assets/04_Illustrations/2025-12-28 – 20250509 090027 – Ressource.jpg,01_Projets/schoolsWP/04_Assets/04_Illustrations/2025-12-28 – 20250509 090027 – Ressource.jpg,MOVE,READY,02_PROJETS -> 01_Projets,image/png,88778
1EML20YMDuobauRQJWz2hjPPPV-GTHxqz,2025-12-28 – 20250509 085950 – Ressource.jpg,02_PROJETS/schoolsWP/04_Assets/04_Illustrations/2025-12-28 – 20250509 085950 – Ressource.jpg,01_Projets/schoolsWP/04_Assets/04_Illustrations/2025-12-28 – 20250509 085950 – Ressource.jpg,MOVE,READY,02_PROJETS -> 01_Projets,image/png,81418
1FViS-_gbea6fCWDP58yz0rHpw-MuQRUd,2025-12-28 – 20250509 085902 – Ressource.jpg,02_PROJETS/schoolsWP/04_Assets/04_Illustrations/2025-12-28 – 20250509 085902 – Ressource.jpg,01_Projets/schoolsWP/04_Assets/04_Illustrations/2025-12-28 – 20250509 085902 – Ressource.jpg,MOVE,READY,02_PROJETS -> 01_Projets,image/png,86639
1arMDr-2GCXMvnX97HlnGzA8YB2OvBjrR,2025-12-28 – IMG 20250413 144526 626 – Ressource.jpg,02_PROJETS/schoolsWP/04_Assets/04_Illustrations/2025-12-28 – IMG 20250413 144526 626 – Ressource.jpg,01_Projets/schoolsWP/04_Assets/04_Illustrations/2025-12-28 – IMG 20250413 144526 626 – Ressource.jpg,MOVE,READY,02_PROJETS -> 01_Projets,image/jpeg,64419
1iUaIvjmhVFICKlmQkYxxWxPKOSAMl7RW,2025-12-28 – IMG 20250413 144524 991 – Ressource.jpg,02_PROJETS/schoolsWP/04_Assets/04_Illustrations/2025-12-28 – IMG 20250413 144524 991 – Ressource.jpg,01_Projets/schoolsWP/04_Assets/04_Illustrations/2025-12-28 – IMG 20250413 144524 991 – Ressource.jpg,MOVE,READY,02_PROJETS -> 01_Projets,image/jpeg,83914
1cNTvSKY7F74xFYgZEhOMtNJqO3wa0U5q,2025-12-28 – IMG 20250413 144523 289 – Ressource.jpg,02_PROJETS/schoolsWP/04_Assets/04_Illustrations/2025-12-28 – IMG 20250413 144523 289 – Ressource.jpg,01_Projets/schoolsWP/04_Assets/04_Illustrations/2025-12-28 – IMG 20250413 144523 289 – Ressource.jpg,MOVE,READY,02_PROJETS -> 01_Projets,image/jpeg,58285
1812kBC3qKgeXIpa2V6gHgWGAIgjQnwnx,2025-12-28 – IMG 20250413 144521 428 – Ressource.jpg,02_PROJETS/schoolsWP/04_Assets/04_Illustrations/2025-12-28 – IMG 20250413 144521 428 – Ressource.jpg,01_Projets/schoolsWP/04_Assets/04_Illustrations/2025-12-28 – IMG 20250413 144521 428 – Ressource.jpg,MOVE,READY,02_PROJETS -> 01_Projets,image/jpeg,64079
1PTRNNT7W-j6EFn9V1MhT416x-elF9Vam,2025-12-28 – IMG 20250413 144514 713 – Ressource.jpg,02_PROJETS/schoolsWP/04_Assets/04_Illustrations/2025-12-28 – IMG 20250413 144514 713 – Ressource.jpg,01_Projets/schoolsWP/04_Assets/04_Illustrations/2025-12-28 – IMG 20250413 144514 713 – Ressource.jpg,MOVE,READY,02_PROJETS -> 01_Projets,image/jpeg,55884
1VAl8mt2sul7funLzcozmdSSjajb9lO9U,2025-12-28 – IMG 20250413 144517 407 – Ressource.jpg,02_PROJETS/schoolsWP/04_Assets/04_Illustrations/2025-12-28 – IMG 20250413 144517 407 – Ressource.jpg,01_Projets/schoolsWP/04_Assets/04_Illustrations/2025-12-28 – IMG 20250413 144517 407 – Ressource.jpg,MOVE,READY,02_PROJETS -> 01_Projets,image/jpeg,106194
1GWM-1MVCXo2RHJo9BeGP8OAflySY0QGJ,2025-12-28 – IMG 20250413 144519 294 – Ressource.jpg,02_PROJETS/schoolsWP/04_Assets/04_Illustrations/2025-12-28 – IMG 20250413 144519 294 – Ressource.jpg,01_Projets/schoolsWP/04_Assets/04_Illustrations/2025-12-28 – IMG 20250413 144519 294 – Ressource.jpg,MOVE,READY,02_PROJETS -> 01_Projets,image/jpeg,51638
1XZHgLuuhYh_3-pNnnVcLGbu1csJH9Vk0,2025-12-28 – IMG 20250413 144512 477 – Ressource.jpg,02_PROJETS/schoolsWP/04_Assets/04_Illustrations/2025-12-28 – IMG 20250413 144512 477 – Ressource.jpg,01_Projets/schoolsWP/04_Assets/04_Illustrations/2025-12-28 – IMG 20250413 144512 477 – Ressource.jpg,MOVE,READY,02_PROJETS -> 01_Projets,image/jpeg,49420
1jDg4Twb-siWt-ZETE2PciQlsYnABco9w,2025-12-28 – Photo-profil-michael-kihl – Ressource.png,02_PROJETS/schoolsWP/04_Assets/04_Illustrations/2025-12-28 – Photo-profil-michael-kihl – Ressource.png,01_Projets/schoolsWP/04_Assets/04_Illustrations/2025-12-28 – Photo-profil-michael-kihl – Ressource.png,MOVE,READY,02_PROJETS -> 01_Projets,image/png,213431
1BBdrBm2ZMl-Ay7v2rF5r98WrBuh-D_7S,2025-12-28 – Screenshot 20250223 090727 Discord – Ressource.jpg,02_PROJETS/schoolsWP/04_Assets/04_Illustrations/2025-12-28 – Screenshot 20250223 090727 Discord – Ressource.jpg,01_Projets/schoolsWP/04_Assets/04_Illustrations/2025-12-28 – Screenshot 20250223 090727 Discord – Ressource.jpg,MOVE,READY,02_PROJETS -> 01_Projets,image/jpeg,557712
1o47pCUuUpcEonfFS-ea5Zlo5sdGWdvvV,2025-11-06 – KTN-LOGO-1 1-Transparant-BG-512x512 – Ressource.png,02_PROJETS/schoolsWP/04_Assets/04_Illustrations/2025-11-06 – KTN-LOGO-1 1-Transparant-BG-512x512 – Ressource.png,01_Projets/schoolsWP/04_Assets/04_Illustrations/2025-11-06 – KTN-LOGO-1 1-Transparant-BG-512x512 – Ressource.png,MOVE,READY,02_PROJETS -> 01_Projets,image/png,6766
1OLqjmmPjH2-mKlBqONLMGF3GFBc1FhsC,2025-08-16 – Armember-avis-configuration-paiement – Ressource.jpg,02_PROJETS/schoolsWP/04_Assets/04_Illustrations/2025-08-16 – Armember-avis-configuration-paiement – Ressource.jpg,01_Projets/schoolsWP/04_Assets/04_Illustrations/2025-08-16 – Armember-avis-configuration-paiement – Ressource.jpg,MOVE,READY,02_PROJETS -> 01_Projets,image/jpeg,145137
1yVO5ap-xgTXP8hYM8lK2s0ZFhrYP0W-7,2025-07-01 – Sans-tfgsdfditre-1 – Ressource.jpg,02_PROJETS/schoolsWP/04_Assets/04_Illustrations/2025-07-01 – Sans-tfgsdfditre-1 – Ressource.jpg,01_Projets/schoolsWP/04_Assets/04_Illustrations/2025-07-01 – Sans-tfgsdfditre-1 – Ressource.jpg,MOVE,READY,02_PROJETS -> 01_Projets,image/jpeg,103131
1nR11SDgzICNwuy8tvcUwpq8immlgDuei,2025-07-17 – Sans-titre-1 – Ressource.jpg,02_PROJETS/schoolsWP/04_Assets/04_Illustrations/2025-07-17 – Sans-titre-1 – Ressource.jpg,01_Projets/schoolsWP/04_Assets/04_Illustrations/2025-07-17 – Sans-titre-1 – Ressource.jpg,MOVE,READY,02_PROJETS -> 01_Projets,image/jpeg,90002
1XOhoY1AqMgER5ezeCtOG74DqLoYFIvzO,2025-07-17 – Sans-titre-11 – Ressource.jpg,02_PROJETS/schoolsWP/04_Assets/04_Illustrations/2025-07-17 – Sans-titre-11 – Ressource.jpg,01_Projets/schoolsWP/04_Assets/04_Illustrations/2025-07-17 – Sans-titre-11 – Ressource.jpg,MOVE,READY,02_PROJETS -> 01_Projets,image/jpeg,86156
1TfR0qvN_T4DQWfLJtKIqypShGUKWn74X,2025-07-17 – Sans-titre-4 – Ressource.jpg,02_PROJETS/schoolsWP/04_Assets/04_Illustrations/2025-07-17 – Sans-titre-4 – Ressource.jpg,01_Projets/schoolsWP/04_Assets/04_Illustrations/2025-07-17 – Sans-titre-4 – Ressource.jpg,MOVE,READY,02_PROJETS -> 01_Projets,image/jpeg,95412
1SRhBvCIIeYQhIO6O-aHRCzTVCFHEfp8i,2025-07-31 – Interface-droip-light-dark-mode-builder – Ressource.jpg,02_PROJETS/schoolsWP/04_Assets/04_Illustrations/2025-07-31 – Interface-droip-light-dark-mode-builder – Ressource.jpg,01_Projets/schoolsWP/04_Assets/04_Illustrations/2025-07-31 – Interface-droip-light-dark-mode-builder – Ressource.jpg,MOVE,READY,02_PROJETS -> 01_Projets,image/jpeg,984791
1RM0EovWxXW34OYJo3zUG0J5RoPEee6dF,2025-07-17 – Sans-titre-3 – Ressource.jpg,02_PROJETS/schoolsWP/04_Assets/04_Illustrations/2025-07-17 – Sans-titre-3 – Ressource.jpg,01_Projets/schoolsWP/04_Assets/04_Illustrations/2025-07-17 – Sans-titre-3 – Ressource.jpg,MOVE,READY,02_PROJETS -> 01_Projets,image/jpeg,96908
1OyaKUrhBpQfMlyVrm6wQ0GbbprY-0ito,2025-07-31 – Figma-to-droip-convertir-maquette-site-web – Ressource.jpg,02_PROJETS/schoolsWP/04_Assets/04_Illustrations/2025-07-31 – Figma-to-droip-convertir-maquette-site-web – Ressource.jpg,01_Projets/schoolsWP/04_Assets/04_Illustrations/2025-07-31 – Figma-to-droip-convertir-maquette-site-web – Ressource.jpg,MOVE,READY,02_PROJETS -> 01_Projets,image/jpeg,797225
1OW8l8tofoLQOAVrJcL2RYgPaiOr1YABp,2025-07-17 – Sans-titre-2 – Ressource.jpg,02_PROJETS/schoolsWP/04_Assets/04_Illustrations/2025-07-17 – Sans-titre-2 – Ressource.jpg,01_Projets/schoolsWP/04_Assets/04_Illustrations/2025-07-17 – Sans-titre-2 – Ressource.jpg,MOVE,READY,02_PROJETS -> 01_Projets,image/jpeg,98079
1HswqBIji-sEFl8RQz5r5E0yg_7RlWpO5,2025-07-31 – Interface-droip-editeur-no-code-web – Ressource.jpg,02_PROJETS/schoolsWP/04_Assets/04_Illustrations/2025-07-31 – Interface-droip-editeur-no-code-web – Ressource.jpg,01_Projets/schoolsWP/04_Assets/04_Illustrations/2025-07-31 – Interface-droip-editeur-no-code-web – Ressource.jpg,MOVE,READY,02_PROJETS -> 01_Projets,image/jpeg,641108
1DWOxnW6dG5N-T_5WiAgnaMYGoFyaX-yg,2025-07-31 – Interface-animation-pixel-art-communauté-creative – Ressource.jpg,02_PROJETS/schoolsWP/04_Assets/04_Illustrations/2025-07-31 – Interface-animation-pixel-art-communauté-creative – Ressource.jpg,01_Projets/schoolsWP/04_Assets/04_Illustrations/2025-07-31 – Interface-animation-pixel-art-communauté-creative – Ressource.jpg,MOVE,READY,02_PROJETS -> 01_Projets,image/jpeg,546501
1CNzLO2BI7nEOxB8aJn1F1HqzjCAVFWV9,2025-07-17 – Sans-titre-8 – Ressource.jpg,02_PROJETS/schoolsWP/04_Assets/04_Illustrations/2025-07-17 – Sans-titre-8 – Ressource.jpg,01_Projets/schoolsWP/04_Assets/04_Illustrations/2025-07-17 – Sans-titre-8 – Ressource.jpg,MOVE,READY,02_PROJETS -> 01_Projets,image/jpeg,95954
15Balx6ehF6V1fvVdO9t3z9S3pVUBqpzu,2025-07-01 – Fluentcart-tableau-bord-performance-ecommerce – Ressource.jpg,02_PROJETS/schoolsWP/04_Assets/04_Illustrations/2025-07-01 – Fluentcart-tableau-bord-performance-ecommerce – Ressource.jpg,01_Projets/schoolsWP/04_Assets/04_Illustrations/2025-07-01 – Fluentcart-tableau-bord-performance-ecommerce – Ressource.jpg,MOVE,READY,02_PROJETS -> 01_Projets,image/jpeg,830762
1xrbfAPhnf-Gf3na3_eys5wfYZ7T5OgSr,2025-04-17 – Learndash-cloud-offre-starter-lms-hebergement – Ressource.jpg,02_PROJETS/schoolsWP/04_Assets/04_Illustrations/2025-04-17 – Learndash-cloud-offre-starter-lms-hebergement – Ressource.jpg,01_Projets/schoolsWP/04_Assets/04_Illustrations/2025-04-17 – Learndash-cloud-offre-starter-lms-hebergement – Ressource.jpg,MOVE,READY,02_PROJETS -> 01_Projets,image/jpeg,186647
1VTzXjZ6eiaxTPTgwMu0kM-UUwwBk1Zde,2025-06-30 – Fluentcart-interface-filtres-produits-dashboard – Ressource.jpg,02_PROJETS/schoolsWP/04_Assets/04_Illustrations/2025-06-30 – Fluentcart-interface-filtres-produits-dashboard – Ressource.jpg,01_Projets/schoolsWP/04_Assets/04_Illustrations/2025-06-30 – Fluentcart-interface-filtres-produits-dashboard – Ressource.jpg,MOVE,READY,02_PROJETS -> 01_Projets,image/jpeg,20856
16woZKBmsdidXtyz9w3YPsNMdxZh_R6tL,2025-06-04 – O2switch-meinungen-hosting-bewertung – Ressource.jpg,02_PROJETS/schoolsWP/04_Assets/04_Illustrations/2025-06-04 – O2switch-meinungen-hosting-bewertung – Ressource.jpg,01_Projets/schoolsWP/04_Assets/04_Illustrations/2025-06-04 – O2switch-meinungen-hosting-bewertung – Ressource.jpg,MOVE,READY,02_PROJETS -> 01_Projets,image/jpeg,266552
12dxdEkggHz9QELr8QLGPf01dD3iDHRyN,2025-05-17 – Hebergeur-web-o2switch-prix-promo – Ressource.jpg,02_PROJETS/schoolsWP/04_Assets/04_Illustrations/2025-05-17 – Hebergeur-web-o2switch-prix-promo – Ressource.jpg,01_Projets/schoolsWP/04_Assets/04_Illustrations/2025-05-17 – Hebergeur-web-o2switch-prix-promo – Ressource.jpg,MOVE,READY,02_PROJETS -> 01_Projets,image/jpeg,300780
12YIuALcYYCHqRsHUuL4LUmu0lU-xY-B3,2025-05-16 – Hebergeur-web-o2switch-page-accueil – Ressource.jpg,02_PROJETS/schoolsWP/04_Assets/04_Illustrations/2025-05-16 – Hebergeur-web-o2switch-page-accueil – Ressource.jpg,01_Projets/schoolsWP/04_Assets/04_Illustrations/2025-05-16 – Hebergeur-web-o2switch-page-accueil – Ressource.jpg,MOVE,READY,02_PROJETS -> 01_Projets,image/jpeg,252313
1r1m-kS2cLjUNLNorYY67ZrueTcF748C3,2025-03-15 – Optimisation-maillage-interne-link-whisper – Ressource.jpg,02_PROJETS/schoolsWP/04_Assets/04_Illustrations/2025-03-15 – Optimisation-maillage-interne-link-whisper – Ressource.jpg,01_Projets/schoolsWP/04_Assets/04_Illustrations/2025-03-15 – Optimisation-maillage-interne-link-whisper – Ressource.jpg,MOVE,READY,02_PROJETS -> 01_Projets,image/jpeg,209778
1mPoyrdpOc_Lzo3KzAQns3X32ZZVL1R6s,2025-03-03 – Rapyd-cloud-dashboard-intuitif-performance – Ressource.jpg,02_PROJETS/schoolsWP/04_Assets/04_Illustrations/2025-03-03 – Rapyd-cloud-dashboard-intuitif-performance – Ressource.jpg,01_Projets/schoolsWP/04_Assets/04_Illustrations/2025-03-03 – Rapyd-cloud-dashboard-intuitif-performance – Ressource.jpg,MOVE,READY,02_PROJETS -> 01_Projets,image/jpeg,252975
1thuo8KObAu5ty73Zzyw_izgffkmzJWth,2025-03-28 – Ad Banner 1 Vertical 400x600 px – Ressource.png,02_PROJETS/schoolsWP/04_Assets/04_Illustrations/2025-03-28 – Ad Banner 1 Vertical 400x600 px – Ressource.png,01_Projets/schoolsWP/04_Assets/04_Illustrations/2025-03-28 – Ad Banner 1 Vertical 400x600 px – Ressource.png,MOVE,READY,02_PROJETS -> 01_Projets,image/png,236685
1nffUTg4EOL5pdQZzCy6oqNLSyEoDmOdH,2025-03-09 – Local-wp-comparison-local-by-flywheel-xampp – Ressource.jpg,02_PROJETS/schoolsWP/04_Assets/04_Illustrations/2025-03-09 – Local-wp-comparison-local-by-flywheel-xampp – Ressource.jpg,01_Projets/schoolsWP/04_Assets/04_Illustrations/2025-03-09 – Local-wp-comparison-local-by-flywheel-xampp – Ressource.jpg,MOVE,READY,02_PROJETS -> 01_Projets,image/jpeg,261280
1n5DsaP7mp9sPDrfHqZMeP5YKxGxILy-9,2025-03-07 – Hebergement-buddyboss-rapide-rapyd-cloud – Ressource.jpg,02_PROJETS/schoolsWP/04_Assets/04_Illustrations/2025-03-07 – Hebergement-buddyboss-rapide-rapyd-cloud – Ressource.jpg,01_Projets/schoolsWP/04_Assets/04_Illustrations/2025-03-07 – Hebergement-buddyboss-rapide-rapyd-cloud – Ressource.jpg,MOVE,READY,02_PROJETS -> 01_Projets,image/jpeg,228746
1mwMeYO-iEsHYQ_O0dakvvhs-DlWvrnh2,2025-03-03 – Sans-titre-18 – Ressource.jpg,02_PROJETS/schoolsWP/04_Assets/04_Illustrations/2025-03-03 – Sans-titre-18 – Ressource.jpg,01_Projets/schoolsWP/04_Assets/04_Illustrations/2025-03-03 – Sans-titre-18 – Ressource.jpg,MOVE,READY,02_PROJETS -> 01_Projets,image/jpeg,188066
1mrmDvEimulJ97vLhhJz1DTDCkiGC2o80,2025-03-03 – Sans-titre-19 – Ressource.jpg,02_PROJETS/schoolsWP/04_Assets/04_Illustrations/2025-03-03 – Sans-titre-19 – Ressource.jpg,01_Projets/schoolsWP/04_Assets/04_Illustrations/2025-03-03 – Sans-titre-19 – Ressource.jpg,MOVE,READY,02_PROJETS -> 01_Projets,image/jpeg,152000
1mo7FYPLZqUoaUy0aWqIlqQJYrOYSPsOk,2025-03-03 – Sans-titre-21 – Ressource.jpg,02_PROJETS/schoolsWP/04_Assets/04_Illustrations/2025-03-03 – Sans-titre-21 – Ressource.jpg,01_Projets/schoolsWP/04_Assets/04_Illustrations/2025-03-03 – Sans-titre-21 – Ressource.jpg,MOVE,READY,02_PROJETS -> 01_Projets,image/jpeg,160605
1mnuVrchvqxlD7oWtFyaIf6soBe7baJ0M,2025-03-03 – Sans-titre-22 – Ressource.jpg,02_PROJETS/schoolsWP/04_Assets/04_Illustrations/2025-03-03 – Sans-titre-22 – Ressource.jpg,01_Projets/schoolsWP/04_Assets/04_Illustrations/2025-03-03 – Sans-titre-22 – Ressource.jpg,MOVE,READY,02_PROJETS -> 01_Projets,image/jpeg,141875
1mkCkrX8z_5Ht4JLwDbVRikdeNe3NPU2O,2025-03-03 – Sans-titre-24 – Ressource.jpg,02_PROJETS/schoolsWP/04_Assets/04_Illustrations/2025-03-03 – Sans-titre-24 – Ressource.jpg,01_Projets/schoolsWP/04_Assets/04_Illustrations/2025-03-03 – Sans-titre-24 – Ressource.jpg,MOVE,READY,02_PROJETS -> 01_Projets,image/jpeg,109054
1meShehjMbcWSba0nYdcVV-4VDbs9CSFm,2025-03-03 – Sans-titre-25 – Ressource.jpg,02_PROJETS/schoolsWP/04_Assets/04_Illustrations/2025-03-03 – Sans-titre-25 – Ressource.jpg,01_Projets/schoolsWP/04_Assets/04_Illustrations/2025-03-03 – Sans-titre-25 – Ressource.jpg,MOVE,READY,02_PROJETS -> 01_Projets,image/jpeg,118103
1mcrfesSo6iaaQhPnzEEkjcapi-KzWzeW,2025-03-03 – Sans-titre-26 – Ressource.jpg,02_PROJETS/schoolsWP/04_Assets/04_Illustrations/2025-03-03 – Sans-titre-26 – Ressource.jpg,01_Projets/schoolsWP/04_Assets/04_Illustrations/2025-03-03 – Sans-titre-26 – Ressource.jpg,MOVE,READY,02_PROJETS -> 01_Projets,image/jpeg,118223
1lwI2YZYJXzbEuZS6kPpRCxuNlnFeVgkx,2025-03-03 – Infrastructure-cloud-hebergement-securise – Ressource.jpg,02_PROJETS/schoolsWP/04_Assets/04_Illustrations/2025-03-03 – Infrastructure-cloud-hebergement-securise – Ressource.jpg,01_Projets/schoolsWP/04_Assets/04_Illustrations/2025-03-03 – Infrastructure-cloud-hebergement-securise – Ressource.jpg,MOVE,READY,02_PROJETS -> 01_Projets,image/jpeg,204705
1mLGkzgrXSWZWUodIEzsxhWk4oSqVrTIy,2025-03-03 – Sans-titre-5 – Ressource.jpg,02_PROJETS/schoolsWP/04_Assets/04_Illustrations/2025-03-03 – Sans-titre-5 – Ressource.jpg,01_Projets/schoolsWP/04_Assets/04_Illustrations/2025-03-03 – Sans-titre-5 – Ressource.jpg,MOVE,READY,02_PROJETS -> 01_Projets,image/jpeg,86061
1mG33suHbG2-BvcGVIF29vlV9LCkV7OKf,2025-03-03 – Sans-titre-6 – Ressource.jpg,02_PROJETS/schoolsWP/04_Assets/04_Illustrations/2025-03-03 – Sans-titre-6 – Ressource.jpg,01_Projets/schoolsWP/04_Assets/04_Illustrations/2025-03-03 – Sans-titre-6 – Ressource.jpg,MOVE,READY,02_PROJETS -> 01_Projets,image/jpeg,84272
1lzbREM_iuz74DU8Hwl2RB22PiAjt2Kw_,2025-03-03 – Sans-titre-7 – Ressource.jpg,02_PROJETS/schoolsWP/04_Assets/04_Illustrations/2025-03-03 – Sans-titre-7 – Ressource.jpg,01_Projets/schoolsWP/04_Assets/04_Illustrations/2025-03-03 – Sans-titre-7 – Ressource.jpg,MOVE,READY,02_PROJETS -> 01_Projets,image/jpeg,309995
1lvz7rubm9Bw0NP9CPrfRGSPrUv1DhlDh,2025-03-03 – Sans-titre-9 – Ressource.jpg,02_PROJETS/schoolsWP/04_Assets/04_Illustrations/2025-03-03 – Sans-titre-9 – Ressource.jpg,01_Projets/schoolsWP/04_Assets/04_Illustrations/2025-03-03 – Sans-titre-9 – Ressource.jpg,MOVE,READY,02_PROJETS -> 01_Projets,image/jpeg,217271
1lvoQwTBCvi8FvYtaOqoLwAgjo-HHQJmi,2025-03-03 – Sans-titre-10 – Ressource.jpg,02_PROJETS/schoolsWP/04_Assets/04_Illustrations/2025-03-03 – Sans-titre-10 – Ressource.jpg,01_Projets/schoolsWP/04_Assets/04_Illustrations/2025-03-03 – Sans-titre-10 – Ressource.jpg,MOVE,READY,02_PROJETS -> 01_Projets,image/jpeg,130690
1la9dSBH-e_RxwoxmxzgrjZ0kNSkutIEh,2025-03-03 – Sans-titre-15 – Ressource.jpg,02_PROJETS/schoolsWP/04_Assets/04_Illustrations/2025-03-03 – Sans-titre-15 – Ressource.jpg,01_Projets/schoolsWP/04_Assets/04_Illustrations/2025-03-03 – Sans-titre-15 – Ressource.jpg,MOVE,READY,02_PROJETS -> 01_Projets,image/jpeg,149703
1gMURVSvaTfRAfJ36vLzhyeeeb3G7w10Z,2025-02-16 – Performance-efficiency-ai-editing-skoatch – Ressource.jpg,02_PROJETS/schoolsWP/04_Assets/04_Illustrations/2025-02-16 – Performance-efficiency-ai-editing-skoatch – Ressource.jpg,01_Projets/schoolsWP/04_Assets/04_Illustrations/2025-02-16 – Performance-efficiency-ai-editing-skoatch – Ressource.jpg,MOVE,READY,02_PROJETS -> 01_Projets,image/jpeg,235627
1fsmcCsD0di1D66qc5KCiPF9sToeOH9lZ,2025-02-15 – Academy-lms – Ressource.webp,02_PROJETS/schoolsWP/04_Assets/04_Illustrations/2025-02-15 – Academy-lms – Ressource.webp,01_Projets/schoolsWP/04_Assets/04_Illustrations/2025-02-15 – Academy-lms – Ressource.webp,MOVE,READY,02_PROJETS -> 01_Projets,image/webp,3434
1fXYOOCWrMNRLIS3T0RUDtXBb-zvJyHYv,2025-02-13 – Integrations-add-ons-lms-fonctionnalites-premium – Ressource.jpg,02_PROJETS/schoolsWP/04_Assets/04_Illustrations/2025-02-13 – Integrations-add-ons-lms-fonctionnalites-premium – Ressource.jpg,01_Projets/schoolsWP/04_Assets/04_Illustrations/2025-02-13 – Integrations-add-ons-lms-fonctionnalites-premium – Ressource.jpg,MOVE,READY,02_PROJETS -> 01_Projets,image/jpeg,482909
1dxFarn3nFrHetLPqJzhDb3Cd6mgr2zvX,2025-02-11 – Academy-lms-interface-choix-instructeur-marketplace – Ressource.jpg,02_PROJETS/schoolsWP/04_Assets/04_Illustrations/2025-02-11 – Academy-lms-interface-choix-instructeur-marketplace – Ressource.jpg,01_Projets/schoolsWP/04_Assets/04_Illustrations/2025-02-11 – Academy-lms-interface-choix-instructeur-marketplace – Ressource.jpg,MOVE,READY,02_PROJETS -> 01_Projets,image/jpeg,92918
1dx2WzP-ZrqBSf4hF1Wc2u5GcEPrt3zCm,2025-02-11 – Academy-lms-2-0-welcome-page-e-learning – Ressource.jpg,02_PROJETS/schoolsWP/04_Assets/04_Illustrations/2025-02-11 – Academy-lms-2-0-welcome-page-e-learning – Ressource.jpg,01_Projets/schoolsWP/04_Assets/04_Illustrations/2025-02-11 – Academy-lms-2-0-welcome-page-e-learning – Ressource.jpg,MOVE,READY,02_PROJETS -> 01_Projets,image/jpeg,111378
1dt3OSRw-kKT245TEBOd2aqWxpnI7zYR_,2025-02-10 – Academy-lms-comparatif-prix-lifetime – Ressource.jpg,02_PROJETS/schoolsWP/04_Assets/04_Illustrations/2025-02-10 – Academy-lms-comparatif-prix-lifetime – Ressource.jpg,01_Projets/schoolsWP/04_Assets/04_Illustrations/2025-02-10 – Academy-lms-comparatif-prix-lifetime – Ressource.jpg,MOVE,READY,02_PROJETS -> 01_Projets,image/jpeg,254517
1diPFXzatNCEae1Ap5eYId0j84f9ps_l-,2025-02-10 – Academy-lms-comparatif-plans-prix – Ressource.jpg,02_PROJETS/schoolsWP/04_Assets/04_Illustrations/2025-02-10 – Academy-lms-comparatif-plans-prix – Ressource.jpg,01_Projets/schoolsWP/04_Assets/04_Illustrations/2025-02-10 – Academy-lms-comparatif-plans-prix – Ressource.jpg,MOVE,READY,02_PROJETS -> 01_Projets,image/jpeg,251022
1AxQ_81ZgAOXEhtI1USU4vBmE42k77ndH,2025-12-29 – 20251229 135310 – Ressource.jpg,02_PROJETS/schoolsWP/04_Assets/04_Illustrations/2025-12-29 – 20251229 135310 – Ressource.jpg,01_Projets/schoolsWP/04_Assets/04_Illustrations/2025-12-29 – 20251229 135310 – Ressource.jpg,MOVE,READY,02_PROJETS -> 01_Projets,image/jpeg,2355778
18I080orMYxVPp_R8JQxesuXvcdZAsslm,2025-12-29 – 20251229 135238 – Ressource.jpg,02_PROJETS/schoolsWP/04_Assets/04_Illustrations/2025-12-29 – 20251229 135238 – Ressource.jpg,01_Projets/schoolsWP/04_Assets/04_Illustrations/2025-12-29 – 20251229 135238 – Ressource.jpg,MOVE,READY,02_PROJETS -> 01_Projets,image/jpeg,2142173
1tgAIK4jy10gqzcBwQexOVZ7MfBVz9Kub,2025-03-28 – Ad Banner 2 Vertical 400x600 px – Ressource.png,02_PROJETS/schoolsWP/04_Assets/04_Illustrations/2025-03-28 – Ad Banner 2 Vertical 400x600 px – Ressource.png,01_Projets/schoolsWP/04_Assets/04_Illustrations/2025-03-28 – Ad Banner 2 Vertical 400x600 px – Ressource.png,MOVE,READY,02_PROJETS -> 01_Projets,image/png,315542
11qWJWCnbxmSza7dKF_Swd7ysvf6FIGAM,2025-05-10 – Wp-rocket-boostez-vitesse-seo-wordpress – Thumbnail Pinterest.jpg,02_PROJETS/schoolsWP/04_Assets/02_Thumbnails/2025-05-10 – Wp-rocket-boostez-vitesse-seo-wordpress – Thumbnail Pinterest.jpg,01_Projets/schoolsWP/04_Assets/02_Thumbnails/2025-05-10 – Wp-rocket-boostez-vitesse-seo-wordpress – Thumbnail Pinterest.jpg,MOVE,READY,02_PROJETS -> 01_Projets,image/jpeg,124969
11reXIBSKEcgi5Nb3-oRYNweOq6FFVKGX,2025-05-10 – Wp-rocket-plugin-cache-wordpress-rapide-seo – Thumbnail Pinterest.jpg,02_PROJETS/schoolsWP/04_Assets/02_Thumbnails/2025-05-10 – Wp-rocket-plugin-cache-wordpress-rapide-seo – Thumbnail Pinterest.jpg,01_Projets/schoolsWP/04_Assets/02_Thumbnails/2025-05-10 – Wp-rocket-plugin-cache-wordpress-rapide-seo – Thumbnail Pinterest.jpg,MOVE,READY,02_PROJETS -> 01_Projets,image/jpeg,120747
1ns1GM__wmVHRNQpjO6IIu4nAC8QFnOFf,2025-03-09 – Amelia-wp-plugin-reservation-wordpress – Thumbnail Pinterest.jpg,02_PROJETS/schoolsWP/04_Assets/02_Thumbnails/2025-03-09 – Amelia-wp-plugin-reservation-wordpress – Thumbnail Pinterest.jpg,01_Projets/schoolsWP/04_Assets/02_Thumbnails/2025-03-09 – Amelia-wp-plugin-reservation-wordpress – Thumbnail Pinterest.jpg,MOVE,READY,02_PROJETS -> 01_Projets,image/jpeg,130438
1nyUIiAlVEWcR3Dc_ivQW962qmZ6N9fNa,2025-03-09 – Amelia-wp-reservations-rendez-vous-wordpress – Thumbnail Pinterest.jpg,02_PROJETS/schoolsWP/04_Assets/02_Thumbnails/2025-03-09 – Amelia-wp-reservations-rendez-vous-wordpress – Thumbnail Pinterest.jpg,01_Projets/schoolsWP/04_Assets/02_Thumbnails/2025-03-09 – Amelia-wp-reservations-rendez-vous-wordpress – Thumbnail Pinterest.jpg,MOVE,READY,02_PROJETS -> 01_Projets,image/jpeg,128138
1rU8Mys5yD_PikDqKUOdd7QPXJAyN7ZdS,2025-03-17 – Crocoblock-wordpress-elementor – Thumbnail Pinterest.jpg,02_PROJETS/schoolsWP/04_Assets/02_Thumbnails/2025-03-17 – Crocoblock-wordpress-elementor – Thumbnail Pinterest.jpg,01_Projets/schoolsWP/04_Assets/02_Thumbnails/2025-03-17 – Crocoblock-wordpress-elementor – Thumbnail Pinterest.jpg,MOVE,READY,02_PROJETS -> 01_Projets,image/jpeg,127145
1rTCYKLcI9x5FfGLhfa7M3JAA4AezoF8k,2025-03-17 – Crocoblock-boite-outils-wordpress – Thumbnail Pinterest.jpg,02_PROJETS/schoolsWP/04_Assets/02_Thumbnails/2025-03-17 – Crocoblock-boite-outils-wordpress – Thumbnail Pinterest.jpg,01_Projets/schoolsWP/04_Assets/02_Thumbnails/2025-03-17 – Crocoblock-boite-outils-wordpress – Thumbnail Pinterest.jpg,MOVE,READY,02_PROJETS -> 01_Projets,image/jpeg,123434
12f63NoE9MnDLvLLmolY8N0z7CfbQg1ki,2025-07-20 – Spotlightwp-avis-plugin-instagram-test – Thumbnail Pinterest.jpg,02_PROJETS/schoolsWP/04_Assets/02_Thumbnails/2025-07-20 – Spotlightwp-avis-plugin-instagram-test – Thumbnail Pinterest.jpg,01_Projets/schoolsWP/04_Assets/02_Thumbnails/2025-07-20 – Spotlightwp-avis-plugin-instagram-test – Thumbnail Pinterest.jpg,MOVE,READY,02_PROJETS -> 01_Projets,image/jpeg,118833
1DLvzAIbj8RYtSO7zyz6R69QTtBvctvCT,2025-07-20 – Spotlightwp-avis-plugin-instagram-wordpress-test – Thumbnail Pinterest.jpg,02_PROJETS/schoolsWP/04_Assets/02_Thumbnails/2025-07-20 – Spotlightwp-avis-plugin-instagram-wordpress-test – Thumbnail Pinterest.jpg,01_Projets/schoolsWP/04_Assets/02_Thumbnails/2025-07-20 – Spotlightwp-avis-plugin-instagram-wordpress-test – Thumbnail Pinterest.jpg,MOVE,READY,02_PROJETS -> 01_Projets,image/jpeg,127991
1cZOwIiAZ2gOHNjY2t2wz48HVGU8_960J,2024-07-21 – Wishlist-member-boostez-votre-site-wordpress – Thumbnail Pinterest.jpg,02_PROJETS/schoolsWP/04_Assets/02_Thumbnails/2024-07-21 – Wishlist-member-boostez-votre-site-wordpress – Thumbnail Pinterest.jpg,01_Projets/schoolsWP/04_Assets/02_Thumbnails/2024-07-21 – Wishlist-member-boostez-votre-site-wordpress – Thumbnail Pinterest.jpg,MOVE,READY,02_PROJETS -> 01_Projets,image/jpeg,119852
1cQZbquRoidXtoikvtV4KJRSamfbn14wn,2024-07-21 – Wishlist-member-tout-savoir-plugin-wordpress – Thumbnail Pinterest.jpg,02_PROJETS/schoolsWP/04_Assets/02_Thumbnails/2024-07-21 – Wishlist-member-tout-savoir-plugin-wordpress – Thumbnail Pinterest.jpg,01_Projets/schoolsWP/04_Assets/02_Thumbnails/2024-07-21 – Wishlist-member-tout-savoir-plugin-wordpress – Thumbnail Pinterest.jpg,MOVE,READY,02_PROJETS -> 01_Projets,image/jpeg,112635
18VOhNqhhJK4Q7fytKh7eg4t2zbATqeKt,2024-11-15 – Surecart-solution-vente-produits-numeriques-wordpress – Thumbnail Pinterest.jpg,02_PROJETS/schoolsWP/04_Assets/02_Thumbnails/2024-11-15 – Surecart-solution-vente-produits-numeriques-wordpress – Thumbnail Pinterest.jpg,01_Projets/schoolsWP/04_Assets/02_Thumbnails/2024-11-15 – Surecart-solution-vente-produits-numeriques-wordpress – Thumbnail Pinterest.jpg,MOVE,READY,02_PROJETS -> 01_Projets,image/jpeg,137719
18SN5KL3siR9eqlYk56t1BDaSE4EwE_rW,2024-11-15 – Surecart-plugin-ecommerce-produits-numeriques-wordpress – Thumbnail Pinterest.jpg,02_PROJETS/schoolsWP/04_Assets/02_Thumbnails/2024-11-15 – Surecart-plugin-ecommerce-produits-numeriques-wordpress – Thumbnail Pinterest.jpg,01_Projets/schoolsWP/04_Assets/02_Thumbnails/2024-11-15 – Surecart-plugin-ecommerce-produits-numeriques-wordpress – Thumbnail Pinterest.jpg,MOVE,READY,02_PROJETS -> 01_Projets,image/jpeg,121634
1TqYUcvkJNBvMLIxm1BLpsWYfo80K__Y1,2025-01-09 – Nettoyer-base-de-donnees-wordpress-guide-complet-plugins – Thumbnail Pinterest.jpg,02_PROJETS/schoolsWP/04_Assets/02_Thumbnails/2025-01-09 – Nettoyer-base-de-donnees-wordpress-guide-complet-plugins – Thumbnail Pinterest.jpg,01_Projets/schoolsWP/04_Assets/02_Thumbnails/2025-01-09 – Nettoyer-base-de-donnees-wordpress-guide-complet-plugins – Thumbnail Pinterest.jpg,MOVE,READY,02_PROJETS -> 01_Projets,image/jpeg,125190
1TvZRM549BHrs9WD1h9vD-zrHCa9lVc62,2025-01-09 – Nettoyer-base-de-donnees-wordpress-guide-complet – Thumbnail Pinterest.jpg,02_PROJETS/schoolsWP/04_Assets/02_Thumbnails/2025-01-09 – Nettoyer-base-de-donnees-wordpress-guide-complet – Thumbnail Pinterest.jpg,01_Projets/schoolsWP/04_Assets/02_Thumbnails/2025-01-09 – Nettoyer-base-de-donnees-wordpress-guide-complet – Thumbnail Pinterest.jpg,MOVE,READY,02_PROJETS -> 01_Projets,image/jpeg,118692
1_pGE2GwFHSAAN6-ToUNQcKm5pVR_X2Uh,2024-07-09 – Structurer-articles-wordpress-seo – Thumbnail Pinterest.jpg,02_PROJETS/schoolsWP/04_Assets/02_Thumbnails/2024-07-09 – Structurer-articles-wordpress-seo – Thumbnail Pinterest.jpg,01_Projets/schoolsWP/04_Assets/02_Thumbnails/2024-07-09 – Structurer-articles-wordpress-seo – Thumbnail Pinterest.jpg,MOVE,READY,02_PROJETS -> 01_Projets,image/jpeg,129648
1i-xkTqPYGiN6U61lizftkkUQVRpdvNX1,2024-07-27 – Suremembers-meilleur-plugin-adhesion-wordpress – Thumbnail Pinterest.jpg,02_PROJETS/schoolsWP/04_Assets/02_Thumbnails/2024-07-27 – Suremembers-meilleur-plugin-adhesion-wordpress – Thumbnail Pinterest.jpg,01_Projets/schoolsWP/04_Assets/02_Thumbnails/2024-07-27 – Suremembers-meilleur-plugin-adhesion-wordpress – Thumbnail Pinterest.jpg,MOVE,READY,02_PROJETS -> 01_Projets,image/jpeg,114562
1i1t7qDc7w_SWg9B0tx6OJiCUVldD5swk,2024-07-27 – Suremembers-decouvrez-meilleur-plugin-adhesion-wordpress – Thumbnail Pinterest.jpg,02_PROJETS/schoolsWP/04_Assets/02_Thumbnails/2024-07-27 – Suremembers-decouvrez-meilleur-plugin-adhesion-wordpress – Thumbnail Pinterest.jpg,01_Projets/schoolsWP/04_Assets/02_Thumbnails/2024-07-27 – Suremembers-decouvrez-meilleur-plugin-adhesion-wordpress – Thumbnail Pinterest.jpg,MOVE,READY,02_PROJETS -> 01_Projets,image/jpeg,122897
1a6q-Dn1UNkaZvYeRRfL-Fyh1lfSIG8ly,2024-07-09 – Avis-funnelkit-meilleur-plugin-tunnels-de-vente – Thumbnail Pinterest.jpg,02_PROJETS/schoolsWP/04_Assets/02_Thumbnails/2024-07-09 – Avis-funnelkit-meilleur-plugin-tunnels-de-vente – Thumbnail Pinterest.jpg,01_Projets/schoolsWP/04_Assets/02_Thumbnails/2024-07-09 – Avis-funnelkit-meilleur-plugin-tunnels-de-vente – Thumbnail Pinterest.jpg,MOVE,READY,02_PROJETS -> 01_Projets,image/jpeg,114632
1aDHNEFtfDVj6WD4traKvMICH-YESAIiv,2024-07-09 – Avis-funnelkit-meilleur-plugin-tunnels-de-vente-wordpress – Thumbnail Pinterest.jpg,02_PROJETS/schoolsWP/04_Assets/02_Thumbnails/2024-07-09 – Avis-funnelkit-meilleur-plugin-tunnels-de-vente-wordpress – Thumbnail Pinterest.jpg,01_Projets/schoolsWP/04_Assets/02_Thumbnails/2024-07-09 – Avis-funnelkit-meilleur-plugin-tunnels-de-vente-wordpress – Thumbnail Pinterest.jpg,MOVE,READY,02_PROJETS -> 01_Projets,image/jpeg,118317
1fe4MlcvJGahMgt435m8puCu8Q6YBf35V,2024-07-21 – Suremembers-vs-wishlist-members-quelle-extension-choisir – Thumbnail Pinterest.jpg,02_PROJETS/schoolsWP/04_Assets/02_Thumbnails/2024-07-21 – Suremembers-vs-wishlist-members-quelle-extension-choisir – Thumbnail Pinterest.jpg,01_Projets/schoolsWP/04_Assets/02_Thumbnails/2024-07-21 – Suremembers-vs-wishlist-members-quelle-extension-choisir – Thumbnail Pinterest.jpg,MOVE,READY,02_PROJETS -> 01_Projets,image/jpeg,124085
1jd6-gu2sUFTGdL0lUzED5OvP3U0ko338,2024-08-03 – Theme-wordpress-definition – Thumbnail Pinterest.jpg,02_PROJETS/schoolsWP/04_Assets/02_Thumbnails/2024-08-03 – Theme-wordpress-definition – Thumbnail Pinterest.jpg,01_Projets/schoolsWP/04_Assets/02_Thumbnails/2024-08-03 – Theme-wordpress-definition – Thumbnail Pinterest.jpg,MOVE,READY,02_PROJETS -> 01_Projets,image/jpeg,120133
1jg3MU6iObydjqmhgkLTYG2apRBCyW7Nl,2024-08-03 – Definition-choix-optimisation-theme-wordpress – Thumbnail Pinterest.jpg,02_PROJETS/schoolsWP/04_Assets/02_Thumbnails/2024-08-03 – Definition-choix-optimisation-theme-wordpress – Thumbnail Pinterest.jpg,01_Projets/schoolsWP/04_Assets/02_Thumbnails/2024-08-03 – Definition-choix-optimisation-theme-wordpress – Thumbnail Pinterest.jpg,MOVE,READY,02_PROJETS -> 01_Projets,image/jpeg,113457
1kxU7SZz8I2YBtHgXCG3_V9Zn5FsPyPYm,2024-08-03 – Linkuma-avis-reference-netlinking – Thumbnail Pinterest.jpg,02_PROJETS/schoolsWP/04_Assets/02_Thumbnails/2024-08-03 – Linkuma-avis-reference-netlinking – Thumbnail Pinterest.jpg,01_Projets/schoolsWP/04_Assets/02_Thumbnails/2024-08-03 – Linkuma-avis-reference-netlinking – Thumbnail Pinterest.jpg,MOVE,READY,02_PROJETS -> 01_Projets,image/jpeg,111354
1n7Zzau0xFNuu7HLLk_-xxAit55WBX-GJ,2024-08-13 – Avis-wpboutik-reinvention-commerce-en-ligne-wordpress – Thumbnail Pinterest.jpg,02_PROJETS/schoolsWP/04_Assets/02_Thumbnails/2024-08-13 – Avis-wpboutik-reinvention-commerce-en-ligne-wordpress – Thumbnail Pinterest.jpg,01_Projets/schoolsWP/04_Assets/02_Thumbnails/2024-08-13 – Avis-wpboutik-reinvention-commerce-en-ligne-wordpress – Thumbnail Pinterest.jpg,MOVE,READY,02_PROJETS -> 01_Projets,image/jpeg,111529
1n7_9yxz8vVMWpdCJ2TWSUzvjkVIgu48N,2024-08-13 – Wpboutik-avis-boost-ecommerce-wordpress-facilement – Thumbnail Pinterest.jpg,02_PROJETS/schoolsWP/04_Assets/02_Thumbnails/2024-08-13 – Wpboutik-avis-boost-ecommerce-wordpress-facilement – Thumbnail Pinterest.jpg,01_Projets/schoolsWP/04_Assets/02_Thumbnails/2024-08-13 – Wpboutik-avis-boost-ecommerce-wordpress-facilement – Thumbnail Pinterest.jpg,MOVE,READY,02_PROJETS -> 01_Projets,image/jpeg,115774
1naNnm-2IuFGMV2nUV2uVVn_Or6zad2Xg,2024-08-15 – Top-10-plugins-traduction-wordpress-globaliser-site – Thumbnail Pinterest.jpg,02_PROJETS/schoolsWP/04_Assets/02_Thumbnails/2024-08-15 – Top-10-plugins-traduction-wordpress-globaliser-site – Thumbnail Pinterest.jpg,01_Projets/schoolsWP/04_Assets/02_Thumbnails/2024-08-15 – Top-10-plugins-traduction-wordpress-globaliser-site – Thumbnail Pinterest.jpg,MOVE,READY,02_PROJETS -> 01_Projets,image/jpeg,121035
1nhygrjjdAEM6_nfA-PIagb71aYzWuY7Y,2024-08-15 – Top-10-plugins-traduction-wordpress-site-multilingue – Thumbnail Pinterest.jpg,02_PROJETS/schoolsWP/04_Assets/02_Thumbnails/2024-08-15 – Top-10-plugins-traduction-wordpress-site-multilingue – Thumbnail Pinterest.jpg,01_Projets/schoolsWP/04_Assets/02_Thumbnails/2024-08-15 – Top-10-plugins-traduction-wordpress-site-multilingue – Thumbnail Pinterest.jpg,MOVE,READY,02_PROJETS -> 01_Projets,image/jpeg,129644
1pSNWQPoYWrEX2cxTQlmlG0stNylNo9px,2024-08-29 – Seokey-plugin-wordpress-seo-indispensable – Thumbnail Pinterest.jpg,02_PROJETS/schoolsWP/04_Assets/02_Thumbnails/2024-08-29 – Seokey-plugin-wordpress-seo-indispensable – Thumbnail Pinterest.jpg,01_Projets/schoolsWP/04_Assets/02_Thumbnails/2024-08-29 – Seokey-plugin-wordpress-seo-indispensable – Thumbnail Pinterest.jpg,MOVE,READY,02_PROJETS -> 01_Projets,image/jpeg,113886
1rWRV6W0b8NBfSzlvFdqATWqOdjF3PMef,2024-09-16 – Full-site-editing-fse-wordpress-maitrise-web-moderne – Thumbnail Pinterest.jpg,02_PROJETS/schoolsWP/04_Assets/02_Thumbnails/2024-09-16 – Full-site-editing-fse-wordpress-maitrise-web-moderne – Thumbnail Pinterest.jpg,01_Projets/schoolsWP/04_Assets/02_Thumbnails/2024-09-16 – Full-site-editing-fse-wordpress-maitrise-web-moderne – Thumbnail Pinterest.jpg,MOVE,READY,02_PROJETS -> 01_Projets,image/jpeg,126634
1rVwX51ESGnhoeoYaAR7BPW8PxfAAA9_1,2024-09-16 – Wordpress-full-site-editing-fse-personnalisez-sans-code – Thumbnail Pinterest.jpg,02_PROJETS/schoolsWP/04_Assets/02_Thumbnails/2024-09-16 – Wordpress-full-site-editing-fse-personnalisez-sans-code – Thumbnail Pinterest.jpg,01_Projets/schoolsWP/04_Assets/02_Thumbnails/2024-09-16 – Wordpress-full-site-editing-fse-personnalisez-sans-code – Thumbnail Pinterest.jpg,MOVE,READY,02_PROJETS -> 01_Projets,image/jpeg,123625
1w8FtVAPnhJEtx6fYdr42Ssct1MMYrqVG,2024-09-30 – SureMembers vs Restrict Content Pro   Quel plugin WordPress choisir en 2024 – Thumbnail Pinterest.jpg,02_PROJETS/schoolsWP/04_Assets/02_Thumbnails/2024-09-30 – SureMembers vs Restrict Content Pro   Quel plugin WordPress choisir en 2024 – Thumbnail Pinterest.jpg,01_Projets/schoolsWP/04_Assets/02_Thumbnails/2024-09-30 – SureMembers vs Restrict Content Pro   Quel plugin WordPress choisir en 2024 – Thumbnail Pinterest.jpg,MOVE,READY,02_PROJETS -> 01_Projets,image/jpeg,126714
1w4fr9IX5kDAWBwGhRoEohkB9ffrUUzvA,2024-09-30 – SureMembers vs Restrict Content Pro comparatif des plugins d'adhésionvs Zapie... – Thumbnail Pinterest.jpg,02_PROJETS/schoolsWP/04_Assets/02_Thumbnails/2024-09-30 – SureMembers vs Restrict Content Pro comparatif des plugins d'adhésionvs Zapie... – Thumbnail Pinterest.jpg,01_Projets/schoolsWP/04_Assets/02_Thumbnails/2024-09-30 – SureMembers vs Restrict Content Pro comparatif des plugins d'adhésionvs Zapie... – Thumbnail Pinterest.jpg,MOVE,READY,02_PROJETS -> 01_Projets,image/jpeg,128924
11_GW7z2tIsZfCvQBS-lrWWVjSa54ikSL,2024-11-06 – Tastewp-creer-facilement-site-wordpress – Thumbnail Pinterest.jpg,02_PROJETS/schoolsWP/04_Assets/02_Thumbnails/2024-11-06 – Tastewp-creer-facilement-site-wordpress – Thumbnail Pinterest.jpg,01_Projets/schoolsWP/04_Assets/02_Thumbnails/2024-11-06 – Tastewp-creer-facilement-site-wordpress – Thumbnail Pinterest.jpg,MOVE,READY,02_PROJETS -> 01_Projets,image/jpeg,118066
18mD7IJQGDvuQeIzWE0Vwv-XMupx35K_Y,2024-11-20 – Optimiser-slugs-wordpress-seo – Thumbnail Pinterest.jpg,02_PROJETS/schoolsWP/04_Assets/02_Thumbnails/2024-11-20 – Optimiser-slugs-wordpress-seo – Thumbnail Pinterest.jpg,01_Projets/schoolsWP/04_Assets/02_Thumbnails/2024-11-20 – Optimiser-slugs-wordpress-seo – Thumbnail Pinterest.jpg,MOVE,READY,02_PROJETS -> 01_Projets,image/jpeg,113247
18g3gDHS8unTBBRzsSKaxeGAGKQyOH4IJ,2024-11-20 – Slug-wordpress-meilleurs-pratiques-seo – Thumbnail Pinterest.jpg,02_PROJETS/schoolsWP/04_Assets/02_Thumbnails/2024-11-20 – Slug-wordpress-meilleurs-pratiques-seo – Thumbnail Pinterest.jpg,01_Projets/schoolsWP/04_Assets/02_Thumbnails/2024-11-20 – Slug-wordpress-meilleurs-pratiques-seo – Thumbnail Pinterest.jpg,MOVE,READY,02_PROJETS -> 01_Projets,image/jpeg,111072
19tVFTlsfGtnm7ZASQLt6kC_mXjnotXP1,2024-11-24 – Link-finder-optimisation-strategie-netlinking – Thumbnail Pinterest.jpg,02_PROJETS/schoolsWP/04_Assets/02_Thumbnails/2024-11-24 – Link-finder-optimisation-strategie-netlinking – Thumbnail Pinterest.jpg,01_Projets/schoolsWP/04_Assets/02_Thumbnails/2024-11-24 – Link-finder-optimisation-strategie-netlinking – Thumbnail Pinterest.jpg,MOVE,READY,02_PROJETS -> 01_Projets,image/jpeg,116417
1BPUF35O4vRvH_nr2RqwGO34N6WYZbwSp,2024-11-25 – Wordpress-playground-guide-introduction – Thumbnail Pinterest.jpg,02_PROJETS/schoolsWP/04_Assets/02_Thumbnails/2024-11-25 – Wordpress-playground-guide-introduction – Thumbnail Pinterest.jpg,01_Projets/schoolsWP/04_Assets/02_Thumbnails/2024-11-25 – Wordpress-playground-guide-introduction – Thumbnail Pinterest.jpg,MOVE,READY,02_PROJETS -> 01_Projets,image/jpeg,114298
1BSjaojpjEJXSj-Csr07pYhxWCm_mZ_wM,2024-11-25 – Tester-wordpress-playground-en-ligne – Thumbnail Pinterest.jpg,02_PROJETS/schoolsWP/04_Assets/02_Thumbnails/2024-11-25 – Tester-wordpress-playground-en-ligne – Thumbnail Pinterest.jpg,01_Projets/schoolsWP/04_Assets/02_Thumbnails/2024-11-25 – Tester-wordpress-playground-en-ligne – Thumbnail Pinterest.jpg,MOVE,READY,02_PROJETS -> 01_Projets,image/jpeg,120623
1EtuN53Ot9UcHmfM28WlLU6_XP4fr2gXm,2024-12-05 – Creation-site-wordpress-sur-mesure – Thumbnail Pinterest.jpg,02_PROJETS/schoolsWP/04_Assets/02_Thumbnails/2024-12-05 – Creation-site-wordpress-sur-mesure – Thumbnail Pinterest.jpg,01_Projets/schoolsWP/04_Assets/02_Thumbnails/2024-12-05 – Creation-site-wordpress-sur-mesure – Thumbnail Pinterest.jpg,MOVE,READY,02_PROJETS -> 01_Projets,image/jpeg,122246
1Eso7rl_O0SSWfU8LVhVdfW3I0f5gbIt8,2024-12-05 – Avantages-site-wordpress-sur-mesure – Thumbnail Pinterest.jpg,02_PROJETS/schoolsWP/04_Assets/02_Thumbnails/2024-12-05 – Avantages-site-wordpress-sur-mesure – Thumbnail Pinterest.jpg,01_Projets/schoolsWP/04_Assets/02_Thumbnails/2024-12-05 – Avantages-site-wordpress-sur-mesure – Thumbnail Pinterest.jpg,MOVE,READY,02_PROJETS -> 01_Projets,image/jpeg,127174
1L9d5hfICoa_9Q11xn4Of9Wxo_MIrYHpz,2024-12-18 – Creez-communaute-wordpress-fluentcommunity-plugin – Thumbnail Pinterest.jpg,02_PROJETS/schoolsWP/04_Assets/02_Thumbnails/2024-12-18 – Creez-communaute-wordpress-fluentcommunity-plugin – Thumbnail Pinterest.jpg,01_Projets/schoolsWP/04_Assets/02_Thumbnails/2024-12-18 – Creez-communaute-wordpress-fluentcommunity-plugin – Thumbnail Pinterest.jpg,MOVE,READY,02_PROJETS -> 01_Projets,image/jpeg,113338
1L86QWUJs4jbR7cxA3dZj5E0i6HdUnWCE,2024-12-18 – Fluentcommunity-construire-communaute-wordpress-facilement – Thumbnail Pinterest.jpg,02_PROJETS/schoolsWP/04_Assets/02_Thumbnails/2024-12-18 – Fluentcommunity-construire-communaute-wordpress-facilement – Thumbnail Pinterest.jpg,01_Projets/schoolsWP/04_Assets/02_Thumbnails/2024-12-18 – Fluentcommunity-construire-communaute-wordpress-facilement – Thumbnail Pinterest.jpg,MOVE,READY,02_PROJETS -> 01_Projets,image/jpeg,121149
1OszjGjYs-_ugATBRbHiZFdsn_1Tkw1VR,2024-12-30 – Thot-seo-outil-optimisation-semantique – Thumbnail Pinterest.jpg,02_PROJETS/schoolsWP/04_Assets/02_Thumbnails/2024-12-30 – Thot-seo-outil-optimisation-semantique – Thumbnail Pinterest.jpg,01_Projets/schoolsWP/04_Assets/02_Thumbnails/2024-12-30 – Thot-seo-outil-optimisation-semantique – Thumbnail Pinterest.jpg,MOVE,READY,02_PROJETS -> 01_Projets,image/jpeg,110111
1OtmvfcMaNseIvv4Wmi6Mpohr3xkuXf0M,2024-12-30 – Thot-seo-outil-semantique-dominer-google – Thumbnail Pinterest.jpg,02_PROJETS/schoolsWP/04_Assets/02_Thumbnails/2024-12-30 – Thot-seo-outil-semantique-dominer-google – Thumbnail Pinterest.jpg,01_Projets/schoolsWP/04_Assets/02_Thumbnails/2024-12-30 – Thot-seo-outil-semantique-dominer-google – Thumbnail Pinterest.jpg,MOVE,READY,02_PROJETS -> 01_Projets,image/jpeg,104291
1Pvh6K16MCbrQzQ1-FkSTQ5LTKtD1HGrC,2025-01-02 – Quest-ce-que-gutenberg-wordpress – Thumbnail Pinterest.jpg,02_PROJETS/schoolsWP/04_Assets/02_Thumbnails/2025-01-02 – Quest-ce-que-gutenberg-wordpress – Thumbnail Pinterest.jpg,01_Projets/schoolsWP/04_Assets/02_Thumbnails/2025-01-02 – Quest-ce-que-gutenberg-wordpress – Thumbnail Pinterest.jpg,MOVE,READY,02_PROJETS -> 01_Projets,image/jpeg,111216
1ZzWc_xn24UQyZak_hEAekOKEfjWb1yuN,2025-01-16 – Plugin-wordpress-traduction-optimise-seo – Thumbnail Pinterest.jpg,02_PROJETS/schoolsWP/04_Assets/02_Thumbnails/2025-01-16 – Plugin-wordpress-traduction-optimise-seo – Thumbnail Pinterest.jpg,01_Projets/schoolsWP/04_Assets/02_Thumbnails/2025-01-16 – Plugin-wordpress-traduction-optimise-seo – Thumbnail Pinterest.jpg,MOVE,READY,02_PROJETS -> 01_Projets,image/jpeg,131914
1_4CVWPVAZnwVBcGrLkhEpFa-AB2qUXNy,2025-01-16 – Traduire-sans-migraine-test-plugin-wordpress – Thumbnail Pinterest.jpg,02_PROJETS/schoolsWP/04_Assets/02_Thumbnails/2025-01-16 – Traduire-sans-migraine-test-plugin-wordpress – Thumbnail Pinterest.jpg,01_Projets/schoolsWP/04_Assets/02_Thumbnails/2025-01-16 – Traduire-sans-migraine-test-plugin-wordpress – Thumbnail Pinterest.jpg,MOVE,READY,02_PROJETS -> 01_Projets,image/jpeg,126141
1alBBdu-nzb-KbFWWoKHyc_cWSHxtKSXQ,2025-01-24 – Skoatch-performance-efficacite-redaction-ia – Thumbnail Pinterest.jpg,02_PROJETS/schoolsWP/04_Assets/02_Thumbnails/2025-01-24 – Skoatch-performance-efficacite-redaction-ia – Thumbnail Pinterest.jpg,01_Projets/schoolsWP/04_Assets/02_Thumbnails/2025-01-24 – Skoatch-performance-efficacite-redaction-ia – Thumbnail Pinterest.jpg,MOVE,READY,02_PROJETS -> 01_Projets,image/jpeg,119179
1alYE_lnLlYtesmr9a5umQVnACZv7DHuN,2025-01-24 – Skoatch-avis-outil-ia-seo – Thumbnail Pinterest.jpg,02_PROJETS/schoolsWP/04_Assets/02_Thumbnails/2025-01-24 – Skoatch-avis-outil-ia-seo – Thumbnail Pinterest.jpg,01_Projets/schoolsWP/04_Assets/02_Thumbnails/2025-01-24 – Skoatch-avis-outil-ia-seo – Thumbnail Pinterest.jpg,MOVE,READY,02_PROJETS -> 01_Projets,image/jpeg,118979
1d6KGFPdgIr36Al-yBvkTlCuozmW3FZNo,2025-02-10 – Academy-lms-wordpress-lancer-academie-1-clic – Thumbnail Pinterest.jpg,02_PROJETS/schoolsWP/04_Assets/02_Thumbnails/2025-02-10 – Academy-lms-wordpress-lancer-academie-1-clic – Thumbnail Pinterest.jpg,01_Projets/schoolsWP/04_Assets/02_Thumbnails/2025-02-10 – Academy-lms-wordpress-lancer-academie-1-clic – Thumbnail Pinterest.jpg,MOVE,READY,02_PROJETS -> 01_Projets,image/jpeg,124697
1lCn-m-sLid1ZMeiB9KRbT5FudNPsmxIT,2025-03-03 – Hebergement-wordpress-performant-rapyd-cloud – Thumbnail Pinterest.jpg,02_PROJETS/schoolsWP/04_Assets/02_Thumbnails/2025-03-03 – Hebergement-wordpress-performant-rapyd-cloud – Thumbnail Pinterest.jpg,01_Projets/schoolsWP/04_Assets/02_Thumbnails/2025-03-03 – Hebergement-wordpress-performant-rapyd-cloud – Thumbnail Pinterest.jpg,MOVE,READY,02_PROJETS -> 01_Projets,image/jpeg,130556
1qe-MZJvgbGdB0EPV_MiPHupkGlHlufeb,2025-03-14 – Link-whisper-plugin-wordpress-maillage-interne-seo – Thumbnail Pinterest.jpg,02_PROJETS/schoolsWP/04_Assets/02_Thumbnails/2025-03-14 – Link-whisper-plugin-wordpress-maillage-interne-seo – Thumbnail Pinterest.jpg,01_Projets/schoolsWP/04_Assets/02_Thumbnails/2025-03-14 – Link-whisper-plugin-wordpress-maillage-interne-seo – Thumbnail Pinterest.jpg,MOVE,READY,02_PROJETS -> 01_Projets,image/jpeg,122367
1qf_hMTbkMFtSN9Tu-GOUKoaT2tEbvE48,2025-03-14 – Link-whisper-outil-seo-incontournable-wordpress – Thumbnail Pinterest.jpg,02_PROJETS/schoolsWP/04_Assets/02_Thumbnails/2025-03-14 – Link-whisper-outil-seo-incontournable-wordpress – Thumbnail Pinterest.jpg,01_Projets/schoolsWP/04_Assets/02_Thumbnails/2025-03-14 – Link-whisper-outil-seo-incontournable-wordpress – Thumbnail Pinterest.jpg,MOVE,READY,02_PROJETS -> 01_Projets,image/jpeg,101202
1xdQGTbzF3b1SdJZ7COYuAHgb7Z4Ln0ps,2025-04-17 – Learndash-plugin-wordpress-formations – Thumbnail Pinterest.jpg,02_PROJETS/schoolsWP/04_Assets/02_Thumbnails/2025-04-17 – Learndash-plugin-wordpress-formations – Thumbnail Pinterest.jpg,01_Projets/schoolsWP/04_Assets/02_Thumbnails/2025-04-17 – Learndash-plugin-wordpress-formations – Thumbnail Pinterest.jpg,MOVE,READY,02_PROJETS -> 01_Projets,image/jpeg,118161
1xeN25K57_Ej0OpBButCTPy175HioYSd0,2025-04-17 – Learndash-plugin-wordpress-lms – Thumbnail Pinterest.jpg,02_PROJETS/schoolsWP/04_Assets/02_Thumbnails/2025-04-17 – Learndash-plugin-wordpress-lms – Thumbnail Pinterest.jpg,01_Projets/schoolsWP/04_Assets/02_Thumbnails/2025-04-17 – Learndash-plugin-wordpress-lms – Thumbnail Pinterest.jpg,MOVE,READY,02_PROJETS -> 01_Projets,image/jpeg,126171
1zv3LjdoA700ksZV78fxNbEsCh-ZDnF01,2025-05-02 – Apprendre-wordpress-sans-coder – Thumbnail Pinterest.jpg,02_PROJETS/schoolsWP/04_Assets/02_Thumbnails/2025-05-02 – Apprendre-wordpress-sans-coder – Thumbnail Pinterest.jpg,01_Projets/schoolsWP/04_Assets/02_Thumbnails/2025-05-02 – Apprendre-wordpress-sans-coder – Thumbnail Pinterest.jpg,MOVE,READY,02_PROJETS -> 01_Projets,image/jpeg,123133
1zx5h01P990R2di6ZkkatxpDQbiFipgLe,2025-05-02 – Apprendre-wordpress-guide-debutant-autonomie – Thumbnail Pinterest.jpg,02_PROJETS/schoolsWP/04_Assets/02_Thumbnails/2025-05-02 – Apprendre-wordpress-guide-debutant-autonomie – Thumbnail Pinterest.jpg,01_Projets/schoolsWP/04_Assets/02_Thumbnails/2025-05-02 – Apprendre-wordpress-guide-debutant-autonomie – Thumbnail Pinterest.jpg,MOVE,READY,02_PROJETS -> 01_Projets,image/jpeg,131978
12cdqnyAP2lvV5eDjaUWV3sh5HBNPf0xd,2025-05-17 – O2switch-avis-hebergeur-francais – Thumbnail Pinterest.jpg,02_PROJETS/schoolsWP/04_Assets/02_Thumbnails/2025-05-17 – O2switch-avis-hebergeur-francais – Thumbnail Pinterest.jpg,01_Projets/schoolsWP/04_Assets/02_Thumbnails/2025-05-17 – O2switch-avis-hebergeur-francais – Thumbnail Pinterest.jpg,MOVE,READY,02_PROJETS -> 01_Projets,image/jpeg,131535
12cFAJhy55L-QKvRghUjWyR4EC0hbozrI,2025-05-17 – O2switch-avis-hebergeur-francais-ultra-fiable – Thumbnail Pinterest.jpg,02_PROJETS/schoolsWP/04_Assets/02_Thumbnails/2025-05-17 – O2switch-avis-hebergeur-francais-ultra-fiable – Thumbnail Pinterest.jpg,01_Projets/schoolsWP/04_Assets/02_Thumbnails/2025-05-17 – O2switch-avis-hebergeur-francais-ultra-fiable – Thumbnail Pinterest.jpg,MOVE,READY,02_PROJETS -> 01_Projets,image/jpeg,132831
14AVECfrhS6u9xdQIyTJImyNeT4wihvZq,2025-05-24 – Code-promo-fluentcrm-offre-exclusive-schoolswp – Thumbnail Pinterest.jpg,02_PROJETS/schoolsWP/04_Assets/02_Thumbnails/2025-05-24 – Code-promo-fluentcrm-offre-exclusive-schoolswp – Thumbnail Pinterest.jpg,01_Projets/schoolsWP/04_Assets/02_Thumbnails/2025-05-24 – Code-promo-fluentcrm-offre-exclusive-schoolswp – Thumbnail Pinterest.jpg,MOVE,READY,02_PROJETS -> 01_Projets,image/jpeg,131266
147LGXFr_wpVRVCs7xRKjwi5zedS9rJTz,2025-05-24 – Code-promotionnel-fluentcrm-20-pourcent-schoolswp – Thumbnail Pinterest.jpg,02_PROJETS/schoolsWP/04_Assets/02_Thumbnails/2025-05-24 – Code-promotionnel-fluentcrm-20-pourcent-schoolswp – Thumbnail Pinterest.jpg,01_Projets/schoolsWP/04_Assets/02_Thumbnails/2025-05-24 – Code-promotionnel-fluentcrm-20-pourcent-schoolswp – Thumbnail Pinterest.jpg,MOVE,READY,02_PROJETS -> 01_Projets,image/jpeg,123712
1CBSYwGmbF8N3BEw1BM3MCyWc8YwlTW4r,2025-06-09 – Code-promo-rapyd-cloud-25-remise-wordpress – Thumbnail Pinterest.jpg,02_PROJETS/schoolsWP/04_Assets/02_Thumbnails/2025-06-09 – Code-promo-rapyd-cloud-25-remise-wordpress – Thumbnail Pinterest.jpg,01_Projets/schoolsWP/04_Assets/02_Thumbnails/2025-06-09 – Code-promo-rapyd-cloud-25-remise-wordpress – Thumbnail Pinterest.jpg,MOVE,READY,02_PROJETS -> 01_Projets,image/jpeg,147630
1-b3ZEmVQDFWC95ct0S_JFzLVWcIEJHQ2,2025-06-09 – Code-promo-rapyd-cloud-reduction-hebergement-wordpress – Thumbnail Pinterest.jpg,02_PROJETS/schoolsWP/04_Assets/02_Thumbnails/2025-06-09 – Code-promo-rapyd-cloud-reduction-hebergement-wordpress – Thumbnail Pinterest.jpg,01_Projets/schoolsWP/04_Assets/02_Thumbnails/2025-06-09 – Code-promo-rapyd-cloud-reduction-hebergement-wordpress – Thumbnail Pinterest.jpg,MOVE,READY,02_PROJETS -> 01_Projets,image/jpeg,148397
1aAGxnO7HdDvW3eIbyPVC5J5Zq1gCeX6g,2025-08-01 – Droip-alternative-wordpress-webflow-sans-plugin – Thumbnail Pinterest.jpg,02_PROJETS/schoolsWP/04_Assets/02_Thumbnails/2025-08-01 – Droip-alternative-wordpress-webflow-sans-plugin – Thumbnail Pinterest.jpg,01_Projets/schoolsWP/04_Assets/02_Thumbnails/2025-08-01 – Droip-alternative-wordpress-webflow-sans-plugin – Thumbnail Pinterest.jpg,MOVE,READY,02_PROJETS -> 01_Projets,image/jpeg,108080
1ky02djbNpORVCagvWt9xInrPfr-8LdJ7,2025-08-01 – Droip-avis-webflow-wordpress-sans-code – Thumbnail Pinterest.jpg,02_PROJETS/schoolsWP/04_Assets/02_Thumbnails/2025-08-01 – Droip-avis-webflow-wordpress-sans-code – Thumbnail Pinterest.jpg,01_Projets/schoolsWP/04_Assets/02_Thumbnails/2025-08-01 – Droip-avis-webflow-wordpress-sans-code – Thumbnail Pinterest.jpg,MOVE,READY,02_PROJETS -> 01_Projets,image/jpeg,108655
1ZexZdb7OejptY6usWE4xtYHubu0nBZqY,2025-01-16 – Latepoint-plugin-reservation-wordpress-intuitif-rapide – Thumbnail Pinterest.jpg,02_PROJETS/schoolsWP/04_Assets/02_Thumbnails/2025-01-16 – Latepoint-plugin-reservation-wordpress-intuitif-rapide – Thumbnail Pinterest.jpg,01_Projets/schoolsWP/04_Assets/02_Thumbnails/2025-01-16 – Latepoint-plugin-reservation-wordpress-intuitif-rapide – Thumbnail Pinterest.jpg,MOVE,READY,02_PROJETS -> 01_Projets,image/jpeg,122875
1ZcTpeWVJjMF9MrklF2ReFD5QCA3A8YQX,2025-01-16 – Latepoint-plugin-wordpress-reservation – Thumbnail Pinterest.jpg,02_PROJETS/schoolsWP/04_Assets/02_Thumbnails/2025-01-16 – Latepoint-plugin-wordpress-reservation – Thumbnail Pinterest.jpg,01_Projets/schoolsWP/04_Assets/02_Thumbnails/2025-01-16 – Latepoint-plugin-wordpress-reservation – Thumbnail Pinterest.jpg,MOVE,READY,02_PROJETS -> 01_Projets,image/jpeg,121633
15vFM3rX3Lc0_Ru5A6Jq25CtzwBf3yFd1,2024-11-11 – Sureforms-createur-formulaires-wordpress-ia – Thumbnail Pinterest.jpg,02_PROJETS/schoolsWP/04_Assets/02_Thumbnails/2024-11-11 – Sureforms-createur-formulaires-wordpress-ia – Thumbnail Pinterest.jpg,01_Projets/schoolsWP/04_Assets/02_Thumbnails/2024-11-11 – Sureforms-createur-formulaires-wordpress-ia – Thumbnail Pinterest.jpg,MOVE,READY,02_PROJETS -> 01_Projets,image/jpeg,108126
15wmVUIpppc-hi-E0-iz1XwOcLx5UncI8,2024-11-11 – Sureforms-plugin-formulaires-wordpress-ia-simple-puissant – Thumbnail Pinterest.jpg,02_PROJETS/schoolsWP/04_Assets/02_Thumbnails/2024-11-11 – Sureforms-plugin-formulaires-wordpress-ia-simple-puissant – Thumbnail Pinterest.jpg,01_Projets/schoolsWP/04_Assets/02_Thumbnails/2024-11-11 – Sureforms-plugin-formulaires-wordpress-ia-simple-puissant – Thumbnail Pinterest.jpg,MOVE,READY,02_PROJETS -> 01_Projets,image/jpeg,120520
10ggvz0l5P-ksXNoqzI9Bs_7XtWGUJY1Y,2024-10-26 – Local-by-flywheel-vs-xampp-installation-wordpress-local – Thumbnail Pinterest.jpg,02_PROJETS/schoolsWP/04_Assets/02_Thumbnails/2024-10-26 – Local-by-flywheel-vs-xampp-installation-wordpress-local – Thumbnail Pinterest.jpg,01_Projets/schoolsWP/04_Assets/02_Thumbnails/2024-10-26 – Local-by-flywheel-vs-xampp-installation-wordpress-local – Thumbnail Pinterest.jpg,MOVE,READY,02_PROJETS -> 01_Projets,image/jpeg,117703
10cPRazWwB2DZWQxQpGT1BnF-XEoPzSjR,2024-10-26 – Local-wp-local-by-flywheel-vs-xampp-pour-wordpress – Thumbnail Pinterest.jpg,02_PROJETS/schoolsWP/04_Assets/02_Thumbnails/2024-10-26 – Local-wp-local-by-flywheel-vs-xampp-pour-wordpress – Thumbnail Pinterest.jpg,01_Projets/schoolsWP/04_Assets/02_Thumbnails/2024-10-26 – Local-wp-local-by-flywheel-vs-xampp-pour-wordpress – Thumbnail Pinterest.jpg,MOVE,READY,02_PROJETS -> 01_Projets,image/jpeg,116364
1s2gwLL_cWBR7wnwhMlzrfwhCF-7PboLQ,2024-09-21 – Suretriggers-vs-zapier-outil-automatisation – Thumbnail Pinterest.jpg,02_PROJETS/schoolsWP/04_Assets/02_Thumbnails/2024-09-21 – Suretriggers-vs-zapier-outil-automatisation – Thumbnail Pinterest.jpg,01_Projets/schoolsWP/04_Assets/02_Thumbnails/2024-09-21 – Suretriggers-vs-zapier-outil-automatisation – Thumbnail Pinterest.jpg,MOVE,READY,02_PROJETS -> 01_Projets,image/jpeg,134246
1ry7NbQZCnDtEcfY7aDvKEMZYiIJBnhPc,2024-09-21 – Suretriggers-vs-zapier-meilleure-solution-automation – Thumbnail Pinterest.jpg,02_PROJETS/schoolsWP/04_Assets/02_Thumbnails/2024-09-21 – Suretriggers-vs-zapier-meilleure-solution-automation – Thumbnail Pinterest.jpg,01_Projets/schoolsWP/04_Assets/02_Thumbnails/2024-09-21 – Suretriggers-vs-zapier-meilleure-solution-automation – Thumbnail Pinterest.jpg,MOVE,READY,02_PROJETS -> 01_Projets,image/jpeg,137690
1b9jyMjPHoL87aPXRStg5RaEUCZOSBqz0,2024-07-13 – Comparatif-elementor-pro-vs-divi-builder – Thumbnail Pinterest.jpg,02_PROJETS/schoolsWP/04_Assets/02_Thumbnails/2024-07-13 – Comparatif-elementor-pro-vs-divi-builder – Thumbnail Pinterest.jpg,01_Projets/schoolsWP/04_Assets/02_Thumbnails/2024-07-13 – Comparatif-elementor-pro-vs-divi-builder – Thumbnail Pinterest.jpg,MOVE,READY,02_PROJETS -> 01_Projets,image/jpeg,118347
1b7Ppa0BT11cGzd8PrHWZgN-AXgnmDst-,2024-07-13 – Divi-builder-vs-elementor-pro-duel-extensions-wordpress – Thumbnail Pinterest.jpg,02_PROJETS/schoolsWP/04_Assets/02_Thumbnails/2024-07-13 – Divi-builder-vs-elementor-pro-duel-extensions-wordpress – Thumbnail Pinterest.jpg,01_Projets/schoolsWP/04_Assets/02_Thumbnails/2024-07-13 – Divi-builder-vs-elementor-pro-duel-extensions-wordpress – Thumbnail Pinterest.jpg,MOVE,READY,02_PROJETS -> 01_Projets,image/jpeg,122786
1VPXv9zNuuN46QcK1if_Fj0xwOeB0hT2F,2024-03-13 – Comparaison-fluentbooking-amelia-booking-wordpress – Thumbnail Pinterest.jpg,02_PROJETS/schoolsWP/04_Assets/02_Thumbnails/2024-03-13 – Comparaison-fluentbooking-amelia-booking-wordpress – Thumbnail Pinterest.jpg,01_Projets/schoolsWP/04_Assets/02_Thumbnails/2024-03-13 – Comparaison-fluentbooking-amelia-booking-wordpress – Thumbnail Pinterest.jpg,MOVE,READY,02_PROJETS -> 01_Projets,image/jpeg,128614
1VN8NYveHEbsW_id3XVXTTK4n1mgeaNy6,2024-03-13 – Fluentbooking-vs-amelia-booking-plugin-wordpress – Thumbnail Pinterest.jpg,02_PROJETS/schoolsWP/04_Assets/02_Thumbnails/2024-03-13 – Fluentbooking-vs-amelia-booking-plugin-wordpress – Thumbnail Pinterest.jpg,01_Projets/schoolsWP/04_Assets/02_Thumbnails/2024-03-13 – Fluentbooking-vs-amelia-booking-plugin-wordpress – Thumbnail Pinterest.jpg,MOVE,READY,02_PROJETS -> 01_Projets,image/jpeg,140039
14lYfG9vGVzyR10r2kxHVnAoCsN4s6Q8l,2024-11-07 – Erstellen-wordpress-website-ohne-installation-tastewp – Thumbnail Pinterest.jpg,02_PROJETS/schoolsWP/04_Assets/02_Thumbnails/2024-11-07 – Erstellen-wordpress-website-ohne-installation-tastewp – Thumbnail Pinterest.jpg,01_Projets/schoolsWP/04_Assets/02_Thumbnails/2024-11-07 – Erstellen-wordpress-website-ohne-installation-tastewp – Thumbnail Pinterest.jpg,MOVE,READY,02_PROJETS -> 01_Projets,image/jpeg,112777
14k5JEIGciW7vsufT6DFB8r7CwlaMM_M-,2024-11-07 – Tastewp-wordpress-website-einfach-erstellen – Thumbnail Pinterest.jpg,02_PROJETS/schoolsWP/04_Assets/02_Thumbnails/2024-11-07 – Tastewp-wordpress-website-einfach-erstellen – Thumbnail Pinterest.jpg,01_Projets/schoolsWP/04_Assets/02_Thumbnails/2024-11-07 – Tastewp-wordpress-website-einfach-erstellen – Thumbnail Pinterest.jpg,MOVE,READY,02_PROJETS -> 01_Projets,image/jpeg,124333
15MsCwqh3I94P4sgEZYULf6G7Yy4m3eI7,2024-11-09 – Seokey-essentielles-seo-plugin-wordpress – Thumbnail Pinterest.jpg,02_PROJETS/schoolsWP/04_Assets/02_Thumbnails/2024-11-09 – Seokey-essentielles-seo-plugin-wordpress – Thumbnail Pinterest.jpg,01_Projets/schoolsWP/04_Assets/02_Thumbnails/2024-11-09 – Seokey-essentielles-seo-plugin-wordpress – Thumbnail Pinterest.jpg,MOVE,READY,02_PROJETS -> 01_Projets,image/jpeg,106522
15O4EmH7TZdbHWLK_4MDLayRJMQ3NotcM,2024-11-09 – Seokey-seo-plugin-sichtbarkeit-wordpress-website – Thumbnail Pinterest.jpg,02_PROJETS/schoolsWP/04_Assets/02_Thumbnails/2024-11-09 – Seokey-seo-plugin-sichtbarkeit-wordpress-website – Thumbnail Pinterest.jpg,01_Projets/schoolsWP/04_Assets/02_Thumbnails/2024-11-09 – Seokey-seo-plugin-sichtbarkeit-wordpress-website – Thumbnail Pinterest.jpg,MOVE,READY,02_PROJETS -> 01_Projets,image/jpeg,120142
16BMbf-d4GgAPkWLHVeY1TgmBojHrKn0_,2024-11-12 – Linkuma-hochwertige-backlinks-netlinking-vereinfacht-7-euro – Thumbnail Pinterest.jpg,02_PROJETS/schoolsWP/04_Assets/02_Thumbnails/2024-11-12 – Linkuma-hochwertige-backlinks-netlinking-vereinfacht-7-euro – Thumbnail Pinterest.jpg,01_Projets/schoolsWP/04_Assets/02_Thumbnails/2024-11-12 – Linkuma-hochwertige-backlinks-netlinking-vereinfacht-7-euro – Thumbnail Pinterest.jpg,MOVE,READY,02_PROJETS -> 01_Projets,image/jpeg,118299
16FQZc88Sh3hVIXOItC7LEk5fs2_9d6Lv,2024-11-12 – Meinungen-ueber-linkuma-referenz-fuer-netlinking – Thumbnail Pinterest.jpg,02_PROJETS/schoolsWP/04_Assets/02_Thumbnails/2024-11-12 – Meinungen-ueber-linkuma-referenz-fuer-netlinking – Thumbnail Pinterest.jpg,01_Projets/schoolsWP/04_Assets/02_Thumbnails/2024-11-12 – Meinungen-ueber-linkuma-referenz-fuer-netlinking – Thumbnail Pinterest.jpg,MOVE,READY,02_PROJETS -> 01_Projets,image/jpeg,110030
1ClnkqSjsUfeBc5UfESRg9flO2EuTcR8D,2024-11-30 – Ein-slug-in-wordpress-optimieren – Thumbnail Pinterest.jpg,02_PROJETS/schoolsWP/04_Assets/02_Thumbnails/2024-11-30 – Ein-slug-in-wordpress-optimieren – Thumbnail Pinterest.jpg,01_Projets/schoolsWP/04_Assets/02_Thumbnails/2024-11-30 – Ein-slug-in-wordpress-optimieren – Thumbnail Pinterest.jpg,MOVE,READY,02_PROJETS -> 01_Projets,image/jpeg,120902
1CshxdOr2a93wrOZi5rmechRrydjZdkyK,2024-11-30 – Wordpress-slugs-seo-optimieren – Thumbnail Pinterest.jpg,02_PROJETS/schoolsWP/04_Assets/02_Thumbnails/2024-11-30 – Wordpress-slugs-seo-optimieren – Thumbnail Pinterest.jpg,01_Projets/schoolsWP/04_Assets/02_Thumbnails/2024-11-30 – Wordpress-slugs-seo-optimieren – Thumbnail Pinterest.jpg,MOVE,READY,02_PROJETS -> 01_Projets,image/jpeg,119975
1EY_85RvH8KdH_sPDbxRJp4YFC2fz0T3N,2024-12-05 – Suremembers-bestes-mitgliedschafts-plugin-wordpress – Thumbnail Pinterest.jpg,02_PROJETS/schoolsWP/04_Assets/02_Thumbnails/2024-12-05 – Suremembers-bestes-mitgliedschafts-plugin-wordpress – Thumbnail Pinterest.jpg,01_Projets/schoolsWP/04_Assets/02_Thumbnails/2024-12-05 – Suremembers-bestes-mitgliedschafts-plugin-wordpress – Thumbnail Pinterest.jpg,MOVE,READY,02_PROJETS -> 01_Projets,image/jpeg,127325
1E_VzOOHX9WHvXzg-iVjsPpB0bFNmstP5,2024-12-05 – Suremembers-wordpress-membership-plugin-verdiene-mehr – Thumbnail Pinterest.jpg,02_PROJETS/schoolsWP/04_Assets/02_Thumbnails/2024-12-05 – Suremembers-wordpress-membership-plugin-verdiene-mehr – Thumbnail Pinterest.jpg,01_Projets/schoolsWP/04_Assets/02_Thumbnails/2024-12-05 – Suremembers-wordpress-membership-plugin-verdiene-mehr – Thumbnail Pinterest.jpg,MOVE,READY,02_PROJETS -> 01_Projets,image/jpeg,116388
1GOI4HHnxk2z4DkdhSPIpAA70XQFg786q,2024-12-10 – Sureforms-wordpress-formular-ersteller – Thumbnail Pinterest.jpg,02_PROJETS/schoolsWP/04_Assets/02_Thumbnails/2024-12-10 – Sureforms-wordpress-formular-ersteller – Thumbnail Pinterest.jpg,01_Projets/schoolsWP/04_Assets/02_Thumbnails/2024-12-10 – Sureforms-wordpress-formular-ersteller – Thumbnail Pinterest.jpg,MOVE,READY,02_PROJETS -> 01_Projets,image/jpeg,125146
1GNeBTWMgxgzvjR64UdSkmFySEl8zdLhF,2024-12-10 – Sureforms-wordpress-ki-formular-plugin – Thumbnail Pinterest.jpg,02_PROJETS/schoolsWP/04_Assets/02_Thumbnails/2024-12-10 – Sureforms-wordpress-ki-formular-plugin – Thumbnail Pinterest.jpg,01_Projets/schoolsWP/04_Assets/02_Thumbnails/2024-12-10 – Sureforms-wordpress-ki-formular-plugin – Thumbnail Pinterest.jpg,MOVE,READY,02_PROJETS -> 01_Projets,image/jpeg,113475
1G0e_iOHyL_xDw2LJFC9HKsX4yfS4e6Y1,2024-12-09 – Erstellung-massgeschneiderte-wordpress-website-heben-sie-ab – Thumbnail Pinterest.jpg,02_PROJETS/schoolsWP/04_Assets/02_Thumbnails/2024-12-09 – Erstellung-massgeschneiderte-wordpress-website-heben-sie-ab – Thumbnail Pinterest.jpg,01_Projets/schoolsWP/04_Assets/02_Thumbnails/2024-12-09 – Erstellung-massgeschneiderte-wordpress-website-heben-sie-ab – Thumbnail Pinterest.jpg,MOVE,READY,02_PROJETS -> 01_Projets,image/jpeg,126924
1G0b_c-6WDEb1YKDa3zCONJS00C0npRER,2024-12-09 – Was ist die Erstellung einer maßgeschneiderten WordPress-Website und welche V... – Thumbnail Pinterest.jpg,02_PROJETS/schoolsWP/04_Assets/02_Thumbnails/2024-12-09 – Was ist die Erstellung einer maßgeschneiderten WordPress-Website und welche V... – Thumbnail Pinterest.jpg,01_Projets/schoolsWP/04_Assets/02_Thumbnails/2024-12-09 – Was ist die Erstellung einer maßgeschneiderten WordPress-Website und welche V... – Thumbnail Pinterest.jpg,MOVE,READY,02_PROJETS -> 01_Projets,image/jpeg,153507
1IKnNHunT-pYMvM0ShqBMirb-_-AqEol9,2024-12-10 – Was-ist-ein-wordpress-plugin-effektive-nutzung – Thumbnail Pinterest.jpg,02_PROJETS/schoolsWP/04_Assets/02_Thumbnails/2024-12-10 – Was-ist-ein-wordpress-plugin-effektive-nutzung – Thumbnail Pinterest.jpg,01_Projets/schoolsWP/04_Assets/02_Thumbnails/2024-12-10 – Was-ist-ein-wordpress-plugin-effektive-nutzung – Thumbnail Pinterest.jpg,MOVE,READY,02_PROJETS -> 01_Projets,image/jpeg,119574
1INUvgToXs_z7BsuX3pcia2fN-RKQq1se,2024-12-10 – Wordpress-plugins-transformieren-ohne-coden – Thumbnail Pinterest.jpg,02_PROJETS/schoolsWP/04_Assets/02_Thumbnails/2024-12-10 – Wordpress-plugins-transformieren-ohne-coden – Thumbnail Pinterest.jpg,01_Projets/schoolsWP/04_Assets/02_Thumbnails/2024-12-10 – Wordpress-plugins-transformieren-ohne-coden – Thumbnail Pinterest.jpg,MOVE,READY,02_PROJETS -> 01_Projets,image/jpeg,126706
1KCesT9xUU7CDFjn2ObPz0GjmmdZrhPhM,2024-12-16 – Wordpress-playground-online-testen – Thumbnail Pinterest.jpg,02_PROJETS/schoolsWP/04_Assets/02_Thumbnails/2024-12-16 – Wordpress-playground-online-testen – Thumbnail Pinterest.jpg,01_Projets/schoolsWP/04_Assets/02_Thumbnails/2024-12-16 – Wordpress-playground-online-testen – Thumbnail Pinterest.jpg,MOVE,READY,02_PROJETS -> 01_Projets,image/jpeg,125641
1LbI-sUdoTBDafe-AVVrsLz0ZCDa86Aa6,2024-12-20 – Wpboutik-e-commerce-wordpress-optimierung – Thumbnail Pinterest.jpg,02_PROJETS/schoolsWP/04_Assets/02_Thumbnails/2024-12-20 – Wpboutik-e-commerce-wordpress-optimierung – Thumbnail Pinterest.jpg,01_Projets/schoolsWP/04_Assets/02_Thumbnails/2024-12-20 – Wpboutik-e-commerce-wordpress-optimierung – Thumbnail Pinterest.jpg,MOVE,READY,02_PROJETS -> 01_Projets,image/jpeg,120346
1LaU4X7z_blngQo4s5kHEl2p5qwHwK8Tg,2024-12-20 – Wpboutik-online-handel-wordpress – Thumbnail Pinterest.jpg,02_PROJETS/schoolsWP/04_Assets/02_Thumbnails/2024-12-20 – Wpboutik-online-handel-wordpress – Thumbnail Pinterest.jpg,01_Projets/schoolsWP/04_Assets/02_Thumbnails/2024-12-20 – Wpboutik-online-handel-wordpress – Thumbnail Pinterest.jpg,MOVE,READY,02_PROJETS -> 01_Projets,image/jpeg,110688
1ODrdSdkhl8oP4FpQbAm-M7MtrGNiZfaw,2024-12-21 – Zipwp-wordpress-website-rekordzeit-ki – Thumbnail Pinterest.jpg,02_PROJETS/schoolsWP/04_Assets/02_Thumbnails/2024-12-21 – Zipwp-wordpress-website-rekordzeit-ki – Thumbnail Pinterest.jpg,01_Projets/schoolsWP/04_Assets/02_Thumbnails/2024-12-21 – Zipwp-wordpress-website-rekordzeit-ki – Thumbnail Pinterest.jpg,MOVE,READY,02_PROJETS -> 01_Projets,image/jpeg,112328
1O8u_c1mg_Nwup8xH9oDk70UGDqwOJEmq,2024-12-21 – Zipwp-revolution-wordpress-seiten-ki – Thumbnail Pinterest.jpg,02_PROJETS/schoolsWP/04_Assets/02_Thumbnails/2024-12-21 – Zipwp-revolution-wordpress-seiten-ki – Thumbnail Pinterest.jpg,01_Projets/schoolsWP/04_Assets/02_Thumbnails/2024-12-21 – Zipwp-revolution-wordpress-seiten-ki – Thumbnail Pinterest.jpg,MOVE,READY,02_PROJETS -> 01_Projets,image/jpeg,115626
1OdFsGfauJeWO9UFyg6dao05JHmBkrew0,2024-12-23 – Wp-marmite-pay-einfach-online-verkaufen-mit-stripe – Thumbnail Pinterest.jpg,02_PROJETS/schoolsWP/04_Assets/02_Thumbnails/2024-12-23 – Wp-marmite-pay-einfach-online-verkaufen-mit-stripe – Thumbnail Pinterest.jpg,01_Projets/schoolsWP/04_Assets/02_Thumbnails/2024-12-23 – Wp-marmite-pay-einfach-online-verkaufen-mit-stripe – Thumbnail Pinterest.jpg,MOVE,READY,02_PROJETS -> 01_Projets,image/jpeg,109665
1OgrXduXf3Q_Y9PTly9W8MvEUlz7wJ-lN,2024-12-23 – Wp-marmite-pay-vereinfacht-zahlungen-wordpress – Thumbnail Pinterest.jpg,02_PROJETS/schoolsWP/04_Assets/02_Thumbnails/2024-12-23 – Wp-marmite-pay-vereinfacht-zahlungen-wordpress – Thumbnail Pinterest.jpg,01_Projets/schoolsWP/04_Assets/02_Thumbnails/2024-12-23 – Wp-marmite-pay-vereinfacht-zahlungen-wordpress – Thumbnail Pinterest.jpg,MOVE,READY,02_PROJETS -> 01_Projets,image/jpeg,114599
1ReY35ynv3qXDbURk1sHGDOI9LjiKh0cl,2025-01-07 – Entdecken-sie-gutenberg-wordpress – Thumbnail Pinterest.jpg,02_PROJETS/schoolsWP/04_Assets/02_Thumbnails/2025-01-07 – Entdecken-sie-gutenberg-wordpress – Thumbnail Pinterest.jpg,01_Projets/schoolsWP/04_Assets/02_Thumbnails/2025-01-07 – Entdecken-sie-gutenberg-wordpress – Thumbnail Pinterest.jpg,MOVE,READY,02_PROJETS -> 01_Projets,image/jpeg,120848
1Rfwmv714hu8K1RXxHN-1kdk8l6rXzGZ0,2025-01-07 – Was-ist-gutenberg-wordpress – Thumbnail Pinterest.jpg,02_PROJETS/schoolsWP/04_Assets/02_Thumbnails/2025-01-07 – Was-ist-gutenberg-wordpress – Thumbnail Pinterest.jpg,01_Projets/schoolsWP/04_Assets/02_Thumbnails/2025-01-07 – Was-ist-gutenberg-wordpress – Thumbnail Pinterest.jpg,MOVE,READY,02_PROJETS -> 01_Projets,image/jpeg,99108
1RtGU7A25jaRcIBBywxmyM6OgEE-qWFBY,2025-01-07 – Wordpress-community-mit-fluentcommunity-erstellen – Thumbnail Pinterest.jpg,02_PROJETS/schoolsWP/04_Assets/02_Thumbnails/2025-01-07 – Wordpress-community-mit-fluentcommunity-erstellen – Thumbnail Pinterest.jpg,01_Projets/schoolsWP/04_Assets/02_Thumbnails/2025-01-07 – Wordpress-community-mit-fluentcommunity-erstellen – Thumbnail Pinterest.jpg,MOVE,READY,02_PROJETS -> 01_Projets,image/jpeg,111404
1RuVHtrJKJA3Pek6c4BjURcdY2p29e-n9,2025-01-07 – Wordpress-community-fluentcommunity-plugin – Thumbnail Pinterest.jpg,02_PROJETS/schoolsWP/04_Assets/02_Thumbnails/2025-01-07 – Wordpress-community-fluentcommunity-plugin – Thumbnail Pinterest.jpg,01_Projets/schoolsWP/04_Assets/02_Thumbnails/2025-01-07 – Wordpress-community-fluentcommunity-plugin – Thumbnail Pinterest.jpg,MOVE,READY,02_PROJETS -> 01_Projets,image/jpeg,117566
1UBSx9iRRC1j25-lg-sP0KiCG80d9TUTU,2025-01-09 – Wordpress-datenbank-bereinigen-guide-plugins – Thumbnail Pinterest.jpg,02_PROJETS/schoolsWP/04_Assets/02_Thumbnails/2025-01-09 – Wordpress-datenbank-bereinigen-guide-plugins – Thumbnail Pinterest.jpg,01_Projets/schoolsWP/04_Assets/02_Thumbnails/2025-01-09 – Wordpress-datenbank-bereinigen-guide-plugins – Thumbnail Pinterest.jpg,MOVE,READY,02_PROJETS -> 01_Projets,image/jpeg,123489
1U2Jqy5w3apHh1Y51Ncs80YiNwnFMHMCb,2025-01-09 – Wordpress-datenbank-bereinigen-anleitung-plugins – Thumbnail Pinterest.jpg,02_PROJETS/schoolsWP/04_Assets/02_Thumbnails/2025-01-09 – Wordpress-datenbank-bereinigen-anleitung-plugins – Thumbnail Pinterest.jpg,01_Projets/schoolsWP/04_Assets/02_Thumbnails/2025-01-09 – Wordpress-datenbank-bereinigen-anleitung-plugins – Thumbnail Pinterest.jpg,MOVE,READY,02_PROJETS -> 01_Projets,image/jpeg,127579
1Uc0V-MSZo2nttFu2pkxMSxn6eTIBtdYo,2025-01-10 – Thot-seo-semantisches-tool-google-dominieren – Thumbnail Pinterest.jpg,02_PROJETS/schoolsWP/04_Assets/02_Thumbnails/2025-01-10 – Thot-seo-semantisches-tool-google-dominieren – Thumbnail Pinterest.jpg,01_Projets/schoolsWP/04_Assets/02_Thumbnails/2025-01-10 – Thot-seo-semantisches-tool-google-dominieren – Thumbnail Pinterest.jpg,MOVE,READY,02_PROJETS -> 01_Projets,image/jpeg,110528
1UhPTsVFDqjjs5xyHuFDeNfXkC443I33l,2025-01-10 – Thot-seo-nr-1-tool-semantische-optimierung – Thumbnail Pinterest.jpg,02_PROJETS/schoolsWP/04_Assets/02_Thumbnails/2025-01-10 – Thot-seo-nr-1-tool-semantische-optimierung – Thumbnail Pinterest.jpg,01_Projets/schoolsWP/04_Assets/02_Thumbnails/2025-01-10 – Thot-seo-nr-1-tool-semantische-optimierung – Thumbnail Pinterest.jpg,MOVE,READY,02_PROJETS -> 01_Projets,image/jpeg,112125
1XqgdhNXLmN-WvbhpCAx1s3IYO825M2gR,2025-01-11 – Wp-umbrella-wordpress-agenturen-lieben – Thumbnail Pinterest.jpg,02_PROJETS/schoolsWP/04_Assets/02_Thumbnails/2025-01-11 – Wp-umbrella-wordpress-agenturen-lieben – Thumbnail Pinterest.jpg,01_Projets/schoolsWP/04_Assets/02_Thumbnails/2025-01-11 – Wp-umbrella-wordpress-agenturen-lieben – Thumbnail Pinterest.jpg,MOVE,READY,02_PROJETS -> 01_Projets,image/jpeg,120950
1Xm9EkELjgIO9hmbpXUBWFUI9vFJUTSDd,2025-01-11 – Wp-umbrella-wordpress-websites-verwalten – Thumbnail Pinterest.jpg,02_PROJETS/schoolsWP/04_Assets/02_Thumbnails/2025-01-11 – Wp-umbrella-wordpress-websites-verwalten – Thumbnail Pinterest.jpg,01_Projets/schoolsWP/04_Assets/02_Thumbnails/2025-01-11 – Wp-umbrella-wordpress-websites-verwalten – Thumbnail Pinterest.jpg,MOVE,READY,02_PROJETS -> 01_Projets,image/jpeg,131804
1ZEUPz5PruWcdlOtLbnZ-1RVhEZ82QRuL,2025-01-16 – Wishlist-member-wordpress-plugin – Thumbnail Pinterest.jpg,02_PROJETS/schoolsWP/04_Assets/02_Thumbnails/2025-01-16 – Wishlist-member-wordpress-plugin – Thumbnail Pinterest.jpg,01_Projets/schoolsWP/04_Assets/02_Thumbnails/2025-01-16 – Wishlist-member-wordpress-plugin – Thumbnail Pinterest.jpg,MOVE,READY,02_PROJETS -> 01_Projets,image/jpeg,113090
1Z8aI-txv24ZTFqEgvgNO3oiDNYanMilU,2025-01-16 – Wishlist-member-wordpress-plugin-mitgliederverwaltung – Thumbnail Pinterest.jpg,02_PROJETS/schoolsWP/04_Assets/02_Thumbnails/2025-01-16 – Wishlist-member-wordpress-plugin-mitgliederverwaltung – Thumbnail Pinterest.jpg,01_Projets/schoolsWP/04_Assets/02_Thumbnails/2025-01-16 – Wishlist-member-wordpress-plugin-mitgliederverwaltung – Thumbnail Pinterest.jpg,MOVE,READY,02_PROJETS -> 01_Projets,image/jpeg,125198
1cnWx0KY3-SIt3Ptc4qBVMY6upH7GhBlq,2025-02-03 – Wordpress-uebersetzung-plugin-seo-optimiert – Thumbnail Pinterest.jpg,02_PROJETS/schoolsWP/04_Assets/02_Thumbnails/2025-02-03 – Wordpress-uebersetzung-plugin-seo-optimiert – Thumbnail Pinterest.jpg,01_Projets/schoolsWP/04_Assets/02_Thumbnails/2025-02-03 – Wordpress-uebersetzung-plugin-seo-optimiert – Thumbnail Pinterest.jpg,MOVE,READY,02_PROJETS -> 01_Projets,image/jpeg,127391
1chlhe-ItEN5iqGmIiaosO6G-RW6L8pYw,2025-02-03 – Wordpress-uebersetzung-plugin-test – Thumbnail Pinterest.jpg,02_PROJETS/schoolsWP/04_Assets/02_Thumbnails/2025-02-03 – Wordpress-uebersetzung-plugin-test – Thumbnail Pinterest.jpg,01_Projets/schoolsWP/04_Assets/02_Thumbnails/2025-02-03 – Wordpress-uebersetzung-plugin-test – Thumbnail Pinterest.jpg,MOVE,READY,02_PROJETS -> 01_Projets,image/jpeg,124550
1gsheoOJl1SwnITf5SpnefNvuvwvBJ3B_,2025-02-16 – Skoatch-leistung-ki-redaktion – Thumbnail Pinterest.jpg,02_PROJETS/schoolsWP/04_Assets/02_Thumbnails/2025-02-16 – Skoatch-leistung-ki-redaktion – Thumbnail Pinterest.jpg,01_Projets/schoolsWP/04_Assets/02_Thumbnails/2025-02-16 – Skoatch-leistung-ki-redaktion – Thumbnail Pinterest.jpg,MOVE,READY,02_PROJETS -> 01_Projets,image/jpeg,113812
1gptqOnYj4TkryeRaeC8fZdlbqg6ckS2_,2025-02-16 – Skoatch-bewertungen-ki-seo-tool – Thumbnail Pinterest.jpg,02_PROJETS/schoolsWP/04_Assets/02_Thumbnails/2025-02-16 – Skoatch-bewertungen-ki-seo-tool – Thumbnail Pinterest.jpg,01_Projets/schoolsWP/04_Assets/02_Thumbnails/2025-02-16 – Skoatch-bewertungen-ki-seo-tool – Thumbnail Pinterest.jpg,MOVE,READY,02_PROJETS -> 01_Projets,image/jpeg,127227
1ikdp47I3tX4QsQHa5S73uPenxGA31tVN,2025-02-21 – Tutor-lms-beste-lms-loesung-wordpress – Thumbnail Pinterest.jpg,02_PROJETS/schoolsWP/04_Assets/02_Thumbnails/2025-02-21 – Tutor-lms-beste-lms-loesung-wordpress – Thumbnail Pinterest.jpg,01_Projets/schoolsWP/04_Assets/02_Thumbnails/2025-02-21 – Tutor-lms-beste-lms-loesung-wordpress – Thumbnail Pinterest.jpg,MOVE,READY,02_PROJETS -> 01_Projets,image/jpeg,129602
1iiB0PorYjeIbksB_7ZsUZ6atrxvKKKY9,2025-02-21 – Tutor-lms-bewertungen-wordpress-beste-loesung – Thumbnail Pinterest.jpg,02_PROJETS/schoolsWP/04_Assets/02_Thumbnails/2025-02-21 – Tutor-lms-bewertungen-wordpress-beste-loesung – Thumbnail Pinterest.jpg,01_Projets/schoolsWP/04_Assets/02_Thumbnails/2025-02-21 – Tutor-lms-bewertungen-wordpress-beste-loesung – Thumbnail Pinterest.jpg,MOVE,READY,02_PROJETS -> 01_Projets,image/jpeg,123246
1jnCIvx-rQc7YXz9lGaAaeTCkmrfsG4a7,2025-02-24 – Academy-lms-wordpress-plugin-online-kurse – Thumbnail Pinterest.jpg,02_PROJETS/schoolsWP/04_Assets/02_Thumbnails/2025-02-24 – Academy-lms-wordpress-plugin-online-kurse – Thumbnail Pinterest.jpg,01_Projets/schoolsWP/04_Assets/02_Thumbnails/2025-02-24 – Academy-lms-wordpress-plugin-online-kurse – Thumbnail Pinterest.jpg,MOVE,READY,02_PROJETS -> 01_Projets,image/jpeg,120759
1jntrcvIpJvrFvgpYdRS_P-IqONp019R8,2025-02-24 – Academy-lms-wordpress-online-akademie-starten – Thumbnail Pinterest.jpg,02_PROJETS/schoolsWP/04_Assets/02_Thumbnails/2025-02-24 – Academy-lms-wordpress-online-akademie-starten – Thumbnail Pinterest.jpg,01_Projets/schoolsWP/04_Assets/02_Thumbnails/2025-02-24 – Academy-lms-wordpress-online-akademie-starten – Thumbnail Pinterest.jpg,MOVE,READY,02_PROJETS -> 01_Projets,image/jpeg,133194
1k1WYX1WfUxNwTITzobRhOuXrL-7GLZYc,2025-02-27 – Wordpress-wartung-leitfaden-optimierung – Thumbnail Pinterest.jpg,02_PROJETS/schoolsWP/04_Assets/02_Thumbnails/2025-02-27 – Wordpress-wartung-leitfaden-optimierung – Thumbnail Pinterest.jpg,01_Projets/schoolsWP/04_Assets/02_Thumbnails/2025-02-27 – Wordpress-wartung-leitfaden-optimierung – Thumbnail Pinterest.jpg,MOVE,READY,02_PROJETS -> 01_Projets,image/jpeg,123109
1k280zfNMbD4P0fEkh1D6ncnvgJ8Ivt2c,2025-02-27 – Wordpress-wartung-sicherheit-leistung-optimierung – Thumbnail Pinterest.jpg,02_PROJETS/schoolsWP/04_Assets/02_Thumbnails/2025-02-27 – Wordpress-wartung-sicherheit-leistung-optimierung – Thumbnail Pinterest.jpg,01_Projets/schoolsWP/04_Assets/02_Thumbnails/2025-02-27 – Wordpress-wartung-sicherheit-leistung-optimierung – Thumbnail Pinterest.jpg,MOVE,READY,02_PROJETS -> 01_Projets,image/jpeg,122767
1kR_Yd_NDv_gjDWeqK9iHI5Ae_oADl5bm,2025-02-27 – Divi-builder-vs-elementor-pro-wordpress-vergleich – Thumbnail Pinterest.jpg,02_PROJETS/schoolsWP/04_Assets/02_Thumbnails/2025-02-27 – Divi-builder-vs-elementor-pro-wordpress-vergleich – Thumbnail Pinterest.jpg,01_Projets/schoolsWP/04_Assets/02_Thumbnails/2025-02-27 – Divi-builder-vs-elementor-pro-wordpress-vergleich – Thumbnail Pinterest.jpg,MOVE,READY,02_PROJETS -> 01_Projets,image/jpeg,124449
1kKfS9UgMsRWYBIUGh0QRAaYBCdyEpmU9,2025-02-27 – Divi-builder-vs-elementor-pro-welcher-besser – Thumbnail Pinterest.jpg,02_PROJETS/schoolsWP/04_Assets/02_Thumbnails/2025-02-27 – Divi-builder-vs-elementor-pro-welcher-besser – Thumbnail Pinterest.jpg,01_Projets/schoolsWP/04_Assets/02_Thumbnails/2025-02-27 – Divi-builder-vs-elementor-pro-welcher-besser – Thumbnail Pinterest.jpg,MOVE,READY,02_PROJETS -> 01_Projets,image/jpeg,127850
1ovY1Ov_BRqJzx0UnwQ4XJJOZgcexek7b,2025-03-10 – Surecart-ecommerce-wordpress-digitale-produkte – Thumbnail Pinterest.jpg,02_PROJETS/schoolsWP/04_Assets/02_Thumbnails/2025-03-10 – Surecart-ecommerce-wordpress-digitale-produkte – Thumbnail Pinterest.jpg,01_Projets/schoolsWP/04_Assets/02_Thumbnails/2025-03-10 – Surecart-ecommerce-wordpress-digitale-produkte – Thumbnail Pinterest.jpg,MOVE,READY,02_PROJETS -> 01_Projets,image/jpeg,122450
1ozi8lS2GdShkWhy6QqrJAsMtFFKPEnk-,2025-03-10 – Surecart-ecommerce-plugin-digitale-produkte-wordpress – Thumbnail Pinterest.jpg,02_PROJETS/schoolsWP/04_Assets/02_Thumbnails/2025-03-10 – Surecart-ecommerce-plugin-digitale-produkte-wordpress – Thumbnail Pinterest.jpg,01_Projets/schoolsWP/04_Assets/02_Thumbnails/2025-03-10 – Surecart-ecommerce-plugin-digitale-produkte-wordpress – Thumbnail Pinterest.jpg,MOVE,READY,02_PROJETS -> 01_Projets,image/jpeg,124739
1qLCyuslCY6yUiF4i6waw9rx0fzodI8pl,2025-03-12 – Link-finder-netlinking-guenstige-backlinks – Thumbnail Pinterest.jpg,02_PROJETS/schoolsWP/04_Assets/02_Thumbnails/2025-03-12 – Link-finder-netlinking-guenstige-backlinks – Thumbnail Pinterest.jpg,01_Projets/schoolsWP/04_Assets/02_Thumbnails/2025-03-12 – Link-finder-netlinking-guenstige-backlinks – Thumbnail Pinterest.jpg,MOVE,READY,02_PROJETS -> 01_Projets,image/jpeg,120766
1qLA_FPS-ab7RhGukHgaVTIwcHyoZabv7,2025-03-12 – Link-finder-netlinking-strategie-optimieren – Thumbnail Pinterest.jpg,02_PROJETS/schoolsWP/04_Assets/02_Thumbnails/2025-03-12 – Link-finder-netlinking-strategie-optimieren – Thumbnail Pinterest.jpg,01_Projets/schoolsWP/04_Assets/02_Thumbnails/2025-03-12 – Link-finder-netlinking-strategie-optimieren – Thumbnail Pinterest.jpg,MOVE,READY,02_PROJETS -> 01_Projets,image/jpeg,120519
1tInXblxhZCg2rt5xuANzU1q4o1q2LUnX,2025-03-27 – Rapyd-cloud-bewertungen-effizientes-hosting – Thumbnail Pinterest.jpg,02_PROJETS/schoolsWP/04_Assets/02_Thumbnails/2025-03-27 – Rapyd-cloud-bewertungen-effizientes-hosting – Thumbnail Pinterest.jpg,01_Projets/schoolsWP/04_Assets/02_Thumbnails/2025-03-27 – Rapyd-cloud-bewertungen-effizientes-hosting – Thumbnail Pinterest.jpg,MOVE,READY,02_PROJETS -> 01_Projets,image/jpeg,159597
1tJZV_8uvlUsFwE4IZTb7t6RXyU9hd0lu,2025-03-27 – Rapyd-cloud-wordpress-hosting-leistungsstark – Thumbnail Pinterest.jpg,02_PROJETS/schoolsWP/04_Assets/02_Thumbnails/2025-03-27 – Rapyd-cloud-wordpress-hosting-leistungsstark – Thumbnail Pinterest.jpg,01_Projets/schoolsWP/04_Assets/02_Thumbnails/2025-03-27 – Rapyd-cloud-wordpress-hosting-leistungsstark – Thumbnail Pinterest.jpg,MOVE,READY,02_PROJETS -> 01_Projets,image/jpeg,152429
1wHUAElavISYK7EJNkOPJX_17-m7suyDn,2025-04-10 – Crocoblock-tool-wordpress-elementor-boost – Thumbnail Pinterest.jpg,02_PROJETS/schoolsWP/04_Assets/02_Thumbnails/2025-04-10 – Crocoblock-tool-wordpress-elementor-boost – Thumbnail Pinterest.jpg,01_Projets/schoolsWP/04_Assets/02_Thumbnails/2025-04-10 – Crocoblock-tool-wordpress-elementor-boost – Thumbnail Pinterest.jpg,MOVE,READY,02_PROJETS -> 01_Projets,image/jpeg,119572
1wCdL3xpw1ahVY8pe3JYQ-7yaP3B2gGtr,2025-04-10 – Crocoblock-toolbox-wordpress-werkzeugkasten – Thumbnail Pinterest.jpg,02_PROJETS/schoolsWP/04_Assets/02_Thumbnails/2025-04-10 – Crocoblock-toolbox-wordpress-werkzeugkasten – Thumbnail Pinterest.jpg,01_Projets/schoolsWP/04_Assets/02_Thumbnails/2025-04-10 – Crocoblock-toolbox-wordpress-werkzeugkasten – Thumbnail Pinterest.jpg,MOVE,READY,02_PROJETS -> 01_Projets,image/jpeg,119546
1u1RKmIUL0qlaYtXMHOPTIhmRDi4ZfAO0,2025-03-31 – Link-whisper-bewertungen-seo-tool – Thumbnail Pinterest.jpg,02_PROJETS/schoolsWP/04_Assets/02_Thumbnails/2025-03-31 – Link-whisper-bewertungen-seo-tool – Thumbnail Pinterest.jpg,01_Projets/schoolsWP/04_Assets/02_Thumbnails/2025-03-31 – Link-whisper-bewertungen-seo-tool – Thumbnail Pinterest.jpg,MOVE,READY,02_PROJETS -> 01_Projets,image/jpeg,112404
1u4BM4NpE2viLbbaTIcwJl_CPW4hN-kkA,2025-03-31 – Linkwhisper-wordpress-plugin-interne-vernetzung – Thumbnail Pinterest.jpg,02_PROJETS/schoolsWP/04_Assets/02_Thumbnails/2025-03-31 – Linkwhisper-wordpress-plugin-interne-vernetzung – Thumbnail Pinterest.jpg,01_Projets/schoolsWP/04_Assets/02_Thumbnails/2025-03-31 – Linkwhisper-wordpress-plugin-interne-vernetzung – Thumbnail Pinterest.jpg,MOVE,READY,02_PROJETS -> 01_Projets,image/jpeg,125794
1vqVXepqoFfF1bnTdzlv4glxCnPugt_Z6,2025-04-05 – Wordpress-lokal-flywheel-vs-xampp-vergleich – Thumbnail Pinterest.jpg,02_PROJETS/schoolsWP/04_Assets/02_Thumbnails/2025-04-05 – Wordpress-lokal-flywheel-vs-xampp-vergleich – Thumbnail Pinterest.jpg,01_Projets/schoolsWP/04_Assets/02_Thumbnails/2025-04-05 – Wordpress-lokal-flywheel-vs-xampp-vergleich – Thumbnail Pinterest.jpg,MOVE,READY,02_PROJETS -> 01_Projets,image/jpeg,132025
1vv7qCyD4FhPnX0Lx6hCrXhonDZ_ZzL-t,2025-04-05 – Local-wp-wordpress-lokal-mit-xampp-oder-flywheel – Thumbnail Pinterest.jpg,02_PROJETS/schoolsWP/04_Assets/02_Thumbnails/2025-04-05 – Local-wp-wordpress-lokal-mit-xampp-oder-flywheel – Thumbnail Pinterest.jpg,01_Projets/schoolsWP/04_Assets/02_Thumbnails/2025-04-05 – Local-wp-wordpress-lokal-mit-xampp-oder-flywheel – Thumbnail Pinterest.jpg,MOVE,READY,02_PROJETS -> 01_Projets,image/jpeg,122715
1x8uLIydAx-50goIyBlh0MG6h-kIBacP3,2025-04-17 – Vergleich-wordpress-buchungsplugins-fluentbooking-amelia – Thumbnail Pinterest.jpg,02_PROJETS/schoolsWP/04_Assets/02_Thumbnails/2025-04-17 – Vergleich-wordpress-buchungsplugins-fluentbooking-amelia – Thumbnail Pinterest.jpg,01_Projets/schoolsWP/04_Assets/02_Thumbnails/2025-04-17 – Vergleich-wordpress-buchungsplugins-fluentbooking-amelia – Thumbnail Pinterest.jpg,MOVE,READY,02_PROJETS -> 01_Projets,image/jpeg,120191
1x2lktZn2x46P2_92R3_yMV4RwUxYy_vO,2025-04-17 – Fluentbooking-amelia-wordpress-reservierungsplugin-vergleich – Thumbnail Pinterest.jpg,02_PROJETS/schoolsWP/04_Assets/02_Thumbnails/2025-04-17 – Fluentbooking-amelia-wordpress-reservierungsplugin-vergleich – Thumbnail Pinterest.jpg,01_Projets/schoolsWP/04_Assets/02_Thumbnails/2025-04-17 – Fluentbooking-amelia-wordpress-reservierungsplugin-vergleich – Thumbnail Pinterest.jpg,MOVE,READY,02_PROJETS -> 01_Projets,image/jpeg,124681
1xUzO3_DM3q9RxqvibjvYNZ01NhLq0r9n,2025-04-17 – Top10-wordpress-uebersetzungsplugin-schnell-effektiv – Thumbnail Pinterest.jpg,02_PROJETS/schoolsWP/04_Assets/02_Thumbnails/2025-04-17 – Top10-wordpress-uebersetzungsplugin-schnell-effektiv – Thumbnail Pinterest.jpg,01_Projets/schoolsWP/04_Assets/02_Thumbnails/2025-04-17 – Top10-wordpress-uebersetzungsplugin-schnell-effektiv – Thumbnail Pinterest.jpg,MOVE,READY,02_PROJETS -> 01_Projets,image/jpeg,121385
1xRMLHc6HZ_w5BkoDBTS-Zpj4YbKvhQGj,2025-04-17 – Wordpress-uebersetzungsplugin-top10-globalisierung – Thumbnail Pinterest.jpg,02_PROJETS/schoolsWP/04_Assets/02_Thumbnails/2025-04-17 – Wordpress-uebersetzungsplugin-top10-globalisierung – Thumbnail Pinterest.jpg,01_Projets/schoolsWP/04_Assets/02_Thumbnails/2025-04-17 – Wordpress-uebersetzungsplugin-top10-globalisierung – Thumbnail Pinterest.jpg,MOVE,READY,02_PROJETS -> 01_Projets,image/jpeg,119925
1-Foh-Q6FEpWGFDI5nVv6lfLIaShnEFNF,2025-05-07 – Learndash-wordpress-lms-plugin – Thumbnail Pinterest.jpg,02_PROJETS/schoolsWP/04_Assets/02_Thumbnails/2025-05-07 – Learndash-wordpress-lms-plugin – Thumbnail Pinterest.jpg,01_Projets/schoolsWP/04_Assets/02_Thumbnails/2025-05-07 – Learndash-wordpress-lms-plugin – Thumbnail Pinterest.jpg,MOVE,READY,02_PROJETS -> 01_Projets,image/jpeg,138855
1-KinUiKw9vo6eXwJ5uyFFXnwdBfTlJLA,2025-05-07 – Learndash-wordpress-lms-online-schulungen – Thumbnail Pinterest.jpg,02_PROJETS/schoolsWP/04_Assets/02_Thumbnails/2025-05-07 – Learndash-wordpress-lms-online-schulungen – Thumbnail Pinterest.jpg,01_Projets/schoolsWP/04_Assets/02_Thumbnails/2025-05-07 – Learndash-wordpress-lms-online-schulungen – Thumbnail Pinterest.jpg,MOVE,READY,02_PROJETS -> 01_Projets,image/jpeg,131679
104LLGIZuOJfrdzI8C68hzxXDL9q83KvU,2025-05-08 – Buddyboss-uebersicht – Thumbnail Pinterest.jpg,02_PROJETS/schoolsWP/04_Assets/02_Thumbnails/2025-05-08 – Buddyboss-uebersicht – Thumbnail Pinterest.jpg,01_Projets/schoolsWP/04_Assets/02_Thumbnails/2025-05-08 – Buddyboss-uebersicht – Thumbnail Pinterest.jpg,MOVE,READY,02_PROJETS -> 01_Projets,image/jpeg,118200
1048ewc_x2fAbvb_ThnJuUNALqm23EOa9,2025-05-08 – Buddyboss-wordpress-community-kurse-starten – Thumbnail Pinterest.jpg,02_PROJETS/schoolsWP/04_Assets/02_Thumbnails/2025-05-08 – Buddyboss-wordpress-community-kurse-starten – Thumbnail Pinterest.jpg,01_Projets/schoolsWP/04_Assets/02_Thumbnails/2025-05-08 – Buddyboss-wordpress-community-kurse-starten – Thumbnail Pinterest.jpg,MOVE,READY,02_PROJETS -> 01_Projets,image/jpeg,126651
114ytsaHX6u3ntB1_3fGlVTbRB66oP-7g,2025-05-08 – Wordpress-multisite-guide-zentrale-verwaltung – Thumbnail Pinterest.jpg,02_PROJETS/schoolsWP/04_Assets/02_Thumbnails/2025-05-08 – Wordpress-multisite-guide-zentrale-verwaltung – Thumbnail Pinterest.jpg,01_Projets/schoolsWP/04_Assets/02_Thumbnails/2025-05-08 – Wordpress-multisite-guide-zentrale-verwaltung – Thumbnail Pinterest.jpg,MOVE,READY,02_PROJETS -> 01_Projets,image/jpeg,125355
113PRzVU8wzPDTDidd5adnfSz4mjP_bRY,2025-05-08 – Wordpress-multisite-mehrere-websites-clever-verwalten – Thumbnail Pinterest.jpg,02_PROJETS/schoolsWP/04_Assets/02_Thumbnails/2025-05-08 – Wordpress-multisite-mehrere-websites-clever-verwalten – Thumbnail Pinterest.jpg,01_Projets/schoolsWP/04_Assets/02_Thumbnails/2025-05-08 – Wordpress-multisite-mehrere-websites-clever-verwalten – Thumbnail Pinterest.jpg,MOVE,READY,02_PROJETS -> 01_Projets,image/jpeg,109426
1MwkHVw9gdKakOQ1Tz9AMUTsn8DgLLS6_,2025-06-05 – Webhosting-frankreich-o2switch-erfahrungen – Thumbnail Pinterest.jpg,02_PROJETS/schoolsWP/04_Assets/02_Thumbnails/2025-06-05 – Webhosting-frankreich-o2switch-erfahrungen – Thumbnail Pinterest.jpg,01_Projets/schoolsWP/04_Assets/02_Thumbnails/2025-06-05 – Webhosting-frankreich-o2switch-erfahrungen – Thumbnail Pinterest.jpg,MOVE,READY,02_PROJETS -> 01_Projets,image/jpeg,122542
1-PXHaPvFiAB4v5vjqvyp-R9lsGddgYft,2025-06-05 – O2switch-meinungen-webhosting-frankreich – Thumbnail Pinterest.jpg,02_PROJETS/schoolsWP/04_Assets/02_Thumbnails/2025-06-05 – O2switch-meinungen-webhosting-frankreich – Thumbnail Pinterest.jpg,01_Projets/schoolsWP/04_Assets/02_Thumbnails/2025-06-05 – O2switch-meinungen-webhosting-frankreich – Thumbnail Pinterest.jpg,MOVE,READY,02_PROJETS -> 01_Projets,image/jpeg,119428
1xXikGr0W_1eHM6vhL31kW5uulAZoTHCX,2025-06-05 – Fluentcrm-gutscheincode-20-prozent-schoolswp20 – Thumbnail Pinterest.jpg,02_PROJETS/schoolsWP/04_Assets/02_Thumbnails/2025-06-05 – Fluentcrm-gutscheincode-20-prozent-schoolswp20 – Thumbnail Pinterest.jpg,01_Projets/schoolsWP/04_Assets/02_Thumbnails/2025-06-05 – Fluentcrm-gutscheincode-20-prozent-schoolswp20 – Thumbnail Pinterest.jpg,MOVE,READY,02_PROJETS -> 01_Projets,image/jpeg,135443
1dR0gfzDUga2A13Gg1W6sWCEzQKBjNu8i,2025-06-05 – Fluentcrm-promo-code-20-percent-schoolswp20-wordpress – Thumbnail Pinterest.jpg,02_PROJETS/schoolsWP/04_Assets/02_Thumbnails/2025-06-05 – Fluentcrm-promo-code-20-percent-schoolswp20-wordpress – Thumbnail Pinterest.jpg,01_Projets/schoolsWP/04_Assets/02_Thumbnails/2025-06-05 – Fluentcrm-promo-code-20-percent-schoolswp20-wordpress – Thumbnail Pinterest.jpg,MOVE,READY,02_PROJETS -> 01_Projets,image/jpeg,136188
1_J-irdMENWftrgjpcGOf7kg_SSB9o_Hm,2025-06-16 – Rapyd-cloud-gutscheincode-wordpress-hosting-rabatt – Thumbnail Pinterest.jpg,02_PROJETS/schoolsWP/04_Assets/02_Thumbnails/2025-06-16 – Rapyd-cloud-gutscheincode-wordpress-hosting-rabatt – Thumbnail Pinterest.jpg,01_Projets/schoolsWP/04_Assets/02_Thumbnails/2025-06-16 – Rapyd-cloud-gutscheincode-wordpress-hosting-rabatt – Thumbnail Pinterest.jpg,MOVE,READY,02_PROJETS -> 01_Projets,image/jpeg,130101
1JhEWxwU452N-3b1scI3IuEm_WL4sST2N,2025-06-16 – Rapyd-cloud-gutschein-25-prozent-wordpress-hosting – Thumbnail Pinterest.jpg,02_PROJETS/schoolsWP/04_Assets/02_Thumbnails/2025-06-16 – Rapyd-cloud-gutschein-25-prozent-wordpress-hosting – Thumbnail Pinterest.jpg,01_Projets/schoolsWP/04_Assets/02_Thumbnails/2025-06-16 – Rapyd-cloud-gutschein-25-prozent-wordpress-hosting – Thumbnail Pinterest.jpg,MOVE,READY,02_PROJETS -> 01_Projets,image/jpeg,142622
1ONgupPBWuTnm0wcbupUoncKCmStsaXS5,2025-07-05 – Wordpress-lernen-ohne-vorkenntnisse-anleitung – Thumbnail Pinterest.jpg,02_PROJETS/schoolsWP/04_Assets/02_Thumbnails/2025-07-05 – Wordpress-lernen-ohne-vorkenntnisse-anleitung – Thumbnail Pinterest.jpg,01_Projets/schoolsWP/04_Assets/02_Thumbnails/2025-07-05 – Wordpress-lernen-ohne-vorkenntnisse-anleitung – Thumbnail Pinterest.jpg,MOVE,READY,02_PROJETS -> 01_Projets,image/jpeg,127023
1SAo7jcXAVzF4jsmI4_OMwz81O1CIHeJc,2025-07-05 – Wordpress-selbststaendig-lernen-leitfaden-anfaenger – Thumbnail Pinterest.jpg,02_PROJETS/schoolsWP/04_Assets/02_Thumbnails/2025-07-05 – Wordpress-selbststaendig-lernen-leitfaden-anfaenger – Thumbnail Pinterest.jpg,01_Projets/schoolsWP/04_Assets/02_Thumbnails/2025-07-05 – Wordpress-selbststaendig-lernen-leitfaden-anfaenger – Thumbnail Pinterest.jpg,MOVE,READY,02_PROJETS -> 01_Projets,image/jpeg,149750
1jbq7KsRrgFK7U0Nd6pNTfJnQ87ns7rss,2025-07-06 – Fluentcart-erfahrung-wordpress-ecommerce-plugin – Thumbnail Pinterest.jpg,02_PROJETS/schoolsWP/04_Assets/02_Thumbnails/2025-07-06 – Fluentcart-erfahrung-wordpress-ecommerce-plugin – Thumbnail Pinterest.jpg,01_Projets/schoolsWP/04_Assets/02_Thumbnails/2025-07-06 – Fluentcart-erfahrung-wordpress-ecommerce-plugin – Thumbnail Pinterest.jpg,MOVE,READY,02_PROJETS -> 01_Projets,image/jpeg,129364
1tGOtj5yy63tZPd9dKdcmvgBdcGGorI6v,2025-07-06 – Fluentcart-test-wordpress-shop-ecommerce-plugin – Thumbnail Pinterest.jpg,02_PROJETS/schoolsWP/04_Assets/02_Thumbnails/2025-07-06 – Fluentcart-test-wordpress-shop-ecommerce-plugin – Thumbnail Pinterest.jpg,01_Projets/schoolsWP/04_Assets/02_Thumbnails/2025-07-06 – Fluentcart-test-wordpress-shop-ecommerce-plugin – Thumbnail Pinterest.jpg,MOVE,READY,02_PROJETS -> 01_Projets,image/jpeg,137103
12uKiIWbncgNK-VQxWsezbirVf9TJpXaC,2025-07-26 – Copilhost-wordpress-hosting-schnell-sicher – Thumbnail Pinterest.jpg,02_PROJETS/schoolsWP/04_Assets/02_Thumbnails/2025-07-26 – Copilhost-wordpress-hosting-schnell-sicher – Thumbnail Pinterest.jpg,01_Projets/schoolsWP/04_Assets/02_Thumbnails/2025-07-26 – Copilhost-wordpress-hosting-schnell-sicher – Thumbnail Pinterest.jpg,MOVE,READY,02_PROJETS -> 01_Projets,image/jpeg,117312
1J54l_bipvrxIHHiadzY7LnaSmUm45RXd,2025-07-26 – Copilhost-hosting-sicher-schnell-wordpress – Thumbnail Pinterest.jpg,02_PROJETS/schoolsWP/04_Assets/02_Thumbnails/2025-07-26 – Copilhost-hosting-sicher-schnell-wordpress – Thumbnail Pinterest.jpg,01_Projets/schoolsWP/04_Assets/02_Thumbnails/2025-07-26 – Copilhost-hosting-sicher-schnell-wordpress – Thumbnail Pinterest.jpg,MOVE,READY,02_PROJETS -> 01_Projets,image/jpeg,128372
1pnWGm0IiwyAUNtLQvmeJBOXGak41Y3ip,2025-03-12 – Latepoint-wordpress-plugin-online-reservierung – Thumbnail Pinterest.jpg,02_PROJETS/schoolsWP/04_Assets/02_Thumbnails/2025-03-12 – Latepoint-wordpress-plugin-online-reservierung – Thumbnail Pinterest.jpg,01_Projets/schoolsWP/04_Assets/02_Thumbnails/2025-03-12 – Latepoint-wordpress-plugin-online-reservierung – Thumbnail Pinterest.jpg,MOVE,READY,02_PROJETS -> 01_Projets,image/jpeg,123518
1pjPgW7ZFXd0rCux30pIUUJU8k5KByuh6,2025-03-12 – Latepoint-schnelles-buchungs-plugin-wordpress – Thumbnail Pinterest.jpg,02_PROJETS/schoolsWP/04_Assets/02_Thumbnails/2025-03-12 – Latepoint-schnelles-buchungs-plugin-wordpress – Thumbnail Pinterest.jpg,01_Projets/schoolsWP/04_Assets/02_Thumbnails/2025-03-12 – Latepoint-schnelles-buchungs-plugin-wordpress – Thumbnail Pinterest.jpg,MOVE,READY,02_PROJETS -> 01_Projets,image/jpeg,124664
14QMNLKgd75pTv_VYWdF8KAjntCjlutft,2024-11-07 – Create-wordpress-site-without-installation-tastewp – Thumbnail Pinterest.jpg,02_PROJETS/schoolsWP/04_Assets/02_Thumbnails/2024-11-07 – Create-wordpress-site-without-installation-tastewp – Thumbnail Pinterest.jpg,01_Projets/schoolsWP/04_Assets/02_Thumbnails/2024-11-07 – Create-wordpress-site-without-installation-tastewp – Thumbnail Pinterest.jpg,MOVE,READY,02_PROJETS -> 01_Projets,image/jpeg,110815
14TqsPUGKCcV0kNieiX7paqS_kjVOUQ2J,2024-11-07 – Tastewp-discover-how-to-easily-create-wordpress-website – Thumbnail Pinterest.jpg,02_PROJETS/schoolsWP/04_Assets/02_Thumbnails/2024-11-07 – Tastewp-discover-how-to-easily-create-wordpress-website – Thumbnail Pinterest.jpg,01_Projets/schoolsWP/04_Assets/02_Thumbnails/2024-11-07 – Tastewp-discover-how-to-easily-create-wordpress-website – Thumbnail Pinterest.jpg,MOVE,READY,02_PROJETS -> 01_Projets,image/jpeg,114157
16o1Ho3GJ-uo-BLgbnF4UyqTRs5c8su_8,2024-11-12 – Linkuma-quality-backlinks-7-euro-netlinking-simplified – Thumbnail Pinterest.jpg,02_PROJETS/schoolsWP/04_Assets/02_Thumbnails/2024-11-12 – Linkuma-quality-backlinks-7-euro-netlinking-simplified – Thumbnail Pinterest.jpg,01_Projets/schoolsWP/04_Assets/02_Thumbnails/2024-11-12 – Linkuma-quality-backlinks-7-euro-netlinking-simplified – Thumbnail Pinterest.jpg,MOVE,READY,02_PROJETS -> 01_Projets,image/jpeg,110975
16ji72rzX2bZEonMCh4aMWcmEqT6uaZwT,2024-11-12 – Linkuma-gold-standard-netlinking-opinions-insights – Thumbnail Pinterest.jpg,02_PROJETS/schoolsWP/04_Assets/02_Thumbnails/2024-11-12 – Linkuma-gold-standard-netlinking-opinions-insights – Thumbnail Pinterest.jpg,01_Projets/schoolsWP/04_Assets/02_Thumbnails/2024-11-12 – Linkuma-gold-standard-netlinking-opinions-insights – Thumbnail Pinterest.jpg,MOVE,READY,02_PROJETS -> 01_Projets,image/jpeg,107145
1CFsy2alrcE52kExtBb7BV3jxYiz5jCbs,2024-11-30 – A-slug-in-wordpress-what-is-it-and-how-to-optimize – Thumbnail Pinterest.jpg,02_PROJETS/schoolsWP/04_Assets/02_Thumbnails/2024-11-30 – A-slug-in-wordpress-what-is-it-and-how-to-optimize – Thumbnail Pinterest.jpg,01_Projets/schoolsWP/04_Assets/02_Thumbnails/2024-11-30 – A-slug-in-wordpress-what-is-it-and-how-to-optimize – Thumbnail Pinterest.jpg,MOVE,READY,02_PROJETS -> 01_Projets,image/jpeg,112471
1CL3wxun5hY5BIGyo3vGWXteDVyz8va3B,2024-11-30 – Optimize-wordpress-slugs-boost-seo – Thumbnail Pinterest.jpg,02_PROJETS/schoolsWP/04_Assets/02_Thumbnails/2024-11-30 – Optimize-wordpress-slugs-boost-seo – Thumbnail Pinterest.jpg,01_Projets/schoolsWP/04_Assets/02_Thumbnails/2024-11-30 – Optimize-wordpress-slugs-boost-seo – Thumbnail Pinterest.jpg,MOVE,READY,02_PROJETS -> 01_Projets,image/jpeg,112615
1DabSzexgiikgyhfULsI5DhfigPPGxxzM,2024-12-03 – Suremembers-best-membership-plugin-wordpress – Thumbnail Pinterest.jpg,02_PROJETS/schoolsWP/04_Assets/02_Thumbnails/2024-12-03 – Suremembers-best-membership-plugin-wordpress – Thumbnail Pinterest.jpg,01_Projets/schoolsWP/04_Assets/02_Thumbnails/2024-12-03 – Suremembers-best-membership-plugin-wordpress – Thumbnail Pinterest.jpg,MOVE,READY,02_PROJETS -> 01_Projets,image/jpeg,120351
1Dd-5tREF4upUSY-zzatyrRbXuedDS7ha,2024-12-03 – Suremembers-wordpress-membership-plugin-earn-more – Thumbnail Pinterest.jpg,02_PROJETS/schoolsWP/04_Assets/02_Thumbnails/2024-12-03 – Suremembers-wordpress-membership-plugin-earn-more – Thumbnail Pinterest.jpg,01_Projets/schoolsWP/04_Assets/02_Thumbnails/2024-12-03 – Suremembers-wordpress-membership-plugin-earn-more – Thumbnail Pinterest.jpg,MOVE,READY,02_PROJETS -> 01_Projets,image/jpeg,114156
1H4zSXSqNY4SioQCFF4I8PfORbmPcJUgf,2024-12-10 – Bespoke-wordpress-site-seo-design – Thumbnail Pinterest.jpg,02_PROJETS/schoolsWP/04_Assets/02_Thumbnails/2024-12-10 – Bespoke-wordpress-site-seo-design – Thumbnail Pinterest.jpg,01_Projets/schoolsWP/04_Assets/02_Thumbnails/2024-12-10 – Bespoke-wordpress-site-seo-design – Thumbnail Pinterest.jpg,MOVE,READY,02_PROJETS -> 01_Projets,image/jpeg,121427
1GxxGauA-YYgbY6e5A72NA8tU1srF-0i2,2024-12-10 – Custom-wordpress-design-benefits – Thumbnail Pinterest.jpg,02_PROJETS/schoolsWP/04_Assets/02_Thumbnails/2024-12-10 – Custom-wordpress-design-benefits – Thumbnail Pinterest.jpg,01_Projets/schoolsWP/04_Assets/02_Thumbnails/2024-12-10 – Custom-wordpress-design-benefits – Thumbnail Pinterest.jpg,MOVE,READY,02_PROJETS -> 01_Projets,image/jpeg,126682
1HbGQKLGZpJgFkaNYuR7tZsANYiaLlrpB,2024-12-10 – What-is-wordpress-plugin-effective-use – Thumbnail Pinterest.jpg,02_PROJETS/schoolsWP/04_Assets/02_Thumbnails/2024-12-10 – What-is-wordpress-plugin-effective-use – Thumbnail Pinterest.jpg,01_Projets/schoolsWP/04_Assets/02_Thumbnails/2024-12-10 – What-is-wordpress-plugin-effective-use – Thumbnail Pinterest.jpg,MOVE,READY,02_PROJETS -> 01_Projets,image/jpeg,117415
1HbeijHtFvfRbQkGaTuLsDkTOrfssjmAe,2024-12-10 – Wordpress-plugins-transform-without-coding – Thumbnail Pinterest.jpg,02_PROJETS/schoolsWP/04_Assets/02_Thumbnails/2024-12-10 – Wordpress-plugins-transform-without-coding – Thumbnail Pinterest.jpg,01_Projets/schoolsWP/04_Assets/02_Thumbnails/2024-12-10 – Wordpress-plugins-transform-without-coding – Thumbnail Pinterest.jpg,MOVE,READY,02_PROJETS -> 01_Projets,image/jpeg,118224
1cUFQGd7RozbMIouNLo0f2CpwTh2QLb1V,2025-02-03 – Suremembers-vs-wishlist-members-wordpress-comparison – Thumbnail Pinterest.jpg,02_PROJETS/schoolsWP/04_Assets/02_Thumbnails/2025-02-03 – Suremembers-vs-wishlist-members-wordpress-comparison – Thumbnail Pinterest.jpg,01_Projets/schoolsWP/04_Assets/02_Thumbnails/2025-02-03 – Suremembers-vs-wishlist-members-wordpress-comparison – Thumbnail Pinterest.jpg,MOVE,READY,02_PROJETS -> 01_Projets,image/jpeg,128819
1cQXFXKQ39sQ3GdoZ_zVBU3ay6yxbosiD,2025-02-03 – Suremembers-vs-wishlist-members-wordpress-plugin-comparison – Thumbnail Pinterest.jpg,02_PROJETS/schoolsWP/04_Assets/02_Thumbnails/2025-02-03 – Suremembers-vs-wishlist-members-wordpress-plugin-comparison – Thumbnail Pinterest.jpg,01_Projets/schoolsWP/04_Assets/02_Thumbnails/2025-02-03 – Suremembers-vs-wishlist-members-wordpress-plugin-comparison – Thumbnail Pinterest.jpg,MOVE,READY,02_PROJETS -> 01_Projets,image/jpeg,125446
1MJSmCrB09qawNRmEBeM-4RG8T3LvXoKy,2024-12-20 – Wpboutik-boost-wordpress-ecommerce-ease – Thumbnail Pinterest.jpg,02_PROJETS/schoolsWP/04_Assets/02_Thumbnails/2024-12-20 – Wpboutik-boost-wordpress-ecommerce-ease – Thumbnail Pinterest.jpg,01_Projets/schoolsWP/04_Assets/02_Thumbnails/2024-12-20 – Wpboutik-boost-wordpress-ecommerce-ease – Thumbnail Pinterest.jpg,MOVE,READY,02_PROJETS -> 01_Projets,image/jpeg,111063
1MGNM48e2YxjF5ac9FzV_oP4ea0ewdbti,2024-12-20 – Wpboutik-reinvents-ecommerce-wordpress – Thumbnail Pinterest.jpg,02_PROJETS/schoolsWP/04_Assets/02_Thumbnails/2024-12-20 – Wpboutik-reinvents-ecommerce-wordpress – Thumbnail Pinterest.jpg,01_Projets/schoolsWP/04_Assets/02_Thumbnails/2024-12-20 – Wpboutik-reinvents-ecommerce-wordpress – Thumbnail Pinterest.jpg,MOVE,READY,02_PROJETS -> 01_Projets,image/jpeg,106839
1NrL9MmvM95XBE_ckIGOJrw4ntk9slIMb,2024-12-20 – Zipwp-create-wordpress-site-fast-ai – Thumbnail Pinterest.jpg,02_PROJETS/schoolsWP/04_Assets/02_Thumbnails/2024-12-20 – Zipwp-create-wordpress-site-fast-ai – Thumbnail Pinterest.jpg,01_Projets/schoolsWP/04_Assets/02_Thumbnails/2024-12-20 – Zipwp-create-wordpress-site-fast-ai – Thumbnail Pinterest.jpg,MOVE,READY,02_PROJETS -> 01_Projets,image/jpeg,115629
1Noc-VlFbVdMOkx-ePcnNcRU3TC9T0NWH,2024-12-20 – Zipwp-revolutionize-wordpress-site-ai – Thumbnail Pinterest.jpg,02_PROJETS/schoolsWP/04_Assets/02_Thumbnails/2024-12-20 – Zipwp-revolutionize-wordpress-site-ai – Thumbnail Pinterest.jpg,01_Projets/schoolsWP/04_Assets/02_Thumbnails/2024-12-20 – Zipwp-revolutionize-wordpress-site-ai – Thumbnail Pinterest.jpg,MOVE,READY,02_PROJETS -> 01_Projets,image/jpeg,115034
1OUVI_sp6FR2bqaJm7gRvba6spa8fjA-b,2024-12-23 – Wp-marmite-pay-easy-online-sales-stripe – Thumbnail Pinterest.jpg,02_PROJETS/schoolsWP/04_Assets/02_Thumbnails/2024-12-23 – Wp-marmite-pay-easy-online-sales-stripe – Thumbnail Pinterest.jpg,01_Projets/schoolsWP/04_Assets/02_Thumbnails/2024-12-23 – Wp-marmite-pay-easy-online-sales-stripe – Thumbnail Pinterest.jpg,MOVE,READY,02_PROJETS -> 01_Projets,image/jpeg,107117
1OVRpDl5O7RSKv19xhO-66xDDOEnrSYzI,2024-12-23 – Wpmarmite-pay-simplifies-payments-wordpress – Thumbnail Pinterest.jpg,02_PROJETS/schoolsWP/04_Assets/02_Thumbnails/2024-12-23 – Wpmarmite-pay-simplifies-payments-wordpress – Thumbnail Pinterest.jpg,01_Projets/schoolsWP/04_Assets/02_Thumbnails/2024-12-23 – Wpmarmite-pay-simplifies-payments-wordpress – Thumbnail Pinterest.jpg,MOVE,READY,02_PROJETS -> 01_Projets,image/jpeg,111157
1QSzkS7iMCBAAnlyIeH6oga037rHI9QBi,2025-01-07 – Discover-gutenberg-wordpress-editor – Thumbnail Pinterest.jpg,02_PROJETS/schoolsWP/04_Assets/02_Thumbnails/2025-01-07 – Discover-gutenberg-wordpress-editor – Thumbnail Pinterest.jpg,01_Projets/schoolsWP/04_Assets/02_Thumbnails/2025-01-07 – Discover-gutenberg-wordpress-editor – Thumbnail Pinterest.jpg,MOVE,READY,02_PROJETS -> 01_Projets,image/jpeg,127650
1QQNUukqQwXJFJksIisvHazT4qn6cKBq-,2025-01-07 – What-is-gutenberg-wordpress – Thumbnail Pinterest.jpg,02_PROJETS/schoolsWP/04_Assets/02_Thumbnails/2025-01-07 – What-is-gutenberg-wordpress – Thumbnail Pinterest.jpg,01_Projets/schoolsWP/04_Assets/02_Thumbnails/2025-01-07 – What-is-gutenberg-wordpress – Thumbnail Pinterest.jpg,MOVE,READY,02_PROJETS -> 01_Projets,image/jpeg,98281
1SbRXIpqQ19b37MoWxYqzMFFeRE0nzKqr,2025-01-07 – Create-wordpress-community-fluentcommunity – Thumbnail Pinterest.jpg,02_PROJETS/schoolsWP/04_Assets/02_Thumbnails/2025-01-07 – Create-wordpress-community-fluentcommunity – Thumbnail Pinterest.jpg,01_Projets/schoolsWP/04_Assets/02_Thumbnails/2025-01-07 – Create-wordpress-community-fluentcommunity – Thumbnail Pinterest.jpg,MOVE,READY,02_PROJETS -> 01_Projets,image/jpeg,105491
1SaVhCfe3x0WUXMoDHBjEy37aAdMKrHw8,2025-01-07 – Fluentcommunity-plugin-build-wordpress-community – Thumbnail Pinterest.jpg,02_PROJETS/schoolsWP/04_Assets/02_Thumbnails/2025-01-07 – Fluentcommunity-plugin-build-wordpress-community – Thumbnail Pinterest.jpg,01_Projets/schoolsWP/04_Assets/02_Thumbnails/2025-01-07 – Fluentcommunity-plugin-build-wordpress-community – Thumbnail Pinterest.jpg,MOVE,READY,02_PROJETS -> 01_Projets,image/jpeg,109194
1V2cyeBewQS12YOklmKUSJc3SrfAS85w4,2025-01-10 – Thot-seo-semantic-tool-dominating-google – Thumbnail Pinterest.jpg,02_PROJETS/schoolsWP/04_Assets/02_Thumbnails/2025-01-10 – Thot-seo-semantic-tool-dominating-google – Thumbnail Pinterest.jpg,01_Projets/schoolsWP/04_Assets/02_Thumbnails/2025-01-10 – Thot-seo-semantic-tool-dominating-google – Thumbnail Pinterest.jpg,MOVE,READY,02_PROJETS -> 01_Projets,image/jpeg,104798
1Uyg0ogM7Slo6avSEkw2ubbQX0WwAw4_U,2025-01-10 – Why-thot-seo-best-semantic-optimization-tool – Thumbnail Pinterest.jpg,02_PROJETS/schoolsWP/04_Assets/02_Thumbnails/2025-01-10 – Why-thot-seo-best-semantic-optimization-tool – Thumbnail Pinterest.jpg,01_Projets/schoolsWP/04_Assets/02_Thumbnails/2025-01-10 – Why-thot-seo-best-semantic-optimization-tool – Thumbnail Pinterest.jpg,MOVE,READY,02_PROJETS -> 01_Projets,image/jpeg,103548
1VNCiUDtD70meg0Sg8sxakz29hkIzdn5p,2025-01-10 – Clean-wordpress-database-guide-plugins – Thumbnail Pinterest.jpg,02_PROJETS/schoolsWP/04_Assets/02_Thumbnails/2025-01-10 – Clean-wordpress-database-guide-plugins – Thumbnail Pinterest.jpg,01_Projets/schoolsWP/04_Assets/02_Thumbnails/2025-01-10 – Clean-wordpress-database-guide-plugins – Thumbnail Pinterest.jpg,MOVE,READY,02_PROJETS -> 01_Projets,image/jpeg,118342
1VLNeTKsEE4r7z1QK5jXV42oL-4303UuY,2025-01-10 – Clean-wordpress-database-plugins-guide – Thumbnail Pinterest.jpg,02_PROJETS/schoolsWP/04_Assets/02_Thumbnails/2025-01-10 – Clean-wordpress-database-plugins-guide – Thumbnail Pinterest.jpg,01_Projets/schoolsWP/04_Assets/02_Thumbnails/2025-01-10 – Clean-wordpress-database-plugins-guide – Thumbnail Pinterest.jpg,MOVE,READY,02_PROJETS -> 01_Projets,image/jpeg,117955
1X9icYWVqpxNUISqzK8Ccqoz754M-gbC6,2025-01-11 – Wp-umbrella-easily-manage-wordpress-websites – Thumbnail Pinterest.jpg,02_PROJETS/schoolsWP/04_Assets/02_Thumbnails/2025-01-11 – Wp-umbrella-easily-manage-wordpress-websites – Thumbnail Pinterest.jpg,01_Projets/schoolsWP/04_Assets/02_Thumbnails/2025-01-11 – Wp-umbrella-easily-manage-wordpress-websites – Thumbnail Pinterest.jpg,MOVE,READY,02_PROJETS -> 01_Projets,image/jpeg,121343
1X9sjfhn6XNYo8fy9Jf9lrH2YUm2BUxQ1,2025-01-11 – Wp-umbrella-why-wordpress-agencies-love-it – Thumbnail Pinterest.jpg,02_PROJETS/schoolsWP/04_Assets/02_Thumbnails/2025-01-11 – Wp-umbrella-why-wordpress-agencies-love-it – Thumbnail Pinterest.jpg,01_Projets/schoolsWP/04_Assets/02_Thumbnails/2025-01-11 – Wp-umbrella-why-wordpress-agencies-love-it – Thumbnail Pinterest.jpg,MOVE,READY,02_PROJETS -> 01_Projets,image/jpeg,116474
1Z2zVv0qgckiz-dwSXZsqzskT0wuxn5TM,2025-01-16 – Wishlist-member-guide-wordpress-plugin – Thumbnail Pinterest.jpg,02_PROJETS/schoolsWP/04_Assets/02_Thumbnails/2025-01-16 – Wishlist-member-guide-wordpress-plugin – Thumbnail Pinterest.jpg,01_Projets/schoolsWP/04_Assets/02_Thumbnails/2025-01-16 – Wishlist-member-guide-wordpress-plugin – Thumbnail Pinterest.jpg,MOVE,READY,02_PROJETS -> 01_Projets,image/jpeg,125907
1Yox_R73UX5NMCh2WQHhFjTgc48ixIHcF,2025-01-16 – Wishlist-member-successful-wordpress-membership-plugin – Thumbnail Pinterest.jpg,02_PROJETS/schoolsWP/04_Assets/02_Thumbnails/2025-01-16 – Wishlist-member-successful-wordpress-membership-plugin – Thumbnail Pinterest.jpg,01_Projets/schoolsWP/04_Assets/02_Thumbnails/2025-01-16 – Wishlist-member-successful-wordpress-membership-plugin – Thumbnail Pinterest.jpg,MOVE,READY,02_PROJETS -> 01_Projets,image/jpeg,117763
1g_5cn51Ymwy0m2Cn75ck5oieCAabOJo6,2025-02-16 – Skoatch-ai-seo-content-tool – Thumbnail Pinterest.jpg,02_PROJETS/schoolsWP/04_Assets/02_Thumbnails/2025-02-16 – Skoatch-ai-seo-content-tool – Thumbnail Pinterest.jpg,01_Projets/schoolsWP/04_Assets/02_Thumbnails/2025-02-16 – Skoatch-ai-seo-content-tool – Thumbnail Pinterest.jpg,MOVE,READY,02_PROJETS -> 01_Projets,image/jpeg,114469
1gaiuo3J7Q9f6YrXowa_Ubd9KbNwjnYY7,2025-02-16 – Skoatch-ai-seo-content-editing – Thumbnail Pinterest.jpg,02_PROJETS/schoolsWP/04_Assets/02_Thumbnails/2025-02-16 – Skoatch-ai-seo-content-editing – Thumbnail Pinterest.jpg,01_Projets/schoolsWP/04_Assets/02_Thumbnails/2025-02-16 – Skoatch-ai-seo-content-editing – Thumbnail Pinterest.jpg,MOVE,READY,02_PROJETS -> 01_Projets,image/jpeg,115904
1cYxY8hSDqjQ5RCO0KnguZbvgu1WmgMub,2025-02-03 – Latepoint-wordpress-plugin-online-booking – Thumbnail Pinterest.jpg,02_PROJETS/schoolsWP/04_Assets/02_Thumbnails/2025-02-03 – Latepoint-wordpress-plugin-online-booking – Thumbnail Pinterest.jpg,01_Projets/schoolsWP/04_Assets/02_Thumbnails/2025-02-03 – Latepoint-wordpress-plugin-online-booking – Thumbnail Pinterest.jpg,MOVE,READY,02_PROJETS -> 01_Projets,image/jpeg,115805
1c_H1f-05DKWexs7rMxA5wNcd8eWTR0gZ,2025-02-03 – Latepoint-plugin-wordpress-booking – Thumbnail Pinterest.jpg,02_PROJETS/schoolsWP/04_Assets/02_Thumbnails/2025-02-03 – Latepoint-plugin-wordpress-booking – Thumbnail Pinterest.jpg,01_Projets/schoolsWP/04_Assets/02_Thumbnails/2025-02-03 – Latepoint-plugin-wordpress-booking – Thumbnail Pinterest.jpg,MOVE,READY,02_PROJETS -> 01_Projets,image/jpeg,117870
1c3LCC1Bhof62oeSlg0_S-OJ0Ex1K_yjQ,2025-01-31 – Seo-wordpress-traduire-sans-migraine – Thumbnail Pinterest.jpg,02_PROJETS/schoolsWP/04_Assets/02_Thumbnails/2025-01-31 – Seo-wordpress-traduire-sans-migraine – Thumbnail Pinterest.jpg,01_Projets/schoolsWP/04_Assets/02_Thumbnails/2025-01-31 – Seo-wordpress-traduire-sans-migraine – Thumbnail Pinterest.jpg,MOVE,READY,02_PROJETS -> 01_Projets,image/jpeg,133680
1c3hsYQRhe4m7Z07BYqV496ib06RodSQa,2025-01-31 – Testing-wordpress-traduire-sans-migraine – Thumbnail Pinterest.jpg,02_PROJETS/schoolsWP/04_Assets/02_Thumbnails/2025-01-31 – Testing-wordpress-traduire-sans-migraine – Thumbnail Pinterest.jpg,01_Projets/schoolsWP/04_Assets/02_Thumbnails/2025-01-31 – Testing-wordpress-traduire-sans-migraine – Thumbnail Pinterest.jpg,MOVE,READY,02_PROJETS -> 01_Projets,image/jpeg,130525
1iPkdWi7qNL8vrMow2WC2FYrO39WWUsVS,2025-02-19 – Tutor-lms-review-wordpress-lms-plugin – Thumbnail Pinterest.jpg,02_PROJETS/schoolsWP/04_Assets/02_Thumbnails/2025-02-19 – Tutor-lms-review-wordpress-lms-plugin – Thumbnail Pinterest.jpg,01_Projets/schoolsWP/04_Assets/02_Thumbnails/2025-02-19 – Tutor-lms-review-wordpress-lms-plugin – Thumbnail Pinterest.jpg,MOVE,READY,02_PROJETS -> 01_Projets,image/jpeg,121508
1iNweILv1doycqc7hvlOFsuqZj0xdtzMZ,2025-02-19 – Tutor-lms-review-wordpress-best-lms – Thumbnail Pinterest.jpg,02_PROJETS/schoolsWP/04_Assets/02_Thumbnails/2025-02-19 – Tutor-lms-review-wordpress-best-lms – Thumbnail Pinterest.jpg,01_Projets/schoolsWP/04_Assets/02_Thumbnails/2025-02-19 – Tutor-lms-review-wordpress-best-lms – Thumbnail Pinterest.jpg,MOVE,READY,02_PROJETS -> 01_Projets,image/jpeg,111262
1jdQmU1aBkLCylgqjiV-8XP6SsaZZouAl,2025-02-22 – Academy-lms-wordpress-launch-online-academy – Thumbnail Pinterest.jpg,02_PROJETS/schoolsWP/04_Assets/02_Thumbnails/2025-02-22 – Academy-lms-wordpress-launch-online-academy – Thumbnail Pinterest.jpg,01_Projets/schoolsWP/04_Assets/02_Thumbnails/2025-02-22 – Academy-lms-wordpress-launch-online-academy – Thumbnail Pinterest.jpg,MOVE,READY,02_PROJETS -> 01_Projets,image/jpeg,121727
1jdrZUjvdc_TWZ2He0V0dQ-q2KiAXXLz9,2025-02-22 – Academy-lms-wordpress-plugin-overview – Thumbnail Pinterest.jpg,02_PROJETS/schoolsWP/04_Assets/02_Thumbnails/2025-02-22 – Academy-lms-wordpress-plugin-overview – Thumbnail Pinterest.jpg,01_Projets/schoolsWP/04_Assets/02_Thumbnails/2025-02-22 – Academy-lms-wordpress-plugin-overview – Thumbnail Pinterest.jpg,MOVE,READY,02_PROJETS -> 01_Projets,image/jpeg,121999
1l7sQhgBHz3v1O3BTs9f8UMT58JXXs70P,2025-02-27 – Divi-builder-vs-elementor-pro-wordpress-comparison – Thumbnail Pinterest.jpg,02_PROJETS/schoolsWP/04_Assets/02_Thumbnails/2025-02-27 – Divi-builder-vs-elementor-pro-wordpress-comparison – Thumbnail Pinterest.jpg,01_Projets/schoolsWP/04_Assets/02_Thumbnails/2025-02-27 – Divi-builder-vs-elementor-pro-wordpress-comparison – Thumbnail Pinterest.jpg,MOVE,READY,02_PROJETS -> 01_Projets,image/jpeg,137047
1l1QDHv_qYWT8mWEuB3f2kzaExuEVKmah,2025-02-27 – Divi-builder-vs-elementor-pro-best-page-builder – Thumbnail Pinterest.jpg,02_PROJETS/schoolsWP/04_Assets/02_Thumbnails/2025-02-27 – Divi-builder-vs-elementor-pro-best-page-builder – Thumbnail Pinterest.jpg,01_Projets/schoolsWP/04_Assets/02_Thumbnails/2025-02-27 – Divi-builder-vs-elementor-pro-best-page-builder – Thumbnail Pinterest.jpg,MOVE,READY,02_PROJETS -> 01_Projets,image/jpeg,125696
1nbs_sWhCpZwZLSP0GZnPjxJLm-YwuTwV,2025-03-09 – Surecart-digital-sales-wordpress – Thumbnail Pinterest.jpg,02_PROJETS/schoolsWP/04_Assets/02_Thumbnails/2025-03-09 – Surecart-digital-sales-wordpress – Thumbnail Pinterest.jpg,01_Projets/schoolsWP/04_Assets/02_Thumbnails/2025-03-09 – Surecart-digital-sales-wordpress – Thumbnail Pinterest.jpg,MOVE,READY,02_PROJETS -> 01_Projets,image/jpeg,118724
1n__3wmkQbNELSUCyw4lY-NnfE6NnV9C8,2025-03-09 – Surecart-ecommerce-plugin-digital-products – Thumbnail Pinterest.jpg,02_PROJETS/schoolsWP/04_Assets/02_Thumbnails/2025-03-09 – Surecart-ecommerce-plugin-digital-products – Thumbnail Pinterest.jpg,01_Projets/schoolsWP/04_Assets/02_Thumbnails/2025-03-09 – Surecart-ecommerce-plugin-digital-products – Thumbnail Pinterest.jpg,MOVE,READY,02_PROJETS -> 01_Projets,image/jpeg,122028
1nng4wBaycCp_bStoig1nmhuTOHsfpxnf,2025-03-09 – Local-wp-compare-local-by-flywheel-xampp – Thumbnail Pinterest.jpg,02_PROJETS/schoolsWP/04_Assets/02_Thumbnails/2025-03-09 – Local-wp-compare-local-by-flywheel-xampp – Thumbnail Pinterest.jpg,01_Projets/schoolsWP/04_Assets/02_Thumbnails/2025-03-09 – Local-wp-compare-local-by-flywheel-xampp – Thumbnail Pinterest.jpg,MOVE,READY,02_PROJETS -> 01_Projets,image/jpeg,119173
1nmA4R5C3h_ado7GyyZhFNskuThZNYNiT,2025-03-09 – Local-wp-flywheel-vs-xampp-best-wordpress-tool – Thumbnail Pinterest.jpg,02_PROJETS/schoolsWP/04_Assets/02_Thumbnails/2025-03-09 – Local-wp-flywheel-vs-xampp-best-wordpress-tool – Thumbnail Pinterest.jpg,01_Projets/schoolsWP/04_Assets/02_Thumbnails/2025-03-09 – Local-wp-flywheel-vs-xampp-best-wordpress-tool – Thumbnail Pinterest.jpg,MOVE,READY,02_PROJETS -> 01_Projets,image/jpeg,120622
1oRyi7NrN26vv-E6uv1bHNNhqlYm7LNxJ,2025-03-10 – Link-finder-boost-netlinking-affordable-backlinks – Thumbnail Pinterest.jpg,02_PROJETS/schoolsWP/04_Assets/02_Thumbnails/2025-03-10 – Link-finder-boost-netlinking-affordable-backlinks – Thumbnail Pinterest.jpg,01_Projets/schoolsWP/04_Assets/02_Thumbnails/2025-03-10 – Link-finder-boost-netlinking-affordable-backlinks – Thumbnail Pinterest.jpg,MOVE,READY,02_PROJETS -> 01_Projets,image/jpeg,121897
1oYP_7_9iuYBc6xJ2E9GP42kXkSFGXTi2,2025-03-10 – Linkfinder-optimize-netlinking-strategy – Thumbnail Pinterest.jpg,02_PROJETS/schoolsWP/04_Assets/02_Thumbnails/2025-03-10 – Linkfinder-optimize-netlinking-strategy – Thumbnail Pinterest.jpg,01_Projets/schoolsWP/04_Assets/02_Thumbnails/2025-03-10 – Linkfinder-optimize-netlinking-strategy – Thumbnail Pinterest.jpg,MOVE,READY,02_PROJETS -> 01_Projets,image/jpeg,120837
1pQetBCd8i3_iUhbax6eCKDkiRka_ZZ7I,2025-03-11 – Fluentbooking-ameliawp-best-wordpress-booking-plugin – Thumbnail Pinterest.jpg,02_PROJETS/schoolsWP/04_Assets/02_Thumbnails/2025-03-11 – Fluentbooking-ameliawp-best-wordpress-booking-plugin – Thumbnail Pinterest.jpg,01_Projets/schoolsWP/04_Assets/02_Thumbnails/2025-03-11 – Fluentbooking-ameliawp-best-wordpress-booking-plugin – Thumbnail Pinterest.jpg,MOVE,READY,02_PROJETS -> 01_Projets,image/jpeg,133487
1pGzePye2TSvqMZx9kbPx5JDi1vSi5TdD,2025-03-11 – Fluentbooking-ameliawp-booking-wordpress-comparison – Thumbnail Pinterest.jpg,02_PROJETS/schoolsWP/04_Assets/02_Thumbnails/2025-03-11 – Fluentbooking-ameliawp-booking-wordpress-comparison – Thumbnail Pinterest.jpg,01_Projets/schoolsWP/04_Assets/02_Thumbnails/2025-03-11 – Fluentbooking-ameliawp-booking-wordpress-comparison – Thumbnail Pinterest.jpg,MOVE,READY,02_PROJETS -> 01_Projets,image/jpeg,129358
1scKhdr_MydNZKr6of6MKzZ6lU1saB0tJ,2025-03-27 – Wordpress-playground-test-wordpress-online – Thumbnail Pinterest.jpg,02_PROJETS/schoolsWP/04_Assets/02_Thumbnails/2025-03-27 – Wordpress-playground-test-wordpress-online – Thumbnail Pinterest.jpg,01_Projets/schoolsWP/04_Assets/02_Thumbnails/2025-03-27 – Wordpress-playground-test-wordpress-online – Thumbnail Pinterest.jpg,MOVE,READY,02_PROJETS -> 01_Projets,image/jpeg,122191
1s_9BDME16z17sFG9jSKjxfENmt3-vGPC,2025-03-27 – Wordpress-playground-how-to-test-wordpress-online – Thumbnail Pinterest.jpg,02_PROJETS/schoolsWP/04_Assets/02_Thumbnails/2025-03-27 – Wordpress-playground-how-to-test-wordpress-online – Thumbnail Pinterest.jpg,01_Projets/schoolsWP/04_Assets/02_Thumbnails/2025-03-27 – Wordpress-playground-how-to-test-wordpress-online – Thumbnail Pinterest.jpg,MOVE,READY,02_PROJETS -> 01_Projets,image/jpeg,114825
1tdHqYT9-zU5Fd_pm4UvvdGa_Mz02wa-2,2025-03-27 – Rapyd-cloud-review-efficient-hosting – Thumbnail Pinterest.jpg,02_PROJETS/schoolsWP/04_Assets/02_Thumbnails/2025-03-27 – Rapyd-cloud-review-efficient-hosting – Thumbnail Pinterest.jpg,01_Projets/schoolsWP/04_Assets/02_Thumbnails/2025-03-27 – Rapyd-cloud-review-efficient-hosting – Thumbnail Pinterest.jpg,MOVE,READY,02_PROJETS -> 01_Projets,image/jpeg,161778
1te3fUV-2BmQfh_qI-y24p31LmLVdxa8f,2025-03-27 – Rapyd-cloud-high-performance-wordpress-hosting – Thumbnail Pinterest.jpg,02_PROJETS/schoolsWP/04_Assets/02_Thumbnails/2025-03-27 – Rapyd-cloud-high-performance-wordpress-hosting – Thumbnail Pinterest.jpg,01_Projets/schoolsWP/04_Assets/02_Thumbnails/2025-03-27 – Rapyd-cloud-high-performance-wordpress-hosting – Thumbnail Pinterest.jpg,MOVE,READY,02_PROJETS -> 01_Projets,image/jpeg,155915
1ubTY6DCenGgConZ9nxJhznKLTX84vt-s,2025-04-03 – Link-whisper-review-wordpress-seo-plugin-analysis – Thumbnail Pinterest.jpg,02_PROJETS/schoolsWP/04_Assets/02_Thumbnails/2025-04-03 – Link-whisper-review-wordpress-seo-plugin-analysis – Thumbnail Pinterest.jpg,01_Projets/schoolsWP/04_Assets/02_Thumbnails/2025-04-03 – Link-whisper-review-wordpress-seo-plugin-analysis – Thumbnail Pinterest.jpg,MOVE,READY,02_PROJETS -> 01_Projets,image/jpeg,123443
1uNeJhXZ4e7im0EuKkLmcekCVWUb5p83B,2025-04-03 – Link-whisper-wordpress-plugin-internal-linking-seo – Thumbnail Pinterest.jpg,02_PROJETS/schoolsWP/04_Assets/02_Thumbnails/2025-04-03 – Link-whisper-wordpress-plugin-internal-linking-seo – Thumbnail Pinterest.jpg,01_Projets/schoolsWP/04_Assets/02_Thumbnails/2025-04-03 – Link-whisper-wordpress-plugin-internal-linking-seo – Thumbnail Pinterest.jpg,MOVE,READY,02_PROJETS -> 01_Projets,image/jpeg,119000
1sJ7QIDfBf2YZOsOucEoSEWG5iuiLFLQb,2025-03-23 – Crocoblock-wordpress-elementor-tool-promotion – Thumbnail Pinterest.jpg,02_PROJETS/schoolsWP/04_Assets/02_Thumbnails/2025-03-23 – Crocoblock-wordpress-elementor-tool-promotion – Thumbnail Pinterest.jpg,01_Projets/schoolsWP/04_Assets/02_Thumbnails/2025-03-23 – Crocoblock-wordpress-elementor-tool-promotion – Thumbnail Pinterest.jpg,MOVE,READY,02_PROJETS -> 01_Projets,image/jpeg,261516
1upr7_hxxih6RRHtgMGr-hz9sQ8lMdj1P,2025-04-03 – Crocoblock-interface-wordpress-elementor – Thumbnail Pinterest.jpg,02_PROJETS/schoolsWP/04_Assets/02_Thumbnails/2025-04-03 – Crocoblock-interface-wordpress-elementor – Thumbnail Pinterest.jpg,01_Projets/schoolsWP/04_Assets/02_Thumbnails/2025-04-03 – Crocoblock-interface-wordpress-elementor – Thumbnail Pinterest.jpg,MOVE,READY,02_PROJETS -> 01_Projets,image/jpeg,121429
1v5atFacv5XMg-O6yupvNAlxQejrxCaIK,2025-04-03 – Crocoblock-toolbox-wordpress-websites – Thumbnail Pinterest.jpg,02_PROJETS/schoolsWP/04_Assets/02_Thumbnails/2025-04-03 – Crocoblock-toolbox-wordpress-websites – Thumbnail Pinterest.jpg,01_Projets/schoolsWP/04_Assets/02_Thumbnails/2025-04-03 – Crocoblock-toolbox-wordpress-websites – Thumbnail Pinterest.jpg,MOVE,READY,02_PROJETS -> 01_Projets,image/jpeg,124769
1wVzDRT-PdIyASvGujZSah-0FXd_VO-Dc,2025-04-10 – Wordpress-translation-plugins-top10-multilingual – Thumbnail Pinterest.jpg,02_PROJETS/schoolsWP/04_Assets/02_Thumbnails/2025-04-10 – Wordpress-translation-plugins-top10-multilingual – Thumbnail Pinterest.jpg,01_Projets/schoolsWP/04_Assets/02_Thumbnails/2025-04-10 – Wordpress-translation-plugins-top10-multilingual – Thumbnail Pinterest.jpg,MOVE,READY,02_PROJETS -> 01_Projets,image/jpeg,128516
1wbLSPO7lY5wOMKIyJbOBKuHGX05eT3G4,2025-04-10 – Wordpress-translation-plugin-top10-globalization – Thumbnail Pinterest.jpg,02_PROJETS/schoolsWP/04_Assets/02_Thumbnails/2025-04-10 – Wordpress-translation-plugin-top10-globalization – Thumbnail Pinterest.jpg,01_Projets/schoolsWP/04_Assets/02_Thumbnails/2025-04-10 – Wordpress-translation-plugin-top10-globalization – Thumbnail Pinterest.jpg,MOVE,READY,02_PROJETS -> 01_Projets,image/jpeg,140109
1-a1OuD9M9Lk8jJBoiIkhZF2gE1hs2hOt,2025-05-07 – Learndash-review-worth-it-online-courses – Thumbnail Pinterest.jpg,02_PROJETS/schoolsWP/04_Assets/02_Thumbnails/2025-05-07 – Learndash-review-worth-it-online-courses – Thumbnail Pinterest.jpg,01_Projets/schoolsWP/04_Assets/02_Thumbnails/2025-05-07 – Learndash-review-worth-it-online-courses – Thumbnail Pinterest.jpg,MOVE,READY,02_PROJETS -> 01_Projets,image/jpeg,125825
1-jMopPpTh0oeVqE3RvUYSIlHqyCyV_uA,2025-05-07 – Learndash-wordpress-plugin-online-training – Thumbnail Pinterest.jpg,02_PROJETS/schoolsWP/04_Assets/02_Thumbnails/2025-05-07 – Learndash-wordpress-plugin-online-training – Thumbnail Pinterest.jpg,01_Projets/schoolsWP/04_Assets/02_Thumbnails/2025-05-07 – Learndash-wordpress-plugin-online-training – Thumbnail Pinterest.jpg,MOVE,READY,02_PROJETS -> 01_Projets,image/jpeg,119938
10jukz8g2A50etDLGAPVescgjyKFiLITS,2025-05-08 – Buddyboss-guide-cover – Thumbnail Pinterest.jpg,02_PROJETS/schoolsWP/04_Assets/02_Thumbnails/2025-05-08 – Buddyboss-guide-cover – Thumbnail Pinterest.jpg,01_Projets/schoolsWP/04_Assets/02_Thumbnails/2025-05-08 – Buddyboss-guide-cover – Thumbnail Pinterest.jpg,MOVE,READY,02_PROJETS -> 01_Projets,image/jpeg,98412
10cICCPSX-Go3_b1cS3qFF-7fTCXY0P8B,2025-05-08 – Buddyboss-create-online-community – Thumbnail Pinterest.jpg,02_PROJETS/schoolsWP/04_Assets/02_Thumbnails/2025-05-08 – Buddyboss-create-online-community – Thumbnail Pinterest.jpg,01_Projets/schoolsWP/04_Assets/02_Thumbnails/2025-05-08 – Buddyboss-create-online-community – Thumbnail Pinterest.jpg,MOVE,READY,02_PROJETS -> 01_Projets,image/jpeg,124627
11JwTilcbi_OUwDE1hD27ylHHSfGbdETW,2025-05-08 – Wordpress-multisite-guide-manage-multiple-sites – Thumbnail Pinterest.jpg,02_PROJETS/schoolsWP/04_Assets/02_Thumbnails/2025-05-08 – Wordpress-multisite-guide-manage-multiple-sites – Thumbnail Pinterest.jpg,01_Projets/schoolsWP/04_Assets/02_Thumbnails/2025-05-08 – Wordpress-multisite-guide-manage-multiple-sites – Thumbnail Pinterest.jpg,MOVE,READY,02_PROJETS -> 01_Projets,image/jpeg,124698
11WY90dwJl-VmNAZFWlu1CQrdoFThAAg7,2025-05-08 – Wordpress-multisite-manage-sites-one-click – Thumbnail Pinterest.jpg,02_PROJETS/schoolsWP/04_Assets/02_Thumbnails/2025-05-08 – Wordpress-multisite-manage-sites-one-click – Thumbnail Pinterest.jpg,01_Projets/schoolsWP/04_Assets/02_Thumbnails/2025-05-08 – Wordpress-multisite-manage-sites-one-click – Thumbnail Pinterest.jpg,MOVE,READY,02_PROJETS -> 01_Projets,image/jpeg,134410
1BtMAUhXw6FP-GqNolVqboxbPr7lvzpdz,2025-06-05 – O2switch-review-french-hosting-wordpress – Thumbnail Pinterest.jpg,02_PROJETS/schoolsWP/04_Assets/02_Thumbnails/2025-06-05 – O2switch-review-french-hosting-wordpress – Thumbnail Pinterest.jpg,01_Projets/schoolsWP/04_Assets/02_Thumbnails/2025-06-05 – O2switch-review-french-hosting-wordpress – Thumbnail Pinterest.jpg,MOVE,READY,02_PROJETS -> 01_Projets,image/jpeg,164236
1ZcjhcU8akhcxZG6iXde3u1eEIX7zreF1,2025-06-05 – O2switch-review-french-hosting-worth-it – Thumbnail Pinterest.jpg,02_PROJETS/schoolsWP/04_Assets/02_Thumbnails/2025-06-05 – O2switch-review-french-hosting-worth-it – Thumbnail Pinterest.jpg,01_Projets/schoolsWP/04_Assets/02_Thumbnails/2025-06-05 – O2switch-review-french-hosting-worth-it – Thumbnail Pinterest.jpg,MOVE,READY,02_PROJETS -> 01_Projets,image/jpeg,161876
1ov5C9pavWtUnGKAkGAd1z6UMaNZAja2l,2025-06-05 – Fluentcrm-coupon-code-20-off-wordpress – Thumbnail Pinterest.jpg,02_PROJETS/schoolsWP/04_Assets/02_Thumbnails/2025-06-05 – Fluentcrm-coupon-code-20-off-wordpress – Thumbnail Pinterest.jpg,01_Projets/schoolsWP/04_Assets/02_Thumbnails/2025-06-05 – Fluentcrm-coupon-code-20-off-wordpress – Thumbnail Pinterest.jpg,MOVE,READY,02_PROJETS -> 01_Projets,image/jpeg,135500
14_8jpZNf1ITjYfzBYl13wXqCaTBdaej8,2025-06-05 – Fluentcrm-promo-code-20-schoolswp20-wordpress – Thumbnail Pinterest.jpg,02_PROJETS/schoolsWP/04_Assets/02_Thumbnails/2025-06-05 – Fluentcrm-promo-code-20-schoolswp20-wordpress – Thumbnail Pinterest.jpg,01_Projets/schoolsWP/04_Assets/02_Thumbnails/2025-06-05 – Fluentcrm-promo-code-20-schoolswp20-wordpress – Thumbnail Pinterest.jpg,MOVE,READY,02_PROJETS -> 01_Projets,image/jpeg,127269
1UOFFhtgAeQ1JmjvL5eNWTXQf4JQg5ETT,2025-06-13 – Rapyd-cloud-promo-wordpress-hosting-discount – Thumbnail Pinterest.jpg,02_PROJETS/schoolsWP/04_Assets/02_Thumbnails/2025-06-13 – Rapyd-cloud-promo-wordpress-hosting-discount – Thumbnail Pinterest.jpg,01_Projets/schoolsWP/04_Assets/02_Thumbnails/2025-06-13 – Rapyd-cloud-promo-wordpress-hosting-discount – Thumbnail Pinterest.jpg,MOVE,READY,02_PROJETS -> 01_Projets,image/jpeg,134800
1tys7zHRwk3bMIML8whBS8g8rmYhoyz50,2025-06-13 – Promo-code-rapyd-cloud-wordpress-hosting-deal – Thumbnail Pinterest.jpg,02_PROJETS/schoolsWP/04_Assets/02_Thumbnails/2025-06-13 – Promo-code-rapyd-cloud-wordpress-hosting-deal – Thumbnail Pinterest.jpg,01_Projets/schoolsWP/04_Assets/02_Thumbnails/2025-06-13 – Promo-code-rapyd-cloud-wordpress-hosting-deal – Thumbnail Pinterest.jpg,MOVE,READY,02_PROJETS -> 01_Projets,image/jpeg,120067
101trsp91Q-hnTVL-0f0BVwMvo1llrBhK,2025-07-05 – Learn-wordpress-own-start-from-scratch – Thumbnail Pinterest.jpg,02_PROJETS/schoolsWP/04_Assets/02_Thumbnails/2025-07-05 – Learn-wordpress-own-start-from-scratch – Thumbnail Pinterest.jpg,01_Projets/schoolsWP/04_Assets/02_Thumbnails/2025-07-05 – Learn-wordpress-own-start-from-scratch – Thumbnail Pinterest.jpg,MOVE,READY,02_PROJETS -> 01_Projets,image/jpeg,118234
1TGQT_eCq-u2c5p8FZ0_UCMvW59oF_CCk,2025-07-05 – Learn-wordpress-guide-motivated-beginners – Thumbnail Pinterest.jpg,02_PROJETS/schoolsWP/04_Assets/02_Thumbnails/2025-07-05 – Learn-wordpress-guide-motivated-beginners – Thumbnail Pinterest.jpg,01_Projets/schoolsWP/04_Assets/02_Thumbnails/2025-07-05 – Learn-wordpress-guide-motivated-beginners – Thumbnail Pinterest.jpg,MOVE,READY,02_PROJETS -> 01_Projets,image/jpeg,126899
1FHtI6M09aD9TkVY1ncAfiO7-7LHgZwyz,2025-07-06 – Fluentcart-review-wordpress-plugin-schoolswp – Thumbnail Pinterest.jpg,02_PROJETS/schoolsWP/04_Assets/02_Thumbnails/2025-07-06 – Fluentcart-review-wordpress-plugin-schoolswp – Thumbnail Pinterest.jpg,01_Projets/schoolsWP/04_Assets/02_Thumbnails/2025-07-06 – Fluentcart-review-wordpress-plugin-schoolswp – Thumbnail Pinterest.jpg,MOVE,READY,02_PROJETS -> 01_Projets,image/jpeg,132669
1OsIFNMyBRfaSi4S3dRAN4pmw1LvQh7OQ,2025-07-06 – Fluentcart-review-no-fuss-wordpress-plugin – Thumbnail Pinterest.jpg,02_PROJETS/schoolsWP/04_Assets/02_Thumbnails/2025-07-06 – Fluentcart-review-no-fuss-wordpress-plugin – Thumbnail Pinterest.jpg,01_Projets/schoolsWP/04_Assets/02_Thumbnails/2025-07-06 – Fluentcart-review-no-fuss-wordpress-plugin – Thumbnail Pinterest.jpg,MOVE,READY,02_PROJETS -> 01_Projets,image/jpeg,129785
1RZ_TdFhxbjQMGqADyWinQQpS6eOcei08,2025-08-01 – Droip-wordpress-alternative-no-plugin – Thumbnail Pinterest.jpg,02_PROJETS/schoolsWP/04_Assets/02_Thumbnails/2025-08-01 – Droip-wordpress-alternative-no-plugin – Thumbnail Pinterest.jpg,01_Projets/schoolsWP/04_Assets/02_Thumbnails/2025-08-01 – Droip-wordpress-alternative-no-plugin – Thumbnail Pinterest.jpg,MOVE,READY,02_PROJETS -> 01_Projets,image/jpeg,110789
1yKqVhWM3ncB0rQceyUEvUTyydEihv8Kx,2025-08-01 – Droip-review-webflow-style-wordpress-builder – Thumbnail Pinterest.jpg,02_PROJETS/schoolsWP/04_Assets/02_Thumbnails/2025-08-01 – Droip-review-webflow-style-wordpress-builder – Thumbnail Pinterest.jpg,01_Projets/schoolsWP/04_Assets/02_Thumbnails/2025-08-01 – Droip-review-webflow-style-wordpress-builder – Thumbnail Pinterest.jpg,MOVE,READY,02_PROJETS -> 01_Projets,image/jpeg,106221
1OvcX1hzzzkvHu4EpUYxj1ftQldkszpt6,2025-08-07 – Wp-rocket-boost-wordpress-speed-seo – Thumbnail Pinterest.jpg,02_PROJETS/schoolsWP/04_Assets/02_Thumbnails/2025-08-07 – Wp-rocket-boost-wordpress-speed-seo – Thumbnail Pinterest.jpg,01_Projets/schoolsWP/04_Assets/02_Thumbnails/2025-08-07 – Wp-rocket-boost-wordpress-speed-seo – Thumbnail Pinterest.jpg,MOVE,READY,02_PROJETS -> 01_Projets,image/jpeg,118435
18vEdT9Krkl29fqKQkTEoDXVbKSeaKYsK,2025-08-07 – Wprocket-wordpress-caching-plugin-speed – Thumbnail Pinterest.jpg,02_PROJETS/schoolsWP/04_Assets/02_Thumbnails/2025-08-07 – Wprocket-wordpress-caching-plugin-speed – Thumbnail Pinterest.jpg,01_Projets/schoolsWP/04_Assets/02_Thumbnails/2025-08-07 – Wprocket-wordpress-caching-plugin-speed – Thumbnail Pinterest.jpg,MOVE,READY,02_PROJETS -> 01_Projets,image/jpeg,119695
1KoP6hcPRTnIqH8KDVPdXLiXRtKonoZaI,2024-12-16 – Wordpress-playground-what-is-it – Thumbnail Pinterest.jpg,02_PROJETS/schoolsWP/04_Assets/02_Thumbnails/2024-12-16 – Wordpress-playground-what-is-it – Thumbnail Pinterest.jpg,01_Projets/schoolsWP/04_Assets/02_Thumbnails/2024-12-16 – Wordpress-playground-what-is-it – Thumbnail Pinterest.jpg,MOVE,READY,02_PROJETS -> 01_Projets,image/jpeg,114335
1KrjBBh9TwIInMv1pVOFcX8uDcVMhAGVU,2024-12-16 – Wordpress-playground-test-online – Thumbnail Pinterest.jpg,02_PROJETS/schoolsWP/04_Assets/02_Thumbnails/2024-12-16 – Wordpress-playground-test-online – Thumbnail Pinterest.jpg,01_Projets/schoolsWP/04_Assets/02_Thumbnails/2024-12-16 – Wordpress-playground-test-online – Thumbnail Pinterest.jpg,MOVE,READY,02_PROJETS -> 01_Projets,image/jpeg,121685
1GY3rzrcEHbf-G-YHsgtXd5y_ihcby69m,2024-12-10 – Sureforms-ai-powered-wordpress-forms-plugin – Thumbnail Pinterest.jpg,02_PROJETS/schoolsWP/04_Assets/02_Thumbnails/2024-12-10 – Sureforms-ai-powered-wordpress-forms-plugin – Thumbnail Pinterest.jpg,01_Projets/schoolsWP/04_Assets/02_Thumbnails/2024-12-10 – Sureforms-ai-powered-wordpress-forms-plugin – Thumbnail Pinterest.jpg,MOVE,READY,02_PROJETS -> 01_Projets,image/jpeg,116511
1GZtk6dy95wesQiTw1qznQKw3jxIgOX6l,2024-12-10 – Sureforms-simple-powerful-wordpress-form-builder – Thumbnail Pinterest.jpg,02_PROJETS/schoolsWP/04_Assets/02_Thumbnails/2024-12-10 – Sureforms-simple-powerful-wordpress-form-builder – Thumbnail Pinterest.jpg,01_Projets/schoolsWP/04_Assets/02_Thumbnails/2024-12-10 – Sureforms-simple-powerful-wordpress-form-builder – Thumbnail Pinterest.jpg,MOVE,READY,02_PROJETS -> 01_Projets,image/jpeg,113121
1K6Mx0cr15eGN5nYc43DnVlOEhqsg9oMk,2025-10-24 – Offre-black-friday-schoolswp-wordpress – Ressource.jpg,02_PROJETS/schoolsWP/04_Assets/01_Logos-Brand/2025-10-24 – Offre-black-friday-schoolswp-wordpress – Ressource.jpg,01_Projets/schoolsWP/04_Assets/01_Logos-Brand/2025-10-24 – Offre-black-friday-schoolswp-wordpress – Ressource.jpg,MOVE,READY,02_PROJETS -> 01_Projets,image/jpeg,75460
1QMQPsJHfQwmq3cb4lGa1Pzfsg69H7iwo,2025-10-30 – Template o2switch black friday – Ressource.jpg,02_PROJETS/schoolsWP/04_Assets/01_Logos-Brand/2025-10-30 – Template o2switch black friday – Ressource.jpg,01_Projets/schoolsWP/04_Assets/01_Logos-Brand/2025-10-30 – Template o2switch black friday – Ressource.jpg,MOVE,READY,02_PROJETS -> 01_Projets,image/jpeg,67664
1SgCQX6fT7AmFirKg7kisHX9vySWpcnFE,Articles,02_PROJETS/schoolsWP/02_Contenus/04_Publies/Articles,01_Projets/schoolsWP/02_Contenus/04_Publies/Articles,MOVE,READY,02_PROJETS -> 01_Projets,application/vnd.google-apps.folder,
1KZcLRbPM61YvwNQTNpvPnrqGhtpPJb7K,Articles,02_PROJETS/schoolsWP/02_Contenus/03_A_revoir/Articles,01_Projets/schoolsWP/02_Contenus/03_A_revoir/Articles,MOVE,READY,02_PROJETS -> 01_Projets,application/vnd.google-apps.folder,
1837S7d04urGrKEKHiPIVuAjXL3A7N4Dh,Articles,02_PROJETS/schoolsWP/02_Contenus/02_En_cours/Articles,01_Projets/schoolsWP/02_Contenus/02_En_cours/Articles,MOVE,READY,02_PROJETS -> 01_Projets,application/vnd.google-apps.folder,
1I1Bd8_tBSD0ouTq5t5p3Wq8i0w7v87B0,Articles,02_PROJETS/schoolsWP/02_Contenus/01_Backlog/Articles,01_Projets/schoolsWP/02_Contenus/01_Backlog/Articles,MOVE,READY,02_PROJETS -> 01_Projets,application/vnd.google-apps.folder,
19KaG_ObeUFprnheX9ZW09QYSp_6HW103,CENTRE HOSPITALIER RÉGIONAL UNIVERSITAIRE.pdf,MÉDICALE/HOPITAL/MICHAËL KIHL/2025/CENTRE HOSPITALIER RÉGIONAL UNIVERSITAIRE.pdf,04_Personnel/Medical/HOPITAL/MICHAËL KIHL/2025/CENTRE HOSPITALIER RÉGIONAL UNIVERSITAIRE.pdf,MOVE,READY,MEDICALE -> 04_Personnel/Medical,application/pdf,100349
1H4kONvwLkbvEtoKYCvxVMfGEij_PzHqF,rapport-neurologue-26mars2025.pdf,MÉDICALE/HOPITAL/MICHAËL KIHL/2025/rapport-neurologue-26mars2025.pdf,04_Personnel/Medical/HOPITAL/MICHAËL KIHL/2025/rapport-neurologue-26mars2025.pdf,MOVE,READY,MEDICALE -> 04_Personnel/Medical,application/pdf,105152
1LXXw9cbsFtt15vf0bXAqPeFWmagb40wK,rapport-neurologue-20mars2025.pdf,MÉDICALE/HOPITAL/MICHAËL KIHL/2025/rapport-neurologue-20mars2025.pdf,04_Personnel/Medical/HOPITAL/MICHAËL KIHL/2025/rapport-neurologue-20mars2025.pdf,MOVE,READY,MEDICALE -> 04_Personnel/Medical,application/pdf,117820
1XLnXVNXSf3fD6DW98gkt93Y2zYYh-gJc,rapport-neurologue-25aout2025.pdf,MÉDICALE/HOPITAL/MICHAËL KIHL/2025/rapport-neurologue-25aout2025.pdf,04_Personnel/Medical/HOPITAL/MICHAËL KIHL/2025/rapport-neurologue-25aout2025.pdf,MOVE,READY,MEDICALE -> 04_Personnel/Medical,application/pdf,240660
1Zfj0oX5ov50EyDG3AuzBOJdAGZcSJesc,IRM,MÉDICALE/HOPITAL/MICHAËL KIHL/2024/IRM,04_Personnel/Medical/HOPITAL/MICHAËL KIHL/2024/IRM,MOVE,READY,MEDICALE -> 04_Personnel/Medical,application/vnd.google-apps.folder,
1GMzZFjGHoi9XSLJsq9VnWpGuAAOv24Pi,NEUROLOGUE,MÉDICALE/HOPITAL/MICHAËL KIHL/2024/NEUROLOGUE,04_Personnel/Medical/HOPITAL/MICHAËL KIHL/2024/NEUROLOGUE,MOVE,READY,MEDICALE -> 04_Personnel/Medical,application/vnd.google-apps.folder,
1OADdw08OzIVf10Vr4ptksZ7ojZ8WoxiQ,CARDIOLOGUE,MÉDICALE/HOPITAL/MICHAËL KIHL/2024/CARDIOLOGUE,04_Personnel/Medical/HOPITAL/MICHAËL KIHL/2024/CARDIOLOGUE,MOVE,READY,MEDICALE -> 04_Personnel/Medical,application/vnd.google-apps.folder,
1dk7HK0AtE4JD6kcVUGTrv8woMoUWK6p6,FR251126044.pdf,MÉDICALE/‍ LABORATOIRE/MAE/2025/FR251126044.pdf,04_Personnel/Medical/‍ LABORATOIRE/MAE/2025/FR251126044.pdf,MOVE,READY,MEDICALE -> 04_Personnel/Medical,application/pdf,264872
187w-uEvuGErsA2hdbgqsYWPlb4ReBJvT,FR251126046.pdf,MÉDICALE/‍ LABORATOIRE/MICHAEL/2025/FR251126046.pdf,04_Personnel/Medical/‍ LABORATOIRE/MICHAEL/2025/FR251126046.pdf,MOVE,READY,MEDICALE -> 04_Personnel/Medical,application/pdf,340746
1dfOTXROcUFzKA3yw8lR6AFs7IRlFNqWK,FR250404017.pdf,MÉDICALE/‍ LABORATOIRE/MICHAEL/2025/FR250404017.pdf,04_Personnel/Medical/‍ LABORATOIRE/MICHAEL/2025/FR250404017.pdf,MOVE,READY,MEDICALE -> 04_Personnel/Medical,application/pdf,344983
13GNiK6HhqrHetXlykcEFY3pFy6FXQ6O_,FR250404019.pdf,MÉDICALE/‍ LABORATOIRE/MICHAEL/2025/FR250404019.pdf,04_Personnel/Medical/‍ LABORATOIRE/MICHAEL/2025/FR250404019.pdf,MOVE,READY,MEDICALE -> 04_Personnel/Medical,application/pdf,375629
1fO-uUSD1rtLMYlHQ4V6YRwBHMxiHtdRF,FR250320017(no_protect).pdf,MÉDICALE/‍ LABORATOIRE/MICHAEL/2025/FR250320017(no_protect).pdf,04_Personnel/Medical/‍ LABORATOIRE/MICHAEL/2025/FR250320017(no_protect).pdf,MOVE,READY,MEDICALE -> 04_Personnel/Medical,application/pdf,355822
1XHrP6JqXnrtZjqgcgG2y4ZEKOOslUoEZ,FR250320017.pdf,MÉDICALE/‍ LABORATOIRE/MICHAEL/2025/FR250320017.pdf,04_Personnel/Medical/‍ LABORATOIRE/MICHAEL/2025/FR250320017.pdf,MOVE,READY,MEDICALE -> 04_Personnel/Medical,application/pdf,491397
1PdxJhLnb_n8PoO9EspAk9hm1-yJsr9FI,FR250320018.pdf,MÉDICALE/‍ LABORATOIRE/MICHAEL/2025/FR250320018.pdf,04_Personnel/Medical/‍ LABORATOIRE/MICHAEL/2025/FR250320018.pdf,MOVE,READY,MEDICALE -> 04_Personnel/Medical,application/pdf,344737
1PsI82VyWzDPlbkJO4lFhdLnPXTRp-YMF,FR250104047.pdf,MÉDICALE/‍ LABORATOIRE/MICHAEL/2024/FR250104047.pdf,04_Personnel/Medical/‍ LABORATOIRE/MICHAEL/2024/FR250104047.pdf,MOVE,READY,MEDICALE -> 04_Personnel/Medical,application/pdf,329766
1IDTsC_FHYEtZEkRv94DoeDPyo_YkIAUM,FR241002044.pdf,MÉDICALE/‍ LABORATOIRE/MICHAEL/2024/FR241002044.pdf,04_Personnel/Medical/‍ LABORATOIRE/MICHAEL/2024/FR241002044.pdf,MOVE,READY,MEDICALE -> 04_Personnel/Medical,application/pdf,849377
1dm65jHX6xzN-0k3C6au8k3uGFC93Uo6i,FR241002045.pdf,MÉDICALE/‍ LABORATOIRE/MICHAEL/2024/FR241002045.pdf,04_Personnel/Medical/‍ LABORATOIRE/MICHAEL/2024/FR241002045.pdf,MOVE,READY,MEDICALE -> 04_Personnel/Medical,application/pdf,63134
1AGRqbUvy2SSlCX0FpQbwgzWJSaKni_Fs,FR240603010.pdf,MÉDICALE/‍ LABORATOIRE/MICHAEL/2024/FR240603010.pdf,04_Personnel/Medical/‍ LABORATOIRE/MICHAEL/2024/FR240603010.pdf,MOVE,READY,MEDICALE -> 04_Personnel/Medical,application/pdf,351529
1N1EeRAUFsR3FEr6veu8piKlN8y9Ns1J_,FR240417036.pdf,MÉDICALE/‍ LABORATOIRE/MICHAEL/2024/FR240417036.pdf,04_Personnel/Medical/‍ LABORATOIRE/MICHAEL/2024/FR240417036.pdf,MOVE,READY,MEDICALE -> 04_Personnel/Medical,application/pdf,352114
1oBpIFucKOle39UvOjIUiJ3gtWjbKlzCs,FR230225057.pdf,MÉDICALE/‍ LABORATOIRE/MICHAEL/2023/FR230225057.pdf,04_Personnel/Medical/‍ LABORATOIRE/MICHAEL/2023/FR230225057.pdf,MOVE,READY,MEDICALE -> 04_Personnel/Medical,application/pdf,303970
1uup6gdVlxthHDdpqNnwTvoqa_f2viH8a,FR230107064.pdf,MÉDICALE/‍ LABORATOIRE/MICHAEL/2023/FR230107064.pdf,04_Personnel/Medical/‍ LABORATOIRE/MICHAEL/2023/FR230107064.pdf,MOVE,READY,MEDICALE -> 04_Personnel/Medical,application/pdf,304402
1HkEw0IvEDzPNcNe06BxkIMpUzc_g26m8,FR220402052.pdf,MÉDICALE/‍ LABORATOIRE/MICHAEL/2022/FR220402052.pdf,04_Personnel/Medical/‍ LABORATOIRE/MICHAEL/2022/FR220402052.pdf,MOVE,READY,MEDICALE -> 04_Personnel/Medical,application/pdf,313889
1WI8dvMYbxolcvx01Qr-5GwoA8YCmxdSx,FR220205092.pdf,MÉDICALE/‍ LABORATOIRE/MICHAEL/2022/FR220205092.pdf,04_Personnel/Medical/‍ LABORATOIRE/MICHAEL/2022/FR220205092.pdf,MOVE,READY,MEDICALE -> 04_Personnel/Medical,application/pdf,314397
19-XI1uMQ1mhceTZy5oWnVSJoCmTj_VqY,FR211216031.pdf,MÉDICALE/‍ LABORATOIRE/MICHAEL/2021/FR211216031.pdf,04_Personnel/Medical/‍ LABORATOIRE/MICHAEL/2021/FR211216031.pdf,MOVE,READY,MEDICALE -> 04_Personnel/Medical,application/pdf,374090
1qgttylXjgv8l12kQOsx5Ldrj3Z1gbBAS,FR210417097.pdf,MÉDICALE/‍ LABORATOIRE/MICHAEL/2021/FR210417097.pdf,04_Personnel/Medical/‍ LABORATOIRE/MICHAEL/2021/FR210417097.pdf,MOVE,READY,MEDICALE -> 04_Personnel/Medical,application/pdf,386318
1jOIJqWhnpkNWl1SuILsD8Koo1Db0p8Pw,FR210308123.pdf,MÉDICALE/‍ LABORATOIRE/MICHAEL/2021/FR210308123.pdf,04_Personnel/Medical/‍ LABORATOIRE/MICHAEL/2021/FR210308123.pdf,MOVE,READY,MEDICALE -> 04_Personnel/Medical,application/pdf,384303
1XYk9ppj50NiCWf1f9476-EzL9974eUBR,FR210123091.pdf,MÉDICALE/‍ LABORATOIRE/MICHAEL/2021/FR210123091.pdf,04_Personnel/Medical/‍ LABORATOIRE/MICHAEL/2021/FR210123091.pdf,MOVE,READY,MEDICALE -> 04_Personnel/Medical,application/pdf,383115
1SLYfYi4O1WB_G159o-VAnwXR9kR_kQwA,FR201207093.pdf,MÉDICALE/‍ LABORATOIRE/MICHAEL/2020/FR201207093.pdf,04_Personnel/Medical/‍ LABORATOIRE/MICHAEL/2020/FR201207093.pdf,MOVE,READY,MEDICALE -> 04_Personnel/Medical,application/pdf,813092
1684kvCLltBFohoVyjIVZto2-PvIyIWXB,FR201107076.pdf,MÉDICALE/‍ LABORATOIRE/MICHAEL/2020/FR201107076.pdf,04_Personnel/Medical/‍ LABORATOIRE/MICHAEL/2020/FR201107076.pdf,MOVE,READY,MEDICALE -> 04_Personnel/Medical,application/pdf,222944
1BQpEnPFN74cRgKR7J9KJ0i4XneaQUt_f,FR200516039.pdf,MÉDICALE/‍ LABORATOIRE/MICHAEL/2020/FR200516039.pdf,04_Personnel/Medical/‍ LABORATOIRE/MICHAEL/2020/FR200516039.pdf,MOVE,READY,MEDICALE -> 04_Personnel/Medical,application/pdf,183936
1_RwsXN-_R7LBGphSZI1IUxIAgq11wDGR,CHATGPT-FAQ by ROB RITA,06_archive/2025/99_ARCHIVES/À trier plus tard/MANYCHAT/CHATGPT-FAQ by ROB RITA,99_Archives/2025/99_ARCHIVES/À trier plus tard/MANYCHAT/CHATGPT-FAQ by ROB RITA,MOVE,READY,Systeme B 06_archive -> 99_Archives,application/vnd.google-apps.shortcut,
1Q06qtB7GQzmwd4BLO96ax_YeLdlD3M0p,ARTICLES,06_archive/2025/99_ARCHIVES/À trier plus tard/MICHAELKIHL.FR/ARTICLES,99_Archives/2025/99_ARCHIVES/À trier plus tard/MICHAELKIHL.FR/ARTICLES,MOVE,READY,Systeme B 06_archive -> 99_Archives,application/vnd.google-apps.folder,
16zr2pgXWmDENUHzND3Q214QgL32633Ec,FLUENT CRM,06_archive/2025/99_ARCHIVES/À trier plus tard/SCHOOLSWP.COM/FLUENT CRM,99_Archives/2025/99_ARCHIVES/À trier plus tard/SCHOOLSWP.COM/FLUENT CRM,MOVE,READY,Systeme B 06_archive -> 99_Archives,application/vnd.google-apps.folder,
1Hw-b5HmSH-BM9dTJKXoCPoBG8GCTv5O4,FLUENT FORMS,06_archive/2025/99_ARCHIVES/À trier plus tard/SCHOOLSWP.COM/FLUENT FORMS,99_Archives/2025/99_ARCHIVES/À trier plus tard/SCHOOLSWP.COM/FLUENT FORMS,MOVE,READY,Systeme B 06_archive -> 99_Archives,application/vnd.google-apps.folder,
1S7Ra8bKe6gFsY0T964hlq_nxucIoranQ,RÉSEAUX SOCIAUX,06_archive/2025/99_ARCHIVES/À trier plus tard/SCHOOLSWP.COM/RÉSEAUX SOCIAUX,99_Archives/2025/99_ARCHIVES/À trier plus tard/SCHOOLSWP.COM/RÉSEAUX SOCIAUX,MOVE,READY,Systeme B 06_archive -> 99_Archives,application/vnd.google-apps.folder,
1TygIuzf2Vj5YuRVouGgxGEbKQ_wNEOhr,CANVA BULK,06_archive/2025/99_ARCHIVES/À trier plus tard/SCHOOLSWP.COM/CANVA BULK,99_Archives/2025/99_ARCHIVES/À trier plus tard/SCHOOLSWP.COM/CANVA BULK,MOVE,READY,Systeme B 06_archive -> 99_Archives,application/vnd.google-apps.folder,
1VlKXqvy59ACfhVhE43SLRcSbj9o7PKIP,ARTICLES,06_archive/2025/99_ARCHIVES/À trier plus tard/SCHOOLSWP.COM/ARTICLES,99_Archives/2025/99_ARCHIVES/À trier plus tard/SCHOOLSWP.COM/ARTICLES,MOVE,READY,Systeme B 06_archive -> 99_Archives,application/vnd.google-apps.folder,
1q7dDkgQbk32iUScafGa8IAxnfzYbJyla,SEO,06_archive/2025/99_ARCHIVES/À trier plus tard/SCHOOLSWP.COM/SEO,99_Archives/2025/99_ARCHIVES/À trier plus tard/SCHOOLSWP.COM/SEO,MOVE,READY,Systeme B 06_archive -> 99_Archives,application/vnd.google-apps.folder,
1c0fAYzybRA8HwTdwOZ0L1mAXbQE_bRz4,🟣 MAKE,06_archive/2025/99_ARCHIVES/À trier plus tard/SCHOOLSWP.COM/🟣 MAKE,99_Archives/2025/99_ARCHIVES/À trier plus tard/SCHOOLSWP.COM/🟣 MAKE,MOVE,READY,Systeme B 06_archive -> 99_Archives,application/vnd.google-apps.folder,
1SLFeDc_lMCddfuTf4hOXMqFSM_UTWvl_,"MASTERCLASS - E-Commerce Automation - Make, Airtable et","06_archive/2025/99_ARCHIVES/À trier plus tard/‍ FORMATION/MASTERCLASS - E-Commerce Automation - Make, Airtable et","99_Archives/2025/99_ARCHIVES/À trier plus tard/‍ FORMATION/MASTERCLASS - E-Commerce Automation - Make, Airtable et",MOVE,READY,Systeme B 06_archive -> 99_Archives,application/vnd.google-apps.folder,
13pEtxBSU3Jf6PvZYdenSN1lxD5JBjrSD,Templates Pod'Pack,06_archive/2025/99_ARCHIVES/À trier plus tard/‍ FORMATION/Templates Pod'Pack,99_Archives/2025/99_ARCHIVES/À trier plus tard/‍ FORMATION/Templates Pod'Pack,MOVE,READY,Systeme B 06_archive -> 99_Archives,application/vnd.google-apps.folder,
1Y0TeTj8SUvCzRLG4HaM0eooNlc6lSMac,Timothée Boussardon,06_archive/2025/99_ARCHIVES/À trier plus tard/‍ FORMATION/Timothée Boussardon,99_Archives/2025/99_ARCHIVES/À trier plus tard/‍ FORMATION/Timothée Boussardon,MOVE,READY,Systeme B 06_archive -> 99_Archives,application/vnd.google-apps.folder,
1C7i6zpXfpvQodtKv43krY0hJMTuxsUKu,AffiSEO,06_archive/2025/99_ARCHIVES/À trier plus tard/‍ FORMATION/AffiSEO,99_Archives/2025/99_ARCHIVES/À trier plus tard/‍ FORMATION/AffiSEO,MOVE,READY,Systeme B 06_archive -> 99_Archives,application/vnd.google-apps.folder,
193fNF-jSfld3KOtTbfYjaIlhkbKBOOhn,KIT ECOM SUCCESS - XAVIER-LOUP,06_archive/2025/99_ARCHIVES/À trier plus tard/‍ FORMATION/KIT ECOM SUCCESS - XAVIER-LOUP,99_Archives/2025/99_ARCHIVES/À trier plus tard/‍ FORMATION/KIT ECOM SUCCESS - XAVIER-LOUP,MOVE,READY,Systeme B 06_archive -> 99_Archives,application/vnd.google-apps.shortcut,
1a-YGjtGUhJ2iyK2dk1hjHQNDaSOugjCN,2025,06_archive/2025/99_ARCHIVES/À trier plus tard/MICHAËL KIHL/2025,99_Archives/2025/99_ARCHIVES/À trier plus tard/MICHAËL KIHL/2025,MOVE,READY,Systeme B 06_archive -> 99_Archives,application/vnd.google-apps.folder,
1zDKnezxnCpvNzowBKZRNRIpwk4xu8a_s,2024,06_archive/2025/99_ARCHIVES/À trier plus tard/MICHAËL KIHL/2024,99_Archives/2025/99_ARCHIVES/À trier plus tard/MICHAËL KIHL/2024,MOVE,READY,Systeme B 06_archive -> 99_Archives,application/vnd.google-apps.folder,
17rUlHn1f_XIMreiL0CuDKJWVcqJguQiy,1997,06_archive/2025/99_ARCHIVES/À trier plus tard/MICHAËL KIHL/1997,99_Archives/2025/99_ARCHIVES/À trier plus tard/MICHAËL KIHL/1997,MOVE,READY,Systeme B 06_archive -> 99_Archives,application/vnd.google-apps.folder,
1IqTDAT5nnqt6n6yoEN_f4850VmX1qUyd,2001,06_archive/2025/99_ARCHIVES/À trier plus tard/MICHAËL KIHL/2001,99_Archives/2025/99_ARCHIVES/À trier plus tard/MICHAËL KIHL/2001,MOVE,READY,Systeme B 06_archive -> 99_Archives,application/vnd.google-apps.folder,
1LXF_byWynlC4f02Mnd96GbYfy20nOQyL,2002,06_archive/2025/99_ARCHIVES/À trier plus tard/MICHAËL KIHL/2002,99_Archives/2025/99_ARCHIVES/À trier plus tard/MICHAËL KIHL/2002,MOVE,READY,Systeme B 06_archive -> 99_Archives,application/vnd.google-apps.folder,
1srkRAaT709Aycj8ymsyTXRRTeHFY7Ypo,2003,06_archive/2025/99_ARCHIVES/À trier plus tard/MICHAËL KIHL/2003,99_Archives/2025/99_ARCHIVES/À trier plus tard/MICHAËL KIHL/2003,MOVE,READY,Systeme B 06_archive -> 99_Archives,application/vnd.google-apps.folder,
12Ee1iXjOUUdw15MGR7hBrpauYzdbmwC8,2008,06_archive/2025/99_ARCHIVES/À trier plus tard/MICHAËL KIHL/2008,99_Archives/2025/99_ARCHIVES/À trier plus tard/MICHAËL KIHL/2008,MOVE,READY,Systeme B 06_archive -> 99_Archives,application/vnd.google-apps.folder,
1gaG-gLEUtG3X2VjxFQ9W0uYlhUNVoh8m,2009,06_archive/2025/99_ARCHIVES/À trier plus tard/MICHAËL KIHL/2009,99_Archives/2025/99_ARCHIVES/À trier plus tard/MICHAËL KIHL/2009,MOVE,READY,Systeme B 06_archive -> 99_Archives,application/vnd.google-apps.folder,
1_Mla0Bs_pSNq2r2z_ao_oTW07yslZBfz,Flux WordPress,06_archive/2025/99_ARCHIVES/À trier plus tard/🟤 OTTOKIT/Flux WordPress,99_Archives/2025/99_ARCHIVES/À trier plus tard/🟤 OTTOKIT/Flux WordPress,MOVE,READY,Systeme B 06_archive -> 99_Archives,application/vnd.google-apps.folder,
1Vhb9XZafgxPMkt8ZDFNm5AIeMsDqudNF,Google Search Console,06_archive/2025/99_ARCHIVES/À trier plus tard/🟣 MAKE/Google Search Console,99_Archives/2025/99_ARCHIVES/À trier plus tard/🟣 MAKE/Google Search Console,MOVE,READY,Systeme B 06_archive -> 99_Archives,application/vnd.google-apps.folder,
1-pLNJoFoDHidS9GsVpQo-CQoIriDt9bj,SOP - Rédaction schoolsWP (Doc),02_ressources_transverses/templates/00_START-HERE/01_Templates/03_SOP/SOP - Rédaction schoolsWP (Doc),02_Ressources/templates/00_START-HERE/01_Templates/03_SOP/SOP - Rédaction schoolsWP (Doc),MOVE,READY,Systeme B 02_ressources_transverses -> 02_Ressources,application/vnd.google-apps.folder,
1dW0uKxEl-kqLOKVac7qEwcM7IqfSfple,Checklist - Publication (Doc),02_ressources_transverses/templates/00_START-HERE/01_Templates/02_Checklists/Checklist - Publication (Doc),02_Ressources/templates/00_START-HERE/01_Templates/02_Checklists/Checklist - Publication (Doc),MOVE,READY,Systeme B 02_ressources_transverses -> 02_Ressources,application/vnd.google-apps.folder,
1AZ6Dhdt5PA6lWZdPZ14l4ZiZWkN1d-aC,Brief - Video - YouTube (Doc),02_ressources_transverses/templates/00_START-HERE/01_Templates/01_Briefs/Brief - Video - YouTube (Doc),02_Ressources/templates/00_START-HERE/01_Templates/01_Briefs/Brief - Video - YouTube (Doc),MOVE,READY,Systeme B 02_ressources_transverses -> 02_Ressources,application/vnd.google-apps.folder,
1fApl17zRG4epxNOJAv73H9ZXZRq8nlri,Brief - Article (Doc),02_ressources_transverses/templates/00_START-HERE/01_Templates/01_Briefs/Brief - Article (Doc),02_Ressources/templates/00_START-HERE/01_Templates/01_Briefs/Brief - Article (Doc),MOVE,READY,Systeme B 02_ressources_transverses -> 02_Ressources,application/vnd.google-apps.folder,
1xVmet48NeuhhvjpPd24BHNeN7_h9zmqh,01_DRAFT,02_PROJETS/schoolsWP/07_Prompts/03_PROMPTS/05_Assets/01_DRAFT,01_Projets/schoolsWP/07_Prompts/03_PROMPTS/05_Assets/01_DRAFT,MOVE,READY,02_PROJETS -> 01_Projets,application/vnd.google-apps.folder,
1jBrGK0WoolZlrjKfodKuTabP668KJbTX,02_VALIDÉ,02_PROJETS/schoolsWP/07_Prompts/03_PROMPTS/05_Assets/02_VALIDÉ,01_Projets/schoolsWP/07_Prompts/03_PROMPTS/05_Assets/02_VALIDÉ,MOVE,READY,02_PROJETS -> 01_Projets,application/vnd.google-apps.folder,
12wTFf84ryiV8C9dVGFCvULo0ysc_Pmf5,03_LIVE,02_PROJETS/schoolsWP/07_Prompts/03_PROMPTS/05_Assets/03_LIVE,01_Projets/schoolsWP/07_Prompts/03_PROMPTS/05_Assets/03_LIVE,MOVE,READY,02_PROJETS -> 01_Projets,application/vnd.google-apps.folder,
1vMhJmG0ZUY7x8CuOMX55naiisFsdXNmW,99_ARCHIVES,02_PROJETS/schoolsWP/07_Prompts/03_PROMPTS/05_Assets/99_ARCHIVES,01_Projets/schoolsWP/07_Prompts/03_PROMPTS/05_Assets/99_ARCHIVES,MOVE,READY,02_PROJETS -> 01_Projets,application/vnd.google-apps.folder,
1IaPhtbbYV0vge6_Bq52jkJJiVayGOOjx,01_DRAFT,02_PROJETS/schoolsWP/07_Prompts/03_PROMPTS/06_Automation/01_DRAFT,01_Projets/schoolsWP/07_Prompts/03_PROMPTS/06_Automation/01_DRAFT,MOVE,READY,02_PROJETS -> 01_Projets,application/vnd.google-apps.folder,
1J9mnGobdBFrLujYzhyfkdcixTYCLXyXs,02_VALIDÉ,02_PROJETS/schoolsWP/07_Prompts/03_PROMPTS/06_Automation/02_VALIDÉ,01_Projets/schoolsWP/07_Prompts/03_PROMPTS/06_Automation/02_VALIDÉ,MOVE,READY,02_PROJETS -> 01_Projets,application/vnd.google-apps.folder,
1KqC0MgVz2F9jmdAlTSWXGGujflzaFZ1G,03_LIVE,02_PROJETS/schoolsWP/07_Prompts/03_PROMPTS/06_Automation/03_LIVE,01_Projets/schoolsWP/07_Prompts/03_PROMPTS/06_Automation/03_LIVE,MOVE,READY,02_PROJETS -> 01_Projets,application/vnd.google-apps.folder,
1Nt1_rOBXiRLvaAiiaQhcOVmWo7B6TiL4,99_ARCHIVES,02_PROJETS/schoolsWP/07_Prompts/03_PROMPTS/06_Automation/99_ARCHIVES,01_Projets/schoolsWP/07_Prompts/03_PROMPTS/06_Automation/99_ARCHIVES,MOVE,READY,02_PROJETS -> 01_Projets,application/vnd.google-apps.folder,
1XcdP4a9Q8JxvoDN4bQJjp6m9b1y0hUBW,01_DRAFT,02_PROJETS/schoolsWP/07_Prompts/03_PROMPTS/04_Affiliation/01_DRAFT,01_Projets/schoolsWP/07_Prompts/03_PROMPTS/04_Affiliation/01_DRAFT,MOVE,READY,02_PROJETS -> 01_Projets,application/vnd.google-apps.folder,
1z9kk_B5n57T1c-EwmODQVJ4iDPNZelK8,02_VALIDÉ,02_PROJETS/schoolsWP/07_Prompts/03_PROMPTS/04_Affiliation/02_VALIDÉ,01_Projets/schoolsWP/07_Prompts/03_PROMPTS/04_Affiliation/02_VALIDÉ,MOVE,READY,02_PROJETS -> 01_Projets,application/vnd.google-apps.folder,
1Y1hjVLN3m_IpYa4xL-oS6arPcNNG3auQ,03_LIVE,02_PROJETS/schoolsWP/07_Prompts/03_PROMPTS/04_Affiliation/03_LIVE,01_Projets/schoolsWP/07_Prompts/03_PROMPTS/04_Affiliation/03_LIVE,MOVE,READY,02_PROJETS -> 01_Projets,application/vnd.google-apps.folder,
1fSsGKIweVzlnZX3maCWheM_s4m1Fc2pH,99_ARCHIVES,02_PROJETS/schoolsWP/07_Prompts/03_PROMPTS/04_Affiliation/99_ARCHIVES,01_Projets/schoolsWP/07_Prompts/03_PROMPTS/04_Affiliation/99_ARCHIVES,MOVE,READY,02_PROJETS -> 01_Projets,application/vnd.google-apps.folder,
1aKIxAtL_wwNOF7TwdCQKKtFL6oeZhxMA,01_DRAFT,02_PROJETS/schoolsWP/07_Prompts/03_PROMPTS/03_Conversion/01_DRAFT,01_Projets/schoolsWP/07_Prompts/03_PROMPTS/03_Conversion/01_DRAFT,MOVE,READY,02_PROJETS -> 01_Projets,application/vnd.google-apps.folder,
18uRwas0RKHrSYoWW3p5N2xdKHeyTiBWg,02_VALIDÉ,02_PROJETS/schoolsWP/07_Prompts/03_PROMPTS/03_Conversion/02_VALIDÉ,01_Projets/schoolsWP/07_Prompts/03_PROMPTS/03_Conversion/02_VALIDÉ,MOVE,READY,02_PROJETS -> 01_Projets,application/vnd.google-apps.folder,
15Ir_6MGc5UTMAOY4ed7yIQSzL1BvH8AT,03_LIVE,02_PROJETS/schoolsWP/07_Prompts/03_PROMPTS/03_Conversion/03_LIVE,01_Projets/schoolsWP/07_Prompts/03_PROMPTS/03_Conversion/03_LIVE,MOVE,READY,02_PROJETS -> 01_Projets,application/vnd.google-apps.folder,
1evnADZumzS2DFaqCnRqhevAk2BuxtEnG,99_ARCHIVES,02_PROJETS/schoolsWP/07_Prompts/03_PROMPTS/03_Conversion/99_ARCHIVES,01_Projets/schoolsWP/07_Prompts/03_PROMPTS/03_Conversion/99_ARCHIVES,MOVE,READY,02_PROJETS -> 01_Projets,application/vnd.google-apps.folder,
1jWVO7_0FZKRqMzfUgRuFLMG1W3EQY_cd,01_DRAFT,02_PROJETS/schoolsWP/07_Prompts/03_PROMPTS/02_Email_CRM/01_DRAFT,01_Projets/schoolsWP/07_Prompts/03_PROMPTS/02_Email_CRM/01_DRAFT,MOVE,READY,02_PROJETS -> 01_Projets,application/vnd.google-apps.folder,
1qNyLCAj2qm4qgRj3S9Nn8P-a0f32iMLH,02_VALIDÉ,02_PROJETS/schoolsWP/07_Prompts/03_PROMPTS/02_Email_CRM/02_VALIDÉ,01_Projets/schoolsWP/07_Prompts/03_PROMPTS/02_Email_CRM/02_VALIDÉ,MOVE,READY,02_PROJETS -> 01_Projets,application/vnd.google-apps.folder,
1XPCZtU-w35tB7oTXvv6znxc2SmZsyoFu,03_LIVE,02_PROJETS/schoolsWP/07_Prompts/03_PROMPTS/02_Email_CRM/03_LIVE,01_Projets/schoolsWP/07_Prompts/03_PROMPTS/02_Email_CRM/03_LIVE,MOVE,READY,02_PROJETS -> 01_Projets,application/vnd.google-apps.folder,
1P4acOyEnruLxS5lnwK_cqb2efs98v36m,99_ARCHIVES,02_PROJETS/schoolsWP/07_Prompts/03_PROMPTS/02_Email_CRM/99_ARCHIVES,01_Projets/schoolsWP/07_Prompts/03_PROMPTS/02_Email_CRM/99_ARCHIVES,MOVE,READY,02_PROJETS -> 01_Projets,application/vnd.google-apps.folder,
1ih8LfqJehb2nL6Q66tfhDbAO5V396QTu,01_DRAFT,02_PROJETS/schoolsWP/07_Prompts/03_PROMPTS/01_Editorial_SEO/01_DRAFT,01_Projets/schoolsWP/07_Prompts/03_PROMPTS/01_Editorial_SEO/01_DRAFT,MOVE,READY,02_PROJETS -> 01_Projets,application/vnd.google-apps.folder,
1r-pZSEMD5pU6MDqyakxjOCvvw29VmJ2j,02_VALIDÉ,02_PROJETS/schoolsWP/07_Prompts/03_PROMPTS/01_Editorial_SEO/02_VALIDÉ,01_Projets/schoolsWP/07_Prompts/03_PROMPTS/01_Editorial_SEO/02_VALIDÉ,MOVE,READY,02_PROJETS -> 01_Projets,application/vnd.google-apps.folder,
1mOjtUG7wANpKoC9D9mI4R1Psq7HYgDEM,03_LIVE,02_PROJETS/schoolsWP/07_Prompts/03_PROMPTS/01_Editorial_SEO/03_LIVE,01_Projets/schoolsWP/07_Prompts/03_PROMPTS/01_Editorial_SEO/03_LIVE,MOVE,READY,02_PROJETS -> 01_Projets,application/vnd.google-apps.folder,
15P545DTf19DMhX1yiXCApAECNfX871DX,99_ARCHIVES,02_PROJETS/schoolsWP/07_Prompts/03_PROMPTS/01_Editorial_SEO/99_ARCHIVES,01_Projets/schoolsWP/07_Prompts/03_PROMPTS/01_Editorial_SEO/99_ARCHIVES,MOVE,READY,02_PROJETS -> 01_Projets,application/vnd.google-apps.folder,
1bqYkma0s9mI9wnRlkUiB-SbPK6Zi9zYJ,01_DRAFT,02_PROJETS/schoolsWP/07_Prompts/02_TEMPLATES/06_Automation_SOP/01_DRAFT,01_Projets/schoolsWP/07_Prompts/02_TEMPLATES/06_Automation_SOP/01_DRAFT,MOVE,READY,02_PROJETS -> 01_Projets,application/vnd.google-apps.folder,
1cKdXzkQAHB060O07C_CmumgAQrmAcQeL,02_VALIDÉ,02_PROJETS/schoolsWP/07_Prompts/02_TEMPLATES/06_Automation_SOP/02_VALIDÉ,01_Projets/schoolsWP/07_Prompts/02_TEMPLATES/06_Automation_SOP/02_VALIDÉ,MOVE,READY,02_PROJETS -> 01_Projets,application/vnd.google-apps.folder,
1vWrQqrIkfdP1brGbHTIrKxdQlKVRPL99,03_LIVE,02_PROJETS/schoolsWP/07_Prompts/02_TEMPLATES/06_Automation_SOP/03_LIVE,01_Projets/schoolsWP/07_Prompts/02_TEMPLATES/06_Automation_SOP/03_LIVE,MOVE,READY,02_PROJETS -> 01_Projets,application/vnd.google-apps.folder,
1p5iOw6DC6RdGX6MRCd1JcStB0ilaKvSG,99_ARCHIVES,02_PROJETS/schoolsWP/07_Prompts/02_TEMPLATES/06_Automation_SOP/99_ARCHIVES,01_Projets/schoolsWP/07_Prompts/02_TEMPLATES/06_Automation_SOP/99_ARCHIVES,MOVE,READY,02_PROJETS -> 01_Projets,application/vnd.google-apps.folder,
1p-o1goBZlvAOUKtPsUHFW8xaQwL-2mv7,01_DRAFT,02_PROJETS/schoolsWP/07_Prompts/02_TEMPLATES/05_Affiliation_Monetisation/01_DRAFT,01_Projets/schoolsWP/07_Prompts/02_TEMPLATES/05_Affiliation_Monetisation/01_DRAFT,MOVE,READY,02_PROJETS -> 01_Projets,application/vnd.google-apps.folder,
1COmN66E-pRPyPx_xx7tDk1l7O84U1Wph,02_VALIDÉ,02_PROJETS/schoolsWP/07_Prompts/02_TEMPLATES/05_Affiliation_Monetisation/02_VALIDÉ,01_Projets/schoolsWP/07_Prompts/02_TEMPLATES/05_Affiliation_Monetisation/02_VALIDÉ,MOVE,READY,02_PROJETS -> 01_Projets,application/vnd.google-apps.folder,
1sRYgoyjvFrsWiEVbozVvsMH5z2M0aWDe,03_LIVE,02_PROJETS/schoolsWP/07_Prompts/02_TEMPLATES/05_Affiliation_Monetisation/03_LIVE,01_Projets/schoolsWP/07_Prompts/02_TEMPLATES/05_Affiliation_Monetisation/03_LIVE,MOVE,READY,02_PROJETS -> 01_Projets,application/vnd.google-apps.folder,
16l7LlZXSeA0PbOoEJqMwh0qhaKsDGd3I,99_ARCHIVES,02_PROJETS/schoolsWP/07_Prompts/02_TEMPLATES/05_Affiliation_Monetisation/99_ARCHIVES,01_Projets/schoolsWP/07_Prompts/02_TEMPLATES/05_Affiliation_Monetisation/99_ARCHIVES,MOVE,READY,02_PROJETS -> 01_Projets,application/vnd.google-apps.folder,
1eXRq7oRNd0FyE8O7fj4r3PuWO9Hz5SnO,01_DRAFT,02_PROJETS/schoolsWP/07_Prompts/02_TEMPLATES/04_YouTube_Social/01_DRAFT,01_Projets/schoolsWP/07_Prompts/02_TEMPLATES/04_YouTube_Social/01_DRAFT,MOVE,READY,02_PROJETS -> 01_Projets,application/vnd.google-apps.folder,
1F7lDkNXD17xl6H6u2rTqqjqZgRu1l8go,02_VALIDÉ,02_PROJETS/schoolsWP/07_Prompts/02_TEMPLATES/04_YouTube_Social/02_VALIDÉ,01_Projets/schoolsWP/07_Prompts/02_TEMPLATES/04_YouTube_Social/02_VALIDÉ,MOVE,READY,02_PROJETS -> 01_Projets,application/vnd.google-apps.folder,
1Eaulz-cpt170BvGFwVXReZ7UEIb2K5ig,03_LIVE,02_PROJETS/schoolsWP/07_Prompts/02_TEMPLATES/04_YouTube_Social/03_LIVE,01_Projets/schoolsWP/07_Prompts/02_TEMPLATES/04_YouTube_Social/03_LIVE,MOVE,READY,02_PROJETS -> 01_Projets,application/vnd.google-apps.folder,
19Qe356ucf96vCUkpnZAN-qscgG7A8f1P,99_ARCHIVES,02_PROJETS/schoolsWP/07_Prompts/02_TEMPLATES/04_YouTube_Social/99_ARCHIVES,01_Projets/schoolsWP/07_Prompts/02_TEMPLATES/04_YouTube_Social/99_ARCHIVES,MOVE,READY,02_PROJETS -> 01_Projets,application/vnd.google-apps.folder,
19nksvk69TYvERIDMH1e99RX1Wag1oZXO,01_DRAFT,02_PROJETS/schoolsWP/07_Prompts/02_TEMPLATES/03_Conversion_Landing/01_DRAFT,01_Projets/schoolsWP/07_Prompts/02_TEMPLATES/03_Conversion_Landing/01_DRAFT,MOVE,READY,02_PROJETS -> 01_Projets,application/vnd.google-apps.folder,
1Thy6ckocaKVvyjMy37yF3kVsxid1Z5ee,02_VALIDÉ,02_PROJETS/schoolsWP/07_Prompts/02_TEMPLATES/03_Conversion_Landing/02_VALIDÉ,01_Projets/schoolsWP/07_Prompts/02_TEMPLATES/03_Conversion_Landing/02_VALIDÉ,MOVE,READY,02_PROJETS -> 01_Projets,application/vnd.google-apps.folder,
1zA-yUQuhRhFryND0bvXrqMLt9Wu6kTkg,03_LIVE,02_PROJETS/schoolsWP/07_Prompts/02_TEMPLATES/03_Conversion_Landing/03_LIVE,01_Projets/schoolsWP/07_Prompts/02_TEMPLATES/03_Conversion_Landing/03_LIVE,MOVE,READY,02_PROJETS -> 01_Projets,application/vnd.google-apps.folder,
18PNjZDOW6rW93KIE9asnYqRK7U0I-LcT,99_ARCHIVES,02_PROJETS/schoolsWP/07_Prompts/02_TEMPLATES/03_Conversion_Landing/99_ARCHIVES,01_Projets/schoolsWP/07_Prompts/02_TEMPLATES/03_Conversion_Landing/99_ARCHIVES,MOVE,READY,02_PROJETS -> 01_Projets,application/vnd.google-apps.folder,
1FNYtPgLSsH0t-iSbifwG2gGNW2ms4qNf,01_DRAFT,02_PROJETS/schoolsWP/07_Prompts/02_TEMPLATES/02_Email_CRM_FluentCRM/01_DRAFT,01_Projets/schoolsWP/07_Prompts/02_TEMPLATES/02_Email_CRM_FluentCRM/01_DRAFT,MOVE,READY,02_PROJETS -> 01_Projets,application/vnd.google-apps.folder,
1yCQgwqpZWLFxxNy-kLFCW5mcHA4Ip7dn,02_VALIDÉ,02_PROJETS/schoolsWP/07_Prompts/02_TEMPLATES/02_Email_CRM_FluentCRM/02_VALIDÉ,01_Projets/schoolsWP/07_Prompts/02_TEMPLATES/02_Email_CRM_FluentCRM/02_VALIDÉ,MOVE,READY,02_PROJETS -> 01_Projets,application/vnd.google-apps.folder,
1_zBCorXWeioDh0qOwzzNZP1dknEJNoBw,03_LIVE,02_PROJETS/schoolsWP/07_Prompts/02_TEMPLATES/02_Email_CRM_FluentCRM/03_LIVE,01_Projets/schoolsWP/07_Prompts/02_TEMPLATES/02_Email_CRM_FluentCRM/03_LIVE,MOVE,READY,02_PROJETS -> 01_Projets,application/vnd.google-apps.folder,
1r0NL2RSLLjtED9IHu3keiYMygC0OlS6W,99_ARCHIVES,02_PROJETS/schoolsWP/07_Prompts/02_TEMPLATES/02_Email_CRM_FluentCRM/99_ARCHIVES,01_Projets/schoolsWP/07_Prompts/02_TEMPLATES/02_Email_CRM_FluentCRM/99_ARCHIVES,MOVE,READY,02_PROJETS -> 01_Projets,application/vnd.google-apps.folder,
1VYh-wO76xVC8l3zuC8QktRdXQIW8xNBK,99_ARCHIVES,02_PROJETS/schoolsWP/07_Prompts/02_TEMPLATES/01_Editorial_SEO/99_ARCHIVES,01_Projets/schoolsWP/07_Prompts/02_TEMPLATES/01_Editorial_SEO/99_ARCHIVES,MOVE,READY,02_PROJETS -> 01_Projets,application/vnd.google-apps.folder,
1jZ9j7KEyWAa94fgO-m3aPeTrSuMzOsNX,03_LIVE,02_PROJETS/schoolsWP/07_Prompts/02_TEMPLATES/01_Editorial_SEO/03_LIVE,01_Projets/schoolsWP/07_Prompts/02_TEMPLATES/01_Editorial_SEO/03_LIVE,MOVE,READY,02_PROJETS -> 01_Projets,application/vnd.google-apps.folder,
1Ud--_c5rD92AUFvsRD6THxUHZJRPq6HV,02_VALIDÉ,02_PROJETS/schoolsWP/07_Prompts/02_TEMPLATES/01_Editorial_SEO/02_VALIDÉ,01_Projets/schoolsWP/07_Prompts/02_TEMPLATES/01_Editorial_SEO/02_VALIDÉ,MOVE,READY,02_PROJETS -> 01_Projets,application/vnd.google-apps.folder,
16XH4sJwZD0F6OSG_xHRAIMB3qVeShJJk,01_DRAFT,02_PROJETS/schoolsWP/07_Prompts/02_TEMPLATES/01_Editorial_SEO/01_DRAFT,01_Projets/schoolsWP/07_Prompts/02_TEMPLATES/01_Editorial_SEO/01_DRAFT,MOVE,READY,02_PROJETS -> 01_Projets,application/vnd.google-apps.folder,
1UF11vwIwBWlMqwGbHoEz0awRyFadNYvJ,_PARTENAIRE_TEMPLATE,02_PROJETS/schoolsWP/06_Monetisation/01_Affiliation/01_Partenaires/_PARTENAIRE_TEMPLATE,01_Projets/schoolsWP/06_Monetisation/01_Affiliation/01_Partenaires/_PARTENAIRE_TEMPLATE,MOVE,READY,02_PROJETS -> 01_Projets,application/vnd.google-apps.folder,
1RY-7Yc2qi0mSpMepjXbG5kMmXgLr5xiG,WPManageNinja,02_PROJETS/schoolsWP/06_Monetisation/01_Affiliation/01_Partenaires/WPManageNinja,01_Projets/schoolsWP/06_Monetisation/01_Affiliation/01_Partenaires/WPManageNinja,MOVE,READY,02_PROJETS -> 01_Projets,application/vnd.google-apps.folder,
1UjpCvAJOovHHOQL7jAFIYh45Lg7C3oKOVt7YswXcyDU,README – Affiliation schoolsWP,02_PROJETS/schoolsWP/06_Monetisation/01_Affiliation/00_README/README – Affiliation schoolsWP,01_Projets/schoolsWP/06_Monetisation/01_Affiliation/00_README/README – Affiliation schoolsWP,MOVE,READY,02_PROJETS -> 01_Projets,application/vnd.google-apps.document,3664
1t9KI_djmLGO7sEbMYeaUIyqSg4Da4XeV,DE,02_PROJETS/schoolsWP/02_Contenus/04_Publies/Articles/DE,01_Projets/schoolsWP/02_Contenus/04_Publies/Articles/DE,MOVE,READY,02_PROJETS -> 01_Projets,application/vnd.google-apps.folder,
1ktzJQw6xchOxek83XVb-cHTmg7jROkFs,EN,02_PROJETS/schoolsWP/02_Contenus/04_Publies/Articles/EN,01_Projets/schoolsWP/02_Contenus/04_Publies/Articles/EN,MOVE,READY,02_PROJETS -> 01_Projets,application/vnd.google-apps.folder,
1zCD7KZaBIaIL6hKVaIoNpW7On4M15rwo,FR,02_PROJETS/schoolsWP/02_Contenus/04_Publies/Articles/FR,01_Projets/schoolsWP/02_Contenus/04_Publies/Articles/FR,MOVE,READY,02_PROJETS -> 01_Projets,application/vnd.google-apps.folder,
1-vf0r5Ub_FGcLOCOFSdbOZgqkBPRzbZi,03_DE,02_PROJETS/schoolsWP/02_Contenus/04_Publies/Articles/03_DE,01_Projets/schoolsWP/02_Contenus/04_Publies/Articles/03_DE,MOVE,READY,02_PROJETS -> 01_Projets,application/vnd.google-apps.folder,
1Zzq9XxRwEKV0r-ADSQXu5hN18JYbctOE,02_EN,02_PROJETS/schoolsWP/02_Contenus/04_Publies/Articles/02_EN,01_Projets/schoolsWP/02_Contenus/04_Publies/Articles/02_EN,MOVE,READY,02_PROJETS -> 01_Projets,application/vnd.google-apps.folder,
1TSoo4BQWxeW30sDBwIKKwBe4atAmlRGj,01_FR,02_PROJETS/schoolsWP/02_Contenus/04_Publies/Articles/01_FR,01_Projets/schoolsWP/02_Contenus/04_Publies/Articles/01_FR,MOVE,READY,02_PROJETS -> 01_Projets,application/vnd.google-apps.folder,
1w5sAUWtrzg-vWD2AZbnzyfa3TyvbBX5A,FR,02_PROJETS/schoolsWP/02_Contenus/03_A_revoir/Articles/FR,01_Projets/schoolsWP/02_Contenus/03_A_revoir/Articles/FR,MOVE,READY,02_PROJETS -> 01_Projets,application/vnd.google-apps.folder,
1Hy02vOl_L69kz1DNICNj0Hdb4Vm1g_KD,FR,02_PROJETS/schoolsWP/02_Contenus/02_En_cours/Articles/FR,01_Projets/schoolsWP/02_Contenus/02_En_cours/Articles/FR,MOVE,READY,02_PROJETS -> 01_Projets,application/vnd.google-apps.folder,
1zSWrFyokLyiypfcj6TzM32Jw5XJwE4hf,FR,02_PROJETS/schoolsWP/02_Contenus/01_Backlog/Articles/FR,01_Projets/schoolsWP/02_Contenus/01_Backlog/Articles/FR,MOVE,READY,02_PROJETS -> 01_Projets,application/vnd.google-apps.folder,
