id,current_name,new_name,path,severity,issues,mime_type
1gMURVSvaTfRAfJ36vLzhyeeeb3G7w10Z,2025-02-16 – Performance-efficiency-ai-editing-skoatch – Ressource.jpg,2025-02-16 - Performance-efficiency-ai-editing-skoatch.jpg,01_Projets/schoolsWP/04_ASSETS/04_Illustrations/2025-02-16 – Performance-efficiency-ai-editing-skoatch – Ressource.jpg,low,long_dash,image/jpeg
1fsmcCsD0di1D66qc5KCiPF9sToeOH9lZ,2025-02-15 – Academy-lms – Ressource.webp,2025-02-15 - Academy-lms.webp,01_Projets/schoolsWP/04_ASSETS/04_Illustrations/2025-02-15 – Academy-lms – Ressource.webp,low,long_dash,image/webp
1fXYOOCWrMNRLIS3T0RUDtXBb-zvJyHYv,2025-02-13 – Integrations-add-ons-lms-fonctionnalites-premium – Ressource.jpg,2025-02-13 - Integrations-add-ons-lms-fonctionnalites-premium.jpg,01_Projets/schoolsWP/04_ASSETS/04_Illustrations/2025-02-13 – Integrations-add-ons-lms-fonctionnalites-premium – Ressource.jpg,low,long_dash,image/jpeg
1dxFarn3nFrHetLPqJzhDb3Cd6mgr2zvX,2025-02-11 – Academy-lms-interface-choix-instructeur-marketplace – Ressource.jpg,2025-02-11 - Academy-lms-interface-choix-instructeur-marketplace.jpg,01_Projets/schoolsWP/04_ASSETS/04_Illustrations/2025-02-11 – Academy-lms-interface-choix-instructeur-marketplace – Ressource.jpg,low,long_dash,image/jpeg
1dx2WzP-ZrqBSf4hF1Wc2u5GcEPrt3zCm,2025-02-11 – Academy-lms-2-0-welcome-page-e-learning – Ressource.jpg,2025-02-11 - Academy-lms-2-0-welcome-page-e-learning.jpg,01_Projets/schoolsWP/04_ASSETS/04_Illustrations/2025-02-11 – Academy-lms-2-0-welcome-page-e-learning – Ressource.jpg,low,long_dash,image/jpeg
1dt3OSRw-kKT245TEBOd2aqWxpnI7zYR_,2025-02-10 – Academy-lms-comparatif-prix-lifetime – Ressource.jpg,2025-02-10 - Academy-lms-comparatif-prix-lifetime.jpg,01_Projets/schoolsWP/04_ASSETS/04_Illustrations/2025-02-10 – Academy-lms-comparatif-prix-lifetime – Ressource.jpg,low,long_dash,image/jpeg
1diPFXzatNCEae1Ap5eYId0j84f9ps_l-,2025-02-10 – Academy-lms-comparatif-plans-prix – Ressource.jpg,2025-02-10 - Academy-lms-comparatif-plans-prix.jpg,01_Projets/schoolsWP/04_ASSETS/04_Illustrations/2025-02-10 – Academy-lms-comparatif-plans-prix – Ressource.jpg,low,long_dash,image/jpeg
1AxQ_81ZgAOXEhtI1USU4vBmE42k77ndH,2025-12-29 – 20251229 135310 – Ressource.jpg,2025-12-29 - 20251229 135310.jpg,01_Projets/schoolsWP/04_ASSETS/04_Illustrations/2025-12-29 – 20251229 135310 – Ressource.jpg,low,long_dash,image/jpeg
18I080orMYxVPp_R8JQxesuXvcdZAsslm,2025-12-29 – 20251229 135238 – Ressource.jpg,2025-12-29 - 20251229 135238.jpg,01_Projets/schoolsWP/04_ASSETS/04_Illustrations/2025-12-29 – 20251229 135238 – Ressource.jpg,low,long_dash,image/jpeg
1tgAIK4jy10gqzcBwQexOVZ7MfBVz9Kub,2025-03-28 – Ad Banner 2 Vertical 400x600 px – Ressource.png,2025-03-28 - Ad Banner 2 Vertical 400x600 px.png,01_Projets/schoolsWP/04_ASSETS/04_Illustrations/2025-03-28 – Ad Banner 2 Vertical 400x600 px – Ressource.png,low,long_dash,image/png
11qWJWCnbxmSza7dKF_Swd7ysvf6FIGAM,2025-05-10 – Wp-rocket-boostez-vitesse-seo-wordpress – Thumbnail Pinterest.jpg,2025-05-10 - Wp-rocket-boostez-vitesse-seo-wordpress - Thumbnail Pinterest.jpg,01_Projets/schoolsWP/04_ASSETS/02_Thumbnails/2025-05-10 – Wp-rocket-boostez-vitesse-seo-wordpress – Thumbnail Pinterest.jpg,low,long_dash,image/jpeg
11reXIBSKEcgi5Nb3-oRYNweOq6FFVKGX,2025-05-10 – Wp-rocket-plugin-cache-wordpress-rapide-seo – Thumbnail Pinterest.jpg,2025-05-10 - Wp-rocket-plugin-cache-wordpress-rapide-seo - Thumbnail Pinterest.jpg,01_Projets/schoolsWP/04_ASSETS/02_Thumbnails/2025-05-10 – Wp-rocket-plugin-cache-wordpress-rapide-seo – Thumbnail Pinterest.jpg,low,long_dash,image/jpeg
1ns1GM__wmVHRNQpjO6IIu4nAC8QFnOFf,2025-03-09 – Amelia-wp-plugin-reservation-wordpress – Thumbnail Pinterest.jpg,2025-03-09 - Amelia-wp-plugin-reservation-wordpress - Thumbnail Pinterest.jpg,01_Projets/schoolsWP/04_ASSETS/02_Thumbnails/2025-03-09 – Amelia-wp-plugin-reservation-wordpress – Thumbnail Pinterest.jpg,low,long_dash,image/jpeg
1nyUIiAlVEWcR3Dc_ivQW962qmZ6N9fNa,2025-03-09 – Amelia-wp-reservations-rendez-vous-wordpress – Thumbnail Pinterest.jpg,2025-03-09 - Amelia-wp-reservations-rendez-vous-wordpress - Thumbnail Pinterest.jpg,01_Projets/schoolsWP/04_ASSETS/02_Thumbnails/2025-03-09 – Amelia-wp-reservations-rendez-vous-wordpress – Thumbnail Pinterest.jpg,low,long_dash,image/jpeg
1rU8Mys5yD_PikDqKUOdd7QPXJAyN7ZdS,2025-03-17 – Crocoblock-wordpress-elementor – Thumbnail Pinterest.jpg,2025-03-17 - Crocoblock-wordpress-elementor - Thumbnail Pinterest.jpg,01_Projets/schoolsWP/04_ASSETS/02_Thumbnails/2025-03-17 – Crocoblock-wordpress-elementor – Thumbnail Pinterest.jpg,low,long_dash,image/jpeg
1rTCYKLcI9x5FfGLhfa7M3JAA4AezoF8k,2025-03-17 – Crocoblock-boite-outils-wordpress – Thumbnail Pinterest.jpg,2025-03-17 - Crocoblock-boite-outils-wordpress - Thumbnail Pinterest.jpg,01_Projets/schoolsWP/04_ASSETS/02_Thumbnails/2025-03-17 – Crocoblock-boite-outils-wordpress – Thumbnail Pinterest.jpg,low,long_dash,image/jpeg
12f63NoE9MnDLvLLmolY8N0z7CfbQg1ki,2025-07-20 – Spotlightwp-avis-plugin-instagram-test – Thumbnail Pinterest.jpg,2025-07-20 - Spotlightwp-avis-plugin-instagram-test - Thumbnail Pinterest.jpg,01_Projets/schoolsWP/04_ASSETS/02_Thumbnails/2025-07-20 – Spotlightwp-avis-plugin-instagram-test – Thumbnail Pinterest.jpg,low,long_dash,image/jpeg
1DLvzAIbj8RYtSO7zyz6R69QTtBvctvCT,2025-07-20 – Spotlightwp-avis-plugin-instagram-wordpress-test – Thumbnail Pinterest.jpg,2025-07-20 - Spotlightwp-avis-plugin-instagram-wordpress-test - Thumbnail Pinterest.jpg,01_Projets/schoolsWP/04_ASSETS/02_Thumbnails/2025-07-20 – Spotlightwp-avis-plugin-instagram-wordpress-test – Thumbnail Pinterest.jpg,low,long_dash,image/jpeg
1cZOwIiAZ2gOHNjY2t2wz48HVGU8_960J,2024-07-21 – Wishlist-member-boostez-votre-site-wordpress – Thumbnail Pinterest.jpg,2024-07-21 - Wishlist-member-boostez-votre-site-wordpress - Thumbnail Pinterest.jpg,01_Projets/schoolsWP/04_ASSETS/02_Thumbnails/2024-07-21 – Wishlist-member-boostez-votre-site-wordpress – Thumbnail Pinterest.jpg,low,long_dash,image/jpeg
1cQZbquRoidXtoikvtV4KJRSamfbn14wn,2024-07-21 – Wishlist-member-tout-savoir-plugin-wordpress – Thumbnail Pinterest.jpg,2024-07-21 - Wishlist-member-tout-savoir-plugin-wordpress - Thumbnail Pinterest.jpg,01_Projets/schoolsWP/04_ASSETS/02_Thumbnails/2024-07-21 – Wishlist-member-tout-savoir-plugin-wordpress – Thumbnail Pinterest.jpg,low,long_dash,image/jpeg
18VOhNqhhJK4Q7fytKh7eg4t2zbATqeKt,2024-11-15 – Surecart-solution-vente-produits-numeriques-wordpress – Thumbnail Pinterest.jpg,2024-11-15 - Surecart-solution-vente-produits-numeriques-wordpress - Thumbnail Pinterest.jpg,01_Projets/schoolsWP/04_ASSETS/02_Thumbnails/2024-11-15 – Surecart-solution-vente-produits-numeriques-wordpress – Thumbnail Pinterest.jpg,low,long_dash,image/jpeg
18SN5KL3siR9eqlYk56t1BDaSE4EwE_rW,2024-11-15 – Surecart-plugin-ecommerce-produits-numeriques-wordpress – Thumbnail Pinterest.jpg,2024-11-15 - Surecart-plugin-ecommerce-produits-numeriques-wordpress - Thumbnail Pinterest.jpg,01_Projets/schoolsWP/04_ASSETS/02_Thumbnails/2024-11-15 – Surecart-plugin-ecommerce-produits-numeriques-wordpress – Thumbnail Pinterest.jpg,low,long_dash,image/jpeg
1TqYUcvkJNBvMLIxm1BLpsWYfo80K__Y1,2025-01-09 – Nettoyer-base-de-donnees-wordpress-guide-complet-plugins – Thumbnail Pinterest.jpg,2025-01-09 - Nettoyer-base-de-donnees-wordpress-guide-complet-plugins - Thumbnail Pinterest.jpg,01_Projets/schoolsWP/04_ASSETS/02_Thumbnails/2025-01-09 – Nettoyer-base-de-donnees-wordpress-guide-complet-plugins – Thumbnail Pinterest.jpg,low,long_dash,image/jpeg
1TvZRM549BHrs9WD1h9vD-zrHCa9lVc62,2025-01-09 – Nettoyer-base-de-donnees-wordpress-guide-complet – Thumbnail Pinterest.jpg,2025-01-09 - Nettoyer-base-de-donnees-wordpress-guide-complet - Thumbnail Pinterest.jpg,01_Projets/schoolsWP/04_ASSETS/02_Thumbnails/2025-01-09 – Nettoyer-base-de-donnees-wordpress-guide-complet – Thumbnail Pinterest.jpg,low,long_dash,image/jpeg
1_pGE2GwFHSAAN6-ToUNQcKm5pVR_X2Uh,2024-07-09 – Structurer-articles-wordpress-seo – Thumbnail Pinterest.jpg,2024-07-09 - Structurer-articles-wordpress-seo - Thumbnail Pinterest.jpg,01_Projets/schoolsWP/04_ASSETS/02_Thumbnails/2024-07-09 – Structurer-articles-wordpress-seo – Thumbnail Pinterest.jpg,low,long_dash,image/jpeg
1i-xkTqPYGiN6U61lizftkkUQVRpdvNX1,2024-07-27 – Suremembers-meilleur-plugin-adhesion-wordpress – Thumbnail Pinterest.jpg,2024-07-27 - Suremembers-meilleur-plugin-adhesion-wordpress - Thumbnail Pinterest.jpg,01_Projets/schoolsWP/04_ASSETS/02_Thumbnails/2024-07-27 – Suremembers-meilleur-plugin-adhesion-wordpress – Thumbnail Pinterest.jpg,low,long_dash,image/jpeg
1i1t7qDc7w_SWg9B0tx6OJiCUVldD5swk,2024-07-27 – Suremembers-decouvrez-meilleur-plugin-adhesion-wordpress – Thumbnail Pinterest.jpg,2024-07-27 - Suremembers-decouvrez-meilleur-plugin-adhesion-wordpress - Thumbnail Pinterest.jpg,01_Projets/schoolsWP/04_ASSETS/02_Thumbnails/2024-07-27 – Suremembers-decouvrez-meilleur-plugin-adhesion-wordpress – Thumbnail Pinterest.jpg,low,long_dash,image/jpeg
1a6q-Dn1UNkaZvYeRRfL-Fyh1lfSIG8ly,2024-07-09 – Avis-funnelkit-meilleur-plugin-tunnels-de-vente – Thumbnail Pinterest.jpg,2024-07-09 - Avis-funnelkit-meilleur-plugin-tunnels-de-vente - Thumbnail Pinterest.jpg,01_Projets/schoolsWP/04_ASSETS/02_Thumbnails/2024-07-09 – Avis-funnelkit-meilleur-plugin-tunnels-de-vente – Thumbnail Pinterest.jpg,low,long_dash,image/jpeg
1aDHNEFtfDVj6WD4traKvMICH-YESAIiv,2024-07-09 – Avis-funnelkit-meilleur-plugin-tunnels-de-vente-wordpress – Thumbnail Pinterest.jpg,2024-07-09 - Avis-funnelkit-meilleur-plugin-tunnels-de-vente-wordpress - Thumbnail Pinterest.jpg,01_Projets/schoolsWP/04_ASSETS/02_Thumbnails/2024-07-09 – Avis-funnelkit-meilleur-plugin-tunnels-de-vente-wordpress – Thumbnail Pinterest.jpg,low,long_dash,image/jpeg
1fe4MlcvJGahMgt435m8puCu8Q6YBf35V,2024-07-21 – Suremembers-vs-wishlist-members-quelle-extension-choisir – Thumbnail Pinterest.jpg,2024-07-21 - Suremembers-vs-wishlist-members-quelle-extension-choisir - Thumbnail Pinterest.jpg,01_Projets/schoolsWP/04_ASSETS/02_Thumbnails/2024-07-21 – Suremembers-vs-wishlist-members-quelle-extension-choisir – Thumbnail Pinterest.jpg,low,long_dash,image/jpeg
1kxU7SZz8I2YBtHgXCG3_V9Zn5FsPyPYm,2024-08-03 – Linkuma-avis-reference-netlinking – Thumbnail Pinterest.jpg,2024-08-03 - Linkuma-avis-reference-netlinking - Thumbnail Pinterest.jpg,01_Projets/schoolsWP/04_ASSETS/02_Thumbnails/2024-08-03 – Linkuma-avis-reference-netlinking – Thumbnail Pinterest.jpg,low,long_dash,image/jpeg
1n7Zzau0xFNuu7HLLk_-xxAit55WBX-GJ,2024-08-13 – Avis-wpboutik-reinvention-commerce-en-ligne-wordpress – Thumbnail Pinterest.jpg,2024-08-13 - Avis-wpboutik-reinvention-commerce-en-ligne-wordpress - Thumbnail Pinterest.jpg,01_Projets/schoolsWP/04_ASSETS/02_Thumbnails/2024-08-13 – Avis-wpboutik-reinvention-commerce-en-ligne-wordpress – Thumbnail Pinterest.jpg,low,long_dash,image/jpeg
1n7_9yxz8vVMWpdCJ2TWSUzvjkVIgu48N,2024-08-13 – Wpboutik-avis-boost-ecommerce-wordpress-facilement – Thumbnail Pinterest.jpg,2024-08-13 - Wpboutik-avis-boost-ecommerce-wordpress-facilement - Thumbnail Pinterest.jpg,01_Projets/schoolsWP/04_ASSETS/02_Thumbnails/2024-08-13 – Wpboutik-avis-boost-ecommerce-wordpress-facilement – Thumbnail Pinterest.jpg,low,long_dash,image/jpeg
1naNnm-2IuFGMV2nUV2uVVn_Or6zad2Xg,2024-08-15 – Top-10-plugins-traduction-wordpress-globaliser-site – Thumbnail Pinterest.jpg,2024-08-15 - Top-10-plugins-traduction-wordpress-globaliser-site - Thumbnail Pinterest.jpg,01_Projets/schoolsWP/04_ASSETS/02_Thumbnails/2024-08-15 – Top-10-plugins-traduction-wordpress-globaliser-site – Thumbnail Pinterest.jpg,low,long_dash,image/jpeg
1nhygrjjdAEM6_nfA-PIagb71aYzWuY7Y,2024-08-15 – Top-10-plugins-traduction-wordpress-site-multilingue – Thumbnail Pinterest.jpg,2024-08-15 - Top-10-plugins-traduction-wordpress-site-multilingue - Thumbnail Pinterest.jpg,01_Projets/schoolsWP/04_ASSETS/02_Thumbnails/2024-08-15 – Top-10-plugins-traduction-wordpress-site-multilingue – Thumbnail Pinterest.jpg,low,long_dash,image/jpeg
1pSNWQPoYWrEX2cxTQlmlG0stNylNo9px,2024-08-29 – Seokey-plugin-wordpress-seo-indispensable – Thumbnail Pinterest.jpg,2024-08-29 - Seokey-plugin-wordpress-seo-indispensable - Thumbnail Pinterest.jpg,01_Projets/schoolsWP/04_ASSETS/02_Thumbnails/2024-08-29 – Seokey-plugin-wordpress-seo-indispensable – Thumbnail Pinterest.jpg,low,long_dash,image/jpeg
1rWRV6W0b8NBfSzlvFdqATWqOdjF3PMef,2024-09-16 – Full-site-editing-fse-wordpress-maitrise-web-moderne – Thumbnail Pinterest.jpg,2024-09-16 - Full-site-editing-fse-wordpress-maitrise-web-moderne - Thumbnail Pinterest.jpg,01_Projets/schoolsWP/04_ASSETS/02_Thumbnails/2024-09-16 – Full-site-editing-fse-wordpress-maitrise-web-moderne – Thumbnail Pinterest.jpg,low,long_dash,image/jpeg
1rVwX51ESGnhoeoYaAR7BPW8PxfAAA9_1,2024-09-16 – Wordpress-full-site-editing-fse-personnalisez-sans-code – Thumbnail Pinterest.jpg,2024-09-16 - Wordpress-full-site-editing-fse-personnalisez-sans-code - Thumbnail Pinterest.jpg,01_Projets/schoolsWP/04_ASSETS/02_Thumbnails/2024-09-16 – Wordpress-full-site-editing-fse-personnalisez-sans-code – Thumbnail Pinterest.jpg,low,long_dash,image/jpeg
1w8FtVAPnhJEtx6fYdr42Ssct1MMYrqVG,2024-09-30 – SureMembers vs Restrict Content Pro   Quel plugin WordPress choisir en 2024 – Thumbnail Pinterest.jpg,2024-09-30 - SureMembers vs Restrict Content Pro Quel plugin WordPress choisir en 2024 - Thumbnail Pinterest.jpg,01_Projets/schoolsWP/04_ASSETS/02_Thumbnails/2024-09-30 – SureMembers vs Restrict Content Pro   Quel plugin WordPress choisir en 2024 – Thumbnail Pinterest.jpg,low,"double_spaces, long_dash",image/jpeg
11_GW7z2tIsZfCvQBS-lrWWVjSa54ikSL,2024-11-06 – Tastewp-creer-facilement-site-wordpress – Thumbnail Pinterest.jpg,2024-11-06 - Tastewp-creer-facilement-site-wordpress - Thumbnail Pinterest.jpg,01_Projets/schoolsWP/04_ASSETS/02_Thumbnails/2024-11-06 – Tastewp-creer-facilement-site-wordpress – Thumbnail Pinterest.jpg,low,long_dash,image/jpeg
18mD7IJQGDvuQeIzWE0Vwv-XMupx35K_Y,2024-11-20 – Optimiser-slugs-wordpress-seo – Thumbnail Pinterest.jpg,2024-11-20 - Optimiser-slugs-wordpress-seo - Thumbnail Pinterest.jpg,01_Projets/schoolsWP/04_ASSETS/02_Thumbnails/2024-11-20 – Optimiser-slugs-wordpress-seo – Thumbnail Pinterest.jpg,low,long_dash,image/jpeg
18g3gDHS8unTBBRzsSKaxeGAGKQyOH4IJ,2024-11-20 – Slug-wordpress-meilleurs-pratiques-seo – Thumbnail Pinterest.jpg,2024-11-20 - Slug-wordpress-meilleurs-pratiques-seo - Thumbnail Pinterest.jpg,01_Projets/schoolsWP/04_ASSETS/02_Thumbnails/2024-11-20 – Slug-wordpress-meilleurs-pratiques-seo – Thumbnail Pinterest.jpg,low,long_dash,image/jpeg
19tVFTlsfGtnm7ZASQLt6kC_mXjnotXP1,2024-11-24 – Link-finder-optimisation-strategie-netlinking – Thumbnail Pinterest.jpg,2024-11-24 - Link-finder-optimisation-strategie-netlinking - Thumbnail Pinterest.jpg,01_Projets/schoolsWP/04_ASSETS/02_Thumbnails/2024-11-24 – Link-finder-optimisation-strategie-netlinking – Thumbnail Pinterest.jpg,low,long_dash,image/jpeg
1BPUF35O4vRvH_nr2RqwGO34N6WYZbwSp,2024-11-25 – Wordpress-playground-guide-introduction – Thumbnail Pinterest.jpg,2024-11-25 - Wordpress-playground-guide-introduction - Thumbnail Pinterest.jpg,01_Projets/schoolsWP/04_ASSETS/02_Thumbnails/2024-11-25 – Wordpress-playground-guide-introduction – Thumbnail Pinterest.jpg,low,long_dash,image/jpeg
1BSjaojpjEJXSj-Csr07pYhxWCm_mZ_wM,2024-11-25 – Tester-wordpress-playground-en-ligne – Thumbnail Pinterest.jpg,2024-11-25 - Tester-wordpress-playground-en-ligne - Thumbnail Pinterest.jpg,01_Projets/schoolsWP/04_ASSETS/02_Thumbnails/2024-11-25 – Tester-wordpress-playground-en-ligne – Thumbnail Pinterest.jpg,low,long_dash,image/jpeg
1EtuN53Ot9UcHmfM28WlLU6_XP4fr2gXm,2024-12-05 – Creation-site-wordpress-sur-mesure – Thumbnail Pinterest.jpg,2024-12-05 - Creation-site-wordpress-sur-mesure - Thumbnail Pinterest.jpg,01_Projets/schoolsWP/04_ASSETS/02_Thumbnails/2024-12-05 – Creation-site-wordpress-sur-mesure – Thumbnail Pinterest.jpg,low,long_dash,image/jpeg
1Eso7rl_O0SSWfU8LVhVdfW3I0f5gbIt8,2024-12-05 – Avantages-site-wordpress-sur-mesure – Thumbnail Pinterest.jpg,2024-12-05 - Avantages-site-wordpress-sur-mesure - Thumbnail Pinterest.jpg,01_Projets/schoolsWP/04_ASSETS/02_Thumbnails/2024-12-05 – Avantages-site-wordpress-sur-mesure – Thumbnail Pinterest.jpg,low,long_dash,image/jpeg
1L9d5hfICoa_9Q11xn4Of9Wxo_MIrYHpz,2024-12-18 – Creez-communaute-wordpress-fluentcommunity-plugin – Thumbnail Pinterest.jpg,2024-12-18 - Creez-communaute-wordpress-fluentcommunity-plugin - Thumbnail Pinterest.jpg,01_Projets/schoolsWP/04_ASSETS/02_Thumbnails/2024-12-18 – Creez-communaute-wordpress-fluentcommunity-plugin – Thumbnail Pinterest.jpg,low,long_dash,image/jpeg
1L86QWUJs4jbR7cxA3dZj5E0i6HdUnWCE,2024-12-18 – Fluentcommunity-construire-communaute-wordpress-facilement – Thumbnail Pinterest.jpg,2024-12-18 - Fluentcommunity-construire-communaute-wordpress-facilement - Thumbnail Pinterest.jpg,01_Projets/schoolsWP/04_ASSETS/02_Thumbnails/2024-12-18 – Fluentcommunity-construire-communaute-wordpress-facilement – Thumbnail Pinterest.jpg,low,long_dash,image/jpeg
1OszjGjYs-_ugATBRbHiZFdsn_1Tkw1VR,2024-12-30 – Thot-seo-outil-optimisation-semantique – Thumbnail Pinterest.jpg,2024-12-30 - Thot-seo-outil-optimisation-semantique - Thumbnail Pinterest.jpg,01_Projets/schoolsWP/04_ASSETS/02_Thumbnails/2024-12-30 – Thot-seo-outil-optimisation-semantique – Thumbnail Pinterest.jpg,low,long_dash,image/jpeg
1OtmvfcMaNseIvv4Wmi6Mpohr3xkuXf0M,2024-12-30 – Thot-seo-outil-semantique-dominer-google – Thumbnail Pinterest.jpg,2024-12-30 - Thot-seo-outil-semantique-dominer-google - Thumbnail Pinterest.jpg,01_Projets/schoolsWP/04_ASSETS/02_Thumbnails/2024-12-30 – Thot-seo-outil-semantique-dominer-google – Thumbnail Pinterest.jpg,low,long_dash,image/jpeg
1Pvh6K16MCbrQzQ1-FkSTQ5LTKtD1HGrC,2025-01-02 – Quest-ce-que-gutenberg-wordpress – Thumbnail Pinterest.jpg,2025-01-02 - Quest-ce-que-gutenberg-wordpress - Thumbnail Pinterest.jpg,01_Projets/schoolsWP/04_ASSETS/02_Thumbnails/2025-01-02 – Quest-ce-que-gutenberg-wordpress – Thumbnail Pinterest.jpg,low,long_dash,image/jpeg
1ZzWc_xn24UQyZak_hEAekOKEfjWb1yuN,2025-01-16 – Plugin-wordpress-traduction-optimise-seo – Thumbnail Pinterest.jpg,2025-01-16 - Plugin-wordpress-traduction-optimise-seo - Thumbnail Pinterest.jpg,01_Projets/schoolsWP/04_ASSETS/02_Thumbnails/2025-01-16 – Plugin-wordpress-traduction-optimise-seo – Thumbnail Pinterest.jpg,low,long_dash,image/jpeg
1_4CVWPVAZnwVBcGrLkhEpFa-AB2qUXNy,2025-01-16 – Traduire-sans-migraine-test-plugin-wordpress – Thumbnail Pinterest.jpg,2025-01-16 - Traduire-sans-migraine-test-plugin-wordpress - Thumbnail Pinterest.jpg,01_Projets/schoolsWP/04_ASSETS/02_Thumbnails/2025-01-16 – Traduire-sans-migraine-test-plugin-wordpress – Thumbnail Pinterest.jpg,low,long_dash,image/jpeg
1alBBdu-nzb-KbFWWoKHyc_cWSHxtKSXQ,2025-01-24 – Skoatch-performance-efficacite-redaction-ia – Thumbnail Pinterest.jpg,2025-01-24 - Skoatch-performance-efficacite-redaction-ia - Thumbnail Pinterest.jpg,01_Projets/schoolsWP/04_ASSETS/02_Thumbnails/2025-01-24 – Skoatch-performance-efficacite-redaction-ia – Thumbnail Pinterest.jpg,low,long_dash,image/jpeg
1alYE_lnLlYtesmr9a5umQVnACZv7DHuN,2025-01-24 – Skoatch-avis-outil-ia-seo – Thumbnail Pinterest.jpg,2025-01-24 - Skoatch-avis-outil-ia-seo - Thumbnail Pinterest.jpg,01_Projets/schoolsWP/04_ASSETS/02_Thumbnails/2025-01-24 – Skoatch-avis-outil-ia-seo – Thumbnail Pinterest.jpg,low,long_dash,image/jpeg
1d6KGFPdgIr36Al-yBvkTlCuozmW3FZNo,2025-02-10 – Academy-lms-wordpress-lancer-academie-1-clic – Thumbnail Pinterest.jpg,2025-02-10 - Academy-lms-wordpress-lancer-academie-1-clic - Thumbnail Pinterest.jpg,01_Projets/schoolsWP/04_ASSETS/02_Thumbnails/2025-02-10 – Academy-lms-wordpress-lancer-academie-1-clic – Thumbnail Pinterest.jpg,low,long_dash,image/jpeg
1lCn-m-sLid1ZMeiB9KRbT5FudNPsmxIT,2025-03-03 – Hebergement-wordpress-performant-rapyd-cloud – Thumbnail Pinterest.jpg,2025-03-03 - Hebergement-wordpress-performant-rapyd-cloud - Thumbnail Pinterest.jpg,01_Projets/schoolsWP/04_ASSETS/02_Thumbnails/2025-03-03 – Hebergement-wordpress-performant-rapyd-cloud – Thumbnail Pinterest.jpg,low,long_dash,image/jpeg
1qe-MZJvgbGdB0EPV_MiPHupkGlHlufeb,2025-03-14 – Link-whisper-plugin-wordpress-maillage-interne-seo – Thumbnail Pinterest.jpg,2025-03-14 - Link-whisper-plugin-wordpress-maillage-interne-seo - Thumbnail Pinterest.jpg,01_Projets/schoolsWP/04_ASSETS/02_Thumbnails/2025-03-14 – Link-whisper-plugin-wordpress-maillage-interne-seo – Thumbnail Pinterest.jpg,low,long_dash,image/jpeg
1qf_hMTbkMFtSN9Tu-GOUKoaT2tEbvE48,2025-03-14 – Link-whisper-outil-seo-incontournable-wordpress – Thumbnail Pinterest.jpg,2025-03-14 - Link-whisper-outil-seo-incontournable-wordpress - Thumbnail Pinterest.jpg,01_Projets/schoolsWP/04_ASSETS/02_Thumbnails/2025-03-14 – Link-whisper-outil-seo-incontournable-wordpress – Thumbnail Pinterest.jpg,low,long_dash,image/jpeg
1xdQGTbzF3b1SdJZ7COYuAHgb7Z4Ln0ps,2025-04-17 – Learndash-plugin-wordpress-formations – Thumbnail Pinterest.jpg,2025-04-17 - Learndash-plugin-wordpress-formations - Thumbnail Pinterest.jpg,01_Projets/schoolsWP/04_ASSETS/02_Thumbnails/2025-04-17 – Learndash-plugin-wordpress-formations – Thumbnail Pinterest.jpg,low,long_dash,image/jpeg
1xeN25K57_Ej0OpBButCTPy175HioYSd0,2025-04-17 – Learndash-plugin-wordpress-lms – Thumbnail Pinterest.jpg,2025-04-17 - Learndash-plugin-wordpress-lms - Thumbnail Pinterest.jpg,01_Projets/schoolsWP/04_ASSETS/02_Thumbnails/2025-04-17 – Learndash-plugin-wordpress-lms – Thumbnail Pinterest.jpg,low,long_dash,image/jpeg
1zv3LjdoA700ksZV78fxNbEsCh-ZDnF01,2025-05-02 – Apprendre-wordpress-sans-coder – Thumbnail Pinterest.jpg,2025-05-02 - Apprendre-wordpress-sans-coder - Thumbnail Pinterest.jpg,01_Projets/schoolsWP/04_ASSETS/02_Thumbnails/2025-05-02 – Apprendre-wordpress-sans-coder – Thumbnail Pinterest.jpg,low,long_dash,image/jpeg
1zx5h01P990R2di6ZkkatxpDQbiFipgLe,2025-05-02 – Apprendre-wordpress-guide-debutant-autonomie – Thumbnail Pinterest.jpg,2025-05-02 - Apprendre-wordpress-guide-debutant-autonomie - Thumbnail Pinterest.jpg,01_Projets/schoolsWP/04_ASSETS/02_Thumbnails/2025-05-02 – Apprendre-wordpress-guide-debutant-autonomie – Thumbnail Pinterest.jpg,low,long_dash,image/jpeg
12cdqnyAP2lvV5eDjaUWV3sh5HBNPf0xd,2025-05-17 – O2switch-avis-hebergeur-francais – Thumbnail Pinterest.jpg,2025-05-17 - O2switch-avis-hebergeur-francais - Thumbnail Pinterest.jpg,01_Projets/schoolsWP/04_ASSETS/02_Thumbnails/2025-05-17 – O2switch-avis-hebergeur-francais – Thumbnail Pinterest.jpg,low,long_dash,image/jpeg
12cFAJhy55L-QKvRghUjWyR4EC0hbozrI,2025-05-17 – O2switch-avis-hebergeur-francais-ultra-fiable – Thumbnail Pinterest.jpg,2025-05-17 - O2switch-avis-hebergeur-francais-ultra-fiable - Thumbnail Pinterest.jpg,01_Projets/schoolsWP/04_ASSETS/02_Thumbnails/2025-05-17 – O2switch-avis-hebergeur-francais-ultra-fiable – Thumbnail Pinterest.jpg,low,long_dash,image/jpeg
14AVECfrhS6u9xdQIyTJImyNeT4wihvZq,2025-05-24 – Code-promo-fluentcrm-offre-exclusive-schoolswp – Thumbnail Pinterest.jpg,2025-05-24 - Code-promo-fluentcrm-offre-exclusive-schoolswp - Thumbnail Pinterest.jpg,01_Projets/schoolsWP/04_ASSETS/02_Thumbnails/2025-05-24 – Code-promo-fluentcrm-offre-exclusive-schoolswp – Thumbnail Pinterest.jpg,low,long_dash,image/jpeg
147LGXFr_wpVRVCs7xRKjwi5zedS9rJTz,2025-05-24 – Code-promotionnel-fluentcrm-20-pourcent-schoolswp – Thumbnail Pinterest.jpg,2025-05-24 - Code-promotionnel-fluentcrm-20-pourcent-schoolswp - Thumbnail Pinterest.jpg,01_Projets/schoolsWP/04_ASSETS/02_Thumbnails/2025-05-24 – Code-promotionnel-fluentcrm-20-pourcent-schoolswp – Thumbnail Pinterest.jpg,low,long_dash,image/jpeg
1CBSYwGmbF8N3BEw1BM3MCyWc8YwlTW4r,2025-06-09 – Code-promo-rapyd-cloud-25-remise-wordpress – Thumbnail Pinterest.jpg,2025-06-09 - Code-promo-rapyd-cloud-25-remise-wordpress - Thumbnail Pinterest.jpg,01_Projets/schoolsWP/04_ASSETS/02_Thumbnails/2025-06-09 – Code-promo-rapyd-cloud-25-remise-wordpress – Thumbnail Pinterest.jpg,low,long_dash,image/jpeg
1-b3ZEmVQDFWC95ct0S_JFzLVWcIEJHQ2,2025-06-09 – Code-promo-rapyd-cloud-reduction-hebergement-wordpress – Thumbnail Pinterest.jpg,2025-06-09 - Code-promo-rapyd-cloud-reduction-hebergement-wordpress - Thumbnail Pinterest.jpg,01_Projets/schoolsWP/04_ASSETS/02_Thumbnails/2025-06-09 – Code-promo-rapyd-cloud-reduction-hebergement-wordpress – Thumbnail Pinterest.jpg,low,long_dash,image/jpeg
1aAGxnO7HdDvW3eIbyPVC5J5Zq1gCeX6g,2025-08-01 – Droip-alternative-wordpress-webflow-sans-plugin – Thumbnail Pinterest.jpg,2025-08-01 - Droip-alternative-wordpress-webflow-sans-plugin - Thumbnail Pinterest.jpg,01_Projets/schoolsWP/04_ASSETS/02_Thumbnails/2025-08-01 – Droip-alternative-wordpress-webflow-sans-plugin – Thumbnail Pinterest.jpg,low,long_dash,image/jpeg
1ky02djbNpORVCagvWt9xInrPfr-8LdJ7,2025-08-01 – Droip-avis-webflow-wordpress-sans-code – Thumbnail Pinterest.jpg,2025-08-01 - Droip-avis-webflow-wordpress-sans-code - Thumbnail Pinterest.jpg,01_Projets/schoolsWP/04_ASSETS/02_Thumbnails/2025-08-01 – Droip-avis-webflow-wordpress-sans-code – Thumbnail Pinterest.jpg,low,long_dash,image/jpeg
1ZexZdb7OejptY6usWE4xtYHubu0nBZqY,2025-01-16 – Latepoint-plugin-reservation-wordpress-intuitif-rapide – Thumbnail Pinterest.jpg,2025-01-16 - Latepoint-plugin-reservation-wordpress-intuitif-rapide - Thumbnail Pinterest.jpg,01_Projets/schoolsWP/04_ASSETS/02_Thumbnails/2025-01-16 – Latepoint-plugin-reservation-wordpress-intuitif-rapide – Thumbnail Pinterest.jpg,low,long_dash,image/jpeg
1ZcTpeWVJjMF9MrklF2ReFD5QCA3A8YQX,2025-01-16 – Latepoint-plugin-wordpress-reservation – Thumbnail Pinterest.jpg,2025-01-16 - Latepoint-plugin-wordpress-reservation - Thumbnail Pinterest.jpg,01_Projets/schoolsWP/04_ASSETS/02_Thumbnails/2025-01-16 – Latepoint-plugin-wordpress-reservation – Thumbnail Pinterest.jpg,low,long_dash,image/jpeg
15vFM3rX3Lc0_Ru5A6Jq25CtzwBf3yFd1,2024-11-11 – Sureforms-createur-formulaires-wordpress-ia – Thumbnail Pinterest.jpg,2024-11-11 - Sureforms-createur-formulaires-wordpress-ia - Thumbnail Pinterest.jpg,01_Projets/schoolsWP/04_ASSETS/02_Thumbnails/2024-11-11 – Sureforms-createur-formulaires-wordpress-ia – Thumbnail Pinterest.jpg,low,long_dash,image/jpeg
15wmVUIpppc-hi-E0-iz1XwOcLx5UncI8,2024-11-11 – Sureforms-plugin-formulaires-wordpress-ia-simple-puissant – Thumbnail Pinterest.jpg,2024-11-11 - Sureforms-plugin-formulaires-wordpress-ia-simple-puissant - Thumbnail Pinterest.jpg,01_Projets/schoolsWP/04_ASSETS/02_Thumbnails/2024-11-11 – Sureforms-plugin-formulaires-wordpress-ia-simple-puissant – Thumbnail Pinterest.jpg,low,long_dash,image/jpeg
10ggvz0l5P-ksXNoqzI9Bs_7XtWGUJY1Y,2024-10-26 – Local-by-flywheel-vs-xampp-installation-wordpress-local – Thumbnail Pinterest.jpg,2024-10-26 - Local-by-flywheel-vs-xampp-installation-wordpress-local - Thumbnail Pinterest.jpg,01_Projets/schoolsWP/04_ASSETS/02_Thumbnails/2024-10-26 – Local-by-flywheel-vs-xampp-installation-wordpress-local – Thumbnail Pinterest.jpg,low,long_dash,image/jpeg
10cPRazWwB2DZWQxQpGT1BnF-XEoPzSjR,2024-10-26 – Local-wp-local-by-flywheel-vs-xampp-pour-wordpress – Thumbnail Pinterest.jpg,2024-10-26 - Local-wp-local-by-flywheel-vs-xampp-pour-wordpress - Thumbnail Pinterest.jpg,01_Projets/schoolsWP/04_ASSETS/02_Thumbnails/2024-10-26 – Local-wp-local-by-flywheel-vs-xampp-pour-wordpress – Thumbnail Pinterest.jpg,low,long_dash,image/jpeg
1s2gwLL_cWBR7wnwhMlzrfwhCF-7PboLQ,2024-09-21 – Suretriggers-vs-zapier-outil-automatisation – Thumbnail Pinterest.jpg,2024-09-21 - Suretriggers-vs-zapier-outil-automatisation - Thumbnail Pinterest.jpg,01_Projets/schoolsWP/04_ASSETS/02_Thumbnails/2024-09-21 – Suretriggers-vs-zapier-outil-automatisation – Thumbnail Pinterest.jpg,low,long_dash,image/jpeg
1ry7NbQZCnDtEcfY7aDvKEMZYiIJBnhPc,2024-09-21 – Suretriggers-vs-zapier-meilleure-solution-automation – Thumbnail Pinterest.jpg,2024-09-21 - Suretriggers-vs-zapier-meilleure-solution-automation - Thumbnail Pinterest.jpg,01_Projets/schoolsWP/04_ASSETS/02_Thumbnails/2024-09-21 – Suretriggers-vs-zapier-meilleure-solution-automation – Thumbnail Pinterest.jpg,low,long_dash,image/jpeg
1b9jyMjPHoL87aPXRStg5RaEUCZOSBqz0,2024-07-13 – Comparatif-elementor-pro-vs-divi-builder – Thumbnail Pinterest.jpg,2024-07-13 - Comparatif-elementor-pro-vs-divi-builder - Thumbnail Pinterest.jpg,01_Projets/schoolsWP/04_ASSETS/02_Thumbnails/2024-07-13 – Comparatif-elementor-pro-vs-divi-builder – Thumbnail Pinterest.jpg,low,long_dash,image/jpeg
1b7Ppa0BT11cGzd8PrHWZgN-AXgnmDst-,2024-07-13 – Divi-builder-vs-elementor-pro-duel-extensions-wordpress – Thumbnail Pinterest.jpg,2024-07-13 - Divi-builder-vs-elementor-pro-duel-extensions-wordpress - Thumbnail Pinterest.jpg,01_Projets/schoolsWP/04_ASSETS/02_Thumbnails/2024-07-13 – Divi-builder-vs-elementor-pro-duel-extensions-wordpress – Thumbnail Pinterest.jpg,low,long_dash,image/jpeg
1VPXv9zNuuN46QcK1if_Fj0xwOeB0hT2F,2024-03-13 – Comparaison-fluentbooking-amelia-booking-wordpress – Thumbnail Pinterest.jpg,2024-03-13 - Comparaison-fluentbooking-amelia-booking-wordpress - Thumbnail Pinterest.jpg,01_Projets/schoolsWP/04_ASSETS/02_Thumbnails/2024-03-13 – Comparaison-fluentbooking-amelia-booking-wordpress – Thumbnail Pinterest.jpg,low,long_dash,image/jpeg
1VN8NYveHEbsW_id3XVXTTK4n1mgeaNy6,2024-03-13 – Fluentbooking-vs-amelia-booking-plugin-wordpress – Thumbnail Pinterest.jpg,2024-03-13 - Fluentbooking-vs-amelia-booking-plugin-wordpress - Thumbnail Pinterest.jpg,01_Projets/schoolsWP/04_ASSETS/02_Thumbnails/2024-03-13 – Fluentbooking-vs-amelia-booking-plugin-wordpress – Thumbnail Pinterest.jpg,low,long_dash,image/jpeg
14lYfG9vGVzyR10r2kxHVnAoCsN4s6Q8l,2024-11-07 – Erstellen-wordpress-website-ohne-installation-tastewp – Thumbnail Pinterest.jpg,2024-11-07 - Erstellen-wordpress-website-ohne-installation-tastewp - Thumbnail Pinterest.jpg,01_Projets/schoolsWP/04_ASSETS/02_Thumbnails/2024-11-07 – Erstellen-wordpress-website-ohne-installation-tastewp – Thumbnail Pinterest.jpg,low,long_dash,image/jpeg
14k5JEIGciW7vsufT6DFB8r7CwlaMM_M-,2024-11-07 – Tastewp-wordpress-website-einfach-erstellen – Thumbnail Pinterest.jpg,2024-11-07 - Tastewp-wordpress-website-einfach-erstellen - Thumbnail Pinterest.jpg,01_Projets/schoolsWP/04_ASSETS/02_Thumbnails/2024-11-07 – Tastewp-wordpress-website-einfach-erstellen – Thumbnail Pinterest.jpg,low,long_dash,image/jpeg
15MsCwqh3I94P4sgEZYULf6G7Yy4m3eI7,2024-11-09 – Seokey-essentielles-seo-plugin-wordpress – Thumbnail Pinterest.jpg,2024-11-09 - Seokey-essentielles-seo-plugin-wordpress - Thumbnail Pinterest.jpg,01_Projets/schoolsWP/04_ASSETS/02_Thumbnails/2024-11-09 – Seokey-essentielles-seo-plugin-wordpress – Thumbnail Pinterest.jpg,low,long_dash,image/jpeg
15O4EmH7TZdbHWLK_4MDLayRJMQ3NotcM,2024-11-09 – Seokey-seo-plugin-sichtbarkeit-wordpress-website – Thumbnail Pinterest.jpg,2024-11-09 - Seokey-seo-plugin-sichtbarkeit-wordpress-website - Thumbnail Pinterest.jpg,01_Projets/schoolsWP/04_ASSETS/02_Thumbnails/2024-11-09 – Seokey-seo-plugin-sichtbarkeit-wordpress-website – Thumbnail Pinterest.jpg,low,long_dash,image/jpeg
16BMbf-d4GgAPkWLHVeY1TgmBojHrKn0_,2024-11-12 – Linkuma-hochwertige-backlinks-netlinking-vereinfacht-7-euro – Thumbnail Pinterest.jpg,2024-11-12 - Linkuma-hochwertige-backlinks-netlinking-vereinfacht-7-euro - Thumbnail Pinterest.jpg,01_Projets/schoolsWP/04_ASSETS/02_Thumbnails/2024-11-12 – Linkuma-hochwertige-backlinks-netlinking-vereinfacht-7-euro – Thumbnail Pinterest.jpg,low,long_dash,image/jpeg
16FQZc88Sh3hVIXOItC7LEk5fs2_9d6Lv,2024-11-12 – Meinungen-ueber-linkuma-referenz-fuer-netlinking – Thumbnail Pinterest.jpg,2024-11-12 - Meinungen-ueber-linkuma-referenz-fuer-netlinking - Thumbnail Pinterest.jpg,01_Projets/schoolsWP/04_ASSETS/02_Thumbnails/2024-11-12 – Meinungen-ueber-linkuma-referenz-fuer-netlinking – Thumbnail Pinterest.jpg,low,long_dash,image/jpeg
1ClnkqSjsUfeBc5UfESRg9flO2EuTcR8D,2024-11-30 – Ein-slug-in-wordpress-optimieren – Thumbnail Pinterest.jpg,2024-11-30 - Ein-slug-in-wordpress-optimieren - Thumbnail Pinterest.jpg,01_Projets/schoolsWP/04_ASSETS/02_Thumbnails/2024-11-30 – Ein-slug-in-wordpress-optimieren – Thumbnail Pinterest.jpg,low,long_dash,image/jpeg
1CshxdOr2a93wrOZi5rmechRrydjZdkyK,2024-11-30 – Wordpress-slugs-seo-optimieren – Thumbnail Pinterest.jpg,2024-11-30 - Wordpress-slugs-seo-optimieren - Thumbnail Pinterest.jpg,01_Projets/schoolsWP/04_ASSETS/02_Thumbnails/2024-11-30 – Wordpress-slugs-seo-optimieren – Thumbnail Pinterest.jpg,low,long_dash,image/jpeg
1EY_85RvH8KdH_sPDbxRJp4YFC2fz0T3N,2024-12-05 – Suremembers-bestes-mitgliedschafts-plugin-wordpress – Thumbnail Pinterest.jpg,2024-12-05 - Suremembers-bestes-mitgliedschafts-plugin-wordpress - Thumbnail Pinterest.jpg,01_Projets/schoolsWP/04_ASSETS/02_Thumbnails/2024-12-05 – Suremembers-bestes-mitgliedschafts-plugin-wordpress – Thumbnail Pinterest.jpg,low,long_dash,image/jpeg
1E_VzOOHX9WHvXzg-iVjsPpB0bFNmstP5,2024-12-05 – Suremembers-wordpress-membership-plugin-verdiene-mehr – Thumbnail Pinterest.jpg,2024-12-05 - Suremembers-wordpress-membership-plugin-verdiene-mehr - Thumbnail Pinterest.jpg,01_Projets/schoolsWP/04_ASSETS/02_Thumbnails/2024-12-05 – Suremembers-wordpress-membership-plugin-verdiene-mehr – Thumbnail Pinterest.jpg,low,long_dash,image/jpeg
1GOI4HHnxk2z4DkdhSPIpAA70XQFg786q,2024-12-10 – Sureforms-wordpress-formular-ersteller – Thumbnail Pinterest.jpg,2024-12-10 - Sureforms-wordpress-formular-ersteller - Thumbnail Pinterest.jpg,01_Projets/schoolsWP/04_ASSETS/02_Thumbnails/2024-12-10 – Sureforms-wordpress-formular-ersteller – Thumbnail Pinterest.jpg,low,long_dash,image/jpeg
1GNeBTWMgxgzvjR64UdSkmFySEl8zdLhF,2024-12-10 – Sureforms-wordpress-ki-formular-plugin – Thumbnail Pinterest.jpg,2024-12-10 - Sureforms-wordpress-ki-formular-plugin - Thumbnail Pinterest.jpg,01_Projets/schoolsWP/04_ASSETS/02_Thumbnails/2024-12-10 – Sureforms-wordpress-ki-formular-plugin – Thumbnail Pinterest.jpg,low,long_dash,image/jpeg
1G0e_iOHyL_xDw2LJFC9HKsX4yfS4e6Y1,2024-12-09 – Erstellung-massgeschneiderte-wordpress-website-heben-sie-ab – Thumbnail Pinterest.jpg,2024-12-09 - Erstellung-massgeschneiderte-wordpress-website-heben-sie-ab - Thumbnail Pinterest.jpg,01_Projets/schoolsWP/04_ASSETS/02_Thumbnails/2024-12-09 – Erstellung-massgeschneiderte-wordpress-website-heben-sie-ab – Thumbnail Pinterest.jpg,low,long_dash,image/jpeg
1G0b_c-6WDEb1YKDa3zCONJS00C0npRER,2024-12-09 – Was ist die Erstellung einer maßgeschneiderten WordPress-Website und welche V... – Thumbnail Pinterest.jpg,2024-12-09 - Was ist die Erstellung einer maßgeschneiderten WordPress-Website und welche V... - Thumbnail Pinterest.jpg,01_Projets/schoolsWP/04_ASSETS/02_Thumbnails/2024-12-09 – Was ist die Erstellung einer maßgeschneiderten WordPress-Website und welche V... – Thumbnail Pinterest.jpg,low,long_dash,image/jpeg
1IKnNHunT-pYMvM0ShqBMirb-_-AqEol9,2024-12-10 – Was-ist-ein-wordpress-plugin-effektive-nutzung – Thumbnail Pinterest.jpg,2024-12-10 - Was-ist-ein-wordpress-plugin-effektive-nutzung - Thumbnail Pinterest.jpg,01_Projets/schoolsWP/04_ASSETS/02_Thumbnails/2024-12-10 – Was-ist-ein-wordpress-plugin-effektive-nutzung – Thumbnail Pinterest.jpg,low,long_dash,image/jpeg
1INUvgToXs_z7BsuX3pcia2fN-RKQq1se,2024-12-10 – Wordpress-plugins-transformieren-ohne-coden – Thumbnail Pinterest.jpg,2024-12-10 - Wordpress-plugins-transformieren-ohne-coden - Thumbnail Pinterest.jpg,01_Projets/schoolsWP/04_ASSETS/02_Thumbnails/2024-12-10 – Wordpress-plugins-transformieren-ohne-coden – Thumbnail Pinterest.jpg,low,long_dash,image/jpeg
1KCesT9xUU7CDFjn2ObPz0GjmmdZrhPhM,2024-12-16 – Wordpress-playground-online-testen – Thumbnail Pinterest.jpg,2024-12-16 - Wordpress-playground-online-testen - Thumbnail Pinterest.jpg,01_Projets/schoolsWP/04_ASSETS/02_Thumbnails/2024-12-16 – Wordpress-playground-online-testen – Thumbnail Pinterest.jpg,low,long_dash,image/jpeg
1LbI-sUdoTBDafe-AVVrsLz0ZCDa86Aa6,2024-12-20 – Wpboutik-e-commerce-wordpress-optimierung – Thumbnail Pinterest.jpg,2024-12-20 - Wpboutik-e-commerce-wordpress-optimierung - Thumbnail Pinterest.jpg,01_Projets/schoolsWP/04_ASSETS/02_Thumbnails/2024-12-20 – Wpboutik-e-commerce-wordpress-optimierung – Thumbnail Pinterest.jpg,low,long_dash,image/jpeg
1LaU4X7z_blngQo4s5kHEl2p5qwHwK8Tg,2024-12-20 – Wpboutik-online-handel-wordpress – Thumbnail Pinterest.jpg,2024-12-20 - Wpboutik-online-handel-wordpress - Thumbnail Pinterest.jpg,01_Projets/schoolsWP/04_ASSETS/02_Thumbnails/2024-12-20 – Wpboutik-online-handel-wordpress – Thumbnail Pinterest.jpg,low,long_dash,image/jpeg
1ODrdSdkhl8oP4FpQbAm-M7MtrGNiZfaw,2024-12-21 – Zipwp-wordpress-website-rekordzeit-ki – Thumbnail Pinterest.jpg,2024-12-21 - Zipwp-wordpress-website-rekordzeit-ki - Thumbnail Pinterest.jpg,01_Projets/schoolsWP/04_ASSETS/02_Thumbnails/2024-12-21 – Zipwp-wordpress-website-rekordzeit-ki – Thumbnail Pinterest.jpg,low,long_dash,image/jpeg
1O8u_c1mg_Nwup8xH9oDk70UGDqwOJEmq,2024-12-21 – Zipwp-revolution-wordpress-seiten-ki – Thumbnail Pinterest.jpg,2024-12-21 - Zipwp-revolution-wordpress-seiten-ki - Thumbnail Pinterest.jpg,01_Projets/schoolsWP/04_ASSETS/02_Thumbnails/2024-12-21 – Zipwp-revolution-wordpress-seiten-ki – Thumbnail Pinterest.jpg,low,long_dash,image/jpeg
1OdFsGfauJeWO9UFyg6dao05JHmBkrew0,2024-12-23 – Wp-marmite-pay-einfach-online-verkaufen-mit-stripe – Thumbnail Pinterest.jpg,2024-12-23 - Wp-marmite-pay-einfach-online-verkaufen-mit-stripe - Thumbnail Pinterest.jpg,01_Projets/schoolsWP/04_ASSETS/02_Thumbnails/2024-12-23 – Wp-marmite-pay-einfach-online-verkaufen-mit-stripe – Thumbnail Pinterest.jpg,low,long_dash,image/jpeg
1OgrXduXf3Q_Y9PTly9W8MvEUlz7wJ-lN,2024-12-23 – Wp-marmite-pay-vereinfacht-zahlungen-wordpress – Thumbnail Pinterest.jpg,2024-12-23 - Wp-marmite-pay-vereinfacht-zahlungen-wordpress - Thumbnail Pinterest.jpg,01_Projets/schoolsWP/04_ASSETS/02_Thumbnails/2024-12-23 – Wp-marmite-pay-vereinfacht-zahlungen-wordpress – Thumbnail Pinterest.jpg,low,long_dash,image/jpeg
1ReY35ynv3qXDbURk1sHGDOI9LjiKh0cl,2025-01-07 – Entdecken-sie-gutenberg-wordpress – Thumbnail Pinterest.jpg,2025-01-07 - Entdecken-sie-gutenberg-wordpress - Thumbnail Pinterest.jpg,01_Projets/schoolsWP/04_ASSETS/02_Thumbnails/2025-01-07 – Entdecken-sie-gutenberg-wordpress – Thumbnail Pinterest.jpg,low,long_dash,image/jpeg
1Rfwmv714hu8K1RXxHN-1kdk8l6rXzGZ0,2025-01-07 – Was-ist-gutenberg-wordpress – Thumbnail Pinterest.jpg,2025-01-07 - Was-ist-gutenberg-wordpress - Thumbnail Pinterest.jpg,01_Projets/schoolsWP/04_ASSETS/02_Thumbnails/2025-01-07 – Was-ist-gutenberg-wordpress – Thumbnail Pinterest.jpg,low,long_dash,image/jpeg
1RtGU7A25jaRcIBBywxmyM6OgEE-qWFBY,2025-01-07 – Wordpress-community-mit-fluentcommunity-erstellen – Thumbnail Pinterest.jpg,2025-01-07 - Wordpress-community-mit-fluentcommunity-erstellen - Thumbnail Pinterest.jpg,01_Projets/schoolsWP/04_ASSETS/02_Thumbnails/2025-01-07 – Wordpress-community-mit-fluentcommunity-erstellen – Thumbnail Pinterest.jpg,low,long_dash,image/jpeg
1RuVHtrJKJA3Pek6c4BjURcdY2p29e-n9,2025-01-07 – Wordpress-community-fluentcommunity-plugin – Thumbnail Pinterest.jpg,2025-01-07 - Wordpress-community-fluentcommunity-plugin - Thumbnail Pinterest.jpg,01_Projets/schoolsWP/04_ASSETS/02_Thumbnails/2025-01-07 – Wordpress-community-fluentcommunity-plugin – Thumbnail Pinterest.jpg,low,long_dash,image/jpeg
1UBSx9iRRC1j25-lg-sP0KiCG80d9TUTU,2025-01-09 – Wordpress-datenbank-bereinigen-guide-plugins – Thumbnail Pinterest.jpg,2025-01-09 - Wordpress-datenbank-bereinigen-guide-plugins - Thumbnail Pinterest.jpg,01_Projets/schoolsWP/04_ASSETS/02_Thumbnails/2025-01-09 – Wordpress-datenbank-bereinigen-guide-plugins – Thumbnail Pinterest.jpg,low,long_dash,image/jpeg
1U2Jqy5w3apHh1Y51Ncs80YiNwnFMHMCb,2025-01-09 – Wordpress-datenbank-bereinigen-anleitung-plugins – Thumbnail Pinterest.jpg,2025-01-09 - Wordpress-datenbank-bereinigen-anleitung-plugins - Thumbnail Pinterest.jpg,01_Projets/schoolsWP/04_ASSETS/02_Thumbnails/2025-01-09 – Wordpress-datenbank-bereinigen-anleitung-plugins – Thumbnail Pinterest.jpg,low,long_dash,image/jpeg
1Uc0V-MSZo2nttFu2pkxMSxn6eTIBtdYo,2025-01-10 – Thot-seo-semantisches-tool-google-dominieren – Thumbnail Pinterest.jpg,2025-01-10 - Thot-seo-semantisches-tool-google-dominieren - Thumbnail Pinterest.jpg,01_Projets/schoolsWP/04_ASSETS/02_Thumbnails/2025-01-10 – Thot-seo-semantisches-tool-google-dominieren – Thumbnail Pinterest.jpg,low,long_dash,image/jpeg
1UhPTsVFDqjjs5xyHuFDeNfXkC443I33l,2025-01-10 – Thot-seo-nr-1-tool-semantische-optimierung – Thumbnail Pinterest.jpg,2025-01-10 - Thot-seo-nr-1-tool-semantische-optimierung - Thumbnail Pinterest.jpg,01_Projets/schoolsWP/04_ASSETS/02_Thumbnails/2025-01-10 – Thot-seo-nr-1-tool-semantische-optimierung – Thumbnail Pinterest.jpg,low,long_dash,image/jpeg
1XqgdhNXLmN-WvbhpCAx1s3IYO825M2gR,2025-01-11 – Wp-umbrella-wordpress-agenturen-lieben – Thumbnail Pinterest.jpg,2025-01-11 - Wp-umbrella-wordpress-agenturen-lieben - Thumbnail Pinterest.jpg,01_Projets/schoolsWP/04_ASSETS/02_Thumbnails/2025-01-11 – Wp-umbrella-wordpress-agenturen-lieben – Thumbnail Pinterest.jpg,low,long_dash,image/jpeg
1Xm9EkELjgIO9hmbpXUBWFUI9vFJUTSDd,2025-01-11 – Wp-umbrella-wordpress-websites-verwalten – Thumbnail Pinterest.jpg,2025-01-11 - Wp-umbrella-wordpress-websites-verwalten - Thumbnail Pinterest.jpg,01_Projets/schoolsWP/04_ASSETS/02_Thumbnails/2025-01-11 – Wp-umbrella-wordpress-websites-verwalten – Thumbnail Pinterest.jpg,low,long_dash,image/jpeg
1ZEUPz5PruWcdlOtLbnZ-1RVhEZ82QRuL,2025-01-16 – Wishlist-member-wordpress-plugin – Thumbnail Pinterest.jpg,2025-01-16 - Wishlist-member-wordpress-plugin - Thumbnail Pinterest.jpg,01_Projets/schoolsWP/04_ASSETS/02_Thumbnails/2025-01-16 – Wishlist-member-wordpress-plugin – Thumbnail Pinterest.jpg,low,long_dash,image/jpeg
1Z8aI-txv24ZTFqEgvgNO3oiDNYanMilU,2025-01-16 – Wishlist-member-wordpress-plugin-mitgliederverwaltung – Thumbnail Pinterest.jpg,2025-01-16 - Wishlist-member-wordpress-plugin-mitgliederverwaltung - Thumbnail Pinterest.jpg,01_Projets/schoolsWP/04_ASSETS/02_Thumbnails/2025-01-16 – Wishlist-member-wordpress-plugin-mitgliederverwaltung – Thumbnail Pinterest.jpg,low,long_dash,image/jpeg
1cnWx0KY3-SIt3Ptc4qBVMY6upH7GhBlq,2025-02-03 – Wordpress-uebersetzung-plugin-seo-optimiert – Thumbnail Pinterest.jpg,2025-02-03 - Wordpress-uebersetzung-plugin-seo-optimiert - Thumbnail Pinterest.jpg,01_Projets/schoolsWP/04_ASSETS/02_Thumbnails/2025-02-03 – Wordpress-uebersetzung-plugin-seo-optimiert – Thumbnail Pinterest.jpg,low,long_dash,image/jpeg
1chlhe-ItEN5iqGmIiaosO6G-RW6L8pYw,2025-02-03 – Wordpress-uebersetzung-plugin-test – Thumbnail Pinterest.jpg,2025-02-03 - Wordpress-uebersetzung-plugin-test - Thumbnail Pinterest.jpg,01_Projets/schoolsWP/04_ASSETS/02_Thumbnails/2025-02-03 – Wordpress-uebersetzung-plugin-test – Thumbnail Pinterest.jpg,low,long_dash,image/jpeg
1gsheoOJl1SwnITf5SpnefNvuvwvBJ3B_,2025-02-16 – Skoatch-leistung-ki-redaktion – Thumbnail Pinterest.jpg,2025-02-16 - Skoatch-leistung-ki-redaktion - Thumbnail Pinterest.jpg,01_Projets/schoolsWP/04_ASSETS/02_Thumbnails/2025-02-16 – Skoatch-leistung-ki-redaktion – Thumbnail Pinterest.jpg,low,long_dash,image/jpeg
1gptqOnYj4TkryeRaeC8fZdlbqg6ckS2_,2025-02-16 – Skoatch-bewertungen-ki-seo-tool – Thumbnail Pinterest.jpg,2025-02-16 - Skoatch-bewertungen-ki-seo-tool - Thumbnail Pinterest.jpg,01_Projets/schoolsWP/04_ASSETS/02_Thumbnails/2025-02-16 – Skoatch-bewertungen-ki-seo-tool – Thumbnail Pinterest.jpg,low,long_dash,image/jpeg
1ikdp47I3tX4QsQHa5S73uPenxGA31tVN,2025-02-21 – Tutor-lms-beste-lms-loesung-wordpress – Thumbnail Pinterest.jpg,2025-02-21 - Tutor-lms-beste-lms-loesung-wordpress - Thumbnail Pinterest.jpg,01_Projets/schoolsWP/04_ASSETS/02_Thumbnails/2025-02-21 – Tutor-lms-beste-lms-loesung-wordpress – Thumbnail Pinterest.jpg,low,long_dash,image/jpeg
1iiB0PorYjeIbksB_7ZsUZ6atrxvKKKY9,2025-02-21 – Tutor-lms-bewertungen-wordpress-beste-loesung – Thumbnail Pinterest.jpg,2025-02-21 - Tutor-lms-bewertungen-wordpress-beste-loesung - Thumbnail Pinterest.jpg,01_Projets/schoolsWP/04_ASSETS/02_Thumbnails/2025-02-21 – Tutor-lms-bewertungen-wordpress-beste-loesung – Thumbnail Pinterest.jpg,low,long_dash,image/jpeg
1jnCIvx-rQc7YXz9lGaAaeTCkmrfsG4a7,2025-02-24 – Academy-lms-wordpress-plugin-online-kurse – Thumbnail Pinterest.jpg,2025-02-24 - Academy-lms-wordpress-plugin-online-kurse - Thumbnail Pinterest.jpg,01_Projets/schoolsWP/04_ASSETS/02_Thumbnails/2025-02-24 – Academy-lms-wordpress-plugin-online-kurse – Thumbnail Pinterest.jpg,low,long_dash,image/jpeg
1jntrcvIpJvrFvgpYdRS_P-IqONp019R8,2025-02-24 – Academy-lms-wordpress-online-akademie-starten – Thumbnail Pinterest.jpg,2025-02-24 - Academy-lms-wordpress-online-akademie-starten - Thumbnail Pinterest.jpg,01_Projets/schoolsWP/04_ASSETS/02_Thumbnails/2025-02-24 – Academy-lms-wordpress-online-akademie-starten – Thumbnail Pinterest.jpg,low,long_dash,image/jpeg
1k1WYX1WfUxNwTITzobRhOuXrL-7GLZYc,2025-02-27 – Wordpress-wartung-leitfaden-optimierung – Thumbnail Pinterest.jpg,2025-02-27 - Wordpress-wartung-leitfaden-optimierung - Thumbnail Pinterest.jpg,01_Projets/schoolsWP/04_ASSETS/02_Thumbnails/2025-02-27 – Wordpress-wartung-leitfaden-optimierung – Thumbnail Pinterest.jpg,low,long_dash,image/jpeg
1k280zfNMbD4P0fEkh1D6ncnvgJ8Ivt2c,2025-02-27 – Wordpress-wartung-sicherheit-leistung-optimierung – Thumbnail Pinterest.jpg,2025-02-27 - Wordpress-wartung-sicherheit-leistung-optimierung - Thumbnail Pinterest.jpg,01_Projets/schoolsWP/04_ASSETS/02_Thumbnails/2025-02-27 – Wordpress-wartung-sicherheit-leistung-optimierung – Thumbnail Pinterest.jpg,low,long_dash,image/jpeg
1kR_Yd_NDv_gjDWeqK9iHI5Ae_oADl5bm,2025-02-27 – Divi-builder-vs-elementor-pro-wordpress-vergleich – Thumbnail Pinterest.jpg,2025-02-27 - Divi-builder-vs-elementor-pro-wordpress-vergleich - Thumbnail Pinterest.jpg,01_Projets/schoolsWP/04_ASSETS/02_Thumbnails/2025-02-27 – Divi-builder-vs-elementor-pro-wordpress-vergleich – Thumbnail Pinterest.jpg,low,long_dash,image/jpeg
1kKfS9UgMsRWYBIUGh0QRAaYBCdyEpmU9,2025-02-27 – Divi-builder-vs-elementor-pro-welcher-besser – Thumbnail Pinterest.jpg,2025-02-27 - Divi-builder-vs-elementor-pro-welcher-besser - Thumbnail Pinterest.jpg,01_Projets/schoolsWP/04_ASSETS/02_Thumbnails/2025-02-27 – Divi-builder-vs-elementor-pro-welcher-besser – Thumbnail Pinterest.jpg,low,long_dash,image/jpeg
1ovY1Ov_BRqJzx0UnwQ4XJJOZgcexek7b,2025-03-10 – Surecart-ecommerce-wordpress-digitale-produkte – Thumbnail Pinterest.jpg,2025-03-10 - Surecart-ecommerce-wordpress-digitale-produkte - Thumbnail Pinterest.jpg,01_Projets/schoolsWP/04_ASSETS/02_Thumbnails/2025-03-10 – Surecart-ecommerce-wordpress-digitale-produkte – Thumbnail Pinterest.jpg,low,long_dash,image/jpeg
1ozi8lS2GdShkWhy6QqrJAsMtFFKPEnk-,2025-03-10 – Surecart-ecommerce-plugin-digitale-produkte-wordpress – Thumbnail Pinterest.jpg,2025-03-10 - Surecart-ecommerce-plugin-digitale-produkte-wordpress - Thumbnail Pinterest.jpg,01_Projets/schoolsWP/04_ASSETS/02_Thumbnails/2025-03-10 – Surecart-ecommerce-plugin-digitale-produkte-wordpress – Thumbnail Pinterest.jpg,low,long_dash,image/jpeg
1qLCyuslCY6yUiF4i6waw9rx0fzodI8pl,2025-03-12 – Link-finder-netlinking-guenstige-backlinks – Thumbnail Pinterest.jpg,2025-03-12 - Link-finder-netlinking-guenstige-backlinks - Thumbnail Pinterest.jpg,01_Projets/schoolsWP/04_ASSETS/02_Thumbnails/2025-03-12 – Link-finder-netlinking-guenstige-backlinks – Thumbnail Pinterest.jpg,low,long_dash,image/jpeg
1qLA_FPS-ab7RhGukHgaVTIwcHyoZabv7,2025-03-12 – Link-finder-netlinking-strategie-optimieren – Thumbnail Pinterest.jpg,2025-03-12 - Link-finder-netlinking-strategie-optimieren - Thumbnail Pinterest.jpg,01_Projets/schoolsWP/04_ASSETS/02_Thumbnails/2025-03-12 – Link-finder-netlinking-strategie-optimieren – Thumbnail Pinterest.jpg,low,long_dash,image/jpeg
1tInXblxhZCg2rt5xuANzU1q4o1q2LUnX,2025-03-27 – Rapyd-cloud-bewertungen-effizientes-hosting – Thumbnail Pinterest.jpg,2025-03-27 - Rapyd-cloud-bewertungen-effizientes-hosting - Thumbnail Pinterest.jpg,01_Projets/schoolsWP/04_ASSETS/02_Thumbnails/2025-03-27 – Rapyd-cloud-bewertungen-effizientes-hosting – Thumbnail Pinterest.jpg,low,long_dash,image/jpeg
1tJZV_8uvlUsFwE4IZTb7t6RXyU9hd0lu,2025-03-27 – Rapyd-cloud-wordpress-hosting-leistungsstark – Thumbnail Pinterest.jpg,2025-03-27 - Rapyd-cloud-wordpress-hosting-leistungsstark - Thumbnail Pinterest.jpg,01_Projets/schoolsWP/04_ASSETS/02_Thumbnails/2025-03-27 – Rapyd-cloud-wordpress-hosting-leistungsstark – Thumbnail Pinterest.jpg,low,long_dash,image/jpeg
1wHUAElavISYK7EJNkOPJX_17-m7suyDn,2025-04-10 – Crocoblock-tool-wordpress-elementor-boost – Thumbnail Pinterest.jpg,2025-04-10 - Crocoblock-tool-wordpress-elementor-boost - Thumbnail Pinterest.jpg,01_Projets/schoolsWP/04_ASSETS/02_Thumbnails/2025-04-10 – Crocoblock-tool-wordpress-elementor-boost – Thumbnail Pinterest.jpg,low,long_dash,image/jpeg
1wCdL3xpw1ahVY8pe3JYQ-7yaP3B2gGtr,2025-04-10 – Crocoblock-toolbox-wordpress-werkzeugkasten – Thumbnail Pinterest.jpg,2025-04-10 - Crocoblock-toolbox-wordpress-werkzeugkasten - Thumbnail Pinterest.jpg,01_Projets/schoolsWP/04_ASSETS/02_Thumbnails/2025-04-10 – Crocoblock-toolbox-wordpress-werkzeugkasten – Thumbnail Pinterest.jpg,low,long_dash,image/jpeg
1u1RKmIUL0qlaYtXMHOPTIhmRDi4ZfAO0,2025-03-31 – Link-whisper-bewertungen-seo-tool – Thumbnail Pinterest.jpg,2025-03-31 - Link-whisper-bewertungen-seo-tool - Thumbnail Pinterest.jpg,01_Projets/schoolsWP/04_ASSETS/02_Thumbnails/2025-03-31 – Link-whisper-bewertungen-seo-tool – Thumbnail Pinterest.jpg,low,long_dash,image/jpeg
1u4BM4NpE2viLbbaTIcwJl_CPW4hN-kkA,2025-03-31 – Linkwhisper-wordpress-plugin-interne-vernetzung – Thumbnail Pinterest.jpg,2025-03-31 - Linkwhisper-wordpress-plugin-interne-vernetzung - Thumbnail Pinterest.jpg,01_Projets/schoolsWP/04_ASSETS/02_Thumbnails/2025-03-31 – Linkwhisper-wordpress-plugin-interne-vernetzung – Thumbnail Pinterest.jpg,low,long_dash,image/jpeg
1vqVXepqoFfF1bnTdzlv4glxCnPugt_Z6,2025-04-05 – Wordpress-lokal-flywheel-vs-xampp-vergleich – Thumbnail Pinterest.jpg,2025-04-05 - Wordpress-lokal-flywheel-vs-xampp-vergleich - Thumbnail Pinterest.jpg,01_Projets/schoolsWP/04_ASSETS/02_Thumbnails/2025-04-05 – Wordpress-lokal-flywheel-vs-xampp-vergleich – Thumbnail Pinterest.jpg,low,long_dash,image/jpeg
1vv7qCyD4FhPnX0Lx6hCrXhonDZ_ZzL-t,2025-04-05 – Local-wp-wordpress-lokal-mit-xampp-oder-flywheel – Thumbnail Pinterest.jpg,2025-04-05 - Local-wp-wordpress-lokal-mit-xampp-oder-flywheel - Thumbnail Pinterest.jpg,01_Projets/schoolsWP/04_ASSETS/02_Thumbnails/2025-04-05 – Local-wp-wordpress-lokal-mit-xampp-oder-flywheel – Thumbnail Pinterest.jpg,low,long_dash,image/jpeg
1x8uLIydAx-50goIyBlh0MG6h-kIBacP3,2025-04-17 – Vergleich-wordpress-buchungsplugins-fluentbooking-amelia – Thumbnail Pinterest.jpg,2025-04-17 - Vergleich-wordpress-buchungsplugins-fluentbooking-amelia - Thumbnail Pinterest.jpg,01_Projets/schoolsWP/04_ASSETS/02_Thumbnails/2025-04-17 – Vergleich-wordpress-buchungsplugins-fluentbooking-amelia – Thumbnail Pinterest.jpg,low,long_dash,image/jpeg
1x2lktZn2x46P2_92R3_yMV4RwUxYy_vO,2025-04-17 – Fluentbooking-amelia-wordpress-reservierungsplugin-vergleich – Thumbnail Pinterest.jpg,2025-04-17 - Fluentbooking-amelia-wordpress-reservierungsplugin-vergleich - Thumbnail Pinterest.jpg,01_Projets/schoolsWP/04_ASSETS/02_Thumbnails/2025-04-17 – Fluentbooking-amelia-wordpress-reservierungsplugin-vergleich – Thumbnail Pinterest.jpg,low,long_dash,image/jpeg
1xUzO3_DM3q9RxqvibjvYNZ01NhLq0r9n,2025-04-17 – Top10-wordpress-uebersetzungsplugin-schnell-effektiv – Thumbnail Pinterest.jpg,2025-04-17 - Top10-wordpress-uebersetzungsplugin-schnell-effektiv - Thumbnail Pinterest.jpg,01_Projets/schoolsWP/04_ASSETS/02_Thumbnails/2025-04-17 – Top10-wordpress-uebersetzungsplugin-schnell-effektiv – Thumbnail Pinterest.jpg,low,long_dash,image/jpeg
1xRMLHc6HZ_w5BkoDBTS-Zpj4YbKvhQGj,2025-04-17 – Wordpress-uebersetzungsplugin-top10-globalisierung – Thumbnail Pinterest.jpg,2025-04-17 - Wordpress-uebersetzungsplugin-top10-globalisierung - Thumbnail Pinterest.jpg,01_Projets/schoolsWP/04_ASSETS/02_Thumbnails/2025-04-17 – Wordpress-uebersetzungsplugin-top10-globalisierung – Thumbnail Pinterest.jpg,low,long_dash,image/jpeg
1-Foh-Q6FEpWGFDI5nVv6lfLIaShnEFNF,2025-05-07 – Learndash-wordpress-lms-plugin – Thumbnail Pinterest.jpg,2025-05-07 - Learndash-wordpress-lms-plugin - Thumbnail Pinterest.jpg,01_Projets/schoolsWP/04_ASSETS/02_Thumbnails/2025-05-07 – Learndash-wordpress-lms-plugin – Thumbnail Pinterest.jpg,low,long_dash,image/jpeg
1-KinUiKw9vo6eXwJ5uyFFXnwdBfTlJLA,2025-05-07 – Learndash-wordpress-lms-online-schulungen – Thumbnail Pinterest.jpg,2025-05-07 - Learndash-wordpress-lms-online-schulungen - Thumbnail Pinterest.jpg,01_Projets/schoolsWP/04_ASSETS/02_Thumbnails/2025-05-07 – Learndash-wordpress-lms-online-schulungen – Thumbnail Pinterest.jpg,low,long_dash,image/jpeg
104LLGIZuOJfrdzI8C68hzxXDL9q83KvU,2025-05-08 – Buddyboss-uebersicht – Thumbnail Pinterest.jpg,2025-05-08 - Buddyboss-uebersicht - Thumbnail Pinterest.jpg,01_Projets/schoolsWP/04_ASSETS/02_Thumbnails/2025-05-08 – Buddyboss-uebersicht – Thumbnail Pinterest.jpg,low,long_dash,image/jpeg
1048ewc_x2fAbvb_ThnJuUNALqm23EOa9,2025-05-08 – Buddyboss-wordpress-community-kurse-starten – Thumbnail Pinterest.jpg,2025-05-08 - Buddyboss-wordpress-community-kurse-starten - Thumbnail Pinterest.jpg,01_Projets/schoolsWP/04_ASSETS/02_Thumbnails/2025-05-08 – Buddyboss-wordpress-community-kurse-starten – Thumbnail Pinterest.jpg,low,long_dash,image/jpeg
114ytsaHX6u3ntB1_3fGlVTbRB66oP-7g,2025-05-08 – Wordpress-multisite-guide-zentrale-verwaltung – Thumbnail Pinterest.jpg,2025-05-08 - Wordpress-multisite-guide-zentrale-verwaltung - Thumbnail Pinterest.jpg,01_Projets/schoolsWP/04_ASSETS/02_Thumbnails/2025-05-08 – Wordpress-multisite-guide-zentrale-verwaltung – Thumbnail Pinterest.jpg,low,long_dash,image/jpeg
113PRzVU8wzPDTDidd5adnfSz4mjP_bRY,2025-05-08 – Wordpress-multisite-mehrere-websites-clever-verwalten – Thumbnail Pinterest.jpg,2025-05-08 - Wordpress-multisite-mehrere-websites-clever-verwalten - Thumbnail Pinterest.jpg,01_Projets/schoolsWP/04_ASSETS/02_Thumbnails/2025-05-08 – Wordpress-multisite-mehrere-websites-clever-verwalten – Thumbnail Pinterest.jpg,low,long_dash,image/jpeg
1MwkHVw9gdKakOQ1Tz9AMUTsn8DgLLS6_,2025-06-05 – Webhosting-frankreich-o2switch-erfahrungen – Thumbnail Pinterest.jpg,2025-06-05 - Webhosting-frankreich-o2switch-erfahrungen - Thumbnail Pinterest.jpg,01_Projets/schoolsWP/04_ASSETS/02_Thumbnails/2025-06-05 – Webhosting-frankreich-o2switch-erfahrungen – Thumbnail Pinterest.jpg,low,long_dash,image/jpeg
1-PXHaPvFiAB4v5vjqvyp-R9lsGddgYft,2025-06-05 – O2switch-meinungen-webhosting-frankreich – Thumbnail Pinterest.jpg,2025-06-05 - O2switch-meinungen-webhosting-frankreich - Thumbnail Pinterest.jpg,01_Projets/schoolsWP/04_ASSETS/02_Thumbnails/2025-06-05 – O2switch-meinungen-webhosting-frankreich – Thumbnail Pinterest.jpg,low,long_dash,image/jpeg
1xXikGr0W_1eHM6vhL31kW5uulAZoTHCX,2025-06-05 – Fluentcrm-gutscheincode-20-prozent-schoolswp20 – Thumbnail Pinterest.jpg,2025-06-05 - Fluentcrm-gutscheincode-20-prozent-schoolswp20 - Thumbnail Pinterest.jpg,01_Projets/schoolsWP/04_ASSETS/02_Thumbnails/2025-06-05 – Fluentcrm-gutscheincode-20-prozent-schoolswp20 – Thumbnail Pinterest.jpg,low,long_dash,image/jpeg
1dR0gfzDUga2A13Gg1W6sWCEzQKBjNu8i,2025-06-05 – Fluentcrm-promo-code-20-percent-schoolswp20-wordpress – Thumbnail Pinterest.jpg,2025-06-05 - Fluentcrm-promo-code-20-percent-schoolswp20-wordpress - Thumbnail Pinterest.jpg,01_Projets/schoolsWP/04_ASSETS/02_Thumbnails/2025-06-05 – Fluentcrm-promo-code-20-percent-schoolswp20-wordpress – Thumbnail Pinterest.jpg,low,long_dash,image/jpeg
1_J-irdMENWftrgjpcGOf7kg_SSB9o_Hm,2025-06-16 – Rapyd-cloud-gutscheincode-wordpress-hosting-rabatt – Thumbnail Pinterest.jpg,2025-06-16 - Rapyd-cloud-gutscheincode-wordpress-hosting-rabatt - Thumbnail Pinterest.jpg,01_Projets/schoolsWP/04_ASSETS/02_Thumbnails/2025-06-16 – Rapyd-cloud-gutscheincode-wordpress-hosting-rabatt – Thumbnail Pinterest.jpg,low,long_dash,image/jpeg
1JhEWxwU452N-3b1scI3IuEm_WL4sST2N,2025-06-16 – Rapyd-cloud-gutschein-25-prozent-wordpress-hosting – Thumbnail Pinterest.jpg,2025-06-16 - Rapyd-cloud-gutschein-25-prozent-wordpress-hosting - Thumbnail Pinterest.jpg,01_Projets/schoolsWP/04_ASSETS/02_Thumbnails/2025-06-16 – Rapyd-cloud-gutschein-25-prozent-wordpress-hosting – Thumbnail Pinterest.jpg,low,long_dash,image/jpeg
1ONgupPBWuTnm0wcbupUoncKCmStsaXS5,2025-07-05 – Wordpress-lernen-ohne-vorkenntnisse-anleitung – Thumbnail Pinterest.jpg,2025-07-05 - Wordpress-lernen-ohne-vorkenntnisse-anleitung - Thumbnail Pinterest.jpg,01_Projets/schoolsWP/04_ASSETS/02_Thumbnails/2025-07-05 – Wordpress-lernen-ohne-vorkenntnisse-anleitung – Thumbnail Pinterest.jpg,low,long_dash,image/jpeg
1SAo7jcXAVzF4jsmI4_OMwz81O1CIHeJc,2025-07-05 – Wordpress-selbststaendig-lernen-leitfaden-anfaenger – Thumbnail Pinterest.jpg,2025-07-05 - Wordpress-selbststaendig-lernen-leitfaden-anfaenger - Thumbnail Pinterest.jpg,01_Projets/schoolsWP/04_ASSETS/02_Thumbnails/2025-07-05 – Wordpress-selbststaendig-lernen-leitfaden-anfaenger – Thumbnail Pinterest.jpg,low,long_dash,image/jpeg
1jbq7KsRrgFK7U0Nd6pNTfJnQ87ns7rss,2025-07-06 – Fluentcart-erfahrung-wordpress-ecommerce-plugin – Thumbnail Pinterest.jpg,2025-07-06 - Fluentcart-erfahrung-wordpress-ecommerce-plugin - Thumbnail Pinterest.jpg,01_Projets/schoolsWP/04_ASSETS/02_Thumbnails/2025-07-06 – Fluentcart-erfahrung-wordpress-ecommerce-plugin – Thumbnail Pinterest.jpg,low,long_dash,image/jpeg
1tGOtj5yy63tZPd9dKdcmvgBdcGGorI6v,2025-07-06 – Fluentcart-test-wordpress-shop-ecommerce-plugin – Thumbnail Pinterest.jpg,2025-07-06 - Fluentcart-test-wordpress-shop-ecommerce-plugin - Thumbnail Pinterest.jpg,01_Projets/schoolsWP/04_ASSETS/02_Thumbnails/2025-07-06 – Fluentcart-test-wordpress-shop-ecommerce-plugin – Thumbnail Pinterest.jpg,low,long_dash,image/jpeg
12uKiIWbncgNK-VQxWsezbirVf9TJpXaC,2025-07-26 – Copilhost-wordpress-hosting-schnell-sicher – Thumbnail Pinterest.jpg,2025-07-26 - Copilhost-wordpress-hosting-schnell-sicher - Thumbnail Pinterest.jpg,01_Projets/schoolsWP/04_ASSETS/02_Thumbnails/2025-07-26 – Copilhost-wordpress-hosting-schnell-sicher – Thumbnail Pinterest.jpg,low,long_dash,image/jpeg
1J54l_bipvrxIHHiadzY7LnaSmUm45RXd,2025-07-26 – Copilhost-hosting-sicher-schnell-wordpress – Thumbnail Pinterest.jpg,2025-07-26 - Copilhost-hosting-sicher-schnell-wordpress - Thumbnail Pinterest.jpg,01_Projets/schoolsWP/04_ASSETS/02_Thumbnails/2025-07-26 – Copilhost-hosting-sicher-schnell-wordpress – Thumbnail Pinterest.jpg,low,long_dash,image/jpeg
1pnWGm0IiwyAUNtLQvmeJBOXGak41Y3ip,2025-03-12 – Latepoint-wordpress-plugin-online-reservierung – Thumbnail Pinterest.jpg,2025-03-12 - Latepoint-wordpress-plugin-online-reservierung - Thumbnail Pinterest.jpg,01_Projets/schoolsWP/04_ASSETS/02_Thumbnails/2025-03-12 – Latepoint-wordpress-plugin-online-reservierung – Thumbnail Pinterest.jpg,low,long_dash,image/jpeg
1pjPgW7ZFXd0rCux30pIUUJU8k5KByuh6,2025-03-12 – Latepoint-schnelles-buchungs-plugin-wordpress – Thumbnail Pinterest.jpg,2025-03-12 - Latepoint-schnelles-buchungs-plugin-wordpress - Thumbnail Pinterest.jpg,01_Projets/schoolsWP/04_ASSETS/02_Thumbnails/2025-03-12 – Latepoint-schnelles-buchungs-plugin-wordpress – Thumbnail Pinterest.jpg,low,long_dash,image/jpeg
14QMNLKgd75pTv_VYWdF8KAjntCjlutft,2024-11-07 – Create-wordpress-site-without-installation-tastewp – Thumbnail Pinterest.jpg,2024-11-07 - Create-wordpress-site-without-installation-tastewp - Thumbnail Pinterest.jpg,01_Projets/schoolsWP/04_ASSETS/02_Thumbnails/2024-11-07 – Create-wordpress-site-without-installation-tastewp – Thumbnail Pinterest.jpg,low,long_dash,image/jpeg
14TqsPUGKCcV0kNieiX7paqS_kjVOUQ2J,2024-11-07 – Tastewp-discover-how-to-easily-create-wordpress-website – Thumbnail Pinterest.jpg,2024-11-07 - Tastewp-discover-how-to-easily-create-wordpress-website - Thumbnail Pinterest.jpg,01_Projets/schoolsWP/04_ASSETS/02_Thumbnails/2024-11-07 – Tastewp-discover-how-to-easily-create-wordpress-website – Thumbnail Pinterest.jpg,low,long_dash,image/jpeg
16o1Ho3GJ-uo-BLgbnF4UyqTRs5c8su_8,2024-11-12 – Linkuma-quality-backlinks-7-euro-netlinking-simplified – Thumbnail Pinterest.jpg,2024-11-12 - Linkuma-quality-backlinks-7-euro-netlinking-simplified - Thumbnail Pinterest.jpg,01_Projets/schoolsWP/04_ASSETS/02_Thumbnails/2024-11-12 – Linkuma-quality-backlinks-7-euro-netlinking-simplified – Thumbnail Pinterest.jpg,low,long_dash,image/jpeg
16ji72rzX2bZEonMCh4aMWcmEqT6uaZwT,2024-11-12 – Linkuma-gold-standard-netlinking-opinions-insights – Thumbnail Pinterest.jpg,2024-11-12 - Linkuma-gold-standard-netlinking-opinions-insights - Thumbnail Pinterest.jpg,01_Projets/schoolsWP/04_ASSETS/02_Thumbnails/2024-11-12 – Linkuma-gold-standard-netlinking-opinions-insights – Thumbnail Pinterest.jpg,low,long_dash,image/jpeg
1CFsy2alrcE52kExtBb7BV3jxYiz5jCbs,2024-11-30 – A-slug-in-wordpress-what-is-it-and-how-to-optimize – Thumbnail Pinterest.jpg,2024-11-30 - A-slug-in-wordpress-what-is-it-and-how-to-optimize - Thumbnail Pinterest.jpg,01_Projets/schoolsWP/04_ASSETS/02_Thumbnails/2024-11-30 – A-slug-in-wordpress-what-is-it-and-how-to-optimize – Thumbnail Pinterest.jpg,low,long_dash,image/jpeg
1CL3wxun5hY5BIGyo3vGWXteDVyz8va3B,2024-11-30 – Optimize-wordpress-slugs-boost-seo – Thumbnail Pinterest.jpg,2024-11-30 - Optimize-wordpress-slugs-boost-seo - Thumbnail Pinterest.jpg,01_Projets/schoolsWP/04_ASSETS/02_Thumbnails/2024-11-30 – Optimize-wordpress-slugs-boost-seo – Thumbnail Pinterest.jpg,low,long_dash,image/jpeg
1DabSzexgiikgyhfULsI5DhfigPPGxxzM,2024-12-03 – Suremembers-best-membership-plugin-wordpress – Thumbnail Pinterest.jpg,2024-12-03 - Suremembers-best-membership-plugin-wordpress - Thumbnail Pinterest.jpg,01_Projets/schoolsWP/04_ASSETS/02_Thumbnails/2024-12-03 – Suremembers-best-membership-plugin-wordpress – Thumbnail Pinterest.jpg,low,long_dash,image/jpeg
1Dd-5tREF4upUSY-zzatyrRbXuedDS7ha,2024-12-03 – Suremembers-wordpress-membership-plugin-earn-more – Thumbnail Pinterest.jpg,2024-12-03 - Suremembers-wordpress-membership-plugin-earn-more - Thumbnail Pinterest.jpg,01_Projets/schoolsWP/04_ASSETS/02_Thumbnails/2024-12-03 – Suremembers-wordpress-membership-plugin-earn-more – Thumbnail Pinterest.jpg,low,long_dash,image/jpeg
1H4zSXSqNY4SioQCFF4I8PfORbmPcJUgf,2024-12-10 – Bespoke-wordpress-site-seo-design – Thumbnail Pinterest.jpg,2024-12-10 - Bespoke-wordpress-site-seo-design - Thumbnail Pinterest.jpg,01_Projets/schoolsWP/04_ASSETS/02_Thumbnails/2024-12-10 – Bespoke-wordpress-site-seo-design – Thumbnail Pinterest.jpg,low,long_dash,image/jpeg
1GxxGauA-YYgbY6e5A72NA8tU1srF-0i2,2024-12-10 – Custom-wordpress-design-benefits – Thumbnail Pinterest.jpg,2024-12-10 - Custom-wordpress-design-benefits - Thumbnail Pinterest.jpg,01_Projets/schoolsWP/04_ASSETS/02_Thumbnails/2024-12-10 – Custom-wordpress-design-benefits – Thumbnail Pinterest.jpg,low,long_dash,image/jpeg
1HbGQKLGZpJgFkaNYuR7tZsANYiaLlrpB,2024-12-10 – What-is-wordpress-plugin-effective-use – Thumbnail Pinterest.jpg,2024-12-10 - What-is-wordpress-plugin-effective-use - Thumbnail Pinterest.jpg,01_Projets/schoolsWP/04_ASSETS/02_Thumbnails/2024-12-10 – What-is-wordpress-plugin-effective-use – Thumbnail Pinterest.jpg,low,long_dash,image/jpeg
1HbeijHtFvfRbQkGaTuLsDkTOrfssjmAe,2024-12-10 – Wordpress-plugins-transform-without-coding – Thumbnail Pinterest.jpg,2024-12-10 - Wordpress-plugins-transform-without-coding - Thumbnail Pinterest.jpg,01_Projets/schoolsWP/04_ASSETS/02_Thumbnails/2024-12-10 – Wordpress-plugins-transform-without-coding – Thumbnail Pinterest.jpg,low,long_dash,image/jpeg
1cUFQGd7RozbMIouNLo0f2CpwTh2QLb1V,2025-02-03 – Suremembers-vs-wishlist-members-wordpress-comparison – Thumbnail Pinterest.jpg,2025-02-03 - Suremembers-vs-wishlist-members-wordpress-comparison - Thumbnail Pinterest.jpg,01_Projets/schoolsWP/04_ASSETS/02_Thumbnails/2025-02-03 – Suremembers-vs-wishlist-members-wordpress-comparison – Thumbnail Pinterest.jpg,low,long_dash,image/jpeg
1cQXFXKQ39sQ3GdoZ_zVBU3ay6yxbosiD,2025-02-03 – Suremembers-vs-wishlist-members-wordpress-plugin-comparison – Thumbnail Pinterest.jpg,2025-02-03 - Suremembers-vs-wishlist-members-wordpress-plugin-comparison - Thumbnail Pinterest.jpg,01_Projets/schoolsWP/04_ASSETS/02_Thumbnails/2025-02-03 – Suremembers-vs-wishlist-members-wordpress-plugin-comparison – Thumbnail Pinterest.jpg,low,long_dash,image/jpeg
1MJSmCrB09qawNRmEBeM-4RG8T3LvXoKy,2024-12-20 – Wpboutik-boost-wordpress-ecommerce-ease – Thumbnail Pinterest.jpg,2024-12-20 - Wpboutik-boost-wordpress-ecommerce-ease - Thumbnail Pinterest.jpg,01_Projets/schoolsWP/04_ASSETS/02_Thumbnails/2024-12-20 – Wpboutik-boost-wordpress-ecommerce-ease – Thumbnail Pinterest.jpg,low,long_dash,image/jpeg
1MGNM48e2YxjF5ac9FzV_oP4ea0ewdbti,2024-12-20 – Wpboutik-reinvents-ecommerce-wordpress – Thumbnail Pinterest.jpg,2024-12-20 - Wpboutik-reinvents-ecommerce-wordpress - Thumbnail Pinterest.jpg,01_Projets/schoolsWP/04_ASSETS/02_Thumbnails/2024-12-20 – Wpboutik-reinvents-ecommerce-wordpress – Thumbnail Pinterest.jpg,low,long_dash,image/jpeg
1NrL9MmvM95XBE_ckIGOJrw4ntk9slIMb,2024-12-20 – Zipwp-create-wordpress-site-fast-ai – Thumbnail Pinterest.jpg,2024-12-20 - Zipwp-create-wordpress-site-fast-ai - Thumbnail Pinterest.jpg,01_Projets/schoolsWP/04_ASSETS/02_Thumbnails/2024-12-20 – Zipwp-create-wordpress-site-fast-ai – Thumbnail Pinterest.jpg,low,long_dash,image/jpeg
1Noc-VlFbVdMOkx-ePcnNcRU3TC9T0NWH,2024-12-20 – Zipwp-revolutionize-wordpress-site-ai – Thumbnail Pinterest.jpg,2024-12-20 - Zipwp-revolutionize-wordpress-site-ai - Thumbnail Pinterest.jpg,01_Projets/schoolsWP/04_ASSETS/02_Thumbnails/2024-12-20 – Zipwp-revolutionize-wordpress-site-ai – Thumbnail Pinterest.jpg,low,long_dash,image/jpeg
1OUVI_sp6FR2bqaJm7gRvba6spa8fjA-b,2024-12-23 – Wp-marmite-pay-easy-online-sales-stripe – Thumbnail Pinterest.jpg,2024-12-23 - Wp-marmite-pay-easy-online-sales-stripe - Thumbnail Pinterest.jpg,01_Projets/schoolsWP/04_ASSETS/02_Thumbnails/2024-12-23 – Wp-marmite-pay-easy-online-sales-stripe – Thumbnail Pinterest.jpg,low,long_dash,image/jpeg
1OVRpDl5O7RSKv19xhO-66xDDOEnrSYzI,2024-12-23 – Wpmarmite-pay-simplifies-payments-wordpress – Thumbnail Pinterest.jpg,2024-12-23 - Wpmarmite-pay-simplifies-payments-wordpress - Thumbnail Pinterest.jpg,01_Projets/schoolsWP/04_ASSETS/02_Thumbnails/2024-12-23 – Wpmarmite-pay-simplifies-payments-wordpress – Thumbnail Pinterest.jpg,low,long_dash,image/jpeg
1QSzkS7iMCBAAnlyIeH6oga037rHI9QBi,2025-01-07 – Discover-gutenberg-wordpress-editor – Thumbnail Pinterest.jpg,2025-01-07 - Discover-gutenberg-wordpress-editor - Thumbnail Pinterest.jpg,01_Projets/schoolsWP/04_ASSETS/02_Thumbnails/2025-01-07 – Discover-gutenberg-wordpress-editor – Thumbnail Pinterest.jpg,low,long_dash,image/jpeg
1QQNUukqQwXJFJksIisvHazT4qn6cKBq-,2025-01-07 – What-is-gutenberg-wordpress – Thumbnail Pinterest.jpg,2025-01-07 - What-is-gutenberg-wordpress - Thumbnail Pinterest.jpg,01_Projets/schoolsWP/04_ASSETS/02_Thumbnails/2025-01-07 – What-is-gutenberg-wordpress – Thumbnail Pinterest.jpg,low,long_dash,image/jpeg
1SbRXIpqQ19b37MoWxYqzMFFeRE0nzKqr,2025-01-07 – Create-wordpress-community-fluentcommunity – Thumbnail Pinterest.jpg,2025-01-07 - Create-wordpress-community-fluentcommunity - Thumbnail Pinterest.jpg,01_Projets/schoolsWP/04_ASSETS/02_Thumbnails/2025-01-07 – Create-wordpress-community-fluentcommunity – Thumbnail Pinterest.jpg,low,long_dash,image/jpeg
1SaVhCfe3x0WUXMoDHBjEy37aAdMKrHw8,2025-01-07 – Fluentcommunity-plugin-build-wordpress-community – Thumbnail Pinterest.jpg,2025-01-07 - Fluentcommunity-plugin-build-wordpress-community - Thumbnail Pinterest.jpg,01_Projets/schoolsWP/04_ASSETS/02_Thumbnails/2025-01-07 – Fluentcommunity-plugin-build-wordpress-community – Thumbnail Pinterest.jpg,low,long_dash,image/jpeg
1V2cyeBewQS12YOklmKUSJc3SrfAS85w4,2025-01-10 – Thot-seo-semantic-tool-dominating-google – Thumbnail Pinterest.jpg,2025-01-10 - Thot-seo-semantic-tool-dominating-google - Thumbnail Pinterest.jpg,01_Projets/schoolsWP/04_ASSETS/02_Thumbnails/2025-01-10 – Thot-seo-semantic-tool-dominating-google – Thumbnail Pinterest.jpg,low,long_dash,image/jpeg
1Uyg0ogM7Slo6avSEkw2ubbQX0WwAw4_U,2025-01-10 – Why-thot-seo-best-semantic-optimization-tool – Thumbnail Pinterest.jpg,2025-01-10 - Why-thot-seo-best-semantic-optimization-tool - Thumbnail Pinterest.jpg,01_Projets/schoolsWP/04_ASSETS/02_Thumbnails/2025-01-10 – Why-thot-seo-best-semantic-optimization-tool – Thumbnail Pinterest.jpg,low,long_dash,image/jpeg
1VNCiUDtD70meg0Sg8sxakz29hkIzdn5p,2025-01-10 – Clean-wordpress-database-guide-plugins – Thumbnail Pinterest.jpg,2025-01-10 - Clean-wordpress-database-guide-plugins - Thumbnail Pinterest.jpg,01_Projets/schoolsWP/04_ASSETS/02_Thumbnails/2025-01-10 – Clean-wordpress-database-guide-plugins – Thumbnail Pinterest.jpg,low,long_dash,image/jpeg
1VLNeTKsEE4r7z1QK5jXV42oL-4303UuY,2025-01-10 – Clean-wordpress-database-plugins-guide – Thumbnail Pinterest.jpg,2025-01-10 - Clean-wordpress-database-plugins-guide - Thumbnail Pinterest.jpg,01_Projets/schoolsWP/04_ASSETS/02_Thumbnails/2025-01-10 – Clean-wordpress-database-plugins-guide – Thumbnail Pinterest.jpg,low,long_dash,image/jpeg
1X9icYWVqpxNUISqzK8Ccqoz754M-gbC6,2025-01-11 – Wp-umbrella-easily-manage-wordpress-websites – Thumbnail Pinterest.jpg,2025-01-11 - Wp-umbrella-easily-manage-wordpress-websites - Thumbnail Pinterest.jpg,01_Projets/schoolsWP/04_ASSETS/02_Thumbnails/2025-01-11 – Wp-umbrella-easily-manage-wordpress-websites – Thumbnail Pinterest.jpg,low,long_dash,image/jpeg
1X9sjfhn6XNYo8fy9Jf9lrH2YUm2BUxQ1,2025-01-11 – Wp-umbrella-why-wordpress-agencies-love-it – Thumbnail Pinterest.jpg,2025-01-11 - Wp-umbrella-why-wordpress-agencies-love-it - Thumbnail Pinterest.jpg,01_Projets/schoolsWP/04_ASSETS/02_Thumbnails/2025-01-11 – Wp-umbrella-why-wordpress-agencies-love-it – Thumbnail Pinterest.jpg,low,long_dash,image/jpeg
1Z2zVv0qgckiz-dwSXZsqzskT0wuxn5TM,2025-01-16 – Wishlist-member-guide-wordpress-plugin – Thumbnail Pinterest.jpg,2025-01-16 - Wishlist-member-guide-wordpress-plugin - Thumbnail Pinterest.jpg,01_Projets/schoolsWP/04_ASSETS/02_Thumbnails/2025-01-16 – Wishlist-member-guide-wordpress-plugin – Thumbnail Pinterest.jpg,low,long_dash,image/jpeg
1Yox_R73UX5NMCh2WQHhFjTgc48ixIHcF,2025-01-16 – Wishlist-member-successful-wordpress-membership-plugin – Thumbnail Pinterest.jpg,2025-01-16 - Wishlist-member-successful-wordpress-membership-plugin - Thumbnail Pinterest.jpg,01_Projets/schoolsWP/04_ASSETS/02_Thumbnails/2025-01-16 – Wishlist-member-successful-wordpress-membership-plugin – Thumbnail Pinterest.jpg,low,long_dash,image/jpeg
1g_5cn51Ymwy0m2Cn75ck5oieCAabOJo6,2025-02-16 – Skoatch-ai-seo-content-tool – Thumbnail Pinterest.jpg,2025-02-16 - Skoatch-ai-seo-content-tool - Thumbnail Pinterest.jpg,01_Projets/schoolsWP/04_ASSETS/02_Thumbnails/2025-02-16 – Skoatch-ai-seo-content-tool – Thumbnail Pinterest.jpg,low,long_dash,image/jpeg
1gaiuo3J7Q9f6YrXowa_Ubd9KbNwjnYY7,2025-02-16 – Skoatch-ai-seo-content-editing – Thumbnail Pinterest.jpg,2025-02-16 - Skoatch-ai-seo-content-editing - Thumbnail Pinterest.jpg,01_Projets/schoolsWP/04_ASSETS/02_Thumbnails/2025-02-16 – Skoatch-ai-seo-content-editing – Thumbnail Pinterest.jpg,low,long_dash,image/jpeg
1cYxY8hSDqjQ5RCO0KnguZbvgu1WmgMub,2025-02-03 – Latepoint-wordpress-plugin-online-booking – Thumbnail Pinterest.jpg,2025-02-03 - Latepoint-wordpress-plugin-online-booking - Thumbnail Pinterest.jpg,01_Projets/schoolsWP/04_ASSETS/02_Thumbnails/2025-02-03 – Latepoint-wordpress-plugin-online-booking – Thumbnail Pinterest.jpg,low,long_dash,image/jpeg
1c_H1f-05DKWexs7rMxA5wNcd8eWTR0gZ,2025-02-03 – Latepoint-plugin-wordpress-booking – Thumbnail Pinterest.jpg,2025-02-03 - Latepoint-plugin-wordpress-booking - Thumbnail Pinterest.jpg,01_Projets/schoolsWP/04_ASSETS/02_Thumbnails/2025-02-03 – Latepoint-plugin-wordpress-booking – Thumbnail Pinterest.jpg,low,long_dash,image/jpeg
1c3LCC1Bhof62oeSlg0_S-OJ0Ex1K_yjQ,2025-01-31 – Seo-wordpress-traduire-sans-migraine – Thumbnail Pinterest.jpg,2025-01-31 - Seo-wordpress-traduire-sans-migraine - Thumbnail Pinterest.jpg,01_Projets/schoolsWP/04_ASSETS/02_Thumbnails/2025-01-31 – Seo-wordpress-traduire-sans-migraine – Thumbnail Pinterest.jpg,low,long_dash,image/jpeg
1c3hsYQRhe4m7Z07BYqV496ib06RodSQa,2025-01-31 – Testing-wordpress-traduire-sans-migraine – Thumbnail Pinterest.jpg,2025-01-31 - Testing-wordpress-traduire-sans-migraine - Thumbnail Pinterest.jpg,01_Projets/schoolsWP/04_ASSETS/02_Thumbnails/2025-01-31 – Testing-wordpress-traduire-sans-migraine – Thumbnail Pinterest.jpg,low,long_dash,image/jpeg
1iPkdWi7qNL8vrMow2WC2FYrO39WWUsVS,2025-02-19 – Tutor-lms-review-wordpress-lms-plugin – Thumbnail Pinterest.jpg,2025-02-19 - Tutor-lms-review-wordpress-lms-plugin - Thumbnail Pinterest.jpg,01_Projets/schoolsWP/04_ASSETS/02_Thumbnails/2025-02-19 – Tutor-lms-review-wordpress-lms-plugin – Thumbnail Pinterest.jpg,low,long_dash,image/jpeg
1iNweILv1doycqc7hvlOFsuqZj0xdtzMZ,2025-02-19 – Tutor-lms-review-wordpress-best-lms – Thumbnail Pinterest.jpg,2025-02-19 - Tutor-lms-review-wordpress-best-lms - Thumbnail Pinterest.jpg,01_Projets/schoolsWP/04_ASSETS/02_Thumbnails/2025-02-19 – Tutor-lms-review-wordpress-best-lms – Thumbnail Pinterest.jpg,low,long_dash,image/jpeg
1jdQmU1aBkLCylgqjiV-8XP6SsaZZouAl,2025-02-22 – Academy-lms-wordpress-launch-online-academy – Thumbnail Pinterest.jpg,2025-02-22 - Academy-lms-wordpress-launch-online-academy - Thumbnail Pinterest.jpg,01_Projets/schoolsWP/04_ASSETS/02_Thumbnails/2025-02-22 – Academy-lms-wordpress-launch-online-academy – Thumbnail Pinterest.jpg,low,long_dash,image/jpeg
1jdrZUjvdc_TWZ2He0V0dQ-q2KiAXXLz9,2025-02-22 – Academy-lms-wordpress-plugin-overview – Thumbnail Pinterest.jpg,2025-02-22 - Academy-lms-wordpress-plugin-overview - Thumbnail Pinterest.jpg,01_Projets/schoolsWP/04_ASSETS/02_Thumbnails/2025-02-22 – Academy-lms-wordpress-plugin-overview – Thumbnail Pinterest.jpg,low,long_dash,image/jpeg
1l7sQhgBHz3v1O3BTs9f8UMT58JXXs70P,2025-02-27 – Divi-builder-vs-elementor-pro-wordpress-comparison – Thumbnail Pinterest.jpg,2025-02-27 - Divi-builder-vs-elementor-pro-wordpress-comparison - Thumbnail Pinterest.jpg,01_Projets/schoolsWP/04_ASSETS/02_Thumbnails/2025-02-27 – Divi-builder-vs-elementor-pro-wordpress-comparison – Thumbnail Pinterest.jpg,low,long_dash,image/jpeg
1l1QDHv_qYWT8mWEuB3f2kzaExuEVKmah,2025-02-27 – Divi-builder-vs-elementor-pro-best-page-builder – Thumbnail Pinterest.jpg,2025-02-27 - Divi-builder-vs-elementor-pro-best-page-builder - Thumbnail Pinterest.jpg,01_Projets/schoolsWP/04_ASSETS/02_Thumbnails/2025-02-27 – Divi-builder-vs-elementor-pro-best-page-builder – Thumbnail Pinterest.jpg,low,long_dash,image/jpeg
1nbs_sWhCpZwZLSP0GZnPjxJLm-YwuTwV,2025-03-09 – Surecart-digital-sales-wordpress – Thumbnail Pinterest.jpg,2025-03-09 - Surecart-digital-sales-wordpress - Thumbnail Pinterest.jpg,01_Projets/schoolsWP/04_ASSETS/02_Thumbnails/2025-03-09 – Surecart-digital-sales-wordpress – Thumbnail Pinterest.jpg,low,long_dash,image/jpeg
1n__3wmkQbNELSUCyw4lY-NnfE6NnV9C8,2025-03-09 – Surecart-ecommerce-plugin-digital-products – Thumbnail Pinterest.jpg,2025-03-09 - Surecart-ecommerce-plugin-digital-products - Thumbnail Pinterest.jpg,01_Projets/schoolsWP/04_ASSETS/02_Thumbnails/2025-03-09 – Surecart-ecommerce-plugin-digital-products – Thumbnail Pinterest.jpg,low,long_dash,image/jpeg
1nng4wBaycCp_bStoig1nmhuTOHsfpxnf,2025-03-09 – Local-wp-compare-local-by-flywheel-xampp – Thumbnail Pinterest.jpg,2025-03-09 - Local-wp-compare-local-by-flywheel-xampp - Thumbnail Pinterest.jpg,01_Projets/schoolsWP/04_ASSETS/02_Thumbnails/2025-03-09 – Local-wp-compare-local-by-flywheel-xampp – Thumbnail Pinterest.jpg,low,long_dash,image/jpeg
1nmA4R5C3h_ado7GyyZhFNskuThZNYNiT,2025-03-09 – Local-wp-flywheel-vs-xampp-best-wordpress-tool – Thumbnail Pinterest.jpg,2025-03-09 - Local-wp-flywheel-vs-xampp-best-wordpress-tool - Thumbnail Pinterest.jpg,01_Projets/schoolsWP/04_ASSETS/02_Thumbnails/2025-03-09 – Local-wp-flywheel-vs-xampp-best-wordpress-tool – Thumbnail Pinterest.jpg,low,long_dash,image/jpeg
1oRyi7NrN26vv-E6uv1bHNNhqlYm7LNxJ,2025-03-10 – Link-finder-boost-netlinking-affordable-backlinks – Thumbnail Pinterest.jpg,2025-03-10 - Link-finder-boost-netlinking-affordable-backlinks - Thumbnail Pinterest.jpg,01_Projets/schoolsWP/04_ASSETS/02_Thumbnails/2025-03-10 – Link-finder-boost-netlinking-affordable-backlinks – Thumbnail Pinterest.jpg,low,long_dash,image/jpeg
1oYP_7_9iuYBc6xJ2E9GP42kXkSFGXTi2,2025-03-10 – Linkfinder-optimize-netlinking-strategy – Thumbnail Pinterest.jpg,2025-03-10 - Linkfinder-optimize-netlinking-strategy - Thumbnail Pinterest.jpg,01_Projets/schoolsWP/04_ASSETS/02_Thumbnails/2025-03-10 – Linkfinder-optimize-netlinking-strategy – Thumbnail Pinterest.jpg,low,long_dash,image/jpeg
1pQetBCd8i3_iUhbax6eCKDkiRka_ZZ7I,2025-03-11 – Fluentbooking-ameliawp-best-wordpress-booking-plugin – Thumbnail Pinterest.jpg,2025-03-11 - Fluentbooking-ameliawp-best-wordpress-booking-plugin - Thumbnail Pinterest.jpg,01_Projets/schoolsWP/04_ASSETS/02_Thumbnails/2025-03-11 – Fluentbooking-ameliawp-best-wordpress-booking-plugin – Thumbnail Pinterest.jpg,low,long_dash,image/jpeg
1pGzePye2TSvqMZx9kbPx5JDi1vSi5TdD,2025-03-11 – Fluentbooking-ameliawp-booking-wordpress-comparison – Thumbnail Pinterest.jpg,2025-03-11 - Fluentbooking-ameliawp-booking-wordpress-comparison - Thumbnail Pinterest.jpg,01_Projets/schoolsWP/04_ASSETS/02_Thumbnails/2025-03-11 – Fluentbooking-ameliawp-booking-wordpress-comparison – Thumbnail Pinterest.jpg,low,long_dash,image/jpeg
1scKhdr_MydNZKr6of6MKzZ6lU1saB0tJ,2025-03-27 – Wordpress-playground-test-wordpress-online – Thumbnail Pinterest.jpg,2025-03-27 - Wordpress-playground-test-wordpress-online - Thumbnail Pinterest.jpg,01_Projets/schoolsWP/04_ASSETS/02_Thumbnails/2025-03-27 – Wordpress-playground-test-wordpress-online – Thumbnail Pinterest.jpg,low,long_dash,image/jpeg
1s_9BDME16z17sFG9jSKjxfENmt3-vGPC,2025-03-27 – Wordpress-playground-how-to-test-wordpress-online – Thumbnail Pinterest.jpg,2025-03-27 - Wordpress-playground-how-to-test-wordpress-online - Thumbnail Pinterest.jpg,01_Projets/schoolsWP/04_ASSETS/02_Thumbnails/2025-03-27 – Wordpress-playground-how-to-test-wordpress-online – Thumbnail Pinterest.jpg,low,long_dash,image/jpeg
1tdHqYT9-zU5Fd_pm4UvvdGa_Mz02wa-2,2025-03-27 – Rapyd-cloud-review-efficient-hosting – Thumbnail Pinterest.jpg,2025-03-27 - Rapyd-cloud-review-efficient-hosting - Thumbnail Pinterest.jpg,01_Projets/schoolsWP/04_ASSETS/02_Thumbnails/2025-03-27 – Rapyd-cloud-review-efficient-hosting – Thumbnail Pinterest.jpg,low,long_dash,image/jpeg
1te3fUV-2BmQfh_qI-y24p31LmLVdxa8f,2025-03-27 – Rapyd-cloud-high-performance-wordpress-hosting – Thumbnail Pinterest.jpg,2025-03-27 - Rapyd-cloud-high-performance-wordpress-hosting - Thumbnail Pinterest.jpg,01_Projets/schoolsWP/04_ASSETS/02_Thumbnails/2025-03-27 – Rapyd-cloud-high-performance-wordpress-hosting – Thumbnail Pinterest.jpg,low,long_dash,image/jpeg
1ubTY6DCenGgConZ9nxJhznKLTX84vt-s,2025-04-03 – Link-whisper-review-wordpress-seo-plugin-analysis – Thumbnail Pinterest.jpg,2025-04-03 - Link-whisper-review-wordpress-seo-plugin-analysis - Thumbnail Pinterest.jpg,01_Projets/schoolsWP/04_ASSETS/02_Thumbnails/2025-04-03 – Link-whisper-review-wordpress-seo-plugin-analysis – Thumbnail Pinterest.jpg,low,long_dash,image/jpeg
1uNeJhXZ4e7im0EuKkLmcekCVWUb5p83B,2025-04-03 – Link-whisper-wordpress-plugin-internal-linking-seo – Thumbnail Pinterest.jpg,2025-04-03 - Link-whisper-wordpress-plugin-internal-linking-seo - Thumbnail Pinterest.jpg,01_Projets/schoolsWP/04_ASSETS/02_Thumbnails/2025-04-03 – Link-whisper-wordpress-plugin-internal-linking-seo – Thumbnail Pinterest.jpg,low,long_dash,image/jpeg
1sJ7QIDfBf2YZOsOucEoSEWG5iuiLFLQb,2025-03-23 – Crocoblock-wordpress-elementor-tool-promotion – Thumbnail Pinterest.jpg,2025-03-23 - Crocoblock-wordpress-elementor-tool-promotion - Thumbnail Pinterest.jpg,01_Projets/schoolsWP/04_ASSETS/02_Thumbnails/2025-03-23 – Crocoblock-wordpress-elementor-tool-promotion – Thumbnail Pinterest.jpg,low,long_dash,image/jpeg
1upr7_hxxih6RRHtgMGr-hz9sQ8lMdj1P,2025-04-03 – Crocoblock-interface-wordpress-elementor – Thumbnail Pinterest.jpg,2025-04-03 - Crocoblock-interface-wordpress-elementor - Thumbnail Pinterest.jpg,01_Projets/schoolsWP/04_ASSETS/02_Thumbnails/2025-04-03 – Crocoblock-interface-wordpress-elementor – Thumbnail Pinterest.jpg,low,long_dash,image/jpeg
1v5atFacv5XMg-O6yupvNAlxQejrxCaIK,2025-04-03 – Crocoblock-toolbox-wordpress-websites – Thumbnail Pinterest.jpg,2025-04-03 - Crocoblock-toolbox-wordpress-websites - Thumbnail Pinterest.jpg,01_Projets/schoolsWP/04_ASSETS/02_Thumbnails/2025-04-03 – Crocoblock-toolbox-wordpress-websites – Thumbnail Pinterest.jpg,low,long_dash,image/jpeg
1wVzDRT-PdIyASvGujZSah-0FXd_VO-Dc,2025-04-10 – Wordpress-translation-plugins-top10-multilingual – Thumbnail Pinterest.jpg,2025-04-10 - Wordpress-translation-plugins-top10-multilingual - Thumbnail Pinterest.jpg,01_Projets/schoolsWP/04_ASSETS/02_Thumbnails/2025-04-10 – Wordpress-translation-plugins-top10-multilingual – Thumbnail Pinterest.jpg,low,long_dash,image/jpeg
1wbLSPO7lY5wOMKIyJbOBKuHGX05eT3G4,2025-04-10 – Wordpress-translation-plugin-top10-globalization – Thumbnail Pinterest.jpg,2025-04-10 - Wordpress-translation-plugin-top10-globalization - Thumbnail Pinterest.jpg,01_Projets/schoolsWP/04_ASSETS/02_Thumbnails/2025-04-10 – Wordpress-translation-plugin-top10-globalization – Thumbnail Pinterest.jpg,low,long_dash,image/jpeg
1-a1OuD9M9Lk8jJBoiIkhZF2gE1hs2hOt,2025-05-07 – Learndash-review-worth-it-online-courses – Thumbnail Pinterest.jpg,2025-05-07 - Learndash-review-worth-it-online-courses - Thumbnail Pinterest.jpg,01_Projets/schoolsWP/04_ASSETS/02_Thumbnails/2025-05-07 – Learndash-review-worth-it-online-courses – Thumbnail Pinterest.jpg,low,long_dash,image/jpeg
1-jMopPpTh0oeVqE3RvUYSIlHqyCyV_uA,2025-05-07 – Learndash-wordpress-plugin-online-training – Thumbnail Pinterest.jpg,2025-05-07 - Learndash-wordpress-plugin-online-training - Thumbnail Pinterest.jpg,01_Projets/schoolsWP/04_ASSETS/02_Thumbnails/2025-05-07 – Learndash-wordpress-plugin-online-training – Thumbnail Pinterest.jpg,low,long_dash,image/jpeg
10jukz8g2A50etDLGAPVescgjyKFiLITS,2025-05-08 – Buddyboss-guide-cover – Thumbnail Pinterest.jpg,2025-05-08 - Buddyboss-guide-cover - Thumbnail Pinterest.jpg,01_Projets/schoolsWP/04_ASSETS/02_Thumbnails/2025-05-08 – Buddyboss-guide-cover – Thumbnail Pinterest.jpg,low,long_dash,image/jpeg
10cICCPSX-Go3_b1cS3qFF-7fTCXY0P8B,2025-05-08 – Buddyboss-create-online-community – Thumbnail Pinterest.jpg,2025-05-08 - Buddyboss-create-online-community - Thumbnail Pinterest.jpg,01_Projets/schoolsWP/04_ASSETS/02_Thumbnails/2025-05-08 – Buddyboss-create-online-community – Thumbnail Pinterest.jpg,low,long_dash,image/jpeg
11JwTilcbi_OUwDE1hD27ylHHSfGbdETW,2025-05-08 – Wordpress-multisite-guide-manage-multiple-sites – Thumbnail Pinterest.jpg,2025-05-08 - Wordpress-multisite-guide-manage-multiple-sites - Thumbnail Pinterest.jpg,01_Projets/schoolsWP/04_ASSETS/02_Thumbnails/2025-05-08 – Wordpress-multisite-guide-manage-multiple-sites – Thumbnail Pinterest.jpg,low,long_dash,image/jpeg
11WY90dwJl-VmNAZFWlu1CQrdoFThAAg7,2025-05-08 – Wordpress-multisite-manage-sites-one-click – Thumbnail Pinterest.jpg,2025-05-08 - Wordpress-multisite-manage-sites-one-click - Thumbnail Pinterest.jpg,01_Projets/schoolsWP/04_ASSETS/02_Thumbnails/2025-05-08 – Wordpress-multisite-manage-sites-one-click – Thumbnail Pinterest.jpg,low,long_dash,image/jpeg
1BtMAUhXw6FP-GqNolVqboxbPr7lvzpdz,2025-06-05 – O2switch-review-french-hosting-wordpress – Thumbnail Pinterest.jpg,2025-06-05 - O2switch-review-french-hosting-wordpress - Thumbnail Pinterest.jpg,01_Projets/schoolsWP/04_ASSETS/02_Thumbnails/2025-06-05 – O2switch-review-french-hosting-wordpress – Thumbnail Pinterest.jpg,low,long_dash,image/jpeg
1ZcjhcU8akhcxZG6iXde3u1eEIX7zreF1,2025-06-05 – O2switch-review-french-hosting-worth-it – Thumbnail Pinterest.jpg,2025-06-05 - O2switch-review-french-hosting-worth-it - Thumbnail Pinterest.jpg,01_Projets/schoolsWP/04_ASSETS/02_Thumbnails/2025-06-05 – O2switch-review-french-hosting-worth-it – Thumbnail Pinterest.jpg,low,long_dash,image/jpeg
1ov5C9pavWtUnGKAkGAd1z6UMaNZAja2l,2025-06-05 – Fluentcrm-coupon-code-20-off-wordpress – Thumbnail Pinterest.jpg,2025-06-05 - Fluentcrm-coupon-code-20-off-wordpress - Thumbnail Pinterest.jpg,01_Projets/schoolsWP/04_ASSETS/02_Thumbnails/2025-06-05 – Fluentcrm-coupon-code-20-off-wordpress – Thumbnail Pinterest.jpg,low,long_dash,image/jpeg
14_8jpZNf1ITjYfzBYl13wXqCaTBdaej8,2025-06-05 – Fluentcrm-promo-code-20-schoolswp20-wordpress – Thumbnail Pinterest.jpg,2025-06-05 - Fluentcrm-promo-code-20-schoolswp20-wordpress - Thumbnail Pinterest.jpg,01_Projets/schoolsWP/04_ASSETS/02_Thumbnails/2025-06-05 – Fluentcrm-promo-code-20-schoolswp20-wordpress – Thumbnail Pinterest.jpg,low,long_dash,image/jpeg
1UOFFhtgAeQ1JmjvL5eNWTXQf4JQg5ETT,2025-06-13 – Rapyd-cloud-promo-wordpress-hosting-discount – Thumbnail Pinterest.jpg,2025-06-13 - Rapyd-cloud-promo-wordpress-hosting-discount - Thumbnail Pinterest.jpg,01_Projets/schoolsWP/04_ASSETS/02_Thumbnails/2025-06-13 – Rapyd-cloud-promo-wordpress-hosting-discount – Thumbnail Pinterest.jpg,low,long_dash,image/jpeg
1tys7zHRwk3bMIML8whBS8g8rmYhoyz50,2025-06-13 – Promo-code-rapyd-cloud-wordpress-hosting-deal – Thumbnail Pinterest.jpg,2025-06-13 - Promo-code-rapyd-cloud-wordpress-hosting-deal - Thumbnail Pinterest.jpg,01_Projets/schoolsWP/04_ASSETS/02_Thumbnails/2025-06-13 – Promo-code-rapyd-cloud-wordpress-hosting-deal – Thumbnail Pinterest.jpg,low,long_dash,image/jpeg
101trsp91Q-hnTVL-0f0BVwMvo1llrBhK,2025-07-05 – Learn-wordpress-own-start-from-scratch – Thumbnail Pinterest.jpg,2025-07-05 - Learn-wordpress-own-start-from-scratch - Thumbnail Pinterest.jpg,01_Projets/schoolsWP/04_ASSETS/02_Thumbnails/2025-07-05 – Learn-wordpress-own-start-from-scratch – Thumbnail Pinterest.jpg,low,long_dash,image/jpeg
1TGQT_eCq-u2c5p8FZ0_UCMvW59oF_CCk,2025-07-05 – Learn-wordpress-guide-motivated-beginners – Thumbnail Pinterest.jpg,2025-07-05 - Learn-wordpress-guide-motivated-beginners - Thumbnail Pinterest.jpg,01_Projets/schoolsWP/04_ASSETS/02_Thumbnails/2025-07-05 – Learn-wordpress-guide-motivated-beginners – Thumbnail Pinterest.jpg,low,long_dash,image/jpeg
1FHtI6M09aD9TkVY1ncAfiO7-7LHgZwyz,2025-07-06 – Fluentcart-review-wordpress-plugin-schoolswp – Thumbnail Pinterest.jpg,2025-07-06 - Fluentcart-review-wordpress-plugin-schoolswp - Thumbnail Pinterest.jpg,01_Projets/schoolsWP/04_ASSETS/02_Thumbnails/2025-07-06 – Fluentcart-review-wordpress-plugin-schoolswp – Thumbnail Pinterest.jpg,low,long_dash,image/jpeg
1OsIFNMyBRfaSi4S3dRAN4pmw1LvQh7OQ,2025-07-06 – Fluentcart-review-no-fuss-wordpress-plugin – Thumbnail Pinterest.jpg,2025-07-06 - Fluentcart-review-no-fuss-wordpress-plugin - Thumbnail Pinterest.jpg,01_Projets/schoolsWP/04_ASSETS/02_Thumbnails/2025-07-06 – Fluentcart-review-no-fuss-wordpress-plugin – Thumbnail Pinterest.jpg,low,long_dash,image/jpeg
1RZ_TdFhxbjQMGqADyWinQQpS6eOcei08,2025-08-01 – Droip-wordpress-alternative-no-plugin – Thumbnail Pinterest.jpg,2025-08-01 - Droip-wordpress-alternative-no-plugin - Thumbnail Pinterest.jpg,01_Projets/schoolsWP/04_ASSETS/02_Thumbnails/2025-08-01 – Droip-wordpress-alternative-no-plugin – Thumbnail Pinterest.jpg,low,long_dash,image/jpeg
1yKqVhWM3ncB0rQceyUEvUTyydEihv8Kx,2025-08-01 – Droip-review-webflow-style-wordpress-builder – Thumbnail Pinterest.jpg,2025-08-01 - Droip-review-webflow-style-wordpress-builder - Thumbnail Pinterest.jpg,01_Projets/schoolsWP/04_ASSETS/02_Thumbnails/2025-08-01 – Droip-review-webflow-style-wordpress-builder – Thumbnail Pinterest.jpg,low,long_dash,image/jpeg
1OvcX1hzzzkvHu4EpUYxj1ftQldkszpt6,2025-08-07 – Wp-rocket-boost-wordpress-speed-seo – Thumbnail Pinterest.jpg,2025-08-07 - Wp-rocket-boost-wordpress-speed-seo - Thumbnail Pinterest.jpg,01_Projets/schoolsWP/04_ASSETS/02_Thumbnails/2025-08-07 – Wp-rocket-boost-wordpress-speed-seo – Thumbnail Pinterest.jpg,low,long_dash,image/jpeg
18vEdT9Krkl29fqKQkTEoDXVbKSeaKYsK,2025-08-07 – Wprocket-wordpress-caching-plugin-speed – Thumbnail Pinterest.jpg,2025-08-07 - Wprocket-wordpress-caching-plugin-speed - Thumbnail Pinterest.jpg,01_Projets/schoolsWP/04_ASSETS/02_Thumbnails/2025-08-07 – Wprocket-wordpress-caching-plugin-speed – Thumbnail Pinterest.jpg,low,long_dash,image/jpeg
1KoP6hcPRTnIqH8KDVPdXLiXRtKonoZaI,2024-12-16 – Wordpress-playground-what-is-it – Thumbnail Pinterest.jpg,2024-12-16 - Wordpress-playground-what-is-it - Thumbnail Pinterest.jpg,01_Projets/schoolsWP/04_ASSETS/02_Thumbnails/2024-12-16 – Wordpress-playground-what-is-it – Thumbnail Pinterest.jpg,low,long_dash,image/jpeg
1KrjBBh9TwIInMv1pVOFcX8uDcVMhAGVU,2024-12-16 – Wordpress-playground-test-online – Thumbnail Pinterest.jpg,2024-12-16 - Wordpress-playground-test-online - Thumbnail Pinterest.jpg,01_Projets/schoolsWP/04_ASSETS/02_Thumbnails/2024-12-16 – Wordpress-playground-test-online – Thumbnail Pinterest.jpg,low,long_dash,image/jpeg
1GY3rzrcEHbf-G-YHsgtXd5y_ihcby69m,2024-12-10 – Sureforms-ai-powered-wordpress-forms-plugin – Thumbnail Pinterest.jpg,2024-12-10 - Sureforms-ai-powered-wordpress-forms-plugin - Thumbnail Pinterest.jpg,01_Projets/schoolsWP/04_ASSETS/02_Thumbnails/2024-12-10 – Sureforms-ai-powered-wordpress-forms-plugin – Thumbnail Pinterest.jpg,low,long_dash,image/jpeg
1GZtk6dy95wesQiTw1qznQKw3jxIgOX6l,2024-12-10 – Sureforms-simple-powerful-wordpress-form-builder – Thumbnail Pinterest.jpg,2024-12-10 - Sureforms-simple-powerful-wordpress-form-builder - Thumbnail Pinterest.jpg,01_Projets/schoolsWP/04_ASSETS/02_Thumbnails/2024-12-10 – Sureforms-simple-powerful-wordpress-form-builder – Thumbnail Pinterest.jpg,low,long_dash,image/jpeg
1K6Mx0cr15eGN5nYc43DnVlOEhqsg9oMk,2025-10-24 – Offre-black-friday-schoolswp-wordpress – Ressource.jpg,2025-10-24 - Offre-black-friday-schoolswp-wordpress.jpg,01_Projets/schoolsWP/04_ASSETS/01_Logos-Brand/2025-10-24 – Offre-black-friday-schoolswp-wordpress – Ressource.jpg,low,long_dash,image/jpeg
1QMQPsJHfQwmq3cb4lGa1Pzfsg69H7iwo,2025-10-30 – Template o2switch black friday – Ressource.jpg,2025-10-30 - Template o2switch black friday.jpg,01_Projets/schoolsWP/04_ASSETS/01_Logos-Brand/2025-10-30 – Template o2switch black friday – Ressource.jpg,low,long_dash,image/jpeg
1Loi06H2-ATpR_w6Iqdjyb6kZwSXAi10n,03_Covers_ et _Thumbnails,03_Covers_-et-_Thumbnails,01_Projets/schoolsWP/04_ASSETS/03_Covers_ et _Thumbnails,low,spaces,application/vnd.google-apps.folder
1KesdOc4yeWIfUHbWUF3KjvTM4DK9qECjQ0mpjMBxz4M,SEO Quick Wins Radar — schoolsWP,SEO Quick Wins Radar - schoolsWP,01_Projets/schoolsWP/SEO Quick Wins Radar — schoolsWP,low,long_dash,application/vnd.google-apps.document
1BdclmQC0xqQnUxHMcW5NbTsaUoo8cpBK,"02_Checklists-Qualite (pour SEO, email, prompt hygiene)","02_Checklists-Qualite-(pour-SEO,-email,-prompt-hygiene)","01_Projets/schoolsWP/07_Prompts/01_ADMIN/02_Checklists-Qualite (pour SEO, email, prompt hygiene)",low,spaces,application/vnd.google-apps.folder
15fEpEsqUdkp5fWV32f1cDyysfNiWEwHa,00_README – schoolsWP,00_README-schoolsWP,01_Projets/schoolsWP/00_README – schoolsWP,low,"spaces, long_dash",application/vnd.google-apps.folder
1fz-gPJIyRTK_YQt3mHJw6FXh1EBd7eLNapJcTsmkH7U,README – schoolsWP,README - schoolsWP,01_Projets/schoolsWP/00_README – schoolsWP/README – schoolsWP,low,long_dash,application/vnd.google-apps.document
14YvL3h2y473dUrLnAtihI1T3yoXHAcfL,02_Produits_ et _Formations,02_Produits_-et-_Formations,01_Projets/schoolsWP/06_Monetisation/02_Produits_ et _Formations,low,spaces,application/vnd.google-apps.folder
1qc-NVKNzb2n8hQRRwwf8aqCpK4H4xCxy,00_README – Monetisation schoolsWP,00_README-Monetisation-schoolsWP,01_Projets/schoolsWP/06_Monetisation/00_README – Monetisation schoolsWP,low,"spaces, long_dash",application/vnd.google-apps.folder
1xAeT9DoaNDz55q_pulwzBW6iOR3XiX_ykOYoEtZ1cAw,2023-07-21 – Liste des Affiliations – Affiliation,2023-07-21 - Liste des Affiliations - Affiliation,01_Projets/schoolsWP/06_Monetisation/01_Affiliation/2023-07-21 – Liste des Affiliations – Affiliation,low,long_dash,application/vnd.google-apps.spreadsheet
1pYnpd65DMZwrqT4ft_6Y_KIbg13nP3msp9BKJ1ZUrQ8,2024-09-08 – SureTriggers Affiliate Marketing Guide (2024) – Affiliation,2024-09-08 - SureTriggers Affiliate Marketing Guide (2024) - Affiliation,01_Projets/schoolsWP/06_Monetisation/01_Affiliation/2024-09-08 – SureTriggers Affiliate Marketing Guide (2024) – Affiliation,low,long_dash,application/vnd.google-apps.document
1SgoQsf__u4wIM5rAZTooV22KTFf7lRBU,2025-11-11 – Programme-ambassadeur-schoolswp-affiliation – Affiliation.jpg,2025-11-11 - Programme-ambassadeur-schoolswp-affiliation - Affiliation.jpg,01_Projets/schoolsWP/06_Monetisation/01_Affiliation/2025-11-11 – Programme-ambassadeur-schoolswp-affiliation – Affiliation.jpg,low,long_dash,image/jpeg
14qggcsvOjFWv4sP_W6sZMOzVke_ABCnZ,2025-09-14 – Affiliatepress-wordpress-plugin-review – Affiliation.jpg,2025-09-14 - Affiliatepress-wordpress-plugin-review - Affiliation.jpg,01_Projets/schoolsWP/06_Monetisation/01_Affiliation/2025-09-14 – Affiliatepress-wordpress-plugin-review – Affiliation.jpg,low,long_dash,image/jpeg
1tB-m18OsIOtfSAAJBbyQtlUviV6lRs26,2025-08-11 – Affiliatepress-plugin-affiliation-wordpress-tableau-bord – Affiliation.jpg,2025-08-11 - Affiliatepress-plugin-affiliation-wordpress-tableau-bord - Affiliation.jpg,01_Projets/schoolsWP/06_Monetisation/01_Affiliation/2025-08-11 – Affiliatepress-plugin-affiliation-wordpress-tableau-bord – Affiliation.jpg,low,long_dash,image/jpeg
1iyt1BDlBPk9VUcrf9bba94brlYAQrntK,2025-08-09 – AffiliatePress-Logo-1 – Affiliation.png,2025-08-09 - AffiliatePress-Logo-1 - Affiliation.png,01_Projets/schoolsWP/06_Monetisation/01_Affiliation/2025-08-09 – AffiliatePress-Logo-1 – Affiliation.png,low,long_dash,image/png
1LdglGWPuxZz_TZzjGjr9snwE3VrtVcCf,2025-08-12 – Affiliatepress-configuration-paypal-mass-payment – Affiliation.jpg,2025-08-12 - Affiliatepress-configuration-paypal-mass-payment - Affiliation.jpg,01_Projets/schoolsWP/06_Monetisation/01_Affiliation/2025-08-12 – Affiliatepress-configuration-paypal-mass-payment – Affiliation.jpg,low,long_dash,image/jpeg
1KvcANNqoXle5J7H5yLQQ9lNrs4kFEjwm,2025-08-12 – Affiliatepress-tableau-de-bord-gestion-affilies – Affiliation.jpg,2025-08-12 - Affiliatepress-tableau-de-bord-gestion-affilies - Affiliation.jpg,01_Projets/schoolsWP/06_Monetisation/01_Affiliation/2025-08-12 – Affiliatepress-tableau-de-bord-gestion-affilies – Affiliation.jpg,low,long_dash,image/jpeg
1GEl0adb2KiB27ynlb69rwkzb3xWAVO1X,2025-08-11 – Affiliatepress-avis-test-plugin-affiliation-wordpress – Affiliation.jpg,2025-08-11 - Affiliatepress-avis-test-plugin-affiliation-wordpress - Affiliation.jpg,01_Projets/schoolsWP/06_Monetisation/01_Affiliation/2025-08-11 – Affiliatepress-avis-test-plugin-affiliation-wordpress – Affiliation.jpg,low,long_dash,image/jpeg
1BonwpxDyVXdBst0nDgv1VokxKO6N3jW1,2025-08-12 – Affiliatepress-tableau-bord-plugin-wordpress – Affiliation.jpg,2025-08-12 - Affiliatepress-tableau-bord-plugin-wordpress - Affiliation.jpg,01_Projets/schoolsWP/06_Monetisation/01_Affiliation/2025-08-12 – Affiliatepress-tableau-bord-plugin-wordpress – Affiliation.jpg,low,long_dash,image/jpeg
10XyXx72wBVa4noahr4VB_4GGT2G-XGw0,2025-08-12 – Affiliatepress-woocommerce-integrations-plugins-wordpress – Affiliation.jpg,2025-08-12 - Affiliatepress-woocommerce-integrations-plugins-wordpress - Affiliation.jpg,01_Projets/schoolsWP/06_Monetisation/01_Affiliation/2025-08-12 – Affiliatepress-woocommerce-integrations-plugins-wordpress – Affiliation.jpg,low,long_dash,image/jpeg
1h10CfYxeeZRW4DvHtIq1JnQjeFCFRJUx,2025-12-29 – Affiliate Marketing for Beginners  How to Get Started as a BuddyBoss Affiliat... – Affiliation,2025-12-29 - Affiliate Marketing for Beginners How to Get Started as a BuddyBoss Affiliat... – Affiliation,01_Projets/schoolsWP/06_Monetisation/01_Affiliation/2025-12-29 – Affiliate Marketing for Beginners  How to Get Started as a BuddyBoss Affiliat... – Affiliation,low,"double_spaces, long_dash",message/rfc822
1G_S74anUKa8PTv7N8IxCPKsTFZMHQpfM,02_Liens_ et _Tracking,02_Liens_-et-_Tracking,01_Projets/schoolsWP/06_Monetisation/01_Affiliation/02_Liens_ et _Tracking,low,spaces,application/vnd.google-apps.folder
1X-2mRyUVh7u5UzR2vTp6T3ShNtKQ53_V,03_Suivi_ et _Performances,03_Suivi_-et-_Performances,01_Projets/schoolsWP/06_Monetisation/01_Affiliation/03_Suivi_ et _Performances,low,spaces,application/vnd.google-apps.folder
1m2m_BTNFYYFHEFl5Poq2IdnmqTGSaQ7V,03_Contenus_ et _Pages,03_Contenus_-et-_Pages,01_Projets/schoolsWP/06_Monetisation/01_Affiliation/01_Partenaires/_PARTENAIRE_TEMPLATE/03_Contenus_ et _Pages,low,spaces,application/vnd.google-apps.folder
1HVMu9RYM4QflAa_7KNEr2PzNXTSyzEeU,04_Suivi_ et _Notes,04_Suivi_-et-_Notes,01_Projets/schoolsWP/06_Monetisation/01_Affiliation/01_Partenaires/_PARTENAIRE_TEMPLATE/04_Suivi_ et _Notes,low,spaces,application/vnd.google-apps.folder
1wbgTgZ08vWFszFeNjF7FDQ0aWPIt-F4D,00_README – Partenaire,00_README-Partenaire,01_Projets/schoolsWP/06_Monetisation/01_Affiliation/01_Partenaires/_PARTENAIRE_TEMPLATE/00_README – Partenaire,low,"spaces, long_dash",application/vnd.google-apps.folder
1uvkuCYoCxKazWwFJ8ynkdlpWuLGJ8nXl3FzsfXWp8bo,README – Partenaire (Template),README - Partenaire (Template),01_Projets/schoolsWP/06_Monetisation/01_Affiliation/01_Partenaires/_PARTENAIRE_TEMPLATE/00_README – Partenaire/README – Partenaire (Template),low,long_dash,application/vnd.google-apps.document
1UwQP5tHtlUp9aolXblRAbGZyzim6ju9F,03_Contenus_ et _Pages,03_Contenus_-et-_Pages,01_Projets/schoolsWP/06_Monetisation/01_Affiliation/01_Partenaires/WPManageNinja/03_Contenus_ et _Pages,low,spaces,application/vnd.google-apps.folder
1p7JlURoCUWwXDniG74i8w6zCR7__7XcH,04_Suivi_ et _Notes,04_Suivi_-et-_Notes,01_Projets/schoolsWP/06_Monetisation/01_Affiliation/01_Partenaires/WPManageNinja/04_Suivi_ et _Notes,low,spaces,application/vnd.google-apps.folder
1NM-mF7idsfFHRY7JenfhuzEmCOcP8rzl,00_README – WPManageNinja,00_README-WPManageNinja,01_Projets/schoolsWP/06_Monetisation/01_Affiliation/01_Partenaires/WPManageNinja/00_README – WPManageNinja,low,"spaces, long_dash",application/vnd.google-apps.folder
1VcMD--bmDbHqKGiqtOz--jUG-GlJt2qM2B2Q6S1mBTg,README – Partenaire WPManageNinja,README - Partenaire WPManageNinja,01_Projets/schoolsWP/06_Monetisation/01_Affiliation/01_Partenaires/WPManageNinja/00_README – WPManageNinja/README – Partenaire WPManageNinja,low,long_dash,application/vnd.google-apps.document
1UjpCvAJOovHHOQL7jAFIYh45Lg7C3oKOVt7YswXcyDU,README – Affiliation schoolsWP,README - Affiliation schoolsWP,01_Projets/schoolsWP/06_Monetisation/01_Affiliation/00_README/README – Affiliation schoolsWP,low,long_dash,application/vnd.google-apps.document
18ysp16_TnS7KCuYNOPMouAIY77yjmqu7y7iM6Nd7tiU,2025-10-26 – Make Nano Banana AffiSEO – SEO,2025-10-26 - Make Nano Banana AffiSEO - SEO,01_Projets/schoolsWP/03_SEO/2025-10-26 – Make Nano Banana AffiSEO – SEO,low,long_dash,application/vnd.google-apps.spreadsheet
1TnBmIRWxuegMuvCgIkvQZuD9ipinYhw4wSD2M4Fc-w4,2021-10-14 – SEO ARMY – SEO,2021-10-14 - SEO ARMY - SEO,01_Projets/schoolsWP/03_SEO/2021-10-14 – SEO ARMY – SEO,low,long_dash,application/vnd.google-apps.document
1_k5nI2eS3lsooxVLRykvhf8PRJwci81ouTHEpP8lCTY,2025-09-04 – Prospecteur de backlinks V1 – SEO,2025-09-04 - Prospecteur de backlinks V1 - SEO,01_Projets/schoolsWP/03_SEO/2025-09-04 – Prospecteur de backlinks V1 – SEO,low,long_dash,application/vnd.google-apps.spreadsheet
1IPsE8x-JduPdDBNcrna2Wlcx4Rb-Q1M1Ij3Ca2HHIq8,2025-09-04 – Prospecteur de backlinks (achat ereferer) – SEO,2025-09-04 - Prospecteur de backlinks (achat ereferer) - SEO,01_Projets/schoolsWP/03_SEO/2025-09-04 – Prospecteur de backlinks (achat ereferer) – SEO,low,long_dash,application/vnd.google-apps.spreadsheet
1f7NFavKk-0O2RHVyWe8M_Evp89ZtR_o-PMXtGcfkhw0,2025-10-26 – Keywords   Formation en ligne WordPress  CSV pr t Sheets – SEO,2025-10-26 - Keywords Formation en ligne WordPress CSV pr t Sheets - SEO,01_Projets/schoolsWP/03_SEO/2025-10-26 – Keywords   Formation en ligne WordPress  CSV pr t Sheets – SEO,low,"double_spaces, long_dash",application/vnd.google-apps.spreadsheet
1wOekvwg0xF7QB5aAe_BdwDoCXkWh3rL-,2025-08-20 – Linksgarden-test-netlinking – SEO.jpg,2025-08-20 - Linksgarden-test-netlinking - SEO.jpg,01_Projets/schoolsWP/03_SEO/2025-08-20 – Linksgarden-test-netlinking – SEO.jpg,low,long_dash,image/jpeg
1pAFiXoq6Bla1geGbXbYXCCycR2_-RsM8,2025-08-21 – Linksgarden-avis-interface-campagne-netlinking – SEO.jpg,2025-08-21 - Linksgarden-avis-interface-campagne-netlinking - SEO.jpg,01_Projets/schoolsWP/03_SEO/2025-08-21 – Linksgarden-avis-interface-campagne-netlinking – SEO.jpg,low,long_dash,image/jpeg
1o-JFWjTx4zU0Qi_MTa17kqn9qvtbZxT1,2025-08-21 – Linksgarden-avis-plateforme-netlinking – SEO.jpg,2025-08-21 - Linksgarden-avis-plateforme-netlinking - SEO.jpg,01_Projets/schoolsWP/03_SEO/2025-08-21 – Linksgarden-avis-plateforme-netlinking – SEO.jpg,low,long_dash,image/jpeg
1khbXJddben9EruKqIFyypNM3d0HggilV,2025-08-29 – Linksgarden-review-netlinking-platform – SEO.jpg,2025-08-29 - Linksgarden-review-netlinking-platform - SEO.jpg,01_Projets/schoolsWP/03_SEO/2025-08-29 – Linksgarden-review-netlinking-platform – SEO.jpg,low,long_dash,image/jpeg
1kJARe1sk97poaFgnWNvPBO2NII6LJoBs,2025-08-21 – Linksgarden-avis-thematiques-campagne-netlinking – SEO.jpg,2025-08-21 - Linksgarden-avis-thematiques-campagne-netlinking - SEO.jpg,01_Projets/schoolsWP/03_SEO/2025-08-21 – Linksgarden-avis-thematiques-campagne-netlinking – SEO.jpg,low,long_dash,image/jpeg
1aSwsho1K8HC7toJaz9g-bDAURYDeH6E6,2025-08-21 – Linksgarden-avis-selection-sites-netlinking – SEO.jpg,2025-08-21 - Linksgarden-avis-selection-sites-netlinking - SEO.jpg,01_Projets/schoolsWP/03_SEO/2025-08-21 – Linksgarden-avis-selection-sites-netlinking – SEO.jpg,low,long_dash,image/jpeg
1Ka_gFRBOKqq2xNshguXNhv9mis_EMpr5,2025-08-21 – Linksgarden-avis-logo-plateforme-netlinking – SEO.png,2025-08-21 - Linksgarden-avis-logo-plateforme-netlinking - SEO.png,01_Projets/schoolsWP/03_SEO/2025-08-21 – Linksgarden-avis-logo-plateforme-netlinking – SEO.png,low,long_dash,image/png
1qn_DCq7dnxrzl7zEgUmYugT1vEhx9_wz,2025-03-14 – Linkwhisper-tarifs-seo-maillage-interne – SEO.jpg,2025-03-14 - Linkwhisper-tarifs-seo-maillage-interne - SEO.jpg,01_Projets/schoolsWP/03_SEO/2025-03-14 – Linkwhisper-tarifs-seo-maillage-interne – SEO.jpg,low,long_dash,image/jpeg
1qkMZpo3r5udqPNDVkU4kxQzZIUfgneQL,2025-03-14 – Linkwhisper-optimisation-seo-maillage-interne – SEO.jpg,2025-03-14 - Linkwhisper-optimisation-seo-maillage-interne - SEO.jpg,01_Projets/schoolsWP/03_SEO/2025-03-14 – Linkwhisper-optimisation-seo-maillage-interne – SEO.jpg,low,long_dash,image/jpeg
1q2me5kxsYhx_OG5nFtlWU-n_AUj4CF37,2025-03-12 – Link-finder-netlinking-optimierung – SEO.jpg,2025-03-12 - Link-finder-netlinking-optimierung - SEO.jpg,01_Projets/schoolsWP/03_SEO/2025-03-12 – Link-finder-netlinking-optimierung – SEO.jpg,low,long_dash,image/jpeg
1oJs6LaN8AFylgWGe88y9Tq6Z-IW8I7v4,2025-03-10 – Link-finder-optimize-netlinking-strategy – SEO.jpg,2025-03-10 - Link-finder-optimize-netlinking-strategy - SEO.jpg,01_Projets/schoolsWP/03_SEO/2025-03-10 – Link-finder-optimize-netlinking-strategy – SEO.jpg,low,long_dash,image/jpeg
1oXpDPi-d6sEQUwHPHwV34z5tA1QB4d95,2025-12-29 – Keywords formation wordpress – SEO.xlsx,2025-12-29 - Keywords formation wordpress - SEO.xlsx,01_Projets/schoolsWP/03_SEO/2025-12-29 – Keywords formation wordpress – SEO.xlsx,low,long_dash,application/vnd.openxmlformats-officedocument.spreadsheetml.sheet
1ZlpW0WSZZPnymYi7b4Y4w0Xjgb-8qMOSdguHdD802m0,2025-09-09 – Formation TBL Informations SEO et WordPress by Cyril Jouault – SEO,2025-09-09 - Formation TBL Informations SEO et WordPress by Cyril Jouault - SEO,01_Projets/schoolsWP/03_SEO/2025-09-09 – Formation TBL Informations SEO et WordPress by Cyril Jouault – SEO,low,long_dash,application/vnd.google-apps.spreadsheet
1x7i9BSfuKGrYoipdcj_Ckha5QIjwTEwdN7zXQnPp7oQ,2023-08-14 – AIOSEO Le Plugin All in One SEO Ultime pour WordPress – SEO,2023-08-14 - AIOSEO Le Plugin All in One SEO Ultime pour WordPress - SEO,01_Projets/schoolsWP/03_SEO/2023-08-14 – AIOSEO Le Plugin All in One SEO Ultime pour WordPress – SEO,low,long_dash,application/vnd.google-apps.document
1STv4RMtMu4X46zlh3IMlloT3Z9iXhDjvwqqBmenlKeY,2023-03-06 – Impact IM Contenu IA et SEO – SEO,2023-03-06 - Impact IM Contenu IA et SEO - SEO,01_Projets/schoolsWP/03_SEO/2023-03-06 – Impact IM Contenu IA et SEO – SEO,low,long_dash,application/vnd.google-apps.document
1gOPtJ2WFC5nqYksCN1DeDmRNpDdzw3Ya,05_IA_ et _LLM_SEO,05_IA_-et-_LLM_SEO,01_Projets/schoolsWP/03_SEO/05_IA_ et _LLM_SEO,low,spaces,application/vnd.google-apps.folder
1vRBDSldpOwXNcMfDFYVbkuCigGVGgz0aeMPFvrm4ikM,"2024-11-07 – TasteWP Erfahren Sie, wie Sie Ihre WordPress-Website einfach erstellen können – Article – DE","2024-11-07 - TasteWP Erfahren Sie, wie Sie Ihre WordPress-Website einfach erstellen konnen - Article - DE","01_Projets/schoolsWP/02_Contenus/04_Publies/Articles/DE/2024-11-07 – TasteWP Erfahren Sie, wie Sie Ihre WordPress-Website einfach erstellen können – Article – DE",low,long_dash,application/vnd.google-apps.document
1sewD84uRfWiV-o8sDw5mmr-3UMNFvsx9epuP3OFvw4s,2024-11-30 – Ein Slug in WordPress Was ist das und wie kann man ihn optimieren – Article – DE,2024-11-30 - Ein Slug in WordPress Was ist das und wie kann man ihn optimieren - Article - DE,01_Projets/schoolsWP/02_Contenus/04_Publies/Articles/DE/2024-11-30 – Ein Slug in WordPress Was ist das und wie kann man ihn optimieren – Article – DE,low,long_dash,application/vnd.google-apps.document
1-eB1rjSWKG5ir7cPdyxTVxMgkAsjKBVlhTb_RI9GECo,2024-11-14 – SureForms KI-gespeistes WordPress-Formular-Plugin – Article – DE,2024-11-14 - SureForms KI-gespeistes WordPress-Formular-Plugin - Article - DE,01_Projets/schoolsWP/02_Contenus/04_Publies/Articles/DE/2024-11-14 – SureForms KI-gespeistes WordPress-Formular-Plugin – Article – DE,low,long_dash,application/vnd.google-apps.document
1LG4pUfeQYtOVho2yZRFy5t57kbOTCJtiEyoZkA78-ig,2024-12-09 – Was ist die Erstellung einer maßgeschneiderten WordPress-Website und welche V... – Article – DE,2024-12-09 - Was ist die Erstellung einer maßgeschneiderten WordPress-Website und welche V... - Article - DE,01_Projets/schoolsWP/02_Contenus/04_Publies/Articles/DE/2024-12-09 – Was ist die Erstellung einer maßgeschneiderten WordPress-Website und welche V... – Article – DE,low,long_dash,application/vnd.google-apps.document
1ZKpUp1HmGdvQOu5hKoufwnrR08iy0a_avcIKjjYIfu4,2024-12-10 – Was ein WordPress-Plugin ist und wie man es effektiv nutzt – Article – DE,2024-12-10 - Was ein WordPress-Plugin ist und wie man es effektiv nutzt - Article - DE,01_Projets/schoolsWP/02_Contenus/04_Publies/Articles/DE/2024-12-10 – Was ein WordPress-Plugin ist und wie man es effektiv nutzt – Article – DE,low,long_dash,application/vnd.google-apps.document
15T0YjfNOltgZqOxZtqav-4FHaFI4ab4Gl66ZFq0ikbI,2024-12-16 – WordPress Playground Was ist das und wie verwende ich es – Article – DE,2024-12-16 - WordPress Playground Was ist das und wie verwende ich es - Article - DE,01_Projets/schoolsWP/02_Contenus/04_Publies/Articles/DE/2024-12-16 – WordPress Playground Was ist das und wie verwende ich es – Article – DE,low,long_dash,application/vnd.google-apps.document
1W895_wdHcHu0Cs2SwOPrZGDIyQQUBxyJNwpEueQXT74,2024-12-20 – WPBoutik erfindet den Online-Handel mit WordPress neu – Article – DE,2024-12-20 - WPBoutik erfindet den Online-Handel mit WordPress neu - Article - DE,01_Projets/schoolsWP/02_Contenus/04_Publies/Articles/DE/2024-12-20 – WPBoutik erfindet den Online-Handel mit WordPress neu – Article – DE,low,long_dash,application/vnd.google-apps.document
1f4PZDoLmO6tQvZTxuhcqaCq2D9TzxUxACg-M8ChWWQk,2024-10-22 – SureMembers vs – Article – DE,2024-10-22 - SureMembers vs - Article - DE,01_Projets/schoolsWP/02_Contenus/04_Publies/Articles/DE/2024-10-22 – SureMembers vs – Article – DE,low,long_dash,application/vnd.google-apps.document
1loSr5BY7viYnQdQRTKrixr3mvHpZbsUFltF07rWO3M8,2024-10-25 – ZipWP vs – Article – EN,2024-10-25 - ZipWP vs - Article - EN,01_Projets/schoolsWP/02_Contenus/04_Publies/Articles/EN/2024-10-25 – ZipWP vs – Article – EN,low,long_dash,application/vnd.google-apps.document
1b-HdQ7b7FxsWKjxuNWZlnePBQ7LvJI74CtZHQ4HvYV4,2024-11-07 – TasteWP Discover how to easily create your WordPress website – Article – EN,2024-11-07 - TasteWP Discover how to easily create your WordPress website - Article - EN,01_Projets/schoolsWP/02_Contenus/04_Publies/Articles/EN/2024-11-07 – TasteWP Discover how to easily create your WordPress website – Article – EN,low,long_dash,application/vnd.google-apps.document
1oaH4vARgSPOnk64PMyLCYmP4JA-H6sBPb0A1uq5yTGM,"2024-11-08 – SEOKEY, the essential SEO plugin for WordPress – Article – EN","2024-11-08 - SEOKEY, the essential SEO plugin for WordPress - Article - EN","01_Projets/schoolsWP/02_Contenus/04_Publies/Articles/EN/2024-11-08 – SEOKEY, the essential SEO plugin for WordPress – Article – EN",low,long_dash,application/vnd.google-apps.document
1r_-GIQ5i-7YTBeHdJXG-dfZ9HKi3iwXUErQdtrGKyxI,2024-11-12 – Opinions on Linkuma is it the benchmark for netlinking – Article – EN,2024-11-12 - Opinions on Linkuma is it the benchmark for netlinking - Article - EN,01_Projets/schoolsWP/02_Contenus/04_Publies/Articles/EN/2024-11-12 – Opinions on Linkuma is it the benchmark for netlinking – Article – EN,low,long_dash,application/vnd.google-apps.document
1etyMh24t0rSQ_Ow0cAN8tN5xJ7LdeOoUV3Xlo92K_K4,2024-11-30 – A slug in WordPress what is it and how can I optimize it – Article – EN,2024-11-30 - A slug in WordPress what is it and how can I optimize it - Article - EN,01_Projets/schoolsWP/02_Contenus/04_Publies/Articles/EN/2024-11-30 – A slug in WordPress what is it and how can I optimize it – Article – EN,low,long_dash,application/vnd.google-apps.document
1-yo7DtWJgEBrkyVgixLSAD6qqiuctZd_yGL7W4l0wiA,2024-12-03 – Suremembers Discover the Best Membership Plugin for WordPress – Article – EN,2024-12-03 - Suremembers Discover the Best Membership Plugin for WordPress - Article - EN,01_Projets/schoolsWP/02_Contenus/04_Publies/Articles/EN/2024-12-03 – Suremembers Discover the Best Membership Plugin for WordPress – Article – EN,low,long_dash,application/vnd.google-apps.document
1_3oOdbxL6TM9SARfrd8bDBZg4MSGZkhNCyN4vJwR1Vs,2024-12-20 – WPBoutik reinvents e-commerce on WordPress – Article – EN,2024-12-20 - WPBoutik reinvents e-commerce on WordPress - Article - EN,01_Projets/schoolsWP/02_Contenus/04_Publies/Articles/EN/2024-12-20 – WPBoutik reinvents e-commerce on WordPress – Article – EN,low,long_dash,application/vnd.google-apps.document
1Ua4WQmhYiq8TccyrGejgEFMmU7SqvH59IOku_kiXkjQ,2024-10-22 – SureMembers vs Restrict Content Pro comparison of membership plugins – Article – EN,2024-10-22 - SureMembers vs Restrict Content Pro comparison of membership plugins - Article - EN,01_Projets/schoolsWP/02_Contenus/04_Publies/Articles/EN/2024-10-22 – SureMembers vs Restrict Content Pro comparison of membership plugins – Article – EN,low,long_dash,application/vnd.google-apps.document
1lHVarc8hKE-8doe-cqwa64rQ1XB0Wz5tT8Gwhec_8go,2024-10-22 – FluentBoards Find out all about this project management plugin for WordPress – Article – EN,2024-10-22 - FluentBoards Find out all about this project management plugin for WordPress - Article - EN,01_Projets/schoolsWP/02_Contenus/04_Publies/Articles/EN/2024-10-22 – FluentBoards Find out all about this project management plugin for WordPress – Article – EN,low,long_dash,application/vnd.google-apps.document
1gnVZX-3Vs_YshROpkMGuCOvDDnC6Mm9tuNvuxjnFrXg,2024-12-10 – SureForms AI-Powered WordPress Forms Plugin – Article – EN,2024-12-10 - SureForms AI-Powered WordPress Forms Plugin - Article - EN,01_Projets/schoolsWP/02_Contenus/04_Publies/Articles/EN/2024-12-10 – SureForms AI-Powered WordPress Forms Plugin – Article – EN,low,long_dash,application/vnd.google-apps.document
1UTQtLj0KD8wzBTFDyR8fYCkLiNmik-8ah9o_vPEUIE0,2023-11-24 – Barn2 Plugins – Des plugins pour booster ses performances sur WooCommerce – Article – FR,2023-11-24 - Barn2 Plugins - Des plugins pour booster ses performances sur WooCommerce - Article - FR,01_Projets/schoolsWP/02_Contenus/04_Publies/Articles/FR/2023-11-24 – Barn2 Plugins – Des plugins pour booster ses performances sur WooCommerce – Article – FR,low,long_dash,application/vnd.google-apps.document
1e9gUwA9g_D9mVUSlSBsUrJT1CriCaXagHwOw0LXMPvg,2023-11-13 – Pourquoi utiliser WordPress Multisite – Article – FR,2023-11-13 - Pourquoi utiliser WordPress Multisite - Article - FR,01_Projets/schoolsWP/02_Contenus/04_Publies/Articles/FR/2023-11-13 – Pourquoi utiliser WordPress Multisite – Article – FR,low,long_dash,application/vnd.google-apps.document
1nTERNpN2R33Q-bAjub6Eeg_jkM6INEVpPeSZ0kkPkhc,"2023-11-13 – Fiverr, zoom sur la plateforme qui permet de trouver des freelances – Article – FR","2023-11-13 - Fiverr, zoom sur la plateforme qui permet de trouver des freelances - Article - FR","01_Projets/schoolsWP/02_Contenus/04_Publies/Articles/FR/2023-11-13 – Fiverr, zoom sur la plateforme qui permet de trouver des freelances – Article – FR",low,long_dash,application/vnd.google-apps.document
1uQ68PUEE5LLxfvJbFWLLlumMP7YnKgoMdfnZFpqSzTc,2023-11-10 – Ce qu’il faut savoir sur la plateforme 5euros – Article – FR,2023-11-10 - Ce qu’il faut savoir sur la plateforme 5euros - Article - FR,01_Projets/schoolsWP/02_Contenus/04_Publies/Articles/FR/2023-11-10 – Ce qu’il faut savoir sur la plateforme 5euros – Article – FR,low,long_dash,application/vnd.google-apps.document
1yX9kPuQicj0j097P77xaLxe8Fa-WY-opx5nKk1Qxkuc,2023-11-12 – On vous dit tout sur le plugin Elementor – Article – FR,2023-11-12 - On vous dit tout sur le plugin Elementor - Article - FR,01_Projets/schoolsWP/02_Contenus/04_Publies/Articles/FR/2023-11-12 – On vous dit tout sur le plugin Elementor – Article – FR,low,long_dash,application/vnd.google-apps.document
1sdB84csafMbwImytHqp0YQ_11FoHq7BjeDo8rioMF7k,2023-11-13 – Zoom sur Divi – Article – FR,2023-11-13 - Zoom sur Divi - Article - FR,01_Projets/schoolsWP/02_Contenus/04_Publies/Articles/FR/2023-11-13 – Zoom sur Divi – Article – FR,low,long_dash,application/vnd.google-apps.document
1WhILuXJLE3LaFI4gedrTyWBUUzxcNA0FK7wAfe4Sn9g,"2023-11-13 – Groundhogg, la marmotte qui va vous simplifier la vie – Article – FR","2023-11-13 - Groundhogg, la marmotte qui va vous simplifier la vie - Article - FR","01_Projets/schoolsWP/02_Contenus/04_Publies/Articles/FR/2023-11-13 – Groundhogg, la marmotte qui va vous simplifier la vie – Article – FR",low,long_dash,application/vnd.google-apps.document
1Ao8CL-BkQwIh3zIdmxXGhXs0nTKJHmzN5vQVT-Izacc,2023-11-13 – On vous dit tout sur Google Web Stories pour WordPress – Article – FR,2023-11-13 - On vous dit tout sur Google Web Stories pour WordPress - Article - FR,01_Projets/schoolsWP/02_Contenus/04_Publies/Articles/FR/2023-11-13 – On vous dit tout sur Google Web Stories pour WordPress – Article – FR,low,long_dash,application/vnd.google-apps.document
1MlJp9bK4Z7UYORhZYJHpuy3spJz7hFkdVmpU8UVV8hw,2023-11-13 – Mon avis sur Kadence WP – Article – FR,2023-11-13 - Mon avis sur Kadence WP - Article - FR,01_Projets/schoolsWP/02_Contenus/04_Publies/Articles/FR/2023-11-13 – Mon avis sur Kadence WP – Article – FR,low,long_dash,application/vnd.google-apps.document
1kObNFmf24S4mXdC7KAG7GWdPeT59JiVasZPrDNjxgNo,2023-11-13 – Qu’est-ce que le pixel Facebook et comment l’installer – Article – FR,2023-11-13 - Qu’est-ce que le pixel Facebook et comment l’installer - Article - FR,01_Projets/schoolsWP/02_Contenus/04_Publies/Articles/FR/2023-11-13 – Qu’est-ce que le pixel Facebook et comment l’installer – Article – FR,low,long_dash,application/vnd.google-apps.document
1CffgAPe1cMn_dXx8YlgNKVRs_fcX38SE_-ZAUpPBP9c,"2023-11-14 – Jungle Scout, l’outil pour booster vos ventes sur Amazon – Article – FR","2023-11-14 - Jungle Scout, l’outil pour booster vos ventes sur Amazon - Article - FR","01_Projets/schoolsWP/02_Contenus/04_Publies/Articles/FR/2023-11-14 – Jungle Scout, l’outil pour booster vos ventes sur Amazon – Article – FR",low,long_dash,application/vnd.google-apps.document
1uW6tNU-ptlh3hnLW000gz9sAOUbgUVrsNiW8w_7J2cQ,2023-11-13 – Ce que je pense de Divi Pixel – Article – FR,2023-11-13 - Ce que je pense de Divi Pixel - Article - FR,01_Projets/schoolsWP/02_Contenus/04_Publies/Articles/FR/2023-11-13 – Ce que je pense de Divi Pixel – Article – FR,low,long_dash,application/vnd.google-apps.document
1f8toJqU9DlLpG8WLARMEOiBkUbQFpFN-6Of_muFYNDQ,2023-11-21 – AAWP – Le meilleur plugin pour des sites de niche WordPress – Article – FR,2023-11-21 - AAWP - Le meilleur plugin pour des sites de niche WordPress - Article - FR,01_Projets/schoolsWP/02_Contenus/04_Publies/Articles/FR/2023-11-21 – AAWP – Le meilleur plugin pour des sites de niche WordPress – Article – FR,low,long_dash,application/vnd.google-apps.document
1m3e3phZXeO74v3t_jgzophrvyLyC_7CUUDq-UaOPdjw,2023-11-22 – Gagner de l’argent avec l’affiliation sur votre site WordPress – Article – FR,2023-11-22 - Gagner de l’argent avec l’affiliation sur votre site WordPress - Article - FR,01_Projets/schoolsWP/02_Contenus/04_Publies/Articles/FR/2023-11-22 – Gagner de l’argent avec l’affiliation sur votre site WordPress – Article – FR,low,long_dash,application/vnd.google-apps.document
1FY37XW1AIxUh8GDgBTvnXssDvWiej_R5t-lD8CxtHtE,2023-11-21 – Spotlight Social Media Feeds – Article – FR,2023-11-21 - Spotlight Social Media Feeds - Article - FR,01_Projets/schoolsWP/02_Contenus/04_Publies/Articles/FR/2023-11-21 – Spotlight Social Media Feeds – Article – FR,low,long_dash,application/vnd.google-apps.document
1uy0qwAel7QtInFYmRE9t5HZ_FZ7R7aJ6vZV9hgZ84Yk,2023-11-21 – Top 3 des addons Elementor – Article – FR,2023-11-21 - Top 3 des addons Elementor - Article - FR,01_Projets/schoolsWP/02_Contenus/04_Publies/Articles/FR/2023-11-21 – Top 3 des addons Elementor – Article – FR,low,long_dash,application/vnd.google-apps.document
1rXDu1FRXq-3TGkXvihbQs2l8UmyAH58NXLNLB9Bec3E,"2023-11-24 – WooFunnels Autonami, le CRM pour gagner toujours plus de clients – Article – FR","2023-11-24 - WooFunnels Autonami, le CRM pour gagner toujours plus de clients - Article - FR","01_Projets/schoolsWP/02_Contenus/04_Publies/Articles/FR/2023-11-24 – WooFunnels Autonami, le CRM pour gagner toujours plus de clients – Article – FR",low,long_dash,application/vnd.google-apps.document
1VGUGcTzEtNjbkMDQNKAHrOFao-NTxKDUhziHKEzblgw,2023-11-24 – Tout ce que vous devez savoir sur LaunchFlows – Article – FR,2023-11-24 - Tout ce que vous devez savoir sur LaunchFlows - Article - FR,01_Projets/schoolsWP/02_Contenus/04_Publies/Articles/FR/2023-11-24 – Tout ce que vous devez savoir sur LaunchFlows – Article – FR,low,long_dash,application/vnd.google-apps.document
1OlKghrDW9wI-aDWpCCtjzHEx5kfswezNDuKRa-R9eco,"2023-11-24 – WishList Member, tout savoir sur ce plugin WordPress – Article – FR","2023-11-24 - WishList Member, tout savoir sur ce plugin WordPress - Article - FR","01_Projets/schoolsWP/02_Contenus/04_Publies/Articles/FR/2023-11-24 – WishList Member, tout savoir sur ce plugin WordPress – Article – FR",low,long_dash,application/vnd.google-apps.document
1BToRCEdqsUHfMdTJCRWrSBFFaCzDwxcKtfNa3nafTZI,2023-11-22 – BeFreelancr La plateforme pour acheter et vendre des services en ligne – Article – FR,2023-11-22 - BeFreelancr La plateforme pour acheter et vendre des services en ligne - Article - FR,01_Projets/schoolsWP/02_Contenus/04_Publies/Articles/FR/2023-11-22 – BeFreelancr La plateforme pour acheter et vendre des services en ligne – Article – FR,low,long_dash,application/vnd.google-apps.document
1JzHbYnh5WzjyGSrwCTtSiMCwyE8bMCFSsSo8w7Ia1tw,2023-11-24 – Solid Affiliate – Le Top Plugin d’affiliation pour WordPress – Article – FR,2023-11-24 - Solid Affiliate - Le Top Plugin d’affiliation pour WordPress - Article - FR,01_Projets/schoolsWP/02_Contenus/04_Publies/Articles/FR/2023-11-24 – Solid Affiliate – Le Top Plugin d’affiliation pour WordPress – Article – FR,low,long_dash,application/vnd.google-apps.document
1WTrbazg2Gpq-X-k9vo2QyGeILcxSa-FhUfsU_Jd7c9k,2023-11-24 – Tout ce que vous devez savoir sur Webflow – Article – FR,2023-11-24 - Tout ce que vous devez savoir sur Webflow - Article - FR,01_Projets/schoolsWP/02_Contenus/04_Publies/Articles/FR/2023-11-24 – Tout ce que vous devez savoir sur Webflow – Article – FR,low,long_dash,application/vnd.google-apps.document
1yByAbEJSUr0kPPBFKqZIUhj-3RWSiR6LidzTWjKFnBE,"2023-11-24 – SureCart, le plugin qui concurrence WooCommerce – Article – FR","2023-11-24 - SureCart, le plugin qui concurrence WooCommerce - Article - FR","01_Projets/schoolsWP/02_Contenus/04_Publies/Articles/FR/2023-11-24 – SureCart, le plugin qui concurrence WooCommerce – Article – FR",low,long_dash,application/vnd.google-apps.document
1x3RRCqIwoailKJF92EM4GpfT289XAl9wrZmthNDiFbY,2023-11-24 – Manychat le Chatbot Messenger de Facebook – Article – FR,2023-11-24 - Manychat le Chatbot Messenger de Facebook - Article - FR,01_Projets/schoolsWP/02_Contenus/04_Publies/Articles/FR/2023-11-24 – Manychat le Chatbot Messenger de Facebook – Article – FR,low,long_dash,application/vnd.google-apps.document
1BzBU2gto-SIP1K2hLsB32Iw2ADsIpUFIsw9HoXqz3_8,2023-11-24 – ClickWhale – Article – FR,2023-11-24 - ClickWhale - Article - FR,01_Projets/schoolsWP/02_Contenus/04_Publies/Articles/FR/2023-11-24 – ClickWhale – Article – FR,low,long_dash,application/vnd.google-apps.document
1zX3mIiEPDdhsftiv965s9y9KCuBwqesg9dp56dnug9E,2023-11-24 – AIOSEO Le Plugin All in One SEO Ultime pour WordPress – Article – FR,2023-11-24 - AIOSEO Le Plugin All in One SEO Ultime pour WordPress - Article - FR,01_Projets/schoolsWP/02_Contenus/04_Publies/Articles/FR/2023-11-24 – AIOSEO Le Plugin All in One SEO Ultime pour WordPress – Article – FR,low,long_dash,application/vnd.google-apps.document
1GNlLQQhW38CGvlstFyxFx9Ngflk8oR3p0Q1M-GKNrEM,2023-11-24 – Fluent Support – Le Plugin Incontournable pour le Support Client sur WordPress – Article – FR,2023-11-24 - Fluent Support - Le Plugin Incontournable pour le Support Client sur WordPress - Article - FR,01_Projets/schoolsWP/02_Contenus/04_Publies/Articles/FR/2023-11-24 – Fluent Support – Le Plugin Incontournable pour le Support Client sur WordPress – Article – FR,low,long_dash,application/vnd.google-apps.document
1UbJJUfUavu-d_Si1e_iuzInjU-UNhxP7kGBbJP2sQZM,"2023-10-26 – Divi ToolBox, ce qu’il faut savoir sur ce plug in WordPress – Article – FR","2023-10-26 - Divi ToolBox, ce qu’il faut savoir sur ce plug in WordPress - Article - FR","01_Projets/schoolsWP/02_Contenus/04_Publies/Articles/FR/2023-10-26 – Divi ToolBox, ce qu’il faut savoir sur ce plug in WordPress – Article – FR",low,long_dash,application/vnd.google-apps.document
1xeSursEBbjFXjWvMko7gx4twDlSy01oYWwk1O2KaBAE,2023-11-10 – Tout ce que vous devez savoir sur BuddyBoss – Article – FR,2023-11-10 - Tout ce que vous devez savoir sur BuddyBoss - Article - FR,01_Projets/schoolsWP/02_Contenus/04_Publies/Articles/FR/2023-11-10 – Tout ce que vous devez savoir sur BuddyBoss – Article – FR,low,long_dash,application/vnd.google-apps.document
196NCzvQfhiFyj3ObSs_7qlS1sEFikyT2Wh_ZuqUZ1Ik,2023-11-10 – Qu’est-ce que le plugin Divi BodyCommerce – Article – FR,2023-11-10 - Qu’est-ce que le plugin Divi BodyCommerce - Article - FR,01_Projets/schoolsWP/02_Contenus/04_Publies/Articles/FR/2023-11-10 – Qu’est-ce que le plugin Divi BodyCommerce – Article – FR,low,long_dash,application/vnd.google-apps.document
1b3EboNZiDT0Ar_CoGOqRY5aaAqaAPCVCnghJesSMQng,2024-12-10 – What is a WordPress plugin and how to use it effectively – Article – FR,2024-12-10 - What is a WordPress plugin and how to use it effectively - Article - FR,01_Projets/schoolsWP/02_Contenus/04_Publies/Articles/FR/2024-12-10 – What is a WordPress plugin and how to use it effectively – Article – FR,low,long_dash,application/vnd.google-apps.document
1f-jtMNuEKmWZXfQJ80UAxXz2ianBHicgFkB8bXNQ_5E,2024-10-21 – Tunnel de vente WordPress guide complet pour optimiser vos conversions – Article – FR,2024-10-21 - Tunnel de vente WordPress guide complet pour optimiser vos conversions - Article - FR,01_Projets/schoolsWP/02_Contenus/04_Publies/Articles/FR/2024-10-21 – Tunnel de vente WordPress guide complet pour optimiser vos conversions – Article – FR,low,long_dash,application/vnd.google-apps.document
1Rmdf4ZNeRrQVQWrwqTDpBzO0Cfyu-ORzSG6TaZHUAAc,2024-07-21 – SureMembers vs Wishlist Members quelle extension choisir – Article – FR,2024-07-21 - SureMembers vs Wishlist Members quelle extension choisir - Article - FR,01_Projets/schoolsWP/02_Contenus/04_Publies/Articles/FR/2024-07-21 – SureMembers vs Wishlist Members quelle extension choisir – Article – FR,low,long_dash,application/vnd.google-apps.document
1scigfUReq_aOkzcqJkTgMF-B05KYaJv3mSUMxY_lWjQ,"2023-11-20 – Fluent Forms, le plugin WP pour vos formulaires – Article – FR","2023-11-20 - Fluent Forms, le plugin WP pour vos formulaires - Article - FR","01_Projets/schoolsWP/02_Contenus/04_Publies/Articles/FR/2023-11-20 – Fluent Forms, le plugin WP pour vos formulaires – Article – FR",low,long_dash,application/vnd.google-apps.document
13YmG6O1d-ABXr8m807xc4EJxnhOTmHo4ayPJr48UY9Y,2024-08-15 – Plugin Traduction Wordpress Top 10 pour Globaliser votre Site – Article – FR,2024-08-15 - Plugin Traduction Wordpress Top 10 pour Globaliser votre Site - Article - FR,01_Projets/schoolsWP/02_Contenus/04_Publies/Articles/FR/2024-08-15 – Plugin Traduction Wordpress Top 10 pour Globaliser votre Site – Article – FR,low,long_dash,application/vnd.google-apps.document
1xujLu7ZYUGI3PLAu8Xze565xhbP5y-VXBxbXC8HM-SE,"2024-08-29 – SEOKEY, le plugin SEO essentiel pour WordPress – Article – FR","2024-08-29 - SEOKEY, le plugin SEO essentiel pour WordPress - Article - FR","01_Projets/schoolsWP/02_Contenus/04_Publies/Articles/FR/2024-08-29 – SEOKEY, le plugin SEO essentiel pour WordPress – Article – FR",low,long_dash,application/vnd.google-apps.document
1leK79ogKrBVfYS4flJF8lowesJS6YXRwCTLta6ELVp4,2024-05-07 – ClickWhale vs Pretty Links Quel est le meilleur raccourcisseur et gestionnair... – Article – FR,2024-05-07 - ClickWhale vs Pretty Links Quel est le meilleur raccourcisseur et gestionnair... - Article - FR,01_Projets/schoolsWP/02_Contenus/04_Publies/Articles/FR/2024-05-07 – ClickWhale vs Pretty Links Quel est le meilleur raccourcisseur et gestionnair... – Article – FR,low,long_dash,application/vnd.google-apps.document
132zsZhii2B57Iq9xnA5a2XpTDlr4r0qzm_kYDTmVQvg,"2024-05-13 – InstaWP, avis comment construire un site WordPress en un clic – Article – FR","2024-05-13 - InstaWP, avis comment construire un site WordPress en un clic - Article - FR","01_Projets/schoolsWP/02_Contenus/04_Publies/Articles/FR/2024-05-13 – InstaWP, avis comment construire un site WordPress en un clic – Article – FR",low,long_dash,application/vnd.google-apps.document
1O5Gv1T_4-ufDVBrJBzCV7j3kI8irxku-tGMd2aBELgM,2024-12-11 – WP Marmite Pay simplifie vos paiements sur WordPress – Article – FR,2024-12-11 - WP Marmite Pay simplifie vos paiements sur WordPress - Article - FR,01_Projets/schoolsWP/02_Contenus/04_Publies/Articles/FR/2024-12-11 – WP Marmite Pay simplifie vos paiements sur WordPress – Article – FR,low,long_dash,application/vnd.google-apps.document
1WIG76ZYL0geh4ngCklq572GyqeM4pQ5hveUhst1Qz0Y,2025-01-09 – Qu’est-ce que Gutenberg dans WordPress – Article – FR,2025-01-09 - Qu’est-ce que Gutenberg dans WordPress - Article - FR,01_Projets/schoolsWP/02_Contenus/04_Publies/Articles/FR/2025-01-09 – Qu’est-ce que Gutenberg dans WordPress – Article – FR,low,long_dash,application/vnd.google-apps.document
1iV3dsKcpEpn0Qu0KrE90GDJ8gJ7xQKB13s2fbRZKI9M,2025-01-11 – Traduire Sans Migraine Test du Plugin WordPress – Article – FR,2025-01-11 - Traduire Sans Migraine Test du Plugin WordPress - Article - FR,01_Projets/schoolsWP/02_Contenus/04_Publies/Articles/FR/2025-01-11 – Traduire Sans Migraine Test du Plugin WordPress – Article – FR,low,long_dash,application/vnd.google-apps.document
1-gHUHkzxWN7kCSDya7HhtEGdM-6l1Lvp3qrasuG8JVk,2024-10-21 – Local WP Choisir entre Local by Flywheel ou Xampp pour WordPress – Article – FR,2024-10-21 - Local WP Choisir entre Local by Flywheel ou Xampp pour WordPress - Article - FR,01_Projets/schoolsWP/02_Contenus/04_Publies/Articles/FR/2024-10-21 – Local WP Choisir entre Local by Flywheel ou Xampp pour WordPress – Article – FR,low,long_dash,application/vnd.google-apps.document
1FRetb21ZsvIn-QJLFTqoHDWhLXwk3-F5lkRh1fdVTLw,2024-08-19 – ElementsKit pour Elementor addons tout-en-un et widgets essentiels – Article – FR,2024-08-19 - ElementsKit pour Elementor addons tout-en-un et widgets essentiels - Article - FR,01_Projets/schoolsWP/02_Contenus/04_Publies/Articles/FR/2024-08-19 – ElementsKit pour Elementor addons tout-en-un et widgets essentiels – Article – FR,low,long_dash,application/vnd.google-apps.document
1fshPCVHi8FiFv7v9cioH9T_u4EvDXhP9nYkeV-Q3MCY,2024-07-11 – Divi Builder vs Elementor Pro Le Duel des Extensions WordPress – Article – FR,2024-07-11 - Divi Builder vs Elementor Pro Le Duel des Extensions WordPress - Article - FR,01_Projets/schoolsWP/02_Contenus/04_Publies/Articles/FR/2024-07-11 – Divi Builder vs Elementor Pro Le Duel des Extensions WordPress – Article – FR,low,long_dash,application/vnd.google-apps.document
1zgtALSVJYnSt-Hx2dvHNeSWkRyvbmlEYCWWrR_u4Ltw,2024-06-15 – WordPress.com vs WordPress – Article – FR,2024-06-15 - WordPress.com vs WordPress - Article - FR,01_Projets/schoolsWP/02_Contenus/04_Publies/Articles/FR/2024-06-15 – WordPress.com vs WordPress – Article – FR,low,long_dash,application/vnd.google-apps.document
12dzjj_HBix6fuSLleemZ7WLWOTsEzy33h_PwVTneQjQ,2023-11-10 – Dropshipping Shopify vs WordPress – Article – FR,2023-11-10 - Dropshipping Shopify vs WordPress - Article - FR,01_Projets/schoolsWP/02_Contenus/04_Publies/Articles/FR/2023-11-10 – Dropshipping Shopify vs WordPress – Article – FR,low,long_dash,application/vnd.google-apps.document
1IMyaQNX2uY-9rw7Y9gF0IWCL9DF6LqneSAmdGuOn72Q,2023-11-10 – Plugins SEO WordPress Seopress vs Yoast – Article – FR,2023-11-10 - Plugins SEO WordPress Seopress vs Yoast - Article - FR,01_Projets/schoolsWP/02_Contenus/04_Publies/Articles/FR/2023-11-10 – Plugins SEO WordPress Seopress vs Yoast – Article – FR,low,long_dash,application/vnd.google-apps.document
1UN4eMO5ntVwcO9V2ETANEO5QjRvWI6uiKwYX410RV8M,schoolsWP – Index Global,schoolsWP - Index Global,01_Projets/schoolsWP – Index Global,low,long_dash,application/vnd.google-apps.spreadsheet
1mkzXeGAZIQSt1c6yyDKQCIjR0-AeAzJpzclbHVQVHa8,"2023-11-09 – Comment GetGenie, l’assistant de contenu AI, peut aider les entrepreneurs solos – Article – FR","2023-11-09 - Comment GetGenie, l’assistant de contenu AI, peut aider les entrepreneurs solos - Article - FR","01_Projets/michaelkihl-fr/02_Contenus/2023-11-09 – Comment GetGenie, l’assistant de contenu AI, peut aider les entrepreneurs solos – Article – FR",low,long_dash,application/vnd.google-apps.document
1vjT0n5nzZapRKjpjC9xFUjUVkKv0KzVvEbOua1dXOE0,2023-11-09 – ClickWhale Gestionnaire de Liens d’Affiliation SEO pour WordPress – Mon Avis ... – Article – FR,2023-11-09 - ClickWhale Gestionnaire de Liens d’Affiliation SEO pour WordPress - Mon Avis ... - Article - FR,01_Projets/michaelkihl-fr/02_Contenus/2023-11-09 – ClickWhale Gestionnaire de Liens d’Affiliation SEO pour WordPress – Mon Avis ... – Article – FR,low,long_dash,application/vnd.google-apps.document
1dvi27qXUecfP3cYKC2nTUGxSFAEbkZE8GBdaMQlwvnk,2023-11-09 – WP Rocket Optimisez votre site WordPress avec le meilleur plugin de cache – Article – FR,2023-11-09 - WP Rocket Optimisez votre site WordPress avec le meilleur plugin de cache - Article - FR,01_Projets/michaelkihl-fr/02_Contenus/2023-11-09 – WP Rocket Optimisez votre site WordPress avec le meilleur plugin de cache – Article – FR,low,long_dash,application/vnd.google-apps.document
1D_zHa1kJs4Pz_v3hsja0BI9GuViI5QJR,2023-03-30 – Wordpress-topic-research-20200411 – Ressource.xlsx,2023-03-30 - Wordpress-topic-research-20200411.xlsx,01_Projets/michaelkihl-fr/2023-03-30 – Wordpress-topic-research-20200411 – Ressource.xlsx,low,long_dash,application/vnd.openxmlformats-officedocument.spreadsheetml.sheet
1m81_uoDzU9IKoWTVEFbM3-4yj1EtUeUc,Vanessa PIVEC,Vanessa-PIVEC,01_Projets/Vanessa PIVEC,low,spaces,application/vnd.google-apps.folder
1Y00fAlW_iXgh5DtCFV655N7mgG3xH2X6,Mon Mini Electro,Mon-Mini-Electro,01_Projets/Mon Mini Electro,low,spaces,application/vnd.google-apps.folder
17eAiFU2WOkE7WBq53Bn2iFGixrRZsL15,"Jan 21, 2026 1808",2026-01-21-1808,"01_Projets/Mon Mini Electro/Jan 21, 2026 1808",low,spaces,application/vnd.google-apps.folder
1jCrOu4JI3BeMgvEJgcWulcPSHhSlA76n,Extensions Indispensables,Extensions-Indispensables,"01_Projets/Mon Mini Electro/Jan 21, 2026 1808/Extensions Indispensables",low,spaces,application/vnd.google-apps.folder
1Iw6htjboAuciMF1GU6z-YgPQkMFQw327,Petit Papier Magique,Petit-Papier-Magique,01_Projets/Petit Papier Magique,low,spaces,application/vnd.google-apps.folder
1zQOixGIfmGpJBbirPO2brmwAy7u15G9Q,03_Fiches produits,03_Fiches-produits,01_Projets/Petit Papier Magique/03_Fiches produits,low,spaces,application/vnd.google-apps.folder
1GthF0tdQuroN142Bk64tZ227TgzoZ546,2023-06-15 – SHORTS DOMINATION™ – Ressource.xlsx,2023-06-15 - SHORTS DOMINATIONTM.xlsx,99_ARCHIVES/Inspirations/2023-06-15 – SHORTS DOMINATION™ – Ressource.xlsx,low,long_dash,application/vnd.openxmlformats-officedocument.spreadsheetml.sheet
1VMbZqMu5Y8dwjZ0LYQC4ld7M5SWff9Lh,2024-02-13 – Outro- version 01 – Ressource.mp4,2024-02-13 - Outro- version 01.mp4,99_ARCHIVES/Inspirations/2024-02-13 – Outro- version 01 – Ressource.mp4,low,long_dash,video/mp4
1GhA6PeqTIv0gLiCNKYaCJ5c4wm-4veoz,2023-06-10 – FORUM BL LISTE COMPLETE – Ressource.csv,2023-06-10 - FORUM BL LISTE COMPLETE.csv,99_ARCHIVES/Inspirations/2023-06-10 – FORUM BL LISTE COMPLETE – Ressource.csv,low,long_dash,text/csv
10xpDxFNDNru2A88K-zgBtBipMo5LJeoa,2024-10-26 – Social Media Followers Data – Ressource.csv,2024-10-26 - Social Media Followers Data.csv,99_ARCHIVES/Inspirations/2024-10-26 – Social Media Followers Data – Ressource.csv,low,long_dash,text/csv
1sVFoHK0uvJ6TM-1VnXu_Txpt4kTaJR6g,2025-02-10 – Crawl Xenu – Ressource.txt,2025-02-10 - Crawl Xenu.txt,99_ARCHIVES/Inspirations/2025-02-10 – Crawl Xenu – Ressource.txt,low,long_dash,text/plain
1xSH8VNEcoqRBq1Kk1ambXupL6VbkxaPF,2025-03-13 – Clickwhale-links-export-2025-03-13 – Ressource.csv,2025-03-13 - Clickwhale-links-export-2025-03-13.csv,99_ARCHIVES/Inspirations/2025-03-13 – Clickwhale-links-export-2025-03-13 – Ressource.csv,low,long_dash,text/csv
1IUkYV2AA8a5I8h909Vzs68mevGV2w7Ts,2025-12-28 – 20251019 111355 – Ressource.mp4,2025-12-28 - 20251019 111355.mp4,99_ARCHIVES/Inspirations/2025-12-28 – 20251019 111355 – Ressource.mp4,low,long_dash,video/mp4
1KKshWhpwolB_mZdyN3zVPIXgiwLhf3cE,2025-12-28 – 20251114 132858 – Ressource.mp4,2025-12-28 - 20251114 132858.mp4,99_ARCHIVES/Inspirations/2025-12-28 – 20251114 132858 – Ressource.mp4,low,long_dash,video/mp4
1xiMy5JrJ0KsN28m_EkG37-AjByRc96jS,2025-12-28 – Messenger creation F00EB697-CF8A-40C2-9E9F-AC3F9A1C1E8F – Ressource.mp4,2025-12-28 - Messenger creation F00EB697-CF8A-40C2-9E9F-AC3F9A1C1E8F.mp4,99_ARCHIVES/Inspirations/2025-12-28 – Messenger creation F00EB697-CF8A-40C2-9E9F-AC3F9A1C1E8F – Ressource.mp4,low,long_dash,video/mp4
1W5igZ8kHVeIX95r4K13r-wXLfXaMwTDM,2025-12-28 – 20251205 130728 – Ressource.mp4,2025-12-28 - 20251205 130728.mp4,99_ARCHIVES/Inspirations/2025-12-28 – 20251205 130728 – Ressource.mp4,low,long_dash,video/mp4
1NFj5wStjXYxhLo-VannJ8M_I_TmbQCqu,2025-12-28 – Messenger creation B51218C7-50DE-4893-9565-D145F98C8379 – Ressource.mp4,2025-12-28 - Messenger creation B51218C7-50DE-4893-9565-D145F98C8379.mp4,99_ARCHIVES/Inspirations/2025-12-28 – Messenger creation B51218C7-50DE-4893-9565-D145F98C8379 – Ressource.mp4,low,long_dash,video/mp4
1-R4FsDkPDB4fdT2L_U0AEBL_VhpbWkjz,2025-12-28 – 20251019 111527 – Ressource.mp4,2025-12-28 - 20251019 111527.mp4,99_ARCHIVES/Inspirations/2025-12-28 – 20251019 111527 – Ressource.mp4,low,long_dash,video/mp4
1ZYbLvXF5ZtU5YKzeXH7O5QE1EaguO_Is,2025-12-28 – 20251019 111134 – Ressource.mp4,2025-12-28 - 20251019 111134.mp4,99_ARCHIVES/Inspirations/2025-12-28 – 20251019 111134 – Ressource.mp4,low,long_dash,video/mp4
1iNKkfWQ8wNnSOUIDgYj0Y1Zqo2Pr6ZjJ,2025-12-29 – BudgetmensuelVF – Ressource.xlsx,2025-12-29 - BudgetmensuelVF.xlsx,99_ARCHIVES/Inspirations/2025-12-29 – BudgetmensuelVF – Ressource.xlsx,low,long_dash,application/vnd.openxmlformats-officedocument.spreadsheetml.sheet
1SNVityiAZpbwl9gEvkn08wqPVrRjZKkE,2025-12-29 – 20251229 105658 – Ressource.mp4,2025-12-29 - 20251229 105658.mp4,99_ARCHIVES/Inspirations/2025-12-29 – 20251229 105658 – Ressource.mp4,low,long_dash,video/mp4
1P8aQ4C3wZGsuXygbJi-Tz4UMD-MaoyvT1h5E4XsppoA,schoolsWP – Mapping Migration,schoolsWP - Mapping Migration,99_ARCHIVES/schoolsWP – Mapping Migration,low,long_dash,application/vnd.google-apps.spreadsheet
1GHeRHhW4Quw3Y4_w4-ae5l2YcrFLBLMRd3eV4eefuYo,schoolsWP – Full Drive Index,schoolsWP - Full Drive Index,99_ARCHIVES/schoolsWP – Full Drive Index,low,long_dash,application/vnd.google-apps.spreadsheet
1J-YjfMBtuieDcIkSEGMwMMNIZItoIYay700qLRqpiJQ,schoolsWP – Archive Migration,schoolsWP - Archive Migration,99_ARCHIVES/schoolsWP – Archive Migration,low,long_dash,application/vnd.google-apps.spreadsheet
16QHdxwkKGrAyawst69iZ7fU3Dujghn2vaFeCQPJDCvQ,schoolsWP – Full Drive Mapping,schoolsWP - Full Drive Mapping,99_ARCHIVES/schoolsWP – Full Drive Mapping,low,long_dash,application/vnd.google-apps.spreadsheet
1Vhb9XZafgxPMkt8ZDFNm5AIeMsDqudNF,Google Search Console,Google-Search-Console,99_ARCHIVES/2025/99_ARCHIVES/A-trier-plus-tard/MAKE/Google Search Console,low,spaces,application/vnd.google-apps.folder
1_Mla0Bs_pSNq2r2z_ao_oTW07yslZBfz,Flux WordPress,Flux-WordPress,99_ARCHIVES/2025/99_ARCHIVES/A-trier-plus-tard/OTTOKIT/Flux WordPress,low,spaces,application/vnd.google-apps.folder
1SLFeDc_lMCddfuTf4hOXMqFSM_UTWvl_,"MASTERCLASS - E-Commerce Automation - Make, Airtable et","MASTERCLASS-E-Commerce-Automation-Make,-Airtable-et","99_ARCHIVES/2025/99_ARCHIVES/A-trier-plus-tard/FORMATION/MASTERCLASS - E-Commerce Automation - Make, Airtable et",low,spaces,application/vnd.google-apps.folder
157H1uoCyeix1bUXfblakWLqAAMT2N6u_,"04. Comment GetGenie, l’assistant de contenu AI, peut","04.-Comment-GetGenie,-l’assistant-de-contenu-AI,-peut","99_ARCHIVES/2025/99_ARCHIVES/A-trier-plus-tard/MICHAELKIHL.FR/ARTICLES/04. Comment GetGenie, l’assistant de contenu AI, peut",low,spaces,application/vnd.google-apps.folder
1HhPfx8y878zQj19AXgILug1NUMl09nd8,07. ClickWhale - Gestionnaire de Liens d’Affiliation SEO,07.-ClickWhale-Gestionnaire-de-Liens-d’Affiliation-SEO,99_ARCHIVES/2025/99_ARCHIVES/A-trier-plus-tard/MICHAELKIHL.FR/ARTICLES/07. ClickWhale - Gestionnaire de Liens d’Affiliation SEO,low,spaces,application/vnd.google-apps.folder
1rQ1_CVkWcwWGU5_oIdBZIbgwe3zjhdxe,02. WP Rocket - Optimisez votre site WordPress avec le,02.-WP-Rocket-Optimisez-votre-site-WordPress-avec-le,99_ARCHIVES/2025/99_ARCHIVES/A-trier-plus-tard/MICHAELKIHL.FR/ARTICLES/02. WP Rocket - Optimisez votre site WordPress avec le,low,spaces,application/vnd.google-apps.folder
16zr2pgXWmDENUHzND3Q214QgL32633Ec,FLUENT CRM,FLUENT-CRM,99_ARCHIVES/2025/99_ARCHIVES/A-trier-plus-tard/SCHOOLSWP.COM/FLUENT CRM,low,spaces,application/vnd.google-apps.folder
1Hw-b5HmSH-BM9dTJKXoCPoBG8GCTv5O4,FLUENT FORMS,FLUENT-FORMS,99_ARCHIVES/2025/99_ARCHIVES/A-trier-plus-tard/SCHOOLSWP.COM/FLUENT FORMS,low,spaces,application/vnd.google-apps.folder
1TygIuzf2Vj5YuRVouGgxGEbKQ_wNEOhr,CANVA BULK,CANVA-BULK,99_ARCHIVES/2025/99_ARCHIVES/A-trier-plus-tard/SCHOOLSWP.COM/CANVA BULK,low,spaces,application/vnd.google-apps.folder
1lJSzMxa83WPiVo46Nn9_m-eisgP-O7aG,Instagram Publication Portrait - Couverture Article Blog,Instagram-Publication-Portrait-Couverture-Article-Blog,99_ARCHIVES/2025/99_ARCHIVES/A-trier-plus-tard/SCHOOLSWP.COM/ARTICLES/FRANCAISE/93.-Avis-sur-Linkuma-est-elle-la-reference-du-netlinking/IMAGES/Instagram Publication Portrait - Couverture Article Blog,low,spaces,application/vnd.google-apps.folder
11M-J0ciJ7CCjbsFqO0l49F1fRWqB0t3o,Couverture Article Blog,Couverture-Article-Blog,99_ARCHIVES/2025/99_ARCHIVES/A-trier-plus-tard/SCHOOLSWP.COM/ARTICLES/FRANCAISE/103.-TasteWP-Decouvrez-Comment-Creer-Facilement-Votre/IMAGES/Couverture Article Blog,low,spaces,application/vnd.google-apps.folder
1r_9tnMC41m0awAAdhFERKqKLBpU_8Ak8,Instagram Publication Portrait - Couverture Article Blog,Instagram-Publication-Portrait-Couverture-Article-Blog,99_ARCHIVES/2025/99_ARCHIVES/A-trier-plus-tard/SCHOOLSWP.COM/ARTICLES/FRANCAISE/98.-Full-Site-Editing-(FSE)-WordPress-Maitrise-Le-Futur/IMAGES/Instagram Publication Portrait - Couverture Article Blog,low,spaces,application/vnd.google-apps.folder
1n8tANPtECnoaVgJcPmVhF5gvMeXyDfX3,Instagram Publication Portrait - Couverture Article Blog,Instagram-Publication-Portrait-Couverture-Article-Blog,99_ARCHIVES/2025/99_ARCHIVES/A-trier-plus-tard/SCHOOLSWP.COM/ARTICLES/FRANCAISE/94.-WPBoutik-reinvente-le-commerce-en-ligne-sur-WordPress/IMAGES/Instagram Publication Portrait - Couverture Article Blog,low,spaces,application/vnd.google-apps.folder
1i2jeZzLevkKcwiZdhYYBsHAVrCzSGWHO,Instagram Publication Portrait - Couverture Article Blog,Instagram-Publication-Portrait-Couverture-Article-Blog,99_ARCHIVES/2025/99_ARCHIVES/A-trier-plus-tard/SCHOOLSWP.COM/ARTICLES/FRANCAISE/91.-Suremembers-decouvrez-le-meilleur-plugin-d’adhesion/IMAGES/Instagram Publication Portrait - Couverture Article Blog,low,spaces,application/vnd.google-apps.folder
1Z95YH8UFZg73I8igDogPoGUdKb0fKomr,Instagram Publication Portrait - Couverture Article Blog,Instagram-Publication-Portrait-Couverture-Article-Blog,99_ARCHIVES/2025/99_ARCHIVES/A-trier-plus-tard/SCHOOLSWP.COM/ARTICLES/FRANCAISE/86.-Copilhost-Hebergement-Rapide-et-Securise-pour/IMAGES/Instagram Publication Portrait - Couverture Article Blog,low,spaces,application/vnd.google-apps.folder
1jvrs7Zq7MQzLih84_dsbD2BYy0TYDMP1,Instagram Publication Portrait - Couverture Article Blog,Instagram-Publication-Portrait-Couverture-Article-Blog,99_ARCHIVES/2025/99_ARCHIVES/A-trier-plus-tard/SCHOOLSWP.COM/ARTICLES/FRANCAISE/92.-Qu-est-ce-qu-un-theme-WordPress-Guide-complet-et/IMAGES/Instagram Publication Portrait - Couverture Article Blog,low,spaces,application/vnd.google-apps.folder
1OP0lZOCfrkDmHP4ysNAMPUv7HMQ-kEH5,52. Barn2 – Des plugins pour booster ses performances sur,52.-Barn2-Des-plugins-pour-booster-ses-performances-sur,99_ARCHIVES/2025/99_ARCHIVES/A-trier-plus-tard/SCHOOLSWP.COM/ARTICLES/FRANCAISE/52. Barn2 – Des plugins pour booster ses performances sur,low,"spaces, long_dash",application/vnd.google-apps.folder
1IRvjnULqQW6ltQbfrUV4I0n_D_Yqqzj7,"16. Fiverr, zoom sur la plateforme qui permet de trouver","16.-Fiverr,-zoom-sur-la-plateforme-qui-permet-de-trouver","99_ARCHIVES/2025/99_ARCHIVES/A-trier-plus-tard/SCHOOLSWP.COM/ARTICLES/FRANCAISE/16. Fiverr, zoom sur la plateforme qui permet de trouver",low,spaces,application/vnd.google-apps.folder
1LNFoCxqtFOnPxUll47djlcpluelXOPMZ,"26. Beaver Builder, le meilleur constructeur de pages","26.-Beaver-Builder,-le-meilleur-constructeur-de-pages","99_ARCHIVES/2025/99_ARCHIVES/A-trier-plus-tard/SCHOOLSWP.COM/ARTICLES/FRANCAISE/26. Beaver Builder, le meilleur constructeur de pages",low,spaces,application/vnd.google-apps.folder
1K2_i_Dg7gPGnh7gmvNM7MBgX-qMiCg-Z,22. Qu’est-ce que le pixel Facebook et comment,22.-Qu’est-ce-que-le-pixel-Facebook-et-comment,99_ARCHIVES/2025/99_ARCHIVES/A-trier-plus-tard/SCHOOLSWP.COM/ARTICLES/FRANCAISE/22. Qu’est-ce que le pixel Facebook et comment,low,spaces,application/vnd.google-apps.folder
1LnrlcEcnZQyNBbUd1KyxdWKmaWZDTdre,42. AAWP – Le meilleur plugin pour des sites de niche,42.-AAWP-Le-meilleur-plugin-pour-des-sites-de-niche,99_ARCHIVES/2025/99_ARCHIVES/A-trier-plus-tard/SCHOOLSWP.COM/ARTICLES/FRANCAISE/42. AAWP – Le meilleur plugin pour des sites de niche,low,"spaces, long_dash",application/vnd.google-apps.folder
1LTYofBWngKwaisubim1JzFxxenXGw5kC,44. Gagner de l’argent avec l’affiliation sur votre site,44.-Gagner-de-l’argent-avec-l’affiliation-sur-votre-site,99_ARCHIVES/2025/99_ARCHIVES/A-trier-plus-tard/SCHOOLSWP.COM/ARTICLES/FRANCAISE/44. Gagner de l’argent avec l’affiliation sur votre site,low,spaces,application/vnd.google-apps.folder
1OWvLlEBu5x3TXYJqN-nqNokU1yw5nUUK,"50. WooFunnels Autonami, le CRM pour gagner toujours plus","50.-WooFunnels-Autonami,-le-CRM-pour-gagner-toujours-plus","99_ARCHIVES/2025/99_ARCHIVES/A-trier-plus-tard/SCHOOLSWP.COM/ARTICLES/FRANCAISE/50. WooFunnels Autonami, le CRM pour gagner toujours plus",low,spaces,application/vnd.google-apps.folder
1MRNAoj8kquudu1Nvf7AojCGMxwtu6xy4,46. BeFreelancr La plateforme pour acheter et vendre des,46.-BeFreelancr-La-plateforme-pour-acheter-et-vendre-des,99_ARCHIVES/2025/99_ARCHIVES/A-trier-plus-tard/SCHOOLSWP.COM/ARTICLES/FRANCAISE/46. BeFreelancr La plateforme pour acheter et vendre des,low,spaces,application/vnd.google-apps.folder
1LUtk6kaTnHghIJhPuvRYvzvjvp6lFCEc,43. CodeaProd Le site pour avoir un blog d affiliation,43.-CodeaProd-Le-site-pour-avoir-un-blog-d-affiliation,99_ARCHIVES/2025/99_ARCHIVES/A-trier-plus-tard/SCHOOLSWP.COM/ARTICLES/FRANCAISE/43. CodeaProd Le site pour avoir un blog d affiliation,low,spaces,application/vnd.google-apps.folder
1OKc2aXLuOst4t55esFG4sLm5bB6HXyn2,54. Solid Affiliate – Le Top Plugin d’affiliation pour,54.-Solid-Affiliate-Le-Top-Plugin-d’affiliation-pour,99_ARCHIVES/2025/99_ARCHIVES/A-trier-plus-tard/SCHOOLSWP.COM/ARTICLES/FRANCAISE/54. Solid Affiliate – Le Top Plugin d’affiliation pour,low,"spaces, long_dash",application/vnd.google-apps.folder
1NRXFt28TZNvCxO3BH_0PzrUtA6F2bKKd,65. ClickWhale Votre ultime raccourcisseur de liens et,65.-ClickWhale-Votre-ultime-raccourcisseur-de-liens-et,99_ARCHIVES/2025/99_ARCHIVES/A-trier-plus-tard/SCHOOLSWP.COM/ARTICLES/FRANCAISE/65. ClickWhale Votre ultime raccourcisseur de liens et,low,spaces,application/vnd.google-apps.folder
1NWGSZ_2AvtCl4RcSnDxi3tYlEd3H2ICT,64. Fluent Support – Le Plugin Incontournable pour le,64.-Fluent-Support-Le-Plugin-Incontournable-pour-le,99_ARCHIVES/2025/99_ARCHIVES/A-trier-plus-tard/SCHOOLSWP.COM/ARTICLES/FRANCAISE/64. Fluent Support – Le Plugin Incontournable pour le,low,"spaces, long_dash",application/vnd.google-apps.folder
105spJYb8YFFtNj2v0N3kPb774nYrOhvU,"02. Divi ToolBox, ce qu’il faut savoir sur ce plug in","02.-Divi-ToolBox,-ce-qu’il-faut-savoir-sur-ce-plug-in","99_ARCHIVES/2025/99_ARCHIVES/A-trier-plus-tard/SCHOOLSWP.COM/ARTICLES/FRANCAISE/02. Divi ToolBox, ce qu’il faut savoir sur ce plug in",low,spaces,application/vnd.google-apps.folder
1tMuo99I5BMy_w6I4MMmoaS_UOPbiS67g,71. GetGenie AI pour l’optimisation de votre contenu SEO,71.-GetGenie-AI-pour-l’optimisation-de-votre-contenu-SEO,99_ARCHIVES/2025/99_ARCHIVES/A-trier-plus-tard/SCHOOLSWP.COM/ARTICLES/FRANCAISE/71. GetGenie AI pour l’optimisation de votre contenu SEO,low,spaces,application/vnd.google-apps.folder
1XNEhrYMBJ9A1d_RQsPmBJCJLH8O5_NSS,74. Qu’est-ce qu’un plugin WordPress et comment,74.-Qu’est-ce-qu’un-plugin-WordPress-et-comment,99_ARCHIVES/2025/99_ARCHIVES/A-trier-plus-tard/SCHOOLSWP.COM/ARTICLES/FRANCAISE/74. Qu’est-ce qu’un plugin WordPress et comment,low,spaces,application/vnd.google-apps.folder
1xMpvlI7ajNnPZC0VYsB-pYCjbT9vtqLi,75. Tunnel de vente WordPress - guide complet pour,75.-Tunnel-de-vente-WordPress-guide-complet-pour,99_ARCHIVES/2025/99_ARCHIVES/A-trier-plus-tard/SCHOOLSWP.COM/ARTICLES/FRANCAISE/75. Tunnel de vente WordPress - guide complet pour,low,spaces,application/vnd.google-apps.folder
1ya29sLVKAVJpkOLEdvaRMOtyi3-Um6eh,76. Maintenance WordPress - Guide Complet pour un Site,76.-Maintenance-WordPress-Guide-Complet-pour-un-Site,99_ARCHIVES/2025/99_ARCHIVES/A-trier-plus-tard/SCHOOLSWP.COM/ARTICLES/FRANCAISE/76. Maintenance WordPress - Guide Complet pour un Site,low,spaces,application/vnd.google-apps.folder
1-wRB_n8EuuGAEzf4ueEMWDmZLmdjlkj0,"77. FlyingPress, avis 2024 - devriez-vous l’adopter","77.-FlyingPress,-avis-2024-devriez-vous-l’adopter","99_ARCHIVES/2025/99_ARCHIVES/A-trier-plus-tard/SCHOOLSWP.COM/ARTICLES/FRANCAISE/77. FlyingPress, avis 2024 - devriez-vous l’adopter",low,spaces,application/vnd.google-apps.folder
1BBFv48BUoblVEbfmPoSi6eKe3TpAgJd4,87. Comment structurer un article sur WordPress pour,87.-Comment-structurer-un-article-sur-WordPress-pour,99_ARCHIVES/2025/99_ARCHIVES/A-trier-plus-tard/SCHOOLSWP.COM/ARTICLES/FRANCAISE/87. Comment structurer un article sur WordPress pour,low,spaces,application/vnd.google-apps.folder
1aJxHh1B4gEY1Qjc9G_xvsB7EylMbLgdI,Instagram Publication Portrait - Couverture Article Blog,Instagram-Publication-Portrait-Couverture-Article-Blog,99_ARCHIVES/2025/99_ARCHIVES/A-trier-plus-tard/SCHOOLSWP.COM/ARTICLES/FRANCAISE/87. Comment structurer un article sur WordPress pour/IMAGES/Instagram Publication Portrait - Couverture Article Blog,low,spaces,application/vnd.google-apps.folder
1caFR97FqlPCGDuiG5NPPQhhomHbE93TK,90. SureMembers vs Wishlist Members - quelle extension,90.-SureMembers-vs-Wishlist-Members-quelle-extension,99_ARCHIVES/2025/99_ARCHIVES/A-trier-plus-tard/SCHOOLSWP.COM/ARTICLES/FRANCAISE/90. SureMembers vs Wishlist Members - quelle extension,low,spaces,application/vnd.google-apps.folder
1gVwCzGg-LHbnxAvObB1XNgXFINFEW9w1,Instagram Publication Portrait - Couverture Article Blog,Instagram-Publication-Portrait-Couverture-Article-Blog,99_ARCHIVES/2025/99_ARCHIVES/A-trier-plus-tard/SCHOOLSWP.COM/ARTICLES/FRANCAISE/90. SureMembers vs Wishlist Members - quelle extension/IMAGES/Instagram Publication Portrait - Couverture Article Blog,low,spaces,application/vnd.google-apps.folder
1l8GT1BHNu16jgZsi4eCmUuSYoB0SQtzo,95. Plugin Traduction Wordpress - Top 10 pour Globaliser,95.-Plugin-Traduction-Wordpress-Top-10-pour-Globaliser,99_ARCHIVES/2025/99_ARCHIVES/A-trier-plus-tard/SCHOOLSWP.COM/ARTICLES/FRANCAISE/95. Plugin Traduction Wordpress - Top 10 pour Globaliser,low,spaces,application/vnd.google-apps.folder
1o6kC-Vb2vxApEagfnKbwLw9JlsoHKyQG,Instagram Publication Portrait - Couverture Article Blog,Instagram-Publication-Portrait-Couverture-Article-Blog,99_ARCHIVES/2025/99_ARCHIVES/A-trier-plus-tard/SCHOOLSWP.COM/ARTICLES/FRANCAISE/95. Plugin Traduction Wordpress - Top 10 pour Globaliser/IMAGES/Instagram Publication Portrait - Couverture Article Blog,low,spaces,application/vnd.google-apps.folder
1vGaIC374fnofBFx7PP26V2GsXNmVXLkg,100. SureMembers vs Restrict Content Pro comparatif des,100.-SureMembers-vs-Restrict-Content-Pro-comparatif-des,99_ARCHIVES/2025/99_ARCHIVES/A-trier-plus-tard/SCHOOLSWP.COM/ARTICLES/FRANCAISE/100. SureMembers vs Restrict Content Pro comparatif des,low,spaces,application/vnd.google-apps.folder
1vzN8hbu00Kb-aJc_sAi_pU79e_4fHSvP,Instagram Publication Portrait - Couverture Article Blog,Instagram-Publication-Portrait-Couverture-Article-Blog,99_ARCHIVES/2025/99_ARCHIVES/A-trier-plus-tard/SCHOOLSWP.COM/ARTICLES/FRANCAISE/100. SureMembers vs Restrict Content Pro comparatif des/IMAGES/Instagram Publication Portrait - Couverture Article Blog,low,spaces,application/vnd.google-apps.folder
1vTnNYMQ60XRwGV_6hzflSKB5vEfkgkfF,101. ZipWP vs InstaWP - quel est le meilleur pour lancer,101.-ZipWP-vs-InstaWP-quel-est-le-meilleur-pour-lancer,99_ARCHIVES/2025/99_ARCHIVES/A-trier-plus-tard/SCHOOLSWP.COM/ARTICLES/FRANCAISE/101. ZipWP vs InstaWP - quel est le meilleur pour lancer,low,spaces,application/vnd.google-apps.folder
1-BMqb-jRXA8ujc6qkXKiPWysqLuN7-EU,Instagram Publication Portrait - Couverture Article Blog,Instagram-Publication-Portrait-Couverture-Article-Blog,99_ARCHIVES/2025/99_ARCHIVES/A-trier-plus-tard/SCHOOLSWP.COM/ARTICLES/FRANCAISE/101. ZipWP vs InstaWP - quel est le meilleur pour lancer/IMAGES/Instagram Publication Portrait - Couverture Article Blog,low,spaces,application/vnd.google-apps.folder
1t3x4KibmMEZxII3B1meuZv62HkuugO9H,79. ClickWhale vs Pretty Links - Quel est le meilleur,79.-ClickWhale-vs-Pretty-Links-Quel-est-le-meilleur,99_ARCHIVES/2025/99_ARCHIVES/A-trier-plus-tard/SCHOOLSWP.COM/ARTICLES/FRANCAISE/79. ClickWhale vs Pretty Links - Quel est le meilleur,low,spaces,application/vnd.google-apps.folder
1nJzsyAApLklgbAPZbYYe2kSHE4raVJBM,80. InstaWP - Comment Construire un Site WordPress en un,80.-InstaWP-Comment-Construire-un-Site-WordPress-en-un,99_ARCHIVES/2025/99_ARCHIVES/A-trier-plus-tard/SCHOOLSWP.COM/ARTICLES/FRANCAISE/80. InstaWP - Comment Construire un Site WordPress en un,low,spaces,application/vnd.google-apps.folder
18YIRYhepOlwBQuK5a8Z_ABG62b6In75c,105. Un slug dans WordPress - c est quoi et comment l,105.-Un-slug-dans-WordPress-c-est-quoi-et-comment-l,99_ARCHIVES/2025/99_ARCHIVES/A-trier-plus-tard/SCHOOLSWP.COM/ARTICLES/FRANCAISE/105. Un slug dans WordPress - c est quoi et comment l,low,spaces,application/vnd.google-apps.folder
1Y8yXEsPTTN760vt4vGWtAZdFdOmBJPlH,110. FluentCommunity - Construisez rapidement une,110.-FluentCommunity-Construisez-rapidement-une,99_ARCHIVES/2025/99_ARCHIVES/A-trier-plus-tard/SCHOOLSWP.COM/ARTICLES/FRANCAISE/110. FluentCommunity - Construisez rapidement une,low,spaces,application/vnd.google-apps.folder
1OjYP3S-Vrb4MFDwvi71VUlQ36KFftQoN,111. Pourquoi Thot SEO est-il l’outil d’optimisation,111.-Pourquoi-Thot-SEO-est-il-l’outil-d’optimisation,99_ARCHIVES/2025/99_ARCHIVES/A-trier-plus-tard/SCHOOLSWP.COM/ARTICLES/FRANCAISE/111. Pourquoi Thot SEO est-il l’outil d’optimisation,low,spaces,application/vnd.google-apps.folder
1qRe8bgvTwHQJDTKZPAo15-DxCElwn0nl,119. Link Whisper Le Plugin WordPress Ultime pour Votre,119.-Link-Whisper-Le-Plugin-WordPress-Ultime-pour-Votre,99_ARCHIVES/2025/99_ARCHIVES/A-trier-plus-tard/SCHOOLSWP.COM/ARTICLES/FRANCAISE/119. Link Whisper Le Plugin WordPress Ultime pour Votre,low,spaces,application/vnd.google-apps.folder
1zg14d2gMFU44RQ8nbB7WLIF0xeJkAWRF,121. Apprendre WordPress en autonomie guide complet pour,121.-Apprendre-WordPress-en-autonomie-guide-complet-pour,99_ARCHIVES/2025/99_ARCHIVES/A-trier-plus-tard/SCHOOLSWP.COM/ARTICLES/FRANCAISE/121. Apprendre WordPress en autonomie guide complet pour,low,spaces,application/vnd.google-apps.folder
1PHMrKVukvd7BR2Mem9_ls_TSavxpP17H,127. AffiliatePress avis- mon test complet du plugin,127.-AffiliatePress-avis-mon-test-complet-du-plugin,99_ARCHIVES/2025/99_ARCHIVES/A-trier-plus-tard/SCHOOLSWP.COM/ARTICLES/FRANCAISE/127. AffiliatePress avis- mon test complet du plugin,low,spaces,application/vnd.google-apps.folder
1c0VgHtco6OoCp-Ueq2bXx48HgycbFOwn,129. Linksgarden avis 2025 test complet de la plateforme,129.-Linksgarden-avis-2025-test-complet-de-la-plateforme,99_ARCHIVES/2025/99_ARCHIVES/A-trier-plus-tard/SCHOOLSWP.COM/ARTICLES/FRANCAISE/129. Linksgarden avis 2025 test complet de la plateforme,low,spaces,application/vnd.google-apps.folder
1uqGlVw0Fb2EboX5LbA2AuC8feeTyAmRv,130. Pulse avis - Faut-il adopter cet outil pour vos,130.-Pulse-avis-Faut-il-adopter-cet-outil-pour-vos,99_ARCHIVES/2025/99_ARCHIVES/A-trier-plus-tard/SCHOOLSWP.COM/ARTICLES/FRANCAISE/130. Pulse avis - Faut-il adopter cet outil pour vos,low,spaces,application/vnd.google-apps.folder
1EalSqDdx6xRffVRUORJyASNQ7YsrjVNr,131. FluentSMTP avis 2025 le meilleur plugin SMTP gratuit,131.-FluentSMTP-avis-2025-le-meilleur-plugin-SMTP-gratuit,99_ARCHIVES/2025/99_ARCHIVES/A-trier-plus-tard/SCHOOLSWP.COM/ARTICLES/FRANCAISE/131. FluentSMTP avis 2025 le meilleur plugin SMTP gratuit,low,spaces,application/vnd.google-apps.folder
1cNpBoiGAx_I3cQVkAzHJc1nNinc7Vig9,132. Virfice avis - Personnalisez vos emails WooCommerce,132.-Virfice-avis-Personnalisez-vos-emails-WooCommerce,99_ARCHIVES/2025/99_ARCHIVES/A-trier-plus-tard/SCHOOLSWP.COM/ARTICLES/FRANCAISE/132. Virfice avis - Personnalisez vos emails WooCommerce,low,spaces,application/vnd.google-apps.folder
182f8_sex3fG0duZ9mO1F2vB0GRIFDUg4,133. PageRadar avis 2025 – L’outil SEO qui anticipe les,133.-PageRadar-avis-2025-L’outil-SEO-qui-anticipe-les,99_ARCHIVES/2025/99_ARCHIVES/A-trier-plus-tard/SCHOOLSWP.COM/ARTICLES/FRANCAISE/133. PageRadar avis 2025 – L’outil SEO qui anticipe les,low,"spaces, long_dash",application/vnd.google-apps.folder
1dqpIk7l7pMptIBDJCbtxr_jaiEcPVlFG,134. Bit Flows Avis 2025 — L’automatisation WordPress,134.-Bit-Flows-Avis-2025-L’automatisation-WordPress,99_ARCHIVES/2025/99_ARCHIVES/A-trier-plus-tard/SCHOOLSWP.COM/ARTICLES/FRANCAISE/134. Bit Flows Avis 2025 — L’automatisation WordPress,low,"spaces, long_dash",application/vnd.google-apps.folder
1aihtAuxI5_5CtY89d2ZFncWz8M6PADev,135. EasyCommerce Avis 2025 le plugin e-commerce IA,135.-EasyCommerce-Avis-2025-le-plugin-e-commerce-IA,99_ARCHIVES/2025/99_ARCHIVES/A-trier-plus-tard/SCHOOLSWP.COM/ARTICLES/FRANCAISE/135. EasyCommerce Avis 2025 le plugin e-commerce IA,low,spaces,application/vnd.google-apps.folder
1xBeTV8Foub0iSIvGm6V4IMugRCMdlzTT,149. Personnaliser formulaire Fluent Forms Gutenberg sans,149.-Personnaliser-formulaire-Fluent-Forms-Gutenberg-sans,99_ARCHIVES/2025/99_ARCHIVES/A-trier-plus-tard/SCHOOLSWP.COM/ARTICLES/FRANCAISE/149. Personnaliser formulaire Fluent Forms Gutenberg sans,low,spaces,application/vnd.google-apps.folder
1o7QBH_SAhmggE8-SO9TbrIl6LPq5GPdG,136. WPMissionControl avis 2025 Test complet du plugin de,136.-WPMissionControl-avis-2025-Test-complet-du-plugin-de,99_ARCHIVES/2025/99_ARCHIVES/A-trier-plus-tard/SCHOOLSWP.COM/ARTICLES/FRANCAISE/136. WPMissionControl avis 2025 Test complet du plugin de,low,spaces,application/vnd.google-apps.folder
10LiG0ZRyENFYie7_RUTZL093Tie8Gse7,125. FluentCart avis Faut-il l’adopter pour votre,125.-FluentCart-avis-Faut-il-l’adopter-pour-votre,99_ARCHIVES/2025/99_ARCHIVES/A-trier-plus-tard/SCHOOLSWP.COM/ARTICLES/FRANCAISE/125. FluentCart avis Faut-il l’adopter pour votre,low,spaces,application/vnd.google-apps.folder
1OdyzaQR3QCMenBN4FfvdeUrmSTFRn-57,81. Launchflows vs cartflows lequel choisir pour votre,81.-Launchflows-vs-cartflows-lequel-choisir-pour-votre,99_ARCHIVES/2025/99_ARCHIVES/A-trier-plus-tard/SCHOOLSWP.COM/ARTICLES/FRANCAISE/81. Launchflows vs cartflows lequel choisir pour votre,low,spaces,application/vnd.google-apps.folder
1-HpPrw5OxwVoE9W7E69nWdp74RMKbOOQ,102. Local WP Choisir entre Local by Flywheel ou Xampp,102.-Local-WP-Choisir-entre-Local-by-Flywheel-ou-Xampp,99_ARCHIVES/2025/99_ARCHIVES/A-trier-plus-tard/SCHOOLSWP.COM/ARTICLES/FRANCAISE/102. Local WP Choisir entre Local by Flywheel ou Xampp,low,spaces,application/vnd.google-apps.folder
1hTH4nZnwYnTZ4W7fsHmOmsHaiWnWZhDV,99. Suretriggers vs Zapier - trouvez la meilleure,99.-Suretriggers-vs-Zapier-trouvez-la-meilleure,99_ARCHIVES/2025/99_ARCHIVES/A-trier-plus-tard/SCHOOLSWP.COM/ARTICLES/FRANCAISE/99. Suretriggers vs Zapier - trouvez la meilleure,low,spaces,application/vnd.google-apps.folder
1TAxqT_oR4kpkt3qnk0f-g0O7gdY34Gqe,96. ElementsKit pour Elementor - addons tout-en-un et,96.-ElementsKit-pour-Elementor-addons-tout-en-un-et,99_ARCHIVES/2025/99_ARCHIVES/A-trier-plus-tard/SCHOOLSWP.COM/ARTICLES/FRANCAISE/96. ElementsKit pour Elementor - addons tout-en-un et,low,spaces,application/vnd.google-apps.folder
1_nd3VF8x4s0XwWk3PKYFbY4S8zCYr1Nu,89. Divi Builder vs Elementor Pro - Le Duel des,89.-Divi-Builder-vs-Elementor-Pro-Le-Duel-des,99_ARCHIVES/2025/99_ARCHIVES/A-trier-plus-tard/SCHOOLSWP.COM/ARTICLES/FRANCAISE/89. Divi Builder vs Elementor Pro - Le Duel des,low,spaces,application/vnd.google-apps.folder
1btXqS8kv7mud9OFGVmgTZA5nH4xu6RZe,Instagram Publication Portrait - Couverture Article Blog,Instagram-Publication-Portrait-Couverture-Article-Blog,99_ARCHIVES/2025/99_ARCHIVES/A-trier-plus-tard/SCHOOLSWP.COM/ARTICLES/FRANCAISE/89. Divi Builder vs Elementor Pro - Le Duel des/IMAGES/Instagram Publication Portrait - Couverture Article Blog,low,spaces,application/vnd.google-apps.folder
19gF8Wnre950NrB3XtYFU_VuaVwOWBBCj,83. WordPresscom vs WordPressorg - comparatif pour faire,83.-WordPresscom-vs-WordPressorg-comparatif-pour-faire,99_ARCHIVES/2025/99_ARCHIVES/A-trier-plus-tard/SCHOOLSWP.COM/ARTICLES/FRANCAISE/83. WordPresscom vs WordPressorg - comparatif pour faire,low,spaces,application/vnd.google-apps.folder
1nnkI4V_4-NF6A11bapq3U64WhZUkX37S,70. FluentBooking vs Amelia Booking pour WordPress quel,70.-FluentBooking-vs-Amelia-Booking-pour-WordPress-quel,99_ARCHIVES/2025/99_ARCHIVES/A-trier-plus-tard/SCHOOLSWP.COM/ARTICLES/FRANCAISE/70. FluentBooking vs Amelia Booking pour WordPress quel,low,spaces,application/vnd.google-apps.folder
1DLt3wLLkSbuDVABPO_lL6C_4aeiyUkfU,68. Analyse approfondie de thruuu - L outil de scraping,68.-Analyse-approfondie-de-thruuu-L-outil-de-scraping,99_ARCHIVES/2025/99_ARCHIVES/A-trier-plus-tard/SCHOOLSWP.COM/ARTICLES/FRANCAISE/68. Analyse approfondie de thruuu - L outil de scraping,low,spaces,application/vnd.google-apps.folder
1Izw4W3mpEF-HD86tX6UlZAhtJ-r1OavG,10. Plugins SEO Wordpress Seopress vs Yoast,10.-Plugins-SEO-Wordpress-Seopress-vs-Yoast,99_ARCHIVES/2025/99_ARCHIVES/A-trier-plus-tard/SCHOOLSWP.COM/ARTICLES/FRANCAISE/10. Plugins SEO Wordpress Seopress vs Yoast,low,spaces,application/vnd.google-apps.folder
1J8aHtLpFNnmAxPx6_sROVEQUvgKJDvHK,09. Dropshipping Shopify vs Wordpress,09.-Dropshipping-Shopify-vs-Wordpress,99_ARCHIVES/2025/99_ARCHIVES/A-trier-plus-tard/SCHOOLSWP.COM/ARTICLES/FRANCAISE/09. Dropshipping Shopify vs Wordpress,low,spaces,application/vnd.google-apps.folder
1Tu2eBwFtb5Cqjs-d7Hz6_bcqybO1bYmp,150. CartFlows Les 4 meilleures alternatives 2026,150.-CartFlows-Les-4-meilleures-alternatives-2026,99_ARCHIVES/2025/99_ARCHIVES/A-trier-plus-tard/SCHOOLSWP.COM/ARTICLES/FRANCAISE/150. CartFlows Les 4 meilleures alternatives 2026,low,spaces,application/vnd.google-apps.folder
1Q_eANGzHfGm5lWMouVExv8A1JQiMQzA3,147. wpLingua avis Le meilleur plugin de traduction,147.-wpLingua-avis-Le-meilleur-plugin-de-traduction,99_ARCHIVES/2025/99_ARCHIVES/A-trier-plus-tard/SCHOOLSWP.COM/ARTICLES/FRANCAISE/147. wpLingua avis Le meilleur plugin de traduction,low,spaces,application/vnd.google-apps.folder
1Acw4Jk208Q0Z7O24v15BSuD2058Hy3v1,144. Masteriyo LMS avis 2026 interface intuitive – schoolsWP,144.-Masteriyo-LMS-avis-2026-interface-intuitive-schoolsWP,99_ARCHIVES/2025/99_ARCHIVES/A-trier-plus-tard/SCHOOLSWP.COM/ARTICLES/FRANCAISE/144. Masteriyo LMS avis 2026 interface intuitive – schoolsWP,low,"spaces, long_dash",application/vnd.google-apps.folder
1zg9GBOW6cueFCW3CIP6RiD5jfXgCARzM,140. Avis Metricool Notre test complet et verdict 2025,140.-Avis-Metricool-Notre-test-complet-et-verdict-2025,99_ARCHIVES/2025/99_ARCHIVES/A-trier-plus-tard/SCHOOLSWP.COM/ARTICLES/FRANCAISE/140. Avis Metricool Notre test complet et verdict 2025,low,spaces,application/vnd.google-apps.folder
1cr0AMTJe422JRB1y0NotZihthaUtCOVi,117. Academy LMS - Tout savoir sur le plugin WordPress LMS,117.-Academy-LMS-Tout-savoir-sur-le-plugin-WordPress-LMS,99_ARCHIVES/2025/99_ARCHIVES/A-trier-plus-tard/SCHOOLSWP.COM/ARTICLES/FRANCAISE/117. Academy LMS - Tout savoir sur le plugin WordPress LMS,low,spaces,application/vnd.google-apps.folder
1Y3Hw1bUJcrDSoQIvX0TC1v7dnIkn-vFe,114. Traduire Sans Migraine - Test du Plugin WordPress,114.-Traduire-Sans-Migraine-Test-du-Plugin-WordPress,99_ARCHIVES/2025/99_ARCHIVES/A-trier-plus-tard/SCHOOLSWP.COM/ARTICLES/FRANCAISE/114. Traduire Sans Migraine - Test du Plugin WordPress,low,spaces,application/vnd.google-apps.folder
1P0RRvN4RE0P7HDao9XhLM87GSWOfyDZS,112. Qu’est-ce que Gutenberg dans WordPress,112.-Qu’est-ce-que-Gutenberg-dans-WordPress,99_ARCHIVES/2025/99_ARCHIVES/A-trier-plus-tard/SCHOOLSWP.COM/ARTICLES/FRANCAISE/112. Qu’est-ce que Gutenberg dans WordPress,low,spaces,application/vnd.google-apps.folder
1IPTReskZvFwvUeZm9dV3tWQ05-JlTD5T,109. WP Marmite Pay simplifie vos paiements sur WordPress,109.-WP-Marmite-Pay-simplifie-vos-paiements-sur-WordPress,99_ARCHIVES/2025/99_ARCHIVES/A-trier-plus-tard/SCHOOLSWP.COM/ARTICLES/FRANCAISE/109. WP Marmite Pay simplifie vos paiements sur WordPress,low,spaces,application/vnd.google-apps.folder
1bKOy079S9FwIgc8A3TnLaYIdNtQcKall,"97. SEOKEY, le plugin SEO essentiel pour WordPress","97.-SEOKEY,-le-plugin-SEO-essentiel-pour-WordPress","99_ARCHIVES/2025/99_ARCHIVES/A-trier-plus-tard/SCHOOLSWP.COM/ARTICLES/FRANCAISE/97. SEOKEY, le plugin SEO essentiel pour WordPress",low,spaces,application/vnd.google-apps.folder
1KvF7EOBPqvQAAHiLdeZbDk8zdnshFGde,"35. Fluent Forms, le plugin WP pour vos formulaires","35.-Fluent-Forms,-le-plugin-WP-pour-vos-formulaires","99_ARCHIVES/2025/99_ARCHIVES/A-trier-plus-tard/SCHOOLSWP.COM/ARTICLES/FRANCAISE/35. Fluent Forms, le plugin WP pour vos formulaires",low,spaces,application/vnd.google-apps.folder
1ARIlU51UFo-Wss8L0emf5hqaEjgfbmpI,07. Qu’est-ce que le plugin Divi BodyCommerce,07.-Qu’est-ce-que-le-plugin-Divi-BodyCommerce,99_ARCHIVES/2025/99_ARCHIVES/A-trier-plus-tard/SCHOOLSWP.COM/ARTICLES/FRANCAISE/07. Qu’est-ce que le plugin Divi BodyCommerce,low,spaces,application/vnd.google-apps.folder
1E7OyImxopnVIb1qmpIgB5noRhkG0a20Z,06. Tout ce que vous devez savoir sur BuddyBoss,06.-Tout-ce-que-vous-devez-savoir-sur-BuddyBoss,99_ARCHIVES/2025/99_ARCHIVES/A-trier-plus-tard/SCHOOLSWP.COM/ARTICLES/FRANCAISE/06. Tout ce que vous devez savoir sur BuddyBoss,low,spaces,application/vnd.google-apps.folder
1NO0qZFCx-oh32KvIMYPCS4Kb23dYGIhp,66. AIOSEO - Le Plugin All in One SEO Ultime pour WordPress,66.-AIOSEO-Le-Plugin-All-in-One-SEO-Ultime-pour-WordPress,99_ARCHIVES/2025/99_ARCHIVES/A-trier-plus-tard/SCHOOLSWP.COM/ARTICLES/FRANCAISE/66. AIOSEO - Le Plugin All in One SEO Ultime pour WordPress,low,spaces,application/vnd.google-apps.folder
1OFJMD7RerAa7TBfJgudIpnJwWnsMRFnU,55. Manychat le Chatbot Messenger de Facebook,55.-Manychat-le-Chatbot-Messenger-de-Facebook,99_ARCHIVES/2025/99_ARCHIVES/A-trier-plus-tard/SCHOOLSWP.COM/ARTICLES/FRANCAISE/55. Manychat le Chatbot Messenger de Facebook,low,spaces,application/vnd.google-apps.folder
1O7wR3K98FzRONZ3IEdvIglBuqQd-TM5D,"58. SureCart, le plugin qui concurrence WooCommerce","58.-SureCart,-le-plugin-qui-concurrence-WooCommerce","99_ARCHIVES/2025/99_ARCHIVES/A-trier-plus-tard/SCHOOLSWP.COM/ARTICLES/FRANCAISE/58. SureCart, le plugin qui concurrence WooCommerce",low,spaces,application/vnd.google-apps.folder
1Nd99yFC7h7toJLYaHcxBU8qnKU3hgjcG,60. Tout ce que vous devez savoir sur Webflow,60.-Tout-ce-que-vous-devez-savoir-sur-Webflow,99_ARCHIVES/2025/99_ARCHIVES/A-trier-plus-tard/SCHOOLSWP.COM/ARTICLES/FRANCAISE/60. Tout ce que vous devez savoir sur Webflow,low,spaces,application/vnd.google-apps.folder
1NcRf4jFseuUaueOsewBLR-U56rdaCzQs,61. Un beau site Wordpress avec Canva,61.-Un-beau-site-Wordpress-avec-Canva,99_ARCHIVES/2025/99_ARCHIVES/A-trier-plus-tard/SCHOOLSWP.COM/ARTICLES/FRANCAISE/61. Un beau site Wordpress avec Canva,low,spaces,application/vnd.google-apps.folder
1NdabZswmkh6KW-RyrINNCmOLYonGQPU4,59. Qu’est-ce que WP Social Ninja,59.-Qu’est-ce-que-WP-Social-Ninja,99_ARCHIVES/2025/99_ARCHIVES/A-trier-plus-tard/SCHOOLSWP.COM/ARTICLES/FRANCAISE/59. Qu’est-ce que WP Social Ninja,low,spaces,application/vnd.google-apps.folder
1OAuwySgfEEom8Mq3Ztgn_sIhiOJKQcmv,"57. WishList Member, tout savoir sur ce plugin WordPress","57.-WishList-Member,-tout-savoir-sur-ce-plugin-WordPress","99_ARCHIVES/2025/99_ARCHIVES/A-trier-plus-tard/SCHOOLSWP.COM/ARTICLES/FRANCAISE/57. WishList Member, tout savoir sur ce plugin WordPress",low,spaces,application/vnd.google-apps.folder
1OO6ztaTCpNHXwzBIiy8p29OVAAy2hR0k,53. Tout ce que vous devez savoir sur LaunchFlows,53.-Tout-ce-que-vous-devez-savoir-sur-LaunchFlows,99_ARCHIVES/2025/99_ARCHIVES/A-trier-plus-tard/SCHOOLSWP.COM/ARTICLES/FRANCAISE/53. Tout ce que vous devez savoir sur LaunchFlows,low,spaces,application/vnd.google-apps.folder
1LRqtYY-h5jFqlIah1D2FasKRAb8xf4Lq,45. WooFunnels Funnel Builder est-il un bon choix,45.-WooFunnels-Funnel-Builder-est-il-un-bon-choix,99_ARCHIVES/2025/99_ARCHIVES/A-trier-plus-tard/SCHOOLSWP.COM/ARTICLES/FRANCAISE/45. WooFunnels Funnel Builder est-il un bon choix,low,spaces,application/vnd.google-apps.folder
1KtDoCQmIOWmb4iW9TU6ozv2W5yxFLIOG,38. Top 3 des addons Elementor,38.-Top-3-des-addons-Elementor,99_ARCHIVES/2025/99_ARCHIVES/A-trier-plus-tard/SCHOOLSWP.COM/ARTICLES/FRANCAISE/38. Top 3 des addons Elementor,low,spaces,application/vnd.google-apps.folder
1KuVJkawi-RCts5Ofy-ORkn6DFuhlqXmZ,37. Spotlight Social Media Feeds,37.-Spotlight-Social-Media-Feeds,99_ARCHIVES/2025/99_ARCHIVES/A-trier-plus-tard/SCHOOLSWP.COM/ARTICLES/FRANCAISE/37. Spotlight Social Media Feeds,low,spaces,application/vnd.google-apps.folder
1L0xUgAyA2P-ZlHDQhJC8rg91EoXazmhD,32. Devez-vous installer Rank Math PRO,32.-Devez-vous-installer-Rank-Math-PRO,99_ARCHIVES/2025/99_ARCHIVES/A-trier-plus-tard/SCHOOLSWP.COM/ARTICLES/FRANCAISE/32. Devez-vous installer Rank Math PRO,low,spaces,application/vnd.google-apps.folder
1LLXGLP1yedA5kA8h8zarM4ARX2r875p4,27. Qu’est-ce que l’affiliation marketing,27.-Qu’est-ce-que-l’affiliation-marketing,99_ARCHIVES/2025/99_ARCHIVES/A-trier-plus-tard/SCHOOLSWP.COM/ARTICLES/FRANCAISE/27. Qu’est-ce que l’affiliation marketing,low,spaces,application/vnd.google-apps.folder
1LNdGC81JedyT1uxTbf3QC_FqhNTXu8yj,"25. Jungle Scout, l’outil pour booster vos ventes sur Amazon","25.-Jungle-Scout,-l’outil-pour-booster-vos-ventes-sur-Amazon","99_ARCHIVES/2025/99_ARCHIVES/A-trier-plus-tard/SCHOOLSWP.COM/ARTICLES/FRANCAISE/25. Jungle Scout, l’outil pour booster vos ventes sur Amazon",low,spaces,application/vnd.google-apps.folder
1LHJO4XlQL-_c26p2RBO-5ZGaAeRjCbuh,28. Qu’est-ce que l’AMP de Google,28.-Qu’est-ce-que-l’AMP-de-Google,99_ARCHIVES/2025/99_ARCHIVES/A-trier-plus-tard/SCHOOLSWP.COM/ARTICLES/FRANCAISE/28. Qu’est-ce que l’AMP de Google,low,spaces,application/vnd.google-apps.folder
1K1kw7QyyCZkcDbM5ozEnjC7gpWF2aEJN,23. Ce que je pense de Divi Pixel,23.-Ce-que-je-pense-de-Divi-Pixel,99_ARCHIVES/2025/99_ARCHIVES/A-trier-plus-tard/SCHOOLSWP.COM/ARTICLES/FRANCAISE/23. Ce que je pense de Divi Pixel,low,spaces,application/vnd.google-apps.folder
1LDX_o9d_jKbiZBUY58N40fKfrLpvhfue,29. Qui est Frank Houbre,29.-Qui-est-Frank-Houbre,99_ARCHIVES/2025/99_ARCHIVES/A-trier-plus-tard/SCHOOLSWP.COM/ARTICLES/FRANCAISE/29. Qui est Frank Houbre,low,spaces,application/vnd.google-apps.folder
1K4RJG_p_3_22qp_VnrJ56d96YDxkZ_2-,21. Mon avis sur Kadence WP,21.-Mon-avis-sur-Kadence-WP,99_ARCHIVES/2025/99_ARCHIVES/A-trier-plus-tard/SCHOOLSWP.COM/ARTICLES/FRANCAISE/21. Mon avis sur Kadence WP,low,spaces,application/vnd.google-apps.folder
1IA7bhdWtG7WAq0ujQWmggzLPyJipLpoA,19. Qu’est-ce que WP Rocket Plugin,19.-Qu’est-ce-que-WP-Rocket-Plugin,99_ARCHIVES/2025/99_ARCHIVES/A-trier-plus-tard/SCHOOLSWP.COM/ARTICLES/FRANCAISE/19. Qu’est-ce que WP Rocket Plugin,low,spaces,application/vnd.google-apps.folder
1JyfK8RKTN8svBUZZEodmoO84OKimSlXW,"24. Semrush, l’outil SEO les plus performant","24.-Semrush,-l’outil-SEO-les-plus-performant","99_ARCHIVES/2025/99_ARCHIVES/A-trier-plus-tard/SCHOOLSWP.COM/ARTICLES/FRANCAISE/24. Semrush, l’outil SEO les plus performant",low,spaces,application/vnd.google-apps.folder
1I8KdvC31C_2IMcv5Tkb1gev_pONodhx7,20. On vous dit tout sur Google Web Stories pour WordPress,20.-On-vous-dit-tout-sur-Google-Web-Stories-pour-WordPress,99_ARCHIVES/2025/99_ARCHIVES/A-trier-plus-tard/SCHOOLSWP.COM/ARTICLES/FRANCAISE/20. On vous dit tout sur Google Web Stories pour WordPress,low,spaces,application/vnd.google-apps.folder
1IF7Tgr50-iWNOoPwf5GXgypVGkUWw4n5,18. FluentCRM est-il le meilleur CRM WordPress,18.-FluentCRM-est-il-le-meilleur-CRM-WordPress,99_ARCHIVES/2025/99_ARCHIVES/A-trier-plus-tard/SCHOOLSWP.COM/ARTICLES/FRANCAISE/18. FluentCRM est-il le meilleur CRM WordPress,low,spaces,application/vnd.google-apps.folder
1IHeyXj_O7pYNpKWhT0yXksnFMJhewrZa,"17. Groundhogg, la marmotte qui va vous simplifier la vie","17.-Groundhogg,-la-marmotte-qui-va-vous-simplifier-la-vie","99_ARCHIVES/2025/99_ARCHIVES/A-trier-plus-tard/SCHOOLSWP.COM/ARTICLES/FRANCAISE/17. Groundhogg, la marmotte qui va vous simplifier la vie",low,spaces,application/vnd.google-apps.folder
1IpQKkO67l8p_Vbsk-8AGMMmM4M_f2Dmw,13. On vous dit tout sur le plugin Elementor,13.-On-vous-dit-tout-sur-le-plugin-Elementor,99_ARCHIVES/2025/99_ARCHIVES/A-trier-plus-tard/SCHOOLSWP.COM/ARTICLES/FRANCAISE/13. On vous dit tout sur le plugin Elementor,low,spaces,application/vnd.google-apps.folder
1I_3UC5VvA6TQGyTncdokOIVxbiCw6FYg,14. Zoom sur Divi,14.-Zoom-sur-Divi,99_ARCHIVES/2025/99_ARCHIVES/A-trier-plus-tard/SCHOOLSWP.COM/ARTICLES/FRANCAISE/14. Zoom sur Divi,low,spaces,application/vnd.google-apps.folder
1IyaGRoYmdLNr-HXoizPcBJwBft5vb_ME,11. Ce qu’il faut savoir sur la plateforme 5euros.com,11.-Ce-qu’il-faut-savoir-sur-la-plateforme-5euros.com,99_ARCHIVES/2025/99_ARCHIVES/A-trier-plus-tard/SCHOOLSWP.COM/ARTICLES/FRANCAISE/11. Ce qu’il faut savoir sur la plateforme 5euros.com,low,spaces,application/vnd.google-apps.folder
1ISSxpyREdx1Ls__7Q1fbChGEMU4-EhsQ,15. Pourquoi utiliser Wordpress Multisite,15.-Pourquoi-utiliser-Wordpress-Multisite,99_ARCHIVES/2025/99_ARCHIVES/A-trier-plus-tard/SCHOOLSWP.COM/ARTICLES/FRANCAISE/15. Pourquoi utiliser Wordpress Multisite,low,spaces,application/vnd.google-apps.folder
1tHuJeQ0a85iv71Uxx4jqCJq_bOiblPtP,schoolsWP.com Couverture Article Blog (1200 × 675 px),schoolsWP.com-Couverture-Article-Blog-(1200-×-675-px),99_ARCHIVES/2025/99_ARCHIVES/A-trier-plus-tard/SCHOOLSWP.COM/ARTICLES/schoolsWP.com Couverture Article Blog (1200 × 675 px),low,spaces,application/vnd.google-apps.folder
1lJjp04PVQsjCB-rUNMcgUTkrEsQn51Tw,Black Friday,Black-Friday,99_ARCHIVES/2025/99_ARCHIVES/A-trier-plus-tard/SCHOOLSWP.COM/ARTICLES/Black Friday,low,spaces,application/vnd.google-apps.folder
1-lezGjQuU9Gl45L9ctFVevmRSuUxqQij,101. ZipWP vs. InstaWP - which is best for launching your,101.-ZipWP-vs.-InstaWP-which-is-best-for-launching-your,99_ARCHIVES/2025/99_ARCHIVES/A-trier-plus-tard/SCHOOLSWP.COM/ARTICLES/ANGLAISE/101. ZipWP vs. InstaWP - which is best for launching your,low,spaces,application/vnd.google-apps.folder
1C1T9ovtcroZbqxh6GSapFtahGzhTVqJe,105. A slug in WordPress what is it and how can I,105.-A-slug-in-WordPress-what-is-it-and-how-can-I,99_ARCHIVES/2025/99_ARCHIVES/A-trier-plus-tard/SCHOOLSWP.COM/ARTICLES/ANGLAISE/105. A slug in WordPress what is it and how can I,low,spaces,application/vnd.google-apps.folder
1Cup-RtwE9OA9JBYlydLdhSvsM7RfPGU8,91. Suremembers Discover the Best Membership Plugin for,91.-Suremembers-Discover-the-Best-Membership-Plugin-for,99_ARCHIVES/2025/99_ARCHIVES/A-trier-plus-tard/SCHOOLSWP.COM/ARTICLES/ANGLAISE/91. Suremembers Discover the Best Membership Plugin for,low,spaces,application/vnd.google-apps.folder
1FZE_L15JiSKpIUazYu9DP4vdjCPGqREJ,108. What is custom WordPress website design and its,108.-What-is-custom-WordPress-website-design-and-its,99_ARCHIVES/2025/99_ARCHIVES/A-trier-plus-tard/SCHOOLSWP.COM/ARTICLES/ANGLAISE/108. What is custom WordPress website design and its,low,spaces,application/vnd.google-apps.folder
1HPvK2_yGi1m00hOlQVvIvTzGtfWaXJ1n,90. SureMembers vs Wishlist Member - which extension to,90.-SureMembers-vs-Wishlist-Member-which-extension-to,99_ARCHIVES/2025/99_ARCHIVES/A-trier-plus-tard/SCHOOLSWP.COM/ARTICLES/ANGLAISE/90. SureMembers vs Wishlist Member - which extension to,low,spaces,application/vnd.google-apps.folder
1RzbzJgaZr_S_IHXpxtcbQBQSm9IrEHbh,110. FluentCommunity Build a WordPress community fast,110.-FluentCommunity-Build-a-WordPress-community-fast,99_ARCHIVES/2025/99_ARCHIVES/A-trier-plus-tard/SCHOOLSWP.COM/ARTICLES/ANGLAISE/110. FluentCommunity Build a WordPress community fast,low,spaces,application/vnd.google-apps.folder
1YgVt4l7jpUS4rAaaXJOORtZWu-Er49zE,57. WishList Member Everything you need to know about,57.-WishList-Member-Everything-you-need-to-know-about,99_ARCHIVES/2025/99_ARCHIVES/A-trier-plus-tard/SCHOOLSWP.COM/ARTICLES/ANGLAISE/57. WishList Member Everything you need to know about,low,spaces,application/vnd.google-apps.folder
1iCJrBS27-N6efKClcQUaktcSKR1vWlBa,41. Tutor LMS Review 2025 The Best LMS Solution for,41.-Tutor-LMS-Review-2025-The-Best-LMS-Solution-for,99_ARCHIVES/2025/99_ARCHIVES/A-trier-plus-tard/SCHOOLSWP.COM/ARTICLES/ANGLAISE/41. Tutor LMS Review 2025 The Best LMS Solution for,low,spaces,application/vnd.google-apps.folder
1jCh1F-GRsnZ8ImuZWZfjSfQB3JsQuVpi,117. Academy LMS Everything you need to know about the,117.-Academy-LMS-Everything-you-need-to-know-about-the,99_ARCHIVES/2025/99_ARCHIVES/A-trier-plus-tard/SCHOOLSWP.COM/ARTICLES/ANGLAISE/117. Academy LMS Everything you need to know about the,low,spaces,application/vnd.google-apps.folder
1kcer_oBWB6ulNqM_JkO7H25j_kmLJbXa,89. Divi Builder vs Elementor Pro The Duel of WordPress,89.-Divi-Builder-vs-Elementor-Pro-The-Duel-of-WordPress,99_ARCHIVES/2025/99_ARCHIVES/A-trier-plus-tard/SCHOOLSWP.COM/ARTICLES/ANGLAISE/89. Divi Builder vs Elementor Pro The Duel of WordPress,low,spaces,application/vnd.google-apps.folder
1nFex9eLEwajrlem9AYDfdIeQZ-EMx_jx,58. SureCart the ideal solution for selling digital,58.-SureCart-the-ideal-solution-for-selling-digital,99_ARCHIVES/2025/99_ARCHIVES/A-trier-plus-tard/SCHOOLSWP.COM/ARTICLES/ANGLAISE/58. SureCart the ideal solution for selling digital,low,spaces,application/vnd.google-apps.folder
1ncwAbvOujFKIWl1TN8as_-JRXDqQQIH8,102. Local WP Choosing between Local by Flywheel or Xampp,102.-Local-WP-Choosing-between-Local-by-Flywheel-or-Xampp,99_ARCHIVES/2025/99_ARCHIVES/A-trier-plus-tard/SCHOOLSWP.COM/ARTICLES/ANGLAISE/102. Local WP Choosing between Local by Flywheel or Xampp,low,spaces,application/vnd.google-apps.folder
1oIYSgZCbdux2Pr5NQmWS05TtNlfeyqDl,106. Link Finder optimize your netlinking strategy at,106.-Link-Finder-optimize-your-netlinking-strategy-at,99_ARCHIVES/2025/99_ARCHIVES/A-trier-plus-tard/SCHOOLSWP.COM/ARTICLES/ANGLAISE/106. Link Finder optimize your netlinking strategy at,low,spaces,application/vnd.google-apps.folder
1p28V_mhelP4MU8chYLv6au1jZE8EGb4S,70. FluentBooking vs Amelia Booking for WordPress which,70.-FluentBooking-vs-Amelia-Booking-for-WordPress-which,99_ARCHIVES/2025/99_ARCHIVES/A-trier-plus-tard/SCHOOLSWP.COM/ARTICLES/ANGLAISE/70. FluentBooking vs Amelia Booking for WordPress which,low,spaces,application/vnd.google-apps.folder
1u8IKMhJPY3UVNmg8yNc6NZ-9-gCapI9n,119. Link Whisper The Ultimate WordPress Plugin for,119.-Link-Whisper-The-Ultimate-WordPress-Plugin-for,99_ARCHIVES/2025/99_ARCHIVES/A-trier-plus-tard/SCHOOLSWP.COM/ARTICLES/ANGLAISE/119. Link Whisper The Ultimate WordPress Plugin for,low,spaces,application/vnd.google-apps.folder
1syJcjNvPOCKCANJhXLmkivMiy0hG8wAd,40. Crocoblock the ultimate tool for boosting your,40.-Crocoblock-the-ultimate-tool-for-boosting-your,99_ARCHIVES/2025/99_ARCHIVES/A-trier-plus-tard/SCHOOLSWP.COM/ARTICLES/ANGLAISE/40. Crocoblock the ultimate tool for boosting your,low,spaces,application/vnd.google-apps.folder
1wJg6ScWeLi0ygTqJxjuIv5qc63fIF-yg,95. Wordpress Translation Plugin Top 10 for Globalizing,95.-Wordpress-Translation-Plugin-Top-10-for-Globalizing,99_ARCHIVES/2025/99_ARCHIVES/A-trier-plus-tard/SCHOOLSWP.COM/ARTICLES/ANGLAISE/95. Wordpress Translation Plugin Top 10 for Globalizing,low,spaces,application/vnd.google-apps.folder
1-RLE4zUsWl7P7nCvPz8c-wytrMEoMmZa,120. LearnDash The ideal WordPress plugin for your online,120.-LearnDash-The-ideal-WordPress-plugin-for-your-online,99_ARCHIVES/2025/99_ARCHIVES/A-trier-plus-tard/SCHOOLSWP.COM/ARTICLES/ANGLAISE/120. LearnDash The ideal WordPress plugin for your online,low,spaces,application/vnd.google-apps.folder
1160AOjK-K2gG_rP-5uWf-zGvJL-r9Iyx,15. Why have a WordPress multisite The complete guide to,15.-Why-have-a-WordPress-multisite-The-complete-guide-to,99_ARCHIVES/2025/99_ARCHIVES/A-trier-plus-tard/SCHOOLSWP.COM/ARTICLES/ANGLAISE/15. Why have a WordPress multisite The complete guide to,low,spaces,application/vnd.google-apps.folder
1wrzNVxOvj3xckK1P98ady3I4vFT5Eihk,121. Learn WordPress on your own a complete guide for,121.-Learn-WordPress-on-your-own-a-complete-guide-for,99_ARCHIVES/2025/99_ARCHIVES/A-trier-plus-tard/SCHOOLSWP.COM/ARTICLES/ANGLAISE/121. Learn WordPress on your own a complete guide for,low,spaces,application/vnd.google-apps.folder
110nwRHuNkqlDOY7u35o4sVVrf9zIJhEO,125. FluentCart review Should you adopt it for your,125.-FluentCart-review-Should-you-adopt-it-for-your,99_ARCHIVES/2025/99_ARCHIVES/A-trier-plus-tard/SCHOOLSWP.COM/ARTICLES/ANGLAISE/125. FluentCart review Should you adopt it for your,low,spaces,application/vnd.google-apps.folder
1zXhjPgJ8e9VzshqYqzgp1fzbnvSIPuSf,"126. Droip the WordPress alternative to Webflow, without","126.-Droip-the-WordPress-alternative-to-Webflow,-without","99_ARCHIVES/2025/99_ARCHIVES/A-trier-plus-tard/SCHOOLSWP.COM/ARTICLES/ANGLAISE/126. Droip the WordPress alternative to Webflow, without",low,spaces,application/vnd.google-apps.folder
1blInMLFPI-sPhvmKYv3_M29RbIuBCNZ0,19. WP Rocket the must-have caching plugin to speed up,19.-WP-Rocket-the-must-have-caching-plugin-to-speed-up,99_ARCHIVES/2025/99_ARCHIVES/A-trier-plus-tard/SCHOOLSWP.COM/ARTICLES/ANGLAISE/19. WP Rocket the must-have caching plugin to speed up,low,spaces,application/vnd.google-apps.folder
18MYGwHoLuTzJXe7Wkrll48yCPbVuuJGP,65. ClickWhale Your ultimate link shortener and click,65.-ClickWhale-Your-ultimate-link-shortener-and-click,99_ARCHIVES/2025/99_ARCHIVES/A-trier-plus-tard/SCHOOLSWP.COM/ARTICLES/ANGLAISE/65. ClickWhale Your ultimate link shortener and click,low,spaces,application/vnd.google-apps.folder
1xuL6Tk02lc-etQtQXbzv51cu7nIhinmd,59. WP Social Ninja - All-in-One Plugin for Social,59.-WP-Social-Ninja-All-in-One-Plugin-for-Social,99_ARCHIVES/2025/99_ARCHIVES/A-trier-plus-tard/SCHOOLSWP.COM/ARTICLES/ANGLAISE/59. WP Social Ninja - All-in-One Plugin for Social,low,spaces,application/vnd.google-apps.folder
1bBQejiqBrbk-XU-xybqFm7JBnUnYScBw,67. Microthemer Visual CSS editor for WordPress Customize,67.-Microthemer-Visual-CSS-editor-for-WordPress-Customize,99_ARCHIVES/2025/99_ARCHIVES/A-trier-plus-tard/SCHOOLSWP.COM/ARTICLES/ANGLAISE/67. Microthemer Visual CSS editor for WordPress Customize,low,spaces,application/vnd.google-apps.folder
1P_WhCt5Ip3GyiO___Qb8bGGnk3RVRUe3,51. Perfmatters - the Wordpress optimization tool for,51.-Perfmatters-the-Wordpress-optimization-tool-for,99_ARCHIVES/2025/99_ARCHIVES/A-trier-plus-tard/SCHOOLSWP.COM/ARTICLES/ANGLAISE/51. Perfmatters - the Wordpress optimization tool for,low,spaces,application/vnd.google-apps.folder
1oS5EBZwtDnwFbI6BNwhe65-ax5IzwTov,77. FlyingPress vs WP Rocket which is the best WordPress,77.-FlyingPress-vs-WP-Rocket-which-is-the-best-WordPress,99_ARCHIVES/2025/99_ARCHIVES/A-trier-plus-tard/SCHOOLSWP.COM/ARTICLES/ANGLAISE/77. FlyingPress vs WP Rocket which is the best WordPress,low,spaces,application/vnd.google-apps.folder
1ubO370svC1J98lUQ9VkVw0aru4veSZ9Z,129. Linksgarden review 2025 full test of the netlinking,129.-Linksgarden-review-2025-full-test-of-the-netlinking,99_ARCHIVES/2025/99_ARCHIVES/A-trier-plus-tard/SCHOOLSWP.COM/ARTICLES/ANGLAISE/129. Linksgarden review 2025 full test of the netlinking,low,spaces,application/vnd.google-apps.folder
1odkoShmiigPcU06xV1TGpf6NxtcbjgKK,127. AffiliatePress review my full review of the,127.-AffiliatePress-review-my-full-review-of-the,99_ARCHIVES/2025/99_ARCHIVES/A-trier-plus-tard/SCHOOLSWP.COM/ARTICLES/ANGLAISE/127. AffiliatePress review my full review of the,low,spaces,application/vnd.google-apps.folder
1YcEbXDirpE1QPPbawWxHkP9JPrBor6y2,83. WordPress.com vs WordPress.org Comparing to Make the,83.-WordPress.com-vs-WordPress.org-Comparing-to-Make-the,99_ARCHIVES/2025/99_ARCHIVES/A-trier-plus-tard/SCHOOLSWP.COM/ARTICLES/ANGLAISE/83. WordPress.com vs WordPress.org Comparing to Make the,low,spaces,application/vnd.google-apps.folder
1QcyzYXC1y8hfSGZeRXtgDhRRpuVR1SqS,76. WordPress Maintenance A Complete Guide to Keeping,76.-WordPress-Maintenance-A-Complete-Guide-to-Keeping,99_ARCHIVES/2025/99_ARCHIVES/A-trier-plus-tard/SCHOOLSWP.COM/ARTICLES/ANGLAISE/76. WordPress Maintenance A Complete Guide to Keeping,low,spaces,application/vnd.google-apps.folder
174U4Bb72Kpxq-7hyQHcss7cfn7yToSYO,132. Virfice review Customize your WooCommerce emails,132.-Virfice-review-Customize-your-WooCommerce-emails,99_ARCHIVES/2025/99_ARCHIVES/A-trier-plus-tard/SCHOOLSWP.COM/ARTICLES/ANGLAISE/132. Virfice review Customize your WooCommerce emails,low,spaces,application/vnd.google-apps.folder
1GaL49U479r7EfiUDk1WpNwY-1WUNH_5X,79. ClickWhale vs Pretty Links - Which is the best,79.-ClickWhale-vs-Pretty-Links-Which-is-the-best,99_ARCHIVES/2025/99_ARCHIVES/A-trier-plus-tard/SCHOOLSWP.COM/ARTICLES/ANGLAISE/79. ClickWhale vs Pretty Links - Which is the best,low,spaces,application/vnd.google-apps.folder
1vExBWrfk68OwTjRxlHqbWaGxHp0WTlO3,81. CartFlows vs LaunchFlows which one for your WordPress,81.-CartFlows-vs-LaunchFlows-which-one-for-your-WordPress,99_ARCHIVES/2025/99_ARCHIVES/A-trier-plus-tard/SCHOOLSWP.COM/ARTICLES/ANGLAISE/81. CartFlows vs LaunchFlows which one for your WordPress,low,spaces,application/vnd.google-apps.folder
1wiDxBebMgB1zeTqd1X3mQyDiA8QGLZfP,96. ElementsKit for Elementor all-in-one addons and,96.-ElementsKit-for-Elementor-all-in-one-addons-and,99_ARCHIVES/2025/99_ARCHIVES/A-trier-plus-tard/SCHOOLSWP.COM/ARTICLES/ANGLAISE/96. ElementsKit for Elementor all-in-one addons and,low,spaces,application/vnd.google-apps.folder
1GQRF11POmHE3Fnqk8u8PTSwe1sotKDSW,137. How to structure an article on WordPress to improve,137.-How-to-structure-an-article-on-WordPress-to-improve,99_ARCHIVES/2025/99_ARCHIVES/A-trier-plus-tard/SCHOOLSWP.COM/ARTICLES/ANGLAISE/137. How to structure an article on WordPress to improve,low,spaces,application/vnd.google-apps.folder
1biKH3XZQe0Nm9q8r9NSNzstCx07Q3W1R,131. FluentSMTP review 2025 the best free SMTP plugin for,131.-FluentSMTP-review-2025-the-best-free-SMTP-plugin-for,99_ARCHIVES/2025/99_ARCHIVES/A-trier-plus-tard/SCHOOLSWP.COM/ARTICLES/ANGLAISE/131. FluentSMTP review 2025 the best free SMTP plugin for,low,spaces,application/vnd.google-apps.folder
1hxsdr76zd0fN1NNu8svcR4oYW1FiJ2SJ,99. Suretriggers (OttoKit) vs Zapier find the best,99.-Suretriggers-(OttoKit)-vs-Zapier-find-the-best,99_ARCHIVES/2025/99_ARCHIVES/A-trier-plus-tard/SCHOOLSWP.COM/ARTICLES/ANGLAISE/99. Suretriggers (OttoKit) vs Zapier find the best,low,spaces,application/vnd.google-apps.folder
1p_OAIKawM38wLXPajlRJfgcnRBhnAMe_,136. WPMissionControl Comprehensive test of the WordPress,136.-WPMissionControl-Comprehensive-test-of-the-WordPress,99_ARCHIVES/2025/99_ARCHIVES/A-trier-plus-tard/SCHOOLSWP.COM/ARTICLES/ANGLAISE/136. WPMissionControl Comprehensive test of the WordPress,low,spaces,application/vnd.google-apps.folder
1OUTx5DhZDlnlBhSBEFN_wFWiweRbeIJD,138. Fluentcart WordPress the simple alternative to,138.-Fluentcart-WordPress-the-simple-alternative-to,99_ARCHIVES/2025/99_ARCHIVES/A-trier-plus-tard/SCHOOLSWP.COM/ARTICLES/ANGLAISE/138. Fluentcart WordPress the simple alternative to,low,spaces,application/vnd.google-apps.folder
1gBZiq_O6ehGGgZxwy4UfZPdh_4pdSR6b,63. Ninja Tables Review Discover the best table plugin,63.-Ninja-Tables-Review-Discover-the-best-table-plugin,99_ARCHIVES/2025/99_ARCHIVES/A-trier-plus-tard/SCHOOLSWP.COM/ARTICLES/ANGLAISE/63. Ninja Tables Review Discover the best table plugin,low,spaces,application/vnd.google-apps.folder
1jCdADg5FHCoKAdulfwEdtA9OFgo9IBw5,"31. EasyHoster hosting security, backups, performance,","31.-EasyHoster-hosting-security,-backups,-performance,","99_ARCHIVES/2025/99_ARCHIVES/A-trier-plus-tard/SCHOOLSWP.COM/ARTICLES/ANGLAISE/31. EasyHoster hosting security, backups, performance,",low,spaces,application/vnd.google-apps.folder
1DAQCrBZF6BzsOvJZqwKMLPsKb2DUphiI,05. AliDropship Review One-Click AliExpress Store on,05.-AliDropship-Review-One-Click-AliExpress-Store-on,99_ARCHIVES/2025/99_ARCHIVES/A-trier-plus-tard/SCHOOLSWP.COM/ARTICLES/ANGLAISE/05. AliDropship Review One-Click AliExpress Store on,low,spaces,application/vnd.google-apps.folder
1NH97vdpsahxGdxeXH2akoo1gZ4mtuV9N,100. SureMembers vs Restrict Content Pro comparison of,100.-SureMembers-vs-Restrict-Content-Pro-comparison-of,99_ARCHIVES/2025/99_ARCHIVES/A-trier-plus-tard/SCHOOLSWP.COM/ARTICLES/ANGLAISE/100. SureMembers vs Restrict Content Pro comparison of,low,spaces,application/vnd.google-apps.folder
1N3JDim6U6rQFIDgRccTNE-2PV7KZQKO7,84. FluentBoards Find out all about this project,84.-FluentBoards-Find-out-all-about-this-project,99_ARCHIVES/2025/99_ARCHIVES/A-trier-plus-tard/SCHOOLSWP.COM/ARTICLES/ANGLAISE/84. FluentBoards Find out all about this project,low,spaces,application/vnd.google-apps.folder
17vl3Si_WWNlVOlTqHP7juhtsFunjZWpR,104. SureForms AI-Powered WordPress Forms Plugin,104.-SureForms-AI-Powered-WordPress-Forms-Plugin,99_ARCHIVES/2025/99_ARCHIVES/A-trier-plus-tard/SCHOOLSWP.COM/ARTICLES/ANGLAISE/104. SureForms AI-Powered WordPress Forms Plugin,low,spaces,application/vnd.google-apps.folder
1KJfJpHQ3ThK_kUKdT7qVp_ep4Qvta7cp,107. WordPress Playground what is it and how do I use it,107.-WordPress-Playground-what-is-it-and-how-do-I-use-it,99_ARCHIVES/2025/99_ARCHIVES/A-trier-plus-tard/SCHOOLSWP.COM/ARTICLES/ANGLAISE/107. WordPress Playground what is it and how do I use it,low,spaces,application/vnd.google-apps.folder
1aZi5VgMC5dN2sRJhvbVaosVXFITIfu19,13. Everything you need to know about the Elementor plugin,13.-Everything-you-need-to-know-about-the-Elementor-plugin,99_ARCHIVES/2025/99_ARCHIVES/A-trier-plus-tard/SCHOOLSWP.COM/ARTICLES/ANGLAISE/13. Everything you need to know about the Elementor plugin,low,spaces,application/vnd.google-apps.folder
1SNoBlutsEcvk7LhjiyVOQdkImspe1GOc,137. Is it difficult to learn how to use WordPress,137.-Is-it-difficult-to-learn-how-to-use-WordPress,99_ARCHIVES/2025/99_ARCHIVES/A-trier-plus-tard/SCHOOLSWP.COM/ARTICLES/ANGLAISE/137. Is it difficult to learn how to use WordPress,low,spaces,application/vnd.google-apps.folder
1Eh0M0-NCjFwi0NwUZBdiBRRdIKR1_84d,"141. MailerPress 1.1 redesigned interface, custom fields","141.-MailerPress-1.1-redesigned-interface,-custom-fields","99_ARCHIVES/2025/99_ARCHIVES/A-trier-plus-tard/SCHOOLSWP.COM/ARTICLES/ANGLAISE/141. MailerPress 1.1 redesigned interface, custom fields",low,spaces,application/vnd.google-apps.folder
1tYBARIK8o_9Ev-YocXTTejUszTJHps_3,92. What is a WordPress theme Complete guide and use,92.-What-is-a-WordPress-theme-Complete-guide-and-use,99_ARCHIVES/2025/99_ARCHIVES/A-trier-plus-tard/SCHOOLSWP.COM/ARTICLES/ANGLAISE/92. What is a WordPress theme Complete guide and use,low,spaces,application/vnd.google-apps.folder
1VHHL6gTf9IAj-5BYgY-i8d5BKRdbdl8j,80. InstaWP How to Build a WordPress Website in One Click,80.-InstaWP-How-to-Build-a-WordPress-Website-in-One-Click,99_ARCHIVES/2025/99_ARCHIVES/A-trier-plus-tard/SCHOOLSWP.COM/ARTICLES/ANGLAISE/80. InstaWP How to Build a WordPress Website in One Click,low,spaces,application/vnd.google-apps.folder
1ItXAjLmUTryOpOq9titVGKCC-lItJoVN,142. Ninja Tables integrates FluentCart Interactive Tables,142.-Ninja-Tables-integrates-FluentCart-Interactive-Tables,99_ARCHIVES/2025/99_ARCHIVES/A-trier-plus-tard/SCHOOLSWP.COM/ARTICLES/ANGLAISE/142. Ninja Tables integrates FluentCart Interactive Tables,low,spaces,application/vnd.google-apps.folder
1Kst6sL6OodAlvTbA3AiY7JAiBnQI7IvL,140. Opinion on Metricool my full review,140.-Opinion-on-Metricool-my-full-review,99_ARCHIVES/2025/99_ARCHIVES/A-trier-plus-tard/SCHOOLSWP.COM/ARTICLES/ANGLAISE/140. Opinion on Metricool my full review,low,spaces,application/vnd.google-apps.folder
1lrzoAjxaH1Tv_w1GGvH6HXC6v-P-Ei9W,03. 6 Ways to Boost Your WordPress Blog,03.-6-Ways-to-Boost-Your-WordPress-Blog,99_ARCHIVES/2025/99_ARCHIVES/A-trier-plus-tard/SCHOOLSWP.COM/ARTICLES/ANGLAISE/03. 6 Ways to Boost Your WordPress Blog,low,spaces,application/vnd.google-apps.folder
1xOJSzlRXE4OaVLw6JUjr1zyjSBt7vD6s,34. Booking and appointment system with Amelia WP,34.-Booking-and-appointment-system-with-Amelia-WP,99_ARCHIVES/2025/99_ARCHIVES/A-trier-plus-tard/SCHOOLSWP.COM/ARTICLES/ANGLAISE/34. Booking and appointment system with Amelia WP,low,spaces,application/vnd.google-apps.folder
1_ag4DSydO68l1cBIySIIPiyAB1ipJmzn,78. Create an online training platform with WordPress,78.-Create-an-online-training-platform-with-WordPress,99_ARCHIVES/2025/99_ARCHIVES/A-trier-plus-tard/SCHOOLSWP.COM/ARTICLES/ANGLAISE/78. Create an online training platform with WordPress,low,spaces,application/vnd.google-apps.folder
1RVH4bpAZKmX2j8TOMtZkPi32WSPCFYA1,134. Bit Flows Avis 2025 WordPress automation without limits,134.-Bit-Flows-Avis-2025-WordPress-automation-without-limits,99_ARCHIVES/2025/99_ARCHIVES/A-trier-plus-tard/SCHOOLSWP.COM/ARTICLES/ANGLAISE/134. Bit Flows Avis 2025 WordPress automation without limits,low,spaces,application/vnd.google-apps.folder
1wyLJp6ORskxVoCVkjm560fo8NYXLk6Ox,82. How do I create a blog post on WordPress,82.-How-do-I-create-a-blog-post-on-WordPress,99_ARCHIVES/2025/99_ARCHIVES/A-trier-plus-tard/SCHOOLSWP.COM/ARTICLES/ANGLAISE/82. How do I create a blog post on WordPress,low,spaces,application/vnd.google-apps.folder
1gTMLeb4jX-91wS6h1rGjA5jyJtldOgGY,128. ARMember review The ideal WordPress plugin for members,128.-ARMember-review-The-ideal-WordPress-plugin-for-members,99_ARCHIVES/2025/99_ARCHIVES/A-trier-plus-tard/SCHOOLSWP.COM/ARTICLES/ANGLAISE/128. ARMember review The ideal WordPress plugin for members,low,spaces,application/vnd.google-apps.folder
1FeMGvSQQwxmeP3nVHqcs0Hz7ndv-uTix,68. thruuu the SERP scraping and analysis tool,68.-thruuu-the-SERP-scraping-and-analysis-tool,99_ARCHIVES/2025/99_ARCHIVES/A-trier-plus-tard/SCHOOLSWP.COM/ARTICLES/ANGLAISE/68. thruuu the SERP scraping and analysis tool,low,spaces,application/vnd.google-apps.folder
1nIPZo5JqrKnCuhvdQ4BbELA9RdANOzJr,28. What is Google AMP,28.-What-is-Google-AMP,99_ARCHIVES/2025/99_ARCHIVES/A-trier-plus-tard/SCHOOLSWP.COM/ARTICLES/ANGLAISE/28. What is Google AMP,low,spaces,application/vnd.google-apps.folder
10FKXkjCR8pwAWMJqgAA-hsS0Yf4rRv88,54. Solid Affiliate - The Top Affiliate Plugin for WordPress,54.-Solid-Affiliate-The-Top-Affiliate-Plugin-for-WordPress,99_ARCHIVES/2025/99_ARCHIVES/A-trier-plus-tard/SCHOOLSWP.COM/ARTICLES/ANGLAISE/54. Solid Affiliate - The Top Affiliate Plugin for WordPress,low,spaces,application/vnd.google-apps.folder
10Er7S2XyjqDlQTrKJLCKtlHfOUvBGH0O,86. Copilhost - Fast and Secure WordPress Hosting,86.-Copilhost-Fast-and-Secure-WordPress-Hosting,99_ARCHIVES/2025/99_ARCHIVES/A-trier-plus-tard/SCHOOLSWP.COM/ARTICLES/ANGLAISE/86. Copilhost - Fast and Secure WordPress Hosting,low,spaces,application/vnd.google-apps.folder
1hoOdLBM25tA3vLNEz6Kk8QQd95ayZB4A,122. o2switch Review 2025 Is the French web host worth it,122.-o2switch-Review-2025-Is-the-French-web-host-worth-it,99_ARCHIVES/2025/99_ARCHIVES/A-trier-plus-tard/SCHOOLSWP.COM/ARTICLES/ANGLAISE/122. o2switch Review 2025 Is the French web host worth it,low,spaces,application/vnd.google-apps.folder
104XzxrUlpT7_kIdWlcCRxM37-HGbM3Fg,06. All you need to know about BuddyBoss,06.-All-you-need-to-know-about-BuddyBoss,99_ARCHIVES/2025/99_ARCHIVES/A-trier-plus-tard/SCHOOLSWP.COM/ARTICLES/ANGLAISE/06. All you need to know about BuddyBoss,low,spaces,application/vnd.google-apps.folder
1sJqCjOknQsWOA4UDJPBBfv3HU4D24cvW,107. WordPress Playground what is it and how do I use it,107.-WordPress-Playground-what-is-it-and-how-do-I-use-it,99_ARCHIVES/2025/99_ARCHIVES/A-trier-plus-tard/SCHOOLSWP.COM/ARTICLES/ANGLAISE/107. WordPress Playground what is it and how do I use it,low,spaces,application/vnd.google-apps.folder
1WdxmrDCqXpJ1VQvm9XUKWrnvHmUKJlAX,113. WP Umbrella - Why do WordPress agencies love it,113.-WP-Umbrella-Why-do-WordPress-agencies-love-it,99_ARCHIVES/2025/99_ARCHIVES/A-trier-plus-tard/SCHOOLSWP.COM/ARTICLES/ANGLAISE/113. WP Umbrella - Why do WordPress agencies love it,low,spaces,application/vnd.google-apps.folder
1V5grxPGIrJM0_cluqYPDXxkrjb3eH_ho,85. Clean WordPress database - complete guide and plugins,85.-Clean-WordPress-database-complete-guide-and-plugins,99_ARCHIVES/2025/99_ARCHIVES/A-trier-plus-tard/SCHOOLSWP.COM/ARTICLES/ANGLAISE/85. Clean WordPress database - complete guide and plugins,low,spaces,application/vnd.google-apps.folder
1QEuUfjOzbusVGp6I0mhS6pJtC-Pex2x3,112. What is Gutenberg in WordPress,112.-What-is-Gutenberg-in-WordPress,99_ARCHIVES/2025/99_ARCHIVES/A-trier-plus-tard/SCHOOLSWP.COM/ARTICLES/ANGLAISE/112. What is Gutenberg in WordPress,low,spaces,application/vnd.google-apps.folder
1OEDHhiviMUKWs4GBrZ28_Bk-74uTp27X,109. WP Marmite Pay simplifies payments on WordPress,109.-WP-Marmite-Pay-simplifies-payments-on-WordPress,99_ARCHIVES/2025/99_ARCHIVES/A-trier-plus-tard/SCHOOLSWP.COM/ARTICLES/ANGLAISE/109. WP Marmite Pay simplifies payments on WordPress,low,spaces,application/vnd.google-apps.folder
1NT_ih4pC9MZp6P0ol4h3kxFSIikneZLy,73. ZipWP Revolutionize WordPress site creation with AI,73.-ZipWP-Revolutionize-WordPress-site-creation-with-AI,99_ARCHIVES/2025/99_ARCHIVES/A-trier-plus-tard/SCHOOLSWP.COM/ARTICLES/ANGLAISE/73. ZipWP Revolutionize WordPress site creation with AI,low,spaces,application/vnd.google-apps.folder
1Ldp-jeJZKTIs-FFgDGzlQ8akLetfoY0s,94. WPBoutik reinvents e-commerce on WordPress,94.-WPBoutik-reinvents-e-commerce-on-WordPress,99_ARCHIVES/2025/99_ARCHIVES/A-trier-plus-tard/SCHOOLSWP.COM/ARTICLES/ANGLAISE/94. WPBoutik reinvents e-commerce on WordPress,low,spaces,application/vnd.google-apps.folder
1HKbnqRUMZODBDEBwOmdKSUTv8ObG-OSI,74. What is a WordPress plugin and how to use it effectively,74.-What-is-a-WordPress-plugin-and-how-to-use-it-effectively,99_ARCHIVES/2025/99_ARCHIVES/A-trier-plus-tard/SCHOOLSWP.COM/ARTICLES/ANGLAISE/74. What is a WordPress plugin and how to use it effectively,low,spaces,application/vnd.google-apps.folder
16L98erAOA_IoBRJiwnGPEO6ZgrQ_DtfX,93. Opinions on Linkuma - is it the benchmark for netlinking,93.-Opinions-on-Linkuma-is-it-the-benchmark-for-netlinking,99_ARCHIVES/2025/99_ARCHIVES/A-trier-plus-tard/SCHOOLSWP.COM/ARTICLES/ANGLAISE/93. Opinions on Linkuma - is it the benchmark for netlinking,low,spaces,application/vnd.google-apps.folder
1DtVeT6_drO9ccZ5M93UE9nQq5dijDRb-,"97. SEOKEY, the essential SEO plugin for WordPress","97.-SEOKEY,-the-essential-SEO-plugin-for-WordPress","99_ARCHIVES/2025/99_ARCHIVES/A-trier-plus-tard/SCHOOLSWP.COM/ARTICLES/ANGLAISE/97. SEOKEY, the essential SEO plugin for WordPress",low,spaces,application/vnd.google-apps.folder
1-dhIvHb4QgAegrem1rp6uH1dhKh6927o,"101. ZipWP vs. InstaWP Was ist besser, um Ihre","101.-ZipWP-vs.-InstaWP-Was-ist-besser,-um-Ihre","99_ARCHIVES/2025/99_ARCHIVES/A-trier-plus-tard/SCHOOLSWP.COM/ARTICLES/ALLEMANDE/101. ZipWP vs. InstaWP Was ist besser, um Ihre",low,spaces,application/vnd.google-apps.folder
1270P3-mVjIRNiRJEWt0uwGhtJmJZLJwV,"103. TasteWP - Erfahren Sie, wie Sie Ihre","103.-TasteWP-Erfahren-Sie,-wie-Sie-Ihre","99_ARCHIVES/2025/99_ARCHIVES/A-trier-plus-tard/SCHOOLSWP.COM/ARTICLES/ALLEMANDE/103. TasteWP - Erfahren Sie, wie Sie Ihre",low,spaces,application/vnd.google-apps.folder
1CSFbo2ScXFfL7SZJdugX-rlmjYnQ-ya-,105. Ein Slug in WordPress - Was ist das und wie kann man,105.-Ein-Slug-in-WordPress-Was-ist-das-und-wie-kann-man,99_ARCHIVES/2025/99_ARCHIVES/A-trier-plus-tard/SCHOOLSWP.COM/ARTICLES/ALLEMANDE/105. Ein Slug in WordPress - Was ist das und wie kann man,low,spaces,application/vnd.google-apps.folder
1ECJruRAvXK9KJ8KbRMmljd4pNpXmE3vl,91. Suremembers - Entdecken Sie das beste,91.-Suremembers-Entdecken-Sie-das-beste,99_ARCHIVES/2025/99_ARCHIVES/A-trier-plus-tard/SCHOOLSWP.COM/ARTICLES/ALLEMANDE/91. Suremembers - Entdecken Sie das beste,low,spaces,application/vnd.google-apps.folder
1FchjayKlVoqCY9TFjF7k1H2A5rr5H6Z2,108. Was ist die Erstellung einer maßgeschneiderten,108.-Was-ist-die-Erstellung-einer-maßgeschneiderten,99_ARCHIVES/2025/99_ARCHIVES/A-trier-plus-tard/SCHOOLSWP.COM/ARTICLES/ALLEMANDE/108. Was ist die Erstellung einer maßgeschneiderten,low,spaces,application/vnd.google-apps.folder
1HxBqZ42Sct4LJrytm6SPv_psknjL33-e,74. Was ein WordPress-Plugin ist und wie man es effektiv,74.-Was-ein-WordPress-Plugin-ist-und-wie-man-es-effektiv,99_ARCHIVES/2025/99_ARCHIVES/A-trier-plus-tard/SCHOOLSWP.COM/ARTICLES/ALLEMANDE/74. Was ein WordPress-Plugin ist und wie man es effektiv,low,spaces,application/vnd.google-apps.folder
1JpwT0dFBGWeFM-vuJHqc73p4qZgRTYQM,107. WordPress Playground Was ist das und wie verwende,107.-WordPress-Playground-Was-ist-das-und-wie-verwende,99_ARCHIVES/2025/99_ARCHIVES/A-trier-plus-tard/SCHOOLSWP.COM/ARTICLES/ALLEMANDE/107. WordPress Playground Was ist das und wie verwende,low,spaces,application/vnd.google-apps.folder
1Nuh7XevXbby3iCsadz1UKLiVP9NbZEt6,73. ZipWP Revolutionieren Sie die Erstellung von,73.-ZipWP-Revolutionieren-Sie-die-Erstellung-von,99_ARCHIVES/2025/99_ARCHIVES/A-trier-plus-tard/SCHOOLSWP.COM/ARTICLES/ALLEMANDE/73. ZipWP Revolutionieren Sie die Erstellung von,low,spaces,application/vnd.google-apps.folder
1Rknh7uGoJrV-HVyfWIoaGo3NX2C1gABc,110. FluentCommunity Bauen Sie mit diesem Plugin schnell,110.-FluentCommunity-Bauen-Sie-mit-diesem-Plugin-schnell,99_ARCHIVES/2025/99_ARCHIVES/A-trier-plus-tard/SCHOOLSWP.COM/ARTICLES/ALLEMANDE/110. FluentCommunity Bauen Sie mit diesem Plugin schnell,low,spaces,application/vnd.google-apps.folder
1TfAx0-k71AjgWWfRPm8YEjDDvDMApFFo,85. WordPress-Datenbank bereinigen Komplette Anleitung,85.-WordPress-Datenbank-bereinigen-Komplette-Anleitung,99_ARCHIVES/2025/99_ARCHIVES/A-trier-plus-tard/SCHOOLSWP.COM/ARTICLES/ALLEMANDE/85. WordPress-Datenbank bereinigen Komplette Anleitung,low,spaces,application/vnd.google-apps.folder
1kAuvboPsX46OLnsswMMmKLyLVQNr17uF,89. Divi Builder vs. Elementor Pro Das Duell der,89.-Divi-Builder-vs.-Elementor-Pro-Das-Duell-der,99_ARCHIVES/2025/99_ARCHIVES/A-trier-plus-tard/SCHOOLSWP.COM/ARTICLES/ALLEMANDE/89. Divi Builder vs. Elementor Pro Das Duell der,low,spaces,application/vnd.google-apps.folder
1pp_2u_NGeFbrjLBrz8JJY15xvH6lEDpk,106. Link Finder Optimieren Sie Ihre Netlinking-Strategie,106.-Link-Finder-Optimieren-Sie-Ihre-Netlinking-Strategie,99_ARCHIVES/2025/99_ARCHIVES/A-trier-plus-tard/SCHOOLSWP.COM/ARTICLES/ALLEMANDE/106. Link Finder Optimieren Sie Ihre Netlinking-Strategie,low,spaces,application/vnd.google-apps.folder
1smKqbBtstISUmqhi4echcOpqBhRMXo3i,118. Rapyd Cloud Das ultra-leistungsstarke,118.-Rapyd-Cloud-Das-ultra-leistungsstarke,99_ARCHIVES/2025/99_ARCHIVES/A-trier-plus-tard/SCHOOLSWP.COM/ARTICLES/ALLEMANDE/118. Rapyd Cloud Das ultra-leistungsstarke,low,spaces,application/vnd.google-apps.folder
10xGh3gKuMOyFcRpDTN95q3X7bHp5cY1n,15. WordPress Multisite Der komplette Guide zur zentralen,15.-WordPress-Multisite-Der-komplette-Guide-zur-zentralen,99_ARCHIVES/2025/99_ARCHIVES/A-trier-plus-tard/SCHOOLSWP.COM/ARTICLES/ALLEMANDE/15. WordPress Multisite Der komplette Guide zur zentralen,low,spaces,application/vnd.google-apps.folder
1aEF9X4QuyGVBs1-VL9dHREkfwXyVvODB,122. o2switch Meinungen 2025 Ist der französische,122.-o2switch-Meinungen-2025-Ist-der-franzosische,99_ARCHIVES/2025/99_ARCHIVES/A-trier-plus-tard/SCHOOLSWP.COM/ARTICLES/ALLEMANDE/122. o2switch Meinungen 2025 Ist der französische,low,spaces,application/vnd.google-apps.folder
1Lj_ILwO2HNYn3s7_YNOlrcJYACaqtDDR,68. Eingehende Analyse von thruuu Das SERP Scraping- und,68.-Eingehende-Analyse-von-thruuu-Das-SERP-Scraping-und,99_ARCHIVES/2025/99_ARCHIVES/A-trier-plus-tard/SCHOOLSWP.COM/ARTICLES/ALLEMANDE/68. Eingehende Analyse von thruuu Das SERP Scraping- und,low,spaces,application/vnd.google-apps.folder
1OMbqC__WJvaGuVSDzBOTQSz_rls5ypoR,77. FlyingPress vs. WP Rocket Welches ist das beste,77.-FlyingPress-vs.-WP-Rocket-Welches-ist-das-beste,99_ARCHIVES/2025/99_ARCHIVES/A-trier-plus-tard/SCHOOLSWP.COM/ARTICLES/ALLEMANDE/77. FlyingPress vs. WP Rocket Welches ist das beste,low,spaces,application/vnd.google-apps.folder
1dnspqGOrXC4fjXjzI1XsfLaIZHheWilO,"126. Droip Die WordPress-Alternative zu Webflow, ohne","126.-Droip-Die-WordPress-Alternative-zu-Webflow,-ohne","99_ARCHIVES/2025/99_ARCHIVES/A-trier-plus-tard/SCHOOLSWP.COM/ARTICLES/ALLEMANDE/126. Droip Die WordPress-Alternative zu Webflow, ohne",low,spaces,application/vnd.google-apps.folder
11BawUu7kIU79zER_hY-xcRuKnvm1Hm6D,90. SureMembers vs. Wishlist Member Welche Erweiterung,90.-SureMembers-vs.-Wishlist-Member-Welche-Erweiterung,99_ARCHIVES/2025/99_ARCHIVES/A-trier-plus-tard/SCHOOLSWP.COM/ARTICLES/ALLEMANDE/90. SureMembers vs. Wishlist Member Welche Erweiterung,low,spaces,application/vnd.google-apps.folder
1RRjExK1zC9u9VUHgG6ZG_jnKHLx2YH0D,98. Full Site Editing (FSE) WordPress Beherrscht Die,98.-Full-Site-Editing-(FSE)-WordPress-Beherrscht-Die,99_ARCHIVES/2025/99_ARCHIVES/A-trier-plus-tard/SCHOOLSWP.COM/ARTICLES/ALLEMANDE/98. Full Site Editing (FSE) WordPress Beherrscht Die,low,spaces,application/vnd.google-apps.folder
1hbwWGnkAPo59XMyiG-akzt0SN0gsaiwk,132. Virfice Erfahrungsbericht Passen Sie Ihre,132.-Virfice-Erfahrungsbericht-Passen-Sie-Ihre,99_ARCHIVES/2025/99_ARCHIVES/A-trier-plus-tard/SCHOOLSWP.COM/ARTICLES/ALLEMANDE/132. Virfice Erfahrungsbericht Passen Sie Ihre,low,spaces,application/vnd.google-apps.folder
134_Pcsk3ErStk3nccBGtqEM1T3Lel68U,138. Fluentcart WordPress die einfache Alternative zu,138.-Fluentcart-WordPress-die-einfache-Alternative-zu,99_ARCHIVES/2025/99_ARCHIVES/A-trier-plus-tard/SCHOOLSWP.COM/ARTICLES/ALLEMANDE/138. Fluentcart WordPress die einfache Alternative zu,low,spaces,application/vnd.google-apps.folder
1RbYQgA-R-DMbvdUrBXGvvQkW2P-iQecb,127. AffiliatePress im Test Funktionen Auto-Payout et,127.-AffiliatePress-im-Test-Funktionen-Auto-Payout-et,99_ARCHIVES/2025/99_ARCHIVES/A-trier-plus-tard/SCHOOLSWP.COM/ARTICLES/ALLEMANDE/127. AffiliatePress im Test Funktionen Auto-Payout et,low,spaces,application/vnd.google-apps.folder
1pUprYrHIMbyvYJNlTYCOsBuTQuG4XAOS,115. LatePoint Intuitives et schnelles,115.-LatePoint-Intuitives-et-schnelles,99_ARCHIVES/2025/99_ARCHIVES/A-trier-plus-tard/SCHOOLSWP.COM/ARTICLES/ALLEMANDE/115. LatePoint Intuitives et schnelles,low,spaces,application/vnd.google-apps.folder
1MdfVvLmRCTen8o_z7KyCiM3HqDoO2kle,100. SureMembers vs. Restrict Content Pro Vergleich der,100.-SureMembers-vs.-Restrict-Content-Pro-Vergleich-der,99_ARCHIVES/2025/99_ARCHIVES/A-trier-plus-tard/SCHOOLSWP.COM/ARTICLES/ALLEMANDE/100. SureMembers vs. Restrict Content Pro Vergleich der,low,spaces,application/vnd.google-apps.folder
1dYdF9DdnAwZgqn1W75z659xl9PjPK4OZ,142. Ninja Tables integriert FluentCart Interaktive Tabellen,142.-Ninja-Tables-integriert-FluentCart-Interaktive-Tabellen,99_ARCHIVES/2025/99_ARCHIVES/A-trier-plus-tard/SCHOOLSWP.COM/ARTICLES/ALLEMANDE/142. Ninja Tables integriert FluentCart Interaktive Tabellen,low,spaces,application/vnd.google-apps.folder
1nl7Y2HsXsJ3F1vbyB3EWqgGhf9McqLPm,141. MailerPress 1.1 Update Neues Dashboard - Custom Fields,141.-MailerPress-1.1-Update-Neues-Dashboard-Custom-Fields,99_ARCHIVES/2025/99_ARCHIVES/A-trier-plus-tard/SCHOOLSWP.COM/ARTICLES/ALLEMANDE/141. MailerPress 1.1 Update Neues Dashboard - Custom Fields,low,spaces,application/vnd.google-apps.folder
1t-FZK78-MWoVeDo9mD3wrts0cSZ-Lsv2,40. Crocoblock,40.-Crocoblock,99_ARCHIVES/2025/99_ARCHIVES/A-trier-plus-tard/SCHOOLSWP.COM/ARTICLES/ALLEMANDE/40. Crocoblock,low,spaces,application/vnd.google-apps.folder
1XAQ9_UD3dLknMgsqD4-UTeu877Ne6pxu,113. WP Umbrella - Warum WordPress-Agenturen es lieben,113.-WP-Umbrella-Warum-WordPress-Agenturen-es-lieben,99_ARCHIVES/2025/99_ARCHIVES/A-trier-plus-tard/SCHOOLSWP.COM/ARTICLES/ALLEMANDE/113. WP Umbrella - Warum WordPress-Agenturen es lieben,low,spaces,application/vnd.google-apps.folder
1QZxzy7GxL5IMB1V-H1CqxEbFWvRBmoh1,112. Was ist Gutenberg in WordPress,112.-Was-ist-Gutenberg-in-WordPress,99_ARCHIVES/2025/99_ARCHIVES/A-trier-plus-tard/SCHOOLSWP.COM/ARTICLES/ALLEMANDE/112. Was ist Gutenberg in WordPress,low,spaces,application/vnd.google-apps.folder
1OWwZR9Qy6lU240UyXY6ML_-6w-MD9wTv,109. WP Marmite Pay vereinfacht Ihre Zahlungen in WordPress,109.-WP-Marmite-Pay-vereinfacht-Ihre-Zahlungen-in-WordPress,99_ARCHIVES/2025/99_ARCHIVES/A-trier-plus-tard/SCHOOLSWP.COM/ARTICLES/ALLEMANDE/109. WP Marmite Pay vereinfacht Ihre Zahlungen in WordPress,low,spaces,application/vnd.google-apps.folder
1LLgxphRK_njWn5tSiASQah_ILRts4hM-,94. WPBoutik erfindet den Online-Handel mit WordPress neu,94.-WPBoutik-erfindet-den-Online-Handel-mit-WordPress-neu,99_ARCHIVES/2025/99_ARCHIVES/A-trier-plus-tard/SCHOOLSWP.COM/ARTICLES/ALLEMANDE/94. WPBoutik erfindet den Online-Handel mit WordPress neu,low,spaces,application/vnd.google-apps.folder
17pBbuBqxO-PH1VCW4k9r3xgsgIsJkqGK,104. SureForms - KI-gespeistes WordPress-Formular-Plugin,104.-SureForms-KI-gespeistes-WordPress-Formular-Plugin,99_ARCHIVES/2025/99_ARCHIVES/A-trier-plus-tard/SCHOOLSWP.COM/ARTICLES/ALLEMANDE/104. SureForms - KI-gespeistes WordPress-Formular-Plugin,low,spaces,application/vnd.google-apps.folder
1Em0lBik32FSamIjXMk23d6Y7DWDQHrsO,Anciens projets,Anciens-projets,99_ARCHIVES/2025/99_ARCHIVES/Anciens projets,low,spaces,application/vnd.google-apps.folder
